timestamp,entity_id,signal,trend,phase_sin,phase_cos
2024-01-01T00:00:00Z,fourier-demo,-0.884256177139,0.000000000000,0.000000000000,1.000000000000
2024-01-01T00:01:00Z,fourier-demo,-0.780672880799,0.000150000000,0.001535104530,0.999998821726
2024-01-01T00:02:00Z,fourier-demo,-0.690336761956,0.000300000000,0.003070205442,0.999995286908
2024-01-01T00:03:00Z,fourier-demo,-0.619041415259,0.000450000000,0.004605299118,0.999989395554
2024-01-01T00:04:00Z,fourier-demo,-0.571692607102,0.000600000000,0.006140381943,0.999981147677
2024-01-01T00:05:00Z,fourier-demo,-0.552071982101,0.000750000000,0.007675450297,0.999970543298
2024-01-01T00:06:00Z,fourier-demo,-0.562647673970,0.000900000000,0.009210500564,0.999957582440
2024-01-01T00:07:00Z,fourier-demo,-0.604440287222,0.001050000000,0.010745529125,0.999942265135
2024-01-01T00:08:00Z,fourier-demo,-0.676950427888,0.001200000000,0.012280532365,0.999924591419
2024-01-01T00:09:00Z,fourier-demo,-0.778151407087,0.001350000000,0.013815506664,0.999904561334
2024-01-01T00:10:00Z,fourier-demo,-0.904548025771,0.001500000000,0.015350448407,0.999882174925
2024-01-01T00:11:00Z,fourier-demo,-1.051299584506,0.001650000000,0.016885353976,0.999857432248
2024-01-01T00:12:00Z,fourier-demo,-1.212402562772,0.001800000000,0.018420219753,0.999830333359
2024-01-01T00:13:00Z,fourier-demo,-1.380925889828,0.001950000000,0.019955042123,0.999800878322
2024-01-01T00:14:00Z,fourier-demo,-1.549289488348,0.002100000000,0.021489817467,0.999769067208
2024-01-01T00:15:00Z,fourier-demo,-1.709574906078,0.002250000000,0.023024542170,0.999734900090
2024-01-01T00:16:00Z,fourier-demo,-1.853855437825,0.002400000000,0.024559212614,0.999698377050
2024-01-01T00:17:00Z,fourier-demo,-1.974532239780,0.002550000000,0.026093825183,0.999659498173
2024-01-01T00:18:00Z,fourier-demo,-2.064662589205,0.002700000000,0.027628376261,0.999618263551
2024-01-01T00:19:00Z,fourier-demo,-2.118266661070,0.002850000000,0.029162862232,0.999574673282
2024-01-01T00:20:00Z,fourier-demo,-2.130599972228,0.003000000000,0.030697279479,0.999528727467
2024-01-01T00:21:00Z,fourier-demo,-2.098379953144,0.003150000000,0.032231624386,0.999480426216
2024-01-01T00:22:00Z,fourier-demo,-2.019956895150,0.003300000000,0.033765893337,0.999429769642
2024-01-01T00:23:00Z,fourier-demo,-1.895421716211,0.003450000000,0.035300082718,0.999376757865
2024-01-01T00:24:00Z,fourier-demo,-1.726645501928,0.003600000000,0.036834188913,0.999321391008
2024-01-01T00:25:00Z,fourier-demo,-1.517248509347,0.003750000000,0.038368208306,0.999263669204
2024-01-01T00:26:00Z,fourier-demo,-1.272499158610,0.003900000000,0.039902137283,0.999203592588
2024-01-01T00:27:00Z,fourier-demo,-0.999146366249,0.004050000000,0.041435972228,0.999141161301
2024-01-01T00:28:00Z,fourier-demo,-0.705191279039,0.004200000000,0.042969709527,0.999076375490
2024-01-01T00:29:00Z,fourier-demo,-0.399606938457,0.004350000000,0.044503345567,0.999009235309
2024-01-01T00:30:00Z,fourier-demo,-0.092016542131,0.004500000000,0.046036876732,0.998939740916
2024-01-01T00:31:00Z,fourier-demo,0.207657317337,0.004650000000,0.047570299409,0.998867892473
2024-01-01T00:32:00Z,fourier-demo,0.489558834514,0.004800000000,0.049103609984,0.998793690152
2024-01-01T00:33:00Z,fourier-demo,0.744266314519,0.004950000000,0.050636804844,0.998717134125
2024-01-01T00:34:00Z,fourier-demo,0.963146251613,0.005100000000,0.052169880377,0.998638224575
2024-01-01T00:35:00Z,fourier-demo,1.138680247725,0.005250000000,0.053702832968,0.998556961686
2024-01-01T00:36:00Z,fourier-demo,1.264751885378,0.005400000000,0.055235659006,0.998473345650
2024-01-01T00:37:00Z,fourier-demo,1.336882217483,0.005550000000,0.056768354879,0.998387376665
2024-01-01T00:38:00Z,fourier-demo,1.352404540842,0.005700000000,0.058300916975,0.998299054933
2024-01-01T00:39:00Z,fourier-demo,1.310571500655,0.005850000000,0.059833341681,0.998208380662
2024-01-01T00:40:00Z,fourier-demo,1.212590234163,0.006000000000,0.061365625388,0.998115354065
2024-01-01T00:41:00Z,fourier-demo,1.061584095814,0.006150000000,0.062897764483,0.998019975363
2024-01-01T00:42:00Z,fourier-demo,0.862482399813,0.006300000000,0.064429755357,0.997922244779
2024-01-01T00:43:00Z,fourier-demo,0.621842452241,0.006450000000,0.065961594399,0.997822162544
2024-01-01T00:44:00Z,fourier-demo,0.347610809755,0.006600000000,0.067493278000,0.997719728894
2024-01-01T00:45:00Z,fourier-demo,0.048833088189,0.006750000000,0.069024802550,0.997614944071
2024-01-01T00:46:00Z,fourier-demo,-0.264676343955,0.006900000000,0.070556164439,0.997507808320
2024-01-01T00:47:00Z,fourier-demo,-0.582691895592,0.007050000000,0.072087360059,0.997398321895
2024-01-01T00:48:00Z,fourier-demo,-0.894947576147,0.007200000000,0.073618385802,0.997286485054
2024-01-01T00:49:00Z,fourier-demo,-1.191506700578,0.007350000000,0.075149238060,0.997172298060
2024-01-01T00:50:00Z,fourier-demo,-1.463116162005,0.007500000000,0.076679913225,0.997055761183
2024-01-01T00:51:00Z,fourier-demo,-1.701531626510,0.007650000000,0.078210407690,0.996936874696
2024-01-01T00:52:00Z,fourier-demo,-1.899801217912,0.007800000000,0.079740717849,0.996815638881
2024-01-01T00:53:00Z,fourier-demo,-2.052496967514,0.007950000000,0.081270840095,0.996692054022
2024-01-01T00:54:00Z,fourier-demo,-2.155885435162,0.008100000000,0.082800770823,0.996566120411
2024-01-01T00:55:00Z,fourier-demo,-2.208031376110,0.008250000000,0.084330506426,0.996437838345
2024-01-01T00:56:00Z,fourier-demo,-2.208831032489,0.008400000000,0.085860043301,0.996307208126
2024-01-01T00:57:00Z,fourier-demo,-2.159974458593,0.008550000000,0.087389377842,0.996174230062
2024-01-01T00:58:00Z,fourier-demo,-2.064839130597,0.008700000000,0.088918506446,0.996038904467
2024-01-01T00:59:00Z,fourier-demo,-1.928319828486,0.008850000000,0.090447425510,0.995901231658
2024-01-01T01:00:00Z,fourier-demo,-1.756602300180,0.009000000000,0.091976131430,0.995761211962
2024-01-01T01:01:00Z,fourier-demo,-1.556890423242,0.009150000000,0.093504620603,0.995618845706
2024-01-01T01:02:00Z,fourier-demo,-1.337098379517,0.009300000000,0.095032889429,0.995474133228
2024-01-01T01:03:00Z,fourier-demo,-1.105520680667,0.009450000000,0.096560934305,0.995327074868
2024-01-01T01:04:00Z,fourier-demo,-0.870493675578,0.009600000000,0.098088751631,0.995177670973
2024-01-01T01:05:00Z,fourier-demo,-0.640062403455,0.009750000000,0.099616337806,0.995025921895
2024-01-01T01:06:00Z,fourier-demo,-0.421666321563,0.009900000000,0.101143689231,0.994871827990
2024-01-01T01:07:00Z,fourier-demo,-0.221856549751,0.010050000000,0.102670802305,0.994715389624
2024-01-01T01:08:00Z,fourier-demo,-0.046055873272,0.010200000000,0.104197673431,0.994556607163
2024-01-01T01:09:00Z,fourier-demo,0.101629109699,0.010350000000,0.105724299010,0.994395480983
2024-01-01T01:10:00Z,fourier-demo,0.218536541351,0.010500000000,0.107250675445,0.994232011462
2024-01-01T01:11:00Z,fourier-demo,0.303513919543,0.010650000000,0.108776799139,0.994066198987
2024-01-01T01:12:00Z,fourier-demo,0.356916831273,0.010800000000,0.110302666494,0.993898043948
2024-01-01T01:13:00Z,fourier-demo,0.380542623102,0.010950000000,0.111828273917,0.993727546741
2024-01-01T01:14:00Z,fourier-demo,0.377502543389,0.011100000000,0.113353617811,0.993554707769
2024-01-01T01:15:00Z,fourier-demo,0.352038448646,0.011250000000,0.114878694581,0.993379527437
2024-01-01T01:16:00Z,fourier-demo,0.309292459833,0.011400000000,0.116403500635,0.993202006160
2024-01-01T01:17:00Z,fourier-demo,0.255039889753,0.011550000000,0.117928032378,0.993022144355
2024-01-01T01:18:00Z,fourier-demo,0.195397260440,0.011700000000,0.119452286218,0.992839942447
2024-01-01T01:19:00Z,fourier-demo,0.136518228493,0.011850000000,0.120976258564,0.992655400864
2024-01-01T01:20:00Z,fourier-demo,0.084290696125,0.012000000000,0.122499945823,0.992468520042
2024-01-01T01:21:00Z,fourier-demo,0.044048288158,0.012150000000,0.124023344405,0.992279300420
2024-01-01T01:22:00Z,fourier-demo,0.020308725140,0.012300000000,0.125546450720,0.992087742446
2024-01-01T01:23:00Z,fourier-demo,0.016550447951,0.012450000000,0.127069261179,0.991893846570
2024-01-01T01:24:00Z,fourier-demo,0.035037199152,0.012600000000,0.128591772193,0.991697613249
2024-01-01T01:25:00Z,fourier-demo,0.076698209848,0.012750000000,0.130113980175,0.991499042946
2024-01-01T01:26:00Z,fourier-demo,0.141069264017,0.012900000000,0.131635881537,0.991298136129
2024-01-01T01:27:00Z,fourier-demo,0.226297313973,0.013050000000,0.133157472693,0.991094893270
2024-01-01T01:28:00Z,fourier-demo,0.329208609301,0.013200000000,0.134678750057,0.990889314850
2024-01-01T01:29:00Z,fourier-demo,0.445437590028,0.013350000000,0.136199710044,0.990681401352
2024-01-01T01:30:00Z,fourier-demo,0.569611195966,0.013500000000,0.137720349070,0.990471153266
2024-01-01T01:31:00Z,fourier-demo,0.695580866487,0.013650000000,0.139240663551,0.990258571088
2024-01-01T01:32:00Z,fourier-demo,0.816692447542,0.013800000000,0.140760649906,0.990043655319
2024-01-01T01:33:00Z,fourier-demo,0.926082571716,0.013950000000,0.142280304551,0.989826406466
2024-01-01T01:34:00Z,fourier-demo,1.016988901712,0.014100000000,0.143799623906,0.989606825039
2024-01-01T01:35:00Z,fourier-demo,1.083060977612,0.014250000000,0.145318604390,0.989384911558
2024-01-01T01:36:00Z,fourier-demo,1.118658311531,0.014400000000,0.146837242424,0.989160666544
2024-01-01T01:37:00Z,fourier-demo,1.119122835068,0.014550000000,0.148355534429,0.988934090526
2024-01-01T01:38:00Z,fourier-demo,1.081013807337,0.014700000000,0.149873476828,0.988705184038
2024-01-01T01:39:00Z,fourier-demo,1.002294794012,0.014850000000,0.151391066042,0.988473947620
2024-01-01T01:40:00Z,fourier-demo,0.882464269804,0.015000000000,0.152908298496,0.988240381816
2024-01-01T01:41:00Z,fourier-demo,0.722623698801,0.015150000000,0.154425170615,0.988004487176
2024-01-01T01:42:00Z,fourier-demo,0.525479514985,0.015300000000,0.155941678823,0.987766264258
2024-01-01T01:43:00Z,fourier-demo,0.295278153515,0.015450000000,0.157457819548,0.987525713621
2024-01-01T01:44:00Z,fourier-demo,0.037676059955,0.015600000000,0.158973589215,0.987282835834
2024-01-01T01:45:00Z,fourier-demo,-0.240450684970,0.015750000000,0.160488984254,0.987037631468
2024-01-01T01:46:00Z,fourier-demo,-0.531249955150,0.015900000000,0.162004001093,0.986790101100
2024-01-01T01:47:00Z,fourier-demo,-0.826180964022,0.016050000000,0.163518636162,0.986540245316
2024-01-01T01:48:00Z,fourier-demo,-1.116334152235,0.016200000000,0.165032885891,0.986288064702
2024-01-01T01:49:00Z,fourier-demo,-1.392770867090,0.016350000000,0.166546746713,0.986033559854
2024-01-01T01:50:00Z,fourier-demo,-1.646869218595,0.016500000000,0.168060215059,0.985776731372
2024-01-01T01:51:00Z,fourier-demo,-1.870662145815,0.016650000000,0.169573287364,0.985517579860
2024-01-01T01:52:00Z,fourier-demo,-2.057153945304,0.016800000000,0.171085960061,0.985256105929
2024-01-01T01:53:00Z,fourier-demo,-2.200602293730,0.016950000000,0.172598229586,0.984992310195
2024-01-01T01:54:00Z,fourier-demo,-2.296754109211,0.017100000000,0.174110092375,0.984726193281
2024-01-01T01:55:00Z,fourier-demo,-2.343025388601,0.017250000000,0.175621544865,0.984457755812
2024-01-01T01:56:00Z,fourier-demo,-2.338617359232,0.017400000000,0.177132583495,0.984186998423
2024-01-01T01:57:00Z,fourier-demo,-2.284563805127,0.017550000000,0.178643204704,0.983913921750
2024-01-01T01:58:00Z,fourier-demo,-2.183707167735,0.017700000000,0.180153404931,0.983638526437
2024-01-01T01:59:00Z,fourier-demo,-2.040603868965,0.017850000000,0.181663180618,0.983360813134
2024-01-01T02:00:00Z,fourier-demo,-1.861362144527,0.018000000000,0.183172528208,0.983080782494
2024-01-01T02:01:00Z,fourier-demo,-1.653418392850,0.018150000000,0.184681444143,0.982798435179
2024-01-01T02:02:00Z,fourier-demo,-1.425260528932,0.018300000000,0.186189924867,0.982513771852
2024-01-01T02:03:00Z,fourier-demo,-1.186108982089,0.018450000000,0.187697966826,0.982226793185
2024-01-01T02:04:00Z,fourier-demo,-0.945567704140,0.018600000000,0.189205566465,0.981937499854
2024-01-01T02:05:00Z,fourier-demo,-0.713258789410,0.018750000000,0.190712720233,0.981645892540
2024-01-01T02:06:00Z,fourier-demo,-0.498454999376,0.018900000000,0.192219424577,0.981351971932
2024-01-01T02:07:00Z,fourier-demo,-0.309724604011,0.019050000000,0.193725675947,0.981055738722
2024-01-01T02:08:00Z,fourier-demo,-0.154602493508,0.019200000000,0.195231470794,0.980757193607
2024-01-01T02:09:00Z,fourier-demo,-0.039300495815,0.019350000000,0.196736805568,0.980456337291
2024-01-01T02:10:00Z,fourier-demo,0.031531701968,0.019500000000,0.198241676723,0.980153170484
2024-01-01T02:11:00Z,fourier-demo,0.054985625270,0.019650000000,0.199746080711,0.979847693900
2024-01-01T02:12:00Z,fourier-demo,0.030006046002,0.019800000000,0.201250013989,0.979539908258
2024-01-01T02:13:00Z,fourier-demo,-0.042568397946,0.019950000000,0.202753473011,0.979229814284
2024-01-01T02:14:00Z,fourier-demo,-0.160037545472,0.020100000000,0.204256454236,0.978917412708
2024-01-01T02:15:00Z,fourier-demo,-0.317943675378,0.020250000000,0.205758954120,0.978602704267
2024-01-01T02:16:00Z,fourier-demo,-0.510242913866,0.020400000000,0.207260969124,0.978285689703
2024-01-01T02:17:00Z,fourier-demo,-0.729537246177,0.020550000000,0.208762495707,0.977966369762
2024-01-01T02:18:00Z,fourier-demo,-0.967357904985,0.020700000000,0.210263530331,0.977644745198
2024-01-01T02:19:00Z,fourier-demo,-1.214488893995,0.020850000000,0.211764069460,0.977320816767
2024-01-01T02:20:00Z,fourier-demo,-1.461317844811,0.021000000000,0.213264109557,0.976994585233
2024-01-01T02:21:00Z,fourier-demo,-1.698200360834,0.021150000000,0.214763647086,0.976666051366
2024-01-01T02:22:00Z,fourier-demo,-1.915823515041,0.021300000000,0.216262678515,0.976335215938
2024-01-01T02:23:00Z,fourier-demo,-2.105554257606,0.021450000000,0.217761200311,0.976002079731
2024-01-01T02:24:00Z,fourier-demo,-2.259759149814,0.021600000000,0.219259208942,0.975666643528
2024-01-01T02:25:00Z,fourier-demo,-2.372083044583,0.021750000000,0.220756700879,0.975328908121
2024-01-01T02:26:00Z,fourier-demo,-2.437676031300,0.021900000000,0.222253672592,0.974988874306
2024-01-01T02:27:00Z,fourier-demo,-2.453360083724,0.022050000000,0.223750120553,0.974646542882
2024-01-01T02:28:00Z,fourier-demo,-2.417729307335,0.022200000000,0.225246041237,0.974301914658
2024-01-01T02:29:00Z,fourier-demo,-2.331180376367,0.022350000000,0.226741431118,0.973954990446
2024-01-01T02:30:00Z,fourier-demo,-2.195872570763,0.022500000000,0.228236286672,0.973605771063
2024-01-01T02:31:00Z,fourier-demo,-2.015619654731,0.022650000000,0.229730604376,0.973254257331
2024-01-01T02:32:00Z,fourier-demo,-1.795718566294,0.022800000000,0.231224380709,0.972900450080
2024-01-01T02:33:00Z,fourier-demo,-1.542722400657,0.022950000000,0.232717612151,0.972544350143
2024-01-01T02:34:00Z,fourier-demo,-1.264167367670,0.023100000000,0.234210295184,0.972185958359
2024-01-01T02:35:00Z,fourier-demo,-0.968265196719,0.023250000000,0.235702426288,0.971825275573
2024-01-01T02:36:00Z,fourier-demo,-0.663573779110,0.023400000000,0.237194001948,0.971462302634
2024-01-01T02:37:00Z,fourier-demo,-0.358659626331,0.023550000000,0.238685018650,0.971097040399
2024-01-01T02:38:00Z,fourier-demo,-0.061765951972,0.023700000000,0.240175472879,0.970729489728
2024-01-01T02:39:00Z,fourier-demo,0.219500151921,0.023850000000,0.241665361123,0.970359651487
2024-01-01T02:40:00Z,fourier-demo,0.478448860998,0.024000000000,0.243154679872,0.969987526547
2024-01-01T02:41:00Z,fourier-demo,0.709545904387,0.024150000000,0.244643425615,0.969613115786
2024-01-01T02:42:00Z,fourier-demo,0.908598660642,0.024300000000,0.246131594844,0.969236420085
2024-01-01T02:43:00Z,fourier-demo,1.072882963458,0.024450000000,0.247619184052,0.968857440333
2024-01-01T02:44:00Z,fourier-demo,1.201206028405,0.024600000000,0.249106189734,0.968476177423
2024-01-01T02:45:00Z,fourier-demo,1.293903601902,0.024750000000,0.250592608385,0.968092632253
2024-01-01T02:46:00Z,fourier-demo,1.352772190325,0.024900000000,0.252078436503,0.967706805727
2024-01-01T02:47:00Z,fourier-demo,1.380939936552,0.025050000000,0.253563670587,0.967318698754
2024-01-01T02:48:00Z,fourier-demo,1.382682261392,0.025200000000,0.255048307135,0.966928312248
2024-01-01T02:49:00Z,fourier-demo,1.363190673131,0.025350000000,0.256532342650,0.966535647131
2024-01-01T02:50:00Z,fourier-demo,1.328305075705,0.025500000000,0.258015773635,0.966140704326
2024-01-01T02:51:00Z,fourier-demo,1.284221395653,0.025650000000,0.259498596593,0.965743484765
2024-01-01T02:52:00Z,fourier-demo,1.237187338972,0.025800000000,0.260980808031,0.965343989384
2024-01-01T02:53:00Z,fourier-demo,1.193199541019,0.025950000000,0.262462404455,0.964942219124
2024-01-01T02:54:00Z,fourier-demo,1.157715267653,0.026100000000,0.263943382373,0.964538174932
2024-01-01T02:55:00Z,fourier-demo,1.135391168921,0.026250000000,0.265423738297,0.964131857760
2024-01-01T02:56:00Z,fourier-demo,1.129860405709,0.026400000000,0.266903468737,0.963723268566
2024-01-01T02:57:00Z,fourier-demo,1.143557814360,0.026550000000,0.268382570207,0.963312408313
2024-01-01T02:58:00Z,fourier-demo,1.177600713567,0.026700000000,0.269861039220,0.962899277968
2024-01-01T02:59:00Z,fourier-demo,1.231730577769,0.026850000000,0.271338872293,0.962483878505
2024-01-01T03:00:00Z,fourier-demo,1.304318200953,0.027000000000,0.272816065943,0.962066210904
2024-01-01T03:01:00Z,fourier-demo,1.392432262594,0.027150000000,0.274292616689,0.961646276148
2024-01-01T03:02:00Z,fourier-demo,1.491968496216,0.027300000000,0.275768521052,0.961224075228
2024-01-01T03:03:00Z,fourier-demo,1.597834063892,0.027450000000,0.277243775553,0.960799609137
2024-01-01T03:04:00Z,fourier-demo,1.704179365087,0.027600000000,0.278718376716,0.960372878876
2024-01-01T03:05:00Z,fourier-demo,1.804667454847,0.027750000000,0.280192321065,0.959943885452
2024-01-01T03:06:00Z,fourier-demo,1.892769600385,0.027900000000,0.281665605129,0.959512629874
2024-01-01T03:07:00Z,fourier-demo,1.962074335836,0.028050000000,0.283138225434,0.959079113159
2024-01-01T03:08:00Z,fourier-demo,2.006596731951,0.028200000000,0.284610178510,0.958643336329
2024-01-01T03:09:00Z,fourier-demo,2.021074508523,0.028350000000,0.286081460890,0.958205300411
2024-01-01T03:10:00Z,fourier-demo,2.001238087616,0.028500000000,0.287552069104,0.957765006436
2024-01-01T03:11:00Z,fourier-demo,1.944042696871,0.028650000000,0.289021999689,0.957322455443
2024-01-01T03:12:00Z,fourier-demo,1.847852144065,0.028800000000,0.290491249179,0.956877648475
2024-01-01T03:13:00Z,fourier-demo,1.712565835385,0.028950000000,0.291959814114,0.956430586578
2024-01-01T03:14:00Z,fourier-demo,1.539682921142,0.029100000000,0.293427691031,0.955981270808
2024-01-01T03:15:00Z,fourier-demo,1.332300029532,0.029250000000,0.294894876472,0.955529702223
2024-01-01T03:16:00Z,fourier-demo,1.095041785943,0.029400000000,0.296361366979,0.955075881887
2024-01-01T03:17:00Z,fourier-demo,0.833926099815,0.029550000000,0.297827159096,0.954619810870
2024-01-01T03:18:00Z,fourier-demo,0.556168918733,0.029700000000,0.299292249370,0.954161490245
2024-01-01T03:19:00Z,fourier-demo,0.269935688008,0.029850000000,0.300756634347,0.953700921094
2024-01-01T03:20:00Z,fourier-demo,-0.015950991327,0.030000000000,0.302220310578,0.953238104502
2024-01-01T03:21:00Z,fourier-demo,-0.292336136108,0.030150000000,0.303683274611,0.952773041559
2024-01-01T03:22:00Z,fourier-demo,-0.550076794955,0.030300000000,0.305145523001,0.952305733361
2024-01-01T03:23:00Z,fourier-demo,-0.780392405720,0.030450000000,0.306607052301,0.951836181010
2024-01-01T03:24:00Z,fourier-demo,-0.975207048524,0.030600000000,0.308067859067,0.951364385612
2024-01-01T03:25:00Z,fourier-demo,-1.127469766126,0.030750000000,0.309527939856,0.950890348278
2024-01-01T03:26:00Z,fourier-demo,-1.231439906616,0.030900000000,0.310987291228,0.950414070127
2024-01-01T03:27:00Z,fourier-demo,-1.282925760317,0.031050000000,0.312445909744,0.949935552279
2024-01-01T03:28:00Z,fourier-demo,-1.279466561237,0.031200000000,0.313903791966,0.949454795864
2024-01-01T03:29:00Z,fourier-demo,-1.220450131859,0.031350000000,0.315360934460,0.948971802014
2024-01-01T03:30:00Z,fourier-demo,-1.107160979901,0.031500000000,0.316817333790,0.948486571866
2024-01-01T03:31:00Z,fourier-demo,-0.942756405112,0.031650000000,0.318272986525,0.947999106565
2024-01-01T03:32:00Z,fourier-demo,-0.732171032373,0.031800000000,0.319727889235,0.947509407260
2024-01-01T03:33:00Z,fourier-demo,-0.481953038709,0.031950000000,0.321182038491,0.947017475103
2024-01-01T03:34:00Z,fourier-demo,-0.200038070965,0.032100000000,0.322635430866,0.946523311255
2024-01-01T03:35:00Z,fourier-demo,0.104530652827,0.032250000000,0.324088062935,0.946026916881
2024-01-01T03:36:00Z,fourier-demo,0.421925403245,0.032400000000,0.325539931276,0.945528293149
2024-01-01T03:37:00Z,fourier-demo,0.741887765238,0.032550000000,0.326991032467,0.945027441235
2024-01-01T03:38:00Z,fourier-demo,1.054099587482,0.032700000000,0.328441363087,0.944524362319
2024-01-01T03:39:00Z,fourier-demo,1.348556709613,0.032850000000,0.329890919720,0.944019057586
2024-01-01T03:40:00Z,fourier-demo,1.615930991012,0.033000000000,0.331339698950,0.943511528228
2024-01-01T03:41:00Z,fourier-demo,1.847906612693,0.033150000000,0.332787697362,0.943001775441
2024-01-01T03:42:00Z,fourier-demo,2.037477632483,0.033300000000,0.334234911544,0.942489800425
2024-01-01T03:43:00Z,fourier-demo,2.179195302659,0.033450000000,0.335681338085,0.941975604388
2024-01-01T03:44:00Z,fourier-demo,2.269355647012,0.033600000000,0.337126973578,0.941459188540
2024-01-01T03:45:00Z,fourier-demo,2.306120160892,0.033750000000,0.338571814615,0.940940554099
2024-01-01T03:46:00Z,fourier-demo,2.289565147645,0.033900000000,0.340015857791,0.940419702288
2024-01-01T03:47:00Z,fourier-demo,2.221658031203,0.034050000000,0.341459099704,0.939896634332
2024-01-01T03:48:00Z,fourier-demo,2.106161873411,0.034200000000,0.342901536952,0.939371351466
2024-01-01T03:49:00Z,fourier-demo,1.948472159542,0.034350000000,0.344343166137,0.938843854927
2024-01-01T03:50:00Z,fourier-demo,1.755392582210,0.034500000000,0.345783983861,0.938314145958
2024-01-01T03:51:00Z,fourier-demo,1.534858945234,0.034650000000,0.347223986728,0.937782225808
2024-01-01T03:52:00Z,fourier-demo,1.295622328979,0.034800000000,0.348663171346,0.937248095729
2024-01-01T03:53:00Z,fourier-demo,1.046904226448,0.034950000000,0.350101534322,0.936711756980
2024-01-01T03:54:00Z,fourier-demo,0.798037412484,0.035100000000,0.351539072268,0.936173210826
2024-01-01T03:55:00Z,fourier-demo,0.558106805473,0.035250000000,0.352975781795,0.935632458536
2024-01-01T03:56:00Z,fourier-demo,0.335604503059,0.035400000000,0.354411659518,0.935089501384
2024-01-01T03:57:00Z,fourier-demo,0.138112525181,0.035550000000,0.355846702053,0.934544340648
2024-01-01T03:58:00Z,fourier-demo,-0.027974393132,0.035700000000,0.357280906019,0.933996977615
2024-01-01T03:59:00Z,fourier-demo,-0.157675300508,0.035850000000,0.358714268035,0.933447413574
2024-01-01T04:00:00Z,fourier-demo,-0.247590267835,0.036000000000,0.360146784724,0.932895649820
2024-01-01T04:01:00Z,fourier-demo,-0.296002258515,0.036150000000,0.361578452710,0.932341687653
2024-01-01T04:02:00Z,fourier-demo,-0.302910201864,0.036300000000,0.363009268620,0.931785528379
2024-01-01T04:03:00Z,fourier-demo,-0.269992647337,0.036450000000,0.364439229081,0.931227173308
2024-01-01T04:04:00Z,fourier-demo,-0.200504195313,0.036600000000,0.365868330723,0.930666623756
2024-01-01T04:05:00Z,fourier-demo,-0.099109615265,0.036750000000,0.367296570180,0.930103881045
2024-01-01T04:06:00Z,fourier-demo,0.028336936237,0.036900000000,0.368723944085,0.929538946499
2024-01-01T04:07:00Z,fourier-demo,0.175057998413,0.037050000000,0.370150449074,0.928971821451
2024-01-01T04:08:00Z,fourier-demo,0.333652807217,0.037200000000,0.371576081787,0.928402507237
2024-01-01T04:09:00Z,fourier-demo,0.496418522808,0.037350000000,0.373000838862,0.927831005199
2024-01-01T04:10:00Z,fourier-demo,0.655679210277,0.037500000000,0.374424716944,0.927257316683
2024-01-01T04:11:00Z,fourier-demo,0.804108875925,0.037650000000,0.375847712676,0.926681443041
2024-01-01T04:12:00Z,fourier-demo,0.935035201705,0.037800000000,0.377269822705,0.926103385630
2024-01-01T04:13:00Z,fourier-demo,1.042711509763,0.037950000000,0.378691043680,0.925523145813
2024-01-01T04:14:00Z,fourier-demo,1.122545889071,0.038100000000,0.380111372252,0.924940724957
2024-01-01T04:15:00Z,fourier-demo,1.171278267780,0.038250000000,0.381530805073,0.924356124435
2024-01-01T04:16:00Z,fourier-demo,1.187098440463,0.038400000000,0.382949338799,0.923769345623
2024-01-01T04:17:00Z,fourier-demo,1.169700566087,0.038550000000,0.384366970087,0.923180389906
2024-01-01T04:18:00Z,fourier-demo,1.120272335907,0.038700000000,0.385783695595,0.922589258670
2024-01-01T04:19:00Z,fourier-demo,1.041419759287,0.038850000000,0.387199511986,0.921995953309
2024-01-01T04:20:00Z,fourier-demo,0.937031215696,0.039000000000,0.388614415924,0.921400475220
2024-01-01T04:21:00Z,fourier-demo,0.812086961065,0.039150000000,0.390028404072,0.920802825808
2024-01-01T04:22:00Z,fourier-demo,0.672422551374,0.039300000000,0.391441473101,0.920203006481
2024-01-01T04:23:00Z,fourier-demo,0.524456561818,0.039450000000,0.392853619679,0.919601018652
2024-01-01T04:24:00Z,fourier-demo,0.374894457235,0.039600000000,0.394264840479,0.918996863739
2024-01-01T04:25:00Z,fourier-demo,0.230421447846,0.039750000000,0.395675132175,0.918390543167
2024-01-01T04:26:00Z,fourier-demo,0.097397603720,0.039900000000,0.397084491445,0.917782058364
2024-01-01T04:27:00Z,fourier-demo,-0.018431616193,0.040050000000,0.398492914965,0.917171410764
2024-01-01T04:28:00Z,fourier-demo,-0.112196933667,0.040200000000,0.399900399419,0.916558601806
2024-01-01T04:29:00Z,fourier-demo,-0.180127625319,0.040350000000,0.401306941488,0.915943632935
2024-01-01T04:30:00Z,fourier-demo,-0.219725073496,0.040500000000,0.402712537858,0.915326505599
2024-01-01T04:31:00Z,fourier-demo,-0.229879937040,0.040650000000,0.404117185217,0.914707221253
2024-01-01T04:32:00Z,fourier-demo,-0.210927774215,0.040800000000,0.405520880255,0.914085781356
2024-01-01T04:33:00Z,fourier-demo,-0.164640558327,0.040950000000,0.406923619664,0.913462187373
2024-01-01T04:34:00Z,fourier-demo,-0.094154245460,0.041100000000,0.408325400138,0.912836440772
2024-01-01T04:35:00Z,fourier-demo,-0.003835270236,0.041250000000,0.409726218374,0.912208543030
2024-01-01T04:36:00Z,fourier-demo,0.100908553375,0.041400000000,0.411126071071,0.911578495625
2024-01-01T04:37:00Z,fourier-demo,0.213864871899,0.041550000000,0.412524954929,0.910946300042
2024-01-01T04:38:00Z,fourier-demo,0.328291464133,0.041700000000,0.413922866653,0.910311957771
2024-01-01T04:39:00Z,fourier-demo,0.437217190757,0.041850000000,0.415319802949,0.909675470307
2024-01-01T04:40:00Z,fourier-demo,0.533756500269,0.042000000000,0.416715760523,0.909036839150
2024-01-01T04:41:00Z,fourier-demo,0.611424129997,0.042150000000,0.418110736087,0.908396065804
2024-01-01T04:42:00Z,fourier-demo,0.664436556535,0.042300000000,0.419504726354,0.907753151780
2024-01-01T04:43:00Z,fourier-demo,0.687987225816,0.042450000000,0.420897728037,0.907108098593
2024-01-01T04:44:00Z,fourier-demo,0.678483610994,0.042600000000,0.422289737855,0.906460907763
2024-01-01T04:45:00Z,fourier-demo,0.633735665724,0.042750000000,0.423680752528,0.905811580814
2024-01-01T04:46:00Z,fourier-demo,0.553087199970,0.042900000000,0.425070768777,0.905160119278
2024-01-01T04:47:00Z,fourier-demo,0.437484025555,0.043050000000,0.426459783326,0.904506524689
2024-01-01T04:48:00Z,fourier-demo,0.289475304697,0.043200000000,0.427847792903,0.903850798588
2024-01-01T04:49:00Z,fourier-demo,0.113147280960,0.043350000000,0.429234794236,0.903192942520
2024-01-01T04:50:00Z,fourier-demo,-0.086008634075,0.043500000000,0.430620784057,0.902532958034
2024-01-01T04:51:00Z,fourier-demo,-0.301288718369,0.043650000000,0.432005759100,0.901870846687
2024-01-01T04:52:00Z,fourier-demo,-0.525023493809,0.043800000000,0.433389716101,0.901206610039
2024-01-01T04:53:00Z,fourier-demo,-0.748868467127,0.043950000000,0.434772651798,0.900540249655
2024-01-01T04:54:00Z,fourier-demo,-0.964127662480,0.044100000000,0.436154562933,0.899871767105
2024-01-01T04:55:00Z,fourier-demo,-1.162097122858,0.044250000000,0.437535446249,0.899201163965
2024-01-01T04:56:00Z,fourier-demo,-1.334414646176,0.044400000000,0.438915298493,0.898528441814
2024-01-01T04:57:00Z,fourier-demo,-1.473401666137,0.044550000000,0.440294116411,0.897853602239
2024-01-01T04:58:00Z,fourier-demo,-1.572383403987,0.044700000000,0.441671896756,0.897176646829
2024-01-01T04:59:00Z,fourier-demo,-1.625974198262,0.044850000000,0.443048636280,0.896497577180
2024-01-01T05:00:00Z,fourier-demo,-1.630316235290,0.045000000000,0.444424331739,0.895816394893
2024-01-01T05:01:00Z,fourier-demo,-1.583261701817,0.045150000000,0.445798979891,0.895133101571
2024-01-01T05:02:00Z,fourier-demo,-1.484490590862,0.045300000000,0.447172577496,0.894447698826
2024-01-01T05:03:00Z,fourier-demo,-1.335558924204,0.045450000000,0.448545121319,0.893760188273
2024-01-01T05:04:00Z,fourier-demo,-1.139874907983,0.045600000000,0.449916608123,0.893070571531
2024-01-01T05:05:00Z,fourier-demo,-0.902603400683,0.045750000000,0.451287034678,0.892378850227
2024-01-01T05:06:00Z,fourier-demo,-0.630501929659,0.045900000000,0.452656397753,0.891685025989
2024-01-01T05:07:00Z,fourier-demo,-0.331694227873,0.046050000000,0.454024694122,0.890989100454
2024-01-01T05:08:00Z,fourier-demo,-0.015389765753,0.046200000000,0.455391920561,0.890291075260
2024-01-01T05:09:00Z,fourier-demo,0.308440077277,0.046350000000,0.456758073847,0.889590952054
2024-01-01T05:10:00Z,fourier-demo,0.629416809156,0.046500000000,0.458123150761,0.888888732484
2024-01-01T05:11:00Z,fourier-demo,0.937126941806,0.046650000000,0.459487148086,0.888184418206
2024-01-01T05:12:00Z,fourier-demo,1.221497069048,0.046800000000,0.460850062608,0.887478010879
2024-01-01T05:13:00Z,fourier-demo,1.473157408413,0.046950000000,0.462211891115,0.886769512169
2024-01-01T05:14:00Z,fourier-demo,1.683779749851,0.047100000000,0.463572630397,0.886058923744
2024-01-01T05:15:00Z,fourier-demo,1.846376756032,0.047250000000,0.464932277249,0.885346247279
2024-01-01T05:16:00Z,fourier-demo,1.955551081653,0.047400000000,0.466290828466,0.884631484455
2024-01-01T05:17:00Z,fourier-demo,2.007684761510,0.047550000000,0.467648280847,0.883914636954
2024-01-01T05:18:00Z,fourier-demo,2.001061679181,0.047700000000,0.469004631192,0.883195706466
2024-01-01T05:19:00Z,fourier-demo,1.935918574607,0.047850000000,0.470359876306,0.882474694686
2024-01-01T05:20:00Z,fourier-demo,1.814422872912,0.048000000000,0.471714012994,0.881751603313
2024-01-01T05:21:00Z,fourier-demo,1.640578504584,0.048150000000,0.473067038066,0.881026434050
2024-01-01T05:22:00Z,fourier-demo,1.420063722228,0.048300000000,0.474418948333,0.880299188607
2024-01-01T05:23:00Z,fourier-demo,1.160007587347,0.048450000000,0.475769740610,0.879569868697
2024-01-01T05:24:00Z,fourier-demo,0.868714194794,0.048600000000,0.477119411712,0.878838476040
2024-01-01T05:25:00Z,fourier-demo,0.555345726527,0.048750000000,0.478467958460,0.878105012357
2024-01-01T05:26:00Z,fourier-demo,0.229576999354,0.048900000000,0.479815377676,0.877369479379
2024-01-01T05:27:00Z,fourier-demo,-0.098764769175,0.049050000000,0.481161666184,0.876631878838
2024-01-01T05:28:00Z,fourier-demo,-0.420060748088,0.049200000000,0.482506820812,0.875892212473
2024-01-01T05:29:00Z,fourier-demo,-0.725247674417,0.049350000000,0.483850838389,0.875150482026
2024-01-01T05:30:00Z,fourier-demo,-1.006137908709,0.049500000000,0.485193715750,0.874406689245
2024-01-01T05:31:00Z,fourier-demo,-1.255700025702,0.049650000000,0.486535449728,0.873660835884
2024-01-01T05:32:00Z,fourier-demo,-1.468289274816,0.049800000000,0.487876037163,0.872912923700
2024-01-01T05:33:00Z,fourier-demo,-1.639819341654,0.049950000000,0.489215474894,0.872162954455
2024-01-01T05:34:00Z,fourier-demo,-1.767869274635,0.050100000000,0.490553759766,0.871410929917
2024-01-01T05:35:00Z,fourier-demo,-1.851722110171,0.050250000000,0.491890888625,0.870656851858
2024-01-01T05:36:00Z,fourier-demo,-1.892334525843,0.050400000000,0.493226858320,0.869900722055
2024-01-01T05:37:00Z,fourier-demo,-1.892239659459,0.050550000000,0.494561665703,0.869142542289
2024-01-01T05:38:00Z,fourier-demo,-1.855387938025,0.050700000000,0.495895307627,0.868382314349
2024-01-01T05:39:00Z,fourier-demo,-1.786933254188,0.050850000000,0.497227780951,0.867620040024
2024-01-01T05:40:00Z,fourier-demo,-1.692974007434,0.051000000000,0.498559082534,0.866855721111
2024-01-01T05:41:00Z,fourier-demo,-1.580260305002,0.051150000000,0.499889209239,0.866089359412
2024-01-01T05:42:00Z,fourier-demo,-1.455879921503,0.051300000000,0.501218157931,0.865320956732
2024-01-01T05:43:00Z,fourier-demo,-1.326936394765,0.051450000000,0.502545925479,0.864550514883
2024-01-01T05:44:00Z,fourier-demo,-1.200232858103,0.051600000000,0.503872508754,0.863778035679
2024-01-01T05:45:00Z,fourier-demo,-1.081974868656,0.051750000000,0.505197904629,0.863003520942
2024-01-01T05:46:00Z,fourier-demo,-0.977504603497,0.051900000000,0.506522109982,0.862226972496
2024-01-01T05:47:00Z,fourier-demo,-0.891077398074,0.052050000000,0.507845121691,0.861448392171
2024-01-01T05:48:00Z,fourier-demo,-0.825689754391,0.052200000000,0.509166936640,0.860667781803
2024-01-01T05:49:00Z,fourier-demo,-0.782965726783,0.052350000000,0.510487551712,0.859885143230
2024-01-01T05:50:00Z,fourier-demo,-0.763106093923,0.052500000000,0.511806963796,0.859100478297
2024-01-01T05:51:00Z,fourier-demo,-0.764902051061,0.052650000000,0.513125169783,0.858313788853
2024-01-01T05:52:00Z,fourier-demo,-0.785812417668,0.052800000000,0.514442166566,0.857525076752
2024-01-01T05:53:00Z,fourier-demo,-0.822100666453,0.052950000000,0.515757951042,0.856734343853
2024-01-01T05:54:00Z,fourier-demo,-0.869025551697,0.053100000000,0.517072520110,0.855941592018
2024-01-01T05:55:00Z,fourier-demo,-0.921076852812,0.053250000000,0.518385870672,0.855146823117
2024-01-01T05:56:00Z,fourier-demo,-0.972245846725,0.053400000000,0.519697999633,0.854350039022
2024-01-01T05:57:00Z,fourier-demo,-1.016318658839,0.053550000000,0.521008903901,0.853551241611
2024-01-01T05:58:00Z,fourier-demo,-1.047179677551,0.053700000000,0.522318580388,0.852750432766
2024-01-01T05:59:00Z,fourier-demo,-1.059111791415,0.053850000000,0.523627026005,0.851947614374
2024-01-01T06:00:00Z,fourier-demo,-1.047080338758,0.054000000000,0.524934237671,0.851142788327
2024-01-01T06:01:00Z,fourier-demo,-1.006988341249,0.054150000000,0.526240212304,0.850335956522
2024-01-01T06:02:00Z,fourier-demo,-0.935891797421,0.054300000000,0.527544946828,0.849527120860
2024-01-01T06:03:00Z,fourier-demo,-0.832165489507,0.054450000000,0.528848438167,0.848716283247
2024-01-01T06:04:00Z,fourier-demo,-0.695611837593,0.054600000000,0.530150683249,0.847903445594
2024-01-01T06:05:00Z,fourier-demo,-0.527507732843,0.054750000000,0.531451679007,0.847088609817
2024-01-01T06:06:00Z,fourier-demo,-0.330586896913,0.054900000000,0.532751422373,0.846271777835
2024-01-01T06:07:00Z,fourier-demo,-0.108958039172,0.055050000000,0.534049910286,0.845452951573
2024-01-01T06:08:00Z,fourier-demo,0.132038196210,0.055200000000,0.535347139684,0.844632132962
2024-01-01T06:09:00Z,fourier-demo,0.386027897847,0.055350000000,0.536643107512,0.843809323935
2024-01-01T06:10:00Z,fourier-demo,0.645850196116,0.055500000000,0.537937810715,0.842984526432
2024-01-01T06:11:00Z,fourier-demo,0.903841187085,0.055650000000,0.539231246241,0.842157742396
2024-01-01T06:12:00Z,fourier-demo,1.152143802432,0.055800000000,0.540523411044,0.841328973775
2024-01-01T06:13:00Z,fourier-demo,1.383030793706,0.055950000000,0.541814302078,0.840498222522
2024-01-01T06:14:00Z,fourier-demo,1.589227365721,0.056100000000,0.543103916301,0.839665490596
2024-01-01T06:15:00Z,fourier-demo,1.764219917244,0.056250000000,0.544392250674,0.838830779959
2024-01-01T06:16:00Z,fourier-demo,1.902537832192,0.056400000000,0.545679302161,0.837994092576
2024-01-01T06:17:00Z,fourier-demo,1.999996292869,0.056550000000,0.546965067729,0.837155430422
2024-01-01T06:18:00Z,fourier-demo,2.053889617695,0.056700000000,0.548249544347,0.836314795471
2024-01-01T06:19:00Z,fourier-demo,2.063126597814,0.056850000000,0.549532728990,0.835472189704
2024-01-01T06:20:00Z,fourier-demo,2.028301640122,0.057000000000,0.550814618633,0.834627615108
2024-01-01T06:21:00Z,fourier-demo,1.951698123860,0.057150000000,0.552095210255,0.833781073672
2024-01-01T06:22:00Z,fourier-demo,1.837223137993,0.057300000000,0.553374500838,0.832932567392
2024-01-01T06:23:00Z,fourier-demo,1.690275574363,0.057450000000,0.554652487369,0.832082098266
2024-01-01T06:24:00Z,fourier-demo,1.517552292118,0.057600000000,0.555929166834,0.831229668300
2024-01-01T06:25:00Z,fourier-demo,1.326799629692,0.057750000000,0.557204536227,0.830375279502
2024-01-01T06:26:00Z,fourier-demo,1.126519816255,0.057900000000,0.558478592540,0.829518933885
2024-01-01T06:27:00Z,fourier-demo,0.925643731228,0.058050000000,0.559751332772,0.828660633468
2024-01-01T06:28:00Z,fourier-demo,0.733182899454,0.058200000000,0.561022753924,0.827800380273
2024-01-01T06:29:00Z,fourier-demo,0.557874530868,0.058350000000,0.562292852999,0.826938176327
2024-01-01T06:30:00Z,fourier-demo,0.407833778009,0.058500000000,0.563561627004,0.826074023662
2024-01-01T06:31:00Z,fourier-demo,0.290227175875,0.058650000000,0.564829072950,0.825207924314
2024-01-01T06:32:00Z,fourier-demo,0.210980453540,0.058800000000,0.566095187849,0.824339880325
2024-01-01T06:33:00Z,fourier-demo,0.174532595395,0.058950000000,0.567359968718,0.823469893740
2024-01-01T06:34:00Z,fourier-demo,0.183646233960,0.059100000000,0.568623412577,0.822597966609
2024-01-01T06:35:00Z,fourier-demo,0.239282247395,0.059250000000,0.569885516447,0.821724100988
2024-01-01T06:36:00Z,fourier-demo,0.340543901898,0.059400000000,0.571146277355,0.820848298934
2024-01-01T06:37:00Z,fourier-demo,0.484693123838,0.059550000000,0.572405692331,0.819970562513
2024-01-01T06:38:00Z,fourier-demo,0.667238619917,0.059700000000,0.573663758405,0.819090893792
2024-01-01T06:39:00Z,fourier-demo,0.882092701499,0.059850000000,0.574920472613,0.818209294845
2024-01-01T06:40:00Z,fourier-demo,1.121790927232,0.060000000000,0.576175831994,0.817325767749
2024-01-01T06:41:00Z,fourier-demo,1.377766167029,0.060150000000,0.577429833589,0.816440314586
2024-01-01T06:42:00Z,fourier-demo,1.640666512051,0.060300000000,0.578682474444,0.815552937443
2024-01-01T06:43:00Z,fourier-demo,1.900704697746,0.060450000000,0.579933751606,0.814663638410
2024-01-01T06:44:00Z,fourier-demo,2.148025441397,0.060600000000,0.581183662127,0.813772419585
2024-01-01T06:45:00Z,fourier-demo,2.373076373389,0.060750000000,0.582432203061,0.812879283066
2024-01-01T06:46:00Z,fourier-demo,2.566968091730,0.060900000000,0.583679371466,0.811984230959
2024-01-01T06:47:00Z,fourier-demo,2.721809298415,0.061050000000,0.584925164402,0.811087265372
2024-01-01T06:48:00Z,fourier-demo,2.831003966644,0.061200000000,0.586169578935,0.810188388420
2024-01-01T06:49:00Z,fourier-demo,2.889498999615,0.061350000000,0.587412612132,0.809287602221
2024-01-01T06:50:00Z,fourier-demo,2.893972813434,0.061500000000,0.588654261063,0.808384908897
2024-01-01T06:51:00Z,fourier-demo,2.842957628874,0.061650000000,0.589894522803,0.807480310576
2024-01-01T06:52:00Z,fourier-demo,2.736890894041,0.061800000000,0.591133394428,0.806573809389
2024-01-01T06:53:00Z,fourier-demo,2.578094075923,0.061950000000,0.592370873019,0.805665407473
2024-01-01T06:54:00Z,fourier-demo,2.370679939484,0.062100000000,0.593606955660,0.804755106968
2024-01-01T06:55:00Z,fourier-demo,2.120392262171,0.062250000000,0.594841639439,0.803842910020
2024-01-01T06:56:00Z,fourier-demo,1.834384595276,0.062400000000,0.596074921445,0.802928818778
2024-01-01T06:57:00Z,fourier-demo,1.520947074463,0.062550000000,0.597306798772,0.802012835397
2024-01-01T06:58:00Z,fourier-demo,1.189192303819,0.062700000000,0.598537268517,0.801094962034
2024-01-01T06:59:00Z,fourier-demo,0.848712910161,0.062850000000,0.599766327782,0.800175200853
2024-01-01T07:00:00Z,fourier-demo,0.509224424581,0.063000000000,0.600993973668,0.799253554021
2024-01-01T07:01:00Z,fourier-demo,0.180207654687,0.063150000000,0.602220203284,0.798330023710
2024-01-01T07:02:00Z,fourier-demo,-0.129435355272,0.063300000000,0.603445013739,0.797404612097
2024-01-01T07:03:00Z,fourier-demo,-0.411698313922,0.063450000000,0.604668402147,0.796477321362
2024-01-01T07:04:00Z,fourier-demo,-0.659748335083,0.063600000000,0.605890365626,0.795548153691
2024-01-01T07:05:00Z,fourier-demo,-0.868153633344,0.063750000000,0.607110901296,0.794617111273
2024-01-01T07:06:00Z,fourier-demo,-1.033052732750,0.063900000000,0.608330006280,0.793684196302
2024-01-01T07:07:00Z,fourier-demo,-1.152259083749,0.064050000000,0.609547677705,0.792749410977
2024-01-01T07:08:00Z,fourier-demo,-1.225297644657,0.064200000000,0.610763912703,0.791812757500
2024-01-01T07:09:00Z,fourier-demo,-1.253372771593,0.064350000000,0.611978708407,0.790874238079
2024-01-01T07:10:00Z,fourier-demo,-1.239269560796,0.064500000000,0.613192061953,0.789933854925
2024-01-01T07:11:00Z,fourier-demo,-1.187193484968,0.064650000000,0.614403970484,0.788991610255
2024-01-01T07:12:00Z,fourier-demo,-1.102555650762,0.064800000000,0.615614431143,0.788047506289
2024-01-01T07:13:00Z,fourier-demo,-0.991713176570,0.064950000000,0.616823441077,0.787101545252
2024-01-01T07:14:00Z,fourier-demo,-0.861675960352,0.065100000000,0.618030997437,0.786153729373
2024-01-01T07:15:00Z,fourier-demo,-0.719792404988,0.065250000000,0.619237097379,0.785204060885
2024-01-01T07:16:00Z,fourier-demo,-0.573427441682,0.065400000000,0.620441738058,0.784252542027
2024-01-01T07:17:00Z,fourier-demo,-0.429646410150,0.065550000000,0.621644916638,0.783299175040
2024-01-01T07:18:00Z,fourier-demo,-0.294918010407,0.065700000000,0.622846630281,0.782343962172
2024-01-01T07:19:00Z,fourier-demo,-0.174848650730,0.065850000000,0.624046876158,0.781386905673
2024-01-01T07:20:00Z,fourier-demo,-0.073959118232,0.066000000000,0.625245651438,0.780428007800
2024-01-01T07:21:00Z,fourier-demo,0.004487348550,0.066150000000,0.626442953297,0.779467270810
2024-01-01T07:22:00Z,fourier-demo,0.058598723785,0.066300000000,0.627638778914,0.778504696969
2024-01-01T07:23:00Z,fourier-demo,0.087905230588,0.066450000000,0.628833125470,0.777540288545
2024-01-01T07:24:00Z,fourier-demo,0.093346055690,0.066600000000,0.630025990152,0.776574047811
2024-01-01T07:25:00Z,fourier-demo,0.077192782859,0.066750000000,0.631217370147,0.775605977043
2024-01-01T07:26:00Z,fourier-demo,0.042913268879,0.066900000000,0.632407262649,0.774636078523
2024-01-01T07:27:00Z,fourier-demo,-0.005017792728,0.067050000000,0.633595664853,0.773664354536
2024-01-01T07:28:00Z,fourier-demo,-0.061353120379,0.067200000000,0.634782573959,0.772690807373
2024-01-01T07:29:00Z,fourier-demo,-0.120341511256,0.067350000000,0.635967987169,0.771715439327
2024-01-01T07:30:00Z,fourier-demo,-0.176019076563,0.067500000000,0.637151901692,0.770738252697
2024-01-01T07:31:00Z,fourier-demo,-0.222510239283,0.067650000000,0.638334314735,0.769759249786
2024-01-01T07:32:00Z,fourier-demo,-0.254325271385,0.067800000000,0.639515223514,0.768778432901
2024-01-01T07:33:00Z,fourier-demo,-0.266641286621,0.067950000000,0.640694625244,0.767795804354
2024-01-01T07:34:00Z,fourier-demo,-0.255554295117,0.068100000000,0.641872517148,0.766811366459
2024-01-01T07:35:00Z,fourier-demo,-0.218291138267,0.068250000000,0.643048896448,0.765825121537
2024-01-01T07:36:00Z,fourier-demo,-0.153371806999,0.068400000000,0.644223760373,0.764837071912
2024-01-01T07:37:00Z,fourier-demo,-0.060714733546,0.068550000000,0.645397106155,0.763847219912
2024-01-01T07:38:00Z,fourier-demo,0.058319949894,0.068700000000,0.646568931028,0.762855567870
2024-01-01T07:39:00Z,fourier-demo,0.200951572475,0.068850000000,0.647739232230,0.761862118122
2024-01-01T07:40:00Z,fourier-demo,0.363064165082,0.069000000000,0.648908007005,0.760866873011
2024-01-01T07:41:00Z,fourier-demo,0.539352716438,0.069150000000,0.650075252596,0.759869834881
2024-01-01T07:42:00Z,fourier-demo,0.723524777569,0.069300000000,0.651240966255,0.758871006081
2024-01-01T07:43:00Z,fourier-demo,0.908549370115,0.069450000000,0.652405145234,0.757870388966
2024-01-01T07:44:00Z,fourier-demo,1.086943102964,0.069600000000,0.653567786789,0.756867985894
2024-01-01T07:45:00Z,fourier-demo,1.251081762625,0.069750000000,0.654728888181,0.755863799227
2024-01-01T07:46:00Z,fourier-demo,1.393524484935,0.069900000000,0.655888446673,0.754857831330
2024-01-01T07:47:00Z,fourier-demo,1.507336988238,0.070050000000,0.657046459533,0.753850084576
2024-01-01T07:48:00Z,fourier-demo,1.586400278932,0.070200000000,0.658202924032,0.752840561338
2024-01-01T07:49:00Z,fourier-demo,1.625691733713,0.070350000000,0.659357837444,0.751829263996
2024-01-01T07:50:00Z,fourier-demo,1.621526500625,0.070500000000,0.660511197049,0.750816194932
2024-01-01T07:51:00Z,fourier-demo,1.571748702180,0.070650000000,0.661663000128,0.749801356535
2024-01-01T07:52:00Z,fourier-demo,1.475863906615,0.070800000000,0.662813243966,0.748784751195
2024-01-01T07:53:00Z,fourier-demo,1.335106677938,0.070950000000,0.663961925854,0.747766381309
2024-01-01T07:54:00Z,fourier-demo,1.152439626664,0.071100000000,0.665109043084,0.746746249276
2024-01-01T07:55:00Z,fourier-demo,0.932483155002,0.071250000000,0.666254592954,0.745724357500
2024-01-01T07:56:00Z,fourier-demo,0.681377909694,0.071400000000,0.667398572762,0.744700708389
2024-01-01T07:57:00Z,fourier-demo,0.406584707577,0.071550000000,0.668540979815,0.743675304356
2024-01-01T07:58:00Z,fourier-demo,0.116629270551,0.071700000000,0.669681811419,0.742648147816
2024-01-01T07:59:00Z,fourier-demo,-0.179198607548,0.071850000000,0.670821064886,0.741619241191
2024-01-01T08:00:00Z,fourier-demo,-0.471179933752,0.072000000000,0.671958737531,0.740588586906
2024-01-01T08:01:00Z,fourier-demo,-0.749522452820,0.072150000000,0.673094826674,0.739556187388
2024-01-01T08:02:00Z,fourier-demo,-1.004723744245,0.072300000000,0.674229329638,0.738522045071
2024-01-01T08:03:00Z,fourier-demo,-1.227927205433,0.072450000000,0.675362243748,0.737486162392
2024-01-01T08:04:00Z,fourier-demo,-1.411256851627,0.072600000000,0.676493566334,0.736448541792
2024-01-01T08:05:00Z,fourier-demo,-1.548117635696,0.072750000000,0.677623294732,0.735409185717
2024-01-01T08:06:00Z,fourier-demo,-1.633449301361,0.072900000000,0.678751426279,0.734368096614
2024-01-01T08:07:00Z,fourier-demo,-1.663923580053,0.073050000000,0.679877958315,0.733325276939
2024-01-01T08:08:00Z,fourier-demo,-1.638076752650,0.073200000000,0.681002888187,0.732280729148
2024-01-01T08:09:00Z,fourier-demo,-1.556372134312,0.073350000000,0.682126213243,0.731234455702
2024-01-01T08:10:00Z,fourier-demo,-1.421189801455,0.073500000000,0.683247930837,0.730186459068
2024-01-01T08:11:00Z,fourier-demo,-1.236743753619,0.073650000000,0.684368038325,0.729136741715
2024-01-01T08:12:00Z,fourier-demo,-1.008929573628,0.073800000000,0.685486533067,0.728085306117
2024-01-01T08:13:00Z,fourier-demo,-0.745108401343,0.073950000000,0.686603412428,0.727032154752
2024-01-01T08:14:00Z,fourier-demo,-0.453835558357,0.074100000000,0.687718673775,0.725977290100
2024-01-01T08:15:00Z,fourier-demo,-0.144544351456,0.074250000000,0.688832314480,0.724920714649
2024-01-01T08:16:00Z,fourier-demo,0.172802646894,0.074400000000,0.689944331920,0.723862430888
2024-01-01T08:17:00Z,fourier-demo,0.488081263691,0.074550000000,0.691054723473,0.722802441311
2024-01-01T08:18:00Z,fourier-demo,0.791378022672,0.074700000000,0.692163486523,0.721740748416
2024-01-01T08:19:00Z,fourier-demo,1.073352596438,0.074850000000,0.693270618457,0.720677354705
2024-01-01T08:20:00Z,fourier-demo,1.325576351114,0.075000000000,0.694376116666,0.719612262683
2024-01-01T08:21:00Z,fourier-demo,1.540833897767,0.075150000000,0.695479978545,0.718545474861
2024-01-01T08:22:00Z,fourier-demo,1.713376063123,0.075300000000,0.696582201493,0.717476993752
2024-01-01T08:23:00Z,fourier-demo,1.839114651205,0.075450000000,0.697682782911,0.716406821875
2024-01-01T08:24:00Z,fourier-demo,1.915751707766,0.075600000000,0.698781720207,0.715334961752
2024-01-01T08:25:00Z,fourier-demo,1.942838625945,0.075750000000,0.699879010791,0.714261415908
2024-01-01T08:26:00Z,fourier-demo,1.921763237811,0.075900000000,0.700974652077,0.713186186873
2024-01-01T08:27:00Z,fourier-demo,1.855665908921,0.076050000000,0.702068641483,0.712109277181
2024-01-01T08:28:00Z,fourier-demo,1.749288475427,0.076200000000,0.703160976431,0.711030689369
2024-01-01T08:29:00Z,fourier-demo,1.608762521701,0.076350000000,0.704251654346,0.709950425981
2024-01-01T08:30:00Z,fourier-demo,1.441345883799,0.076500000000,0.705340672660,0.708868489560
2024-01-01T08:31:00Z,fourier-demo,1.255118284342,0.076650000000,0.706428028805,0.707784882658
2024-01-01T08:32:00Z,fourier-demo,1.058648576758,0.076800000000,0.707513720219,0.706699607827
2024-01-01T08:33:00Z,fourier-demo,0.860647138768,0.076950000000,0.708597744343,0.705612667625
2024-01-01T08:34:00Z,fourier-demo,0.669617464855,0.077100000000,0.709680098623,0.704524064613
2024-01-01T08:35:00Z,fourier-demo,0.493520946252,0.077250000000,0.710760780508,0.703433801357
2024-01-01T08:36:00Z,fourier-demo,0.339468198864,0.077400000000,0.711839787452,0.702341880426
2024-01-01T08:37:00Z,fourier-demo,0.213449131865,0.077550000000,0.712917116912,0.701248304393
2024-01-01T08:38:00Z,fourier-demo,0.120112291831,0.077700000000,0.713992766349,0.700153075835
2024-01-01T08:39:00Z,fourier-demo,0.062601938240,0.077850000000,0.715066733228,0.699056197333
2024-01-01T08:40:00Z,fourier-demo,0.042458892361,0.078000000000,0.716139015019,0.697957671473
2024-01-01T08:41:00Z,fourier-demo,0.059588552615,0.078150000000,0.717209609194,0.696857500842
2024-01-01T08:42:00Z,fourier-demo,0.112296694593,0.078300000000,0.718278513231,0.695755688033
2024-01-01T08:43:00Z,fourier-demo,0.197390887095,0.078450000000,0.719345724610,0.694652235644
2024-01-01T08:44:00Z,fourier-demo,0.310342671101,0.078600000000,0.720411240818,0.693547146273
2024-01-01T08:45:00Z,fourier-demo,0.445503176380,0.078750000000,0.721475059342,0.692440422526
2024-01-01T08:46:00Z,fourier-demo,0.596362691364,0.078900000000,0.722537177676,0.691332067010
2024-01-01T08:47:00Z,fourier-demo,0.755842943791,0.079050000000,0.723597593317,0.690222082337
2024-01-01T08:48:00Z,fourier-demo,0.916609563756,0.079200000000,0.724656303766,0.689110471124
2024-01-01T08:49:00Z,fourier-demo,1.071391438692,0.079350000000,0.725713306528,0.687997235989
2024-01-01T08:50:00Z,fourier-demo,1.213293461585,0.079500000000,0.726768599112,0.686882379556
2024-01-01T08:51:00Z,fourier-demo,1.336089526431,0.079650000000,0.727822179032,0.685765904452
2024-01-01T08:52:00Z,fourier-demo,1.434483522696,0.079800000000,0.728874043805,0.684647813308
2024-01-01T08:53:00Z,fourier-demo,1.504327484834,0.079950000000,0.729924190951,0.683528108760
2024-01-01T08:54:00Z,fourier-demo,1.542787904583,0.080100000000,0.730972617996,0.682406793445
2024-01-01T08:55:00Z,fourier-demo,1.548453435072,0.080250000000,0.732019322470,0.681283870006
2024-01-01T08:56:00Z,fourier-demo,1.521379714066,0.080400000000,0.733064301906,0.680159341090
2024-01-01T08:57:00Z,fourier-demo,1.463069704655,0.080550000000,0.734107553841,0.679033209345
2024-01-01T08:58:00Z,fourier-demo,1.376390684336,0.080700000000,0.735149075817,0.677905477427
2024-01-01T08:59:00Z,fourier-demo,1.265431694004,0.080850000000,0.736188865379,0.676776147993
2024-01-01T09:00:00Z,fourier-demo,1.135307775581,0.081000000000,0.737226920077,0.675645223704
2024-01-01T09:01:00Z,fourier-demo,0.991919576157,0.081150000000,0.738263237465,0.674512707224
2024-01-01T09:02:00Z,fourier-demo,0.841678784300,0.081300000000,0.739297815101,0.673378601224
2024-01-01T09:03:00Z,fourier-demo,0.691211312044,0.081450000000,0.740330650547,0.672242908375
2024-01-01T09:04:00Z,fourier-demo,0.547051083788,0.081600000000,0.741361741368,0.671105631354
2024-01-01T09:05:00Z,fourier-demo,0.415337701389,0.081750000000,0.742391085136,0.669966772841
2024-01-01T09:06:00Z,fourier-demo,0.301531105843,0.081900000000,0.743418679424,0.668826335519
2024-01-01T09:07:00Z,fourier-demo,0.210155656058,0.082050000000,0.744444521810,0.667684322077
2024-01-01T09:08:00Z,fourier-demo,0.144584822832,0.082200000000,0.745468609878,0.666540735204
2024-01-01T09:09:00Z,fourier-demo,0.106876001665,0.082350000000,0.746490941214,0.665395577597
2024-01-01T09:10:00Z,fourier-demo,0.097662851296,0.082500000000,0.747511513408,0.664248851954
2024-01-01T09:11:00Z,fourier-demo,0.116110152337,0.082650000000,0.748530324056,0.663100560977
2024-01-01T09:12:00Z,fourier-demo,0.159933552024,0.082800000000,0.749547370758,0.661950707372
2024-01-01T09:13:00Z,fourier-demo,0.225483825409,0.082950000000,0.750562651115,0.660799293849
2024-01-01T09:14:00Z,fourier-demo,0.307892553958,0.083100000000,0.751576162736,0.659646323121
2024-01-01T09:15:00Z,fourier-demo,0.401273512481,0.083250000000,0.752587903232,0.658491797906
2024-01-01T09:16:00Z,fourier-demo,0.498971673367,0.083400000000,0.753597870219,0.657335720923
2024-01-01T09:17:00Z,fourier-demo,0.593849682357,0.083550000000,0.754606061317,0.656178094898
2024-01-01T09:18:00Z,fourier-demo,0.678600018659,0.083700000000,0.755612474150,0.655018922558
2024-01-01T09:19:00Z,fourier-demo,0.746069893171,0.083850000000,0.756617106347,0.653858206634
2024-01-01T09:20:00Z,fourier-demo,0.789585311235,0.084000000000,0.757619955540,0.652695949863
2024-01-01T09:21:00Z,fourier-demo,0.803260658423,0.084150000000,0.758621019365,0.651532154984
2024-01-01T09:22:00Z,fourier-demo,0.782280663827,0.084300000000,0.759620295464,0.650366824737
2024-01-01T09:23:00Z,fourier-demo,0.723142636756,0.084450000000,0.760617781482,0.649199961871
2024-01-01T09:24:00Z,fourier-demo,0.623848418545,0.084600000000,0.761613475068,0.648031569134
2024-01-01T09:25:00Z,fourier-demo,0.484037479628,0.084750000000,0.762607373876,0.646861649280
2024-01-01T09:26:00Z,fourier-demo,0.305054942943,0.084900000000,0.763599475564,0.645690205066
2024-01-01T09:27:00Z,fourier-demo,0.089950933057,0.085050000000,0.764589777793,0.644517239253
2024-01-01T09:28:00Z,fourier-demo,-0.156589570264,0.085200000000,0.765578278231,0.643342754604
2024-01-01T09:29:00Z,fourier-demo,-0.428384368026,0.085350000000,0.766564974547,0.642166753888
2024-01-01T09:30:00Z,fourier-demo,-0.717954401659,0.085500000000,0.767549864416,0.640989239875
2024-01-01T09:31:00Z,fourier-demo,-1.016779490936,0.085650000000,0.768532945518,0.639810215341
2024-01-01T09:32:00Z,fourier-demo,-1.315599811180,0.085800000000,0.769514215535,0.638629683063
2024-01-01T09:33:00Z,fourier-demo,-1.604751557465,0.085950000000,0.770493672156,0.637447645825
2024-01-01T09:34:00Z,fourier-demo,-1.874523789521,0.086100000000,0.771471313072,0.636264106411
2024-01-01T09:35:00Z,fourier-demo,-2.115522516576,0.086250000000,0.772447135979,0.635079067611
2024-01-01T09:36:00Z,fourier-demo,-2.319027705981,0.086400000000,0.773421138579,0.633892532217
2024-01-01T09:37:00Z,fourier-demo,-2.477329099676,0.086550000000,0.774393318574,0.632704503025
2024-01-01T09:38:00Z,fourier-demo,-2.584027491748,0.086700000000,0.775363673675,0.631514982835
2024-01-01T09:39:00Z,fourier-demo,-2.634289428629,0.086850000000,0.776332201595,0.630323974450
2024-01-01T09:40:00Z,fourier-demo,-2.625045089126,0.087000000000,0.777298900052,0.629131480676
2024-01-01T09:41:00Z,fourier-demo,-2.555121312804,0.087150000000,0.778263766767,0.627937504325
2024-01-01T09:42:00Z,fourier-demo,-2.425304283710,0.087300000000,0.779226799466,0.626742048209
2024-01-01T09:43:00Z,fourier-demo,-2.238329140055,0.087450000000,0.780187995881,0.625545115146
2024-01-01T09:44:00Z,fourier-demo,-1.998796658113,0.087600000000,0.781147353746,0.624346707957
2024-01-01T09:45:00Z,fourier-demo,-1.713020034396,0.087750000000,0.782104870800,0.623146829464
2024-01-01T09:46:00Z,fourier-demo,-1.388807548233,0.087900000000,0.783060544787,0.621945482497
2024-01-01T09:47:00Z,fourier-demo,-1.035189416100,0.088050000000,0.784014373454,0.620742669886
2024-01-01T09:48:00Z,fourier-demo,-0.662099347478,0.088200000000,0.784966354555,0.619538394465
2024-01-01T09:49:00Z,fourier-demo,-0.280023091184,0.088350000000,0.785916485845,0.618332659073
2024-01-01T09:50:00Z,fourier-demo,0.100372450634,0.088500000000,0.786864765086,0.617125466551
2024-01-01T09:51:00Z,fourier-demo,0.468615217844,0.088650000000,0.787811190043,0.615916819743
2024-01-01T09:52:00Z,fourier-demo,0.814794600512,0.088800000000,0.788755758486,0.614706721498
2024-01-01T09:53:00Z,fourier-demo,1.129904568549,0.088950000000,0.789698468188,0.613495174668
2024-01-01T09:54:00Z,fourier-demo,1.406150198432,0.089100000000,0.790639316929,0.612282182107
2024-01-01T09:55:00Z,fourier-demo,1.637205961654,0.089250000000,0.791578302491,0.611067746675
2024-01-01T09:56:00Z,fourier-demo,1.818416089987,0.089400000000,0.792515422661,0.609851871232
2024-01-01T09:57:00Z,fourier-demo,1.946929664928,0.089550000000,0.793450675230,0.608634558644
2024-01-01T09:58:00Z,fourier-demo,2.021765698182,0.089700000000,0.794384057996,0.607415811781
2024-01-01T09:59:00Z,fourier-demo,2.043806270267,0.089850000000,0.795315568758,0.606195633513
2024-01-01T10:00:00Z,fourier-demo,2.015718661933,0.090000000000,0.796245205322,0.604974026717
2024-01-01T10:01:00Z,fourier-demo,1.941810231922,0.090150000000,0.797172965496,0.603750994271
2024-01-01T10:02:00Z,fourier-demo,1.827822450878,0.090300000000,0.798098847094,0.602526539057
2024-01-01T10:03:00Z,fourier-demo,1.680672887809,0.090450000000,0.799022847934,0.601300663960
2024-01-01T10:04:00Z,fourier-demo,1.508155966540,0.090600000000,0.799944965840,0.600073371870
2024-01-01T10:05:00Z,fourier-demo,1.318614884227,0.090750000000,0.800865198637,0.598844665679
2024-01-01T10:06:00Z,fourier-demo,1.120598149704,0.090900000000,0.801783544157,0.597614548282
2024-01-01T10:07:00Z,fourier-demo,0.922514714553,0.091050000000,0.802700000237,0.596383022579
2024-01-01T10:08:00Z,fourier-demo,0.732301615196,0.091200000000,0.803614564716,0.595150091470
2024-01-01T10:09:00Z,fourier-demo,0.557117424161,0.091350000000,0.804527235439,0.593915757862
2024-01-01T10:10:00Z,fourier-demo,0.403073650189,0.091500000000,0.805438010256,0.592680024663
2024-01-01T10:11:00Z,fourier-demo,0.275014579131,0.091650000000,0.806346887020,0.591442894786
2024-01-01T10:12:00Z,fourier-demo,0.176353979823,0.091800000000,0.807253863589,0.590204371146
2024-01-01T10:13:00Z,fourier-demo,0.108974697108,0.091950000000,0.808158937827,0.588964456661
2024-01-01T10:14:00Z,fourier-demo,0.073194517797,0.092100000000,0.809062107600,0.587723154254
2024-01-01T10:15:00Z,fourier-demo,0.067798933229,0.092250000000,0.809963370779,0.586480466849
2024-01-01T10:16:00Z,fourier-demo,0.090138648299,0.092400000000,0.810862725242,0.585236397376
2024-01-01T10:17:00Z,fourier-demo,0.136287015300,0.092550000000,0.811760168868,0.583990948765
2024-01-01T10:18:00Z,fourier-demo,0.201250111405,0.092700000000,0.812655699543,0.582744123951
2024-01-01T10:19:00Z,fourier-demo,0.279220031710,0.092850000000,0.813549315157,0.581495925874
2024-01-01T10:20:00Z,fourier-demo,0.363860223236,0.093000000000,0.814441013603,0.580246357474
2024-01-01T10:21:00Z,fourier-demo,0.448610410003,0.093150000000,0.815330792780,0.578995421696
2024-01-01T10:22:00Z,fourier-demo,0.526997906843,0.093300000000,0.816218650592,0.577743121488
2024-01-01T10:23:00Z,fourier-demo,0.592941919777,0.093450000000,0.817104584945,0.576489459801
2024-01-01T10:24:00Z,fourier-demo,0.641037790527,0.093600000000,0.817988593754,0.575234439589
2024-01-01T10:25:00Z,fourier-demo,0.666809046027,0.093750000000,0.818870674933,0.573978063810
2024-01-01T10:26:00Z,fourier-demo,0.666916522090,0.093900000000,0.819750826405,0.572720335424
2024-01-01T10:27:00Z,fourier-demo,0.639315684310,0.094050000000,0.820629046095,0.571461257396
2024-01-01T10:28:00Z,fourier-demo,0.583355491269,0.094200000000,0.821505331934,0.570200832693
2024-01-01T10:29:00Z,fourier-demo,0.499814642194,0.094350000000,0.822379681857,0.568939064284
2024-01-01T10:30:00Z,fourier-demo,0.390873719421,0.094500000000,0.823252093803,0.567675955144
2024-01-01T10:31:00Z,fourier-demo,0.260024464078,0.094650000000,0.824122565717,0.566411508248
2024-01-01T10:32:00Z,fourier-demo,0.111920097874,0.094800000000,0.824991095547,0.565145726577
2024-01-01T10:33:00Z,fourier-demo,-0.047826886667,0.094950000000,0.825857681247,0.563878613113
2024-01-01T10:34:00Z,fourier-demo,-0.212890805026,0.095100000000,0.826722320773,0.562610170842
2024-01-01T10:35:00Z,fourier-demo,-0.376512188757,0.095250000000,0.827585012090,0.561340402754
2024-01-01T10:36:00Z,fourier-demo,-0.531798546527,0.095400000000,0.828445753163,0.560069311841
2024-01-01T10:37:00Z,fourier-demo,-0.672033566617,0.095550000000,0.829304541965,0.558796901098
2024-01-01T10:38:00Z,fourier-demo,-0.790981454428,0.095700000000,0.830161376471,0.557523173523
2024-01-01T10:39:00Z,fourier-demo,-0.883173261139,0.095850000000,0.831016254663,0.556248132119
2024-01-01T10:40:00Z,fourier-demo,-0.944162773581,0.096000000000,0.831869174525,0.554971779890
2024-01-01T10:41:00Z,fourier-demo,-0.970740771864,0.096150000000,0.832720134049,0.553694119844
2024-01-01T10:42:00Z,fourier-demo,-0.961098169808,0.096300000000,0.833569131228,0.552415154991
2024-01-01T10:43:00Z,fourier-demo,-0.914930663623,0.096450000000,0.834416164062,0.551134888346
2024-01-01T10:44:00Z,fourier-demo,-0.833479939883,0.096600000000,0.835261230555,0.549853322925
2024-01-01T10:45:00Z,fourier-demo,-0.719509134624,0.096750000000,0.836104328715,0.548570461749
2024-01-01T10:46:00Z,fourier-demo,-0.577212982417,0.096900000000,0.836945456556,0.547286307841
2024-01-01T10:47:00Z,fourier-demo,-0.412065834029,0.097050000000,0.837784612096,0.546000864226
2024-01-01T10:48:00Z,fourier-demo,-0.230613340286,0.097200000000,0.838621793356,0.544714133935
2024-01-01T10:49:00Z,fourier-demo,-0.040215989382,0.097350000000,0.839456998364,0.543426119999
2024-01-01T10:50:00Z,fourier-demo,0.151245254271,0.097500000000,0.840290225152,0.542136825454
2024-01-01T10:51:00Z,fourier-demo,0.335689315620,0.097650000000,0.841121471757,0.540846253338
2024-01-01T10:52:00Z,fourier-demo,0.505168322974,0.097800000000,0.841950736219,0.539554406692
2024-01-01T10:53:00Z,fourier-demo,0.652200185978,0.097950000000,0.842778016584,0.538261288560
2024-01-01T10:54:00Z,fourier-demo,0.770086685599,0.098100000000,0.843603310903,0.536966901990
2024-01-01T10:55:00Z,fourier-demo,0.853203822335,0.098250000000,0.844426617231,0.535671250033
2024-01-01T10:56:00Z,fourier-demo,0.897252214002,0.098400000000,0.845247933628,0.534374335740
2024-01-01T10:57:00Z,fourier-demo,0.899456885585,0.098550000000,0.846067258158,0.533076162170
2024-01-01T10:58:00Z,fourier-demo,0.858707788727,0.098700000000,0.846884588890,0.531776732380
2024-01-01T10:59:00Z,fourier-demo,0.775634747397,0.098850000000,0.847699923899,0.530476049433
2024-01-01T11:00:00Z,fourier-demo,0.652613153670,0.099000000000,0.848513261263,0.529174116394
2024-01-01T11:01:00Z,fourier-demo,0.493699527089,0.099150000000,0.849324599065,0.527870936331
2024-01-01T11:02:00Z,fourier-demo,0.304498889211,0.099300000000,0.850133935393,0.526566512316
2024-01-01T11:03:00Z,fourier-demo,0.091968676359,0.099450000000,0.850941268341,0.525260847421
2024-01-01T11:04:00Z,fourier-demo,-0.135833494905,0.099600000000,0.851746596006,0.523953944725
2024-01-01T11:05:00Z,fourier-demo,-0.370048589379,0.099750000000,0.852549916489,0.522645807306
2024-01-01T11:06:00Z,fourier-demo,-0.601349896213,0.099900000000,0.853351227898,0.521336438248
2024-01-01T11:07:00Z,fourier-demo,-0.820298741664,0.100050000000,0.854150528344,0.520025840636
2024-01-01T11:08:00Z,fourier-demo,-1.017708213989,0.100200000000,0.854947815945,0.518714017558
2024-01-01T11:09:00Z,fourier-demo,-1.185000556469,0.100350000000,0.855743088820,0.517400972106
2024-01-01T11:10:00Z,fourier-demo,-1.314544074614,0.100500000000,0.856536345096,0.516086707375
2024-01-01T11:11:00Z,fourier-demo,-1.399956163465,0.100650000000,0.857327582904,0.514771226460
2024-01-01T11:12:00Z,fourier-demo,-1.436360361041,0.100800000000,0.858116800379,0.513454532463
2024-01-01T11:13:00Z,fourier-demo,-1.420587122536,0.100950000000,0.858903995661,0.512136628486
2024-01-01T11:14:00Z,fourier-demo,-1.351310215498,0.101100000000,0.859689166896,0.510817517635
2024-01-01T11:15:00Z,fourier-demo,-1.229113170234,0.101250000000,0.860472312232,0.509497203018
2024-01-01T11:16:00Z,fourier-demo,-1.056482980348,0.101400000000,0.861253429824,0.508175687747
2024-01-01T11:17:00Z,fourier-demo,-0.837731124368,0.101550000000,0.862032517832,0.506852974935
2024-01-01T11:18:00Z,fourier-demo,-0.578844855068,0.101700000000,0.862809574419,0.505529067701
2024-01-01T11:19:00Z,fourier-demo,-0.287274462373,0.101850000000,0.863584597755,0.504203969164
2024-01-01T11:20:00Z,fourier-demo,0.028335252433,0.102000000000,0.864357586013,0.502877682446
2024-01-01T11:21:00Z,fourier-demo,0.358458851259,0.102150000000,0.865128537371,0.501550210673
2024-01-01T11:22:00Z,fourier-demo,0.693037258398,0.102300000000,0.865897450013,0.500221556973
2024-01-01T11:23:00Z,fourier-demo,1.021844365954,0.102450000000,0.866664322127,0.498891724478
2024-01-01T11:24:00Z,fourier-demo,1.334858974382,0.102600000000,0.867429151905,0.497560716320
2024-01-01T11:25:00Z,fourier-demo,1.622627615811,0.102750000000,0.868191937546,0.496228535637
2024-01-01T11:26:00Z,fourier-demo,1.876604204681,0.102900000000,0.868952677251,0.494895185568
2024-01-01T11:27:00Z,fourier-demo,2.089453418538,0.103050000000,0.869711369228,0.493560669256
2024-01-01T11:28:00Z,fourier-demo,2.255306191962,0.103200000000,0.870468011689,0.492224989844
2024-01-01T11:29:00Z,fourier-demo,2.369957648045,0.103350000000,0.871222602851,0.490888150480
2024-01-01T11:30:00Z,fourier-demo,2.431000115340,0.103500000000,0.871975140935,0.489550154316
2024-01-01T11:31:00Z,fourier-demo,2.437886489109,0.103650000000,0.872725624169,0.488211004504
2024-01-01T11:32:00Z,fourier-demo,2.391921987912,0.103800000000,0.873474050784,0.486870704199
2024-01-01T11:33:00Z,fourier-demo,2.296185216758,0.103950000000,0.874220419016,0.485529256560
2024-01-01T11:34:00Z,fourier-demo,2.155382260228,0.104100000000,0.874964727106,0.484186664749
2024-01-01T11:35:00Z,fourier-demo,1.975640179532,0.104250000000,0.875706973300,0.482842931928
2024-01-01T11:36:00Z,fourier-demo,1.764248669317,0.104400000000,0.876447155850,0.481498061266
2024-01-01T11:37:00Z,fourier-demo,1.529360647455,0.104550000000,0.877185273010,0.480152055931
2024-01-01T11:38:00Z,fourier-demo,1.279664123214,0.104700000000,0.877921323042,0.478804919094
2024-01-01T11:39:00Z,fourier-demo,1.024038753630,0.104850000000,0.878655304210,0.477456653932
2024-01-01T11:40:00Z,fourier-demo,0.771211013008,0.105000000000,0.879387214786,0.476107263620
2024-01-01T11:41:00Z,fourier-demo,0.529421847044,0.105150000000,0.880117053044,0.474756751338
2024-01-01T11:42:00Z,fourier-demo,0.306120065282,0.105300000000,0.880844817265,0.473405120270
2024-01-01T11:43:00Z,fourier-demo,0.107693570603,0.105450000000,0.881570505733,0.472052373601
2024-01-01T11:44:00Z,fourier-demo,-0.060751118681,0.105600000000,0.882294116738,0.470698514517
2024-01-01T11:45:00Z,fourier-demo,-0.195552660932,0.105750000000,0.883015648576,0.469343546211
2024-01-01T11:46:00Z,fourier-demo,-0.294595999863,0.105900000000,0.883735099546,0.467987471874
2024-01-01T11:47:00Z,fourier-demo,-0.357347421642,0.106050000000,0.884452467952,0.466630294702
2024-01-01T11:48:00Z,fourier-demo,-0.384822946750,0.106200000000,0.885167752104,0.465272017894
2024-01-01T11:49:00Z,fourier-demo,-0.379492208826,0.106350000000,0.885880950316,0.463912644651
2024-01-01T11:50:00Z,fourier-demo,-0.345122636040,0.106500000000,0.886592060908,0.462552178175
2024-01-01T11:51:00Z,fourier-demo,-0.286571201890,0.106650000000,0.887301082204,0.461190621674
2024-01-01T11:52:00Z,fourier-demo,-0.209533151094,0.106800000000,0.888008012533,0.459827978355
2024-01-01T11:53:00Z,fourier-demo,-0.120258845080,0.106950000000,0.888712850229,0.458464251429
2024-01-01T11:54:00Z,fourier-demo,-0.025251139502,0.107100000000,0.889415593631,0.457099444111
2024-01-01T11:55:00Z,fourier-demo,0.069043547926,0.107250000000,0.890116241083,0.455733559616
2024-01-01T11:56:00Z,fourier-demo,0.156537127003,0.107400000000,0.890814790934,0.454366601164
2024-01-01T11:57:00Z,fourier-demo,0.231781694433,0.107550000000,0.891511241538,0.452998571975
2024-01-01T11:58:00Z,fourier-demo,0.290219282553,0.107700000000,0.892205591253,0.451629475274
2024-01-01T11:59:00Z,fourier-demo,0.328388827954,0.107850000000,0.892897838444,0.450259314286
2024-01-01T12:00:00Z,fourier-demo,0.344081545954,0.108000000000,0.893587981479,0.448888092241
2024-01-01T12:01:00Z,fourier-demo,0.336438119009,0.108150000000,0.894276018732,0.447515812371
2024-01-01T12:02:00Z,fourier-demo,0.305983603172,0.108300000000,0.894961948580,0.446142477907
2024-01-01T12:03:00Z,fourier-demo,0.254598622380,0.108450000000,0.895645769409,0.444768092089
2024-01-01T12:04:00Z,fourier-demo,0.185428144697,0.108600000000,0.896327479606,0.443392658152
2024-01-01T12:05:00Z,fourier-demo,0.102731804033,0.108750000000,0.897007077565,0.442016179341
2024-01-01T12:06:00Z,fourier-demo,0.011682234104,0.108900000000,0.897684561684,0.440638658897
2024-01-01T12:07:00Z,fourier-demo,-0.081879885824,0.109050000000,0.898359930367,0.439260100067
2024-01-01T12:08:00Z,fourier-demo,-0.171723504843,0.109200000000,0.899033182022,0.437880506100
2024-01-01T12:09:00Z,fourier-demo,-0.251525598215,0.109350000000,0.899704315064,0.436499880247
2024-01-01T12:10:00Z,fourier-demo,-0.315177367931,0.109500000000,0.900373327909,0.435118225762
2024-01-01T12:11:00Z,fourier-demo,-0.357084940451,0.109650000000,0.901040218982,0.433735545899
2024-01-01T12:12:00Z,fourier-demo,-0.372451429441,0.109800000000,0.901704986711,0.432351843919
2024-01-01T12:13:00Z,fourier-demo,-0.357527956244,0.109950000000,0.902367629530,0.430967123081
2024-01-01T12:14:00Z,fourier-demo,-0.309822468302,0.110100000000,0.903028145877,0.429581386648
2024-01-01T12:15:00Z,fourier-demo,-0.228256915008,0.110250000000,0.903686534195,0.428194637887
2024-01-01T12:16:00Z,fourier-demo,-0.113265461208,0.110400000000,0.904342792933,0.426806880064
2024-01-01T12:17:00Z,fourier-demo,0.033171146023,0.110550000000,0.904996920545,0.425418116451
2024-01-01T12:18:00Z,fourier-demo,0.207557292024,0.110700000000,0.905648915488,0.424028350320
2024-01-01T12:19:00Z,fourier-demo,0.404979770195,0.110850000000,0.906298776227,0.422637584947
2024-01-01T12:20:00Z,fourier-demo,0.619267351622,0.111000000000,0.906946501230,0.421245823607
2024-01-01T12:21:00Z,fourier-demo,0.843206756997,0.111150000000,0.907592088971,0.419853069582
2024-01-01T12:22:00Z,fourier-demo,1.068806745218,0.111300000000,0.908235537928,0.418459326154
2024-01-01T12:23:00Z,fourier-demo,1.287599969462,0.111450000000,0.908876846585,0.417064596606
2024-01-01T12:24:00Z,fourier-demo,1.490970604285,0.111600000000,0.909516013430,0.415668884226
2024-01-01T12:25:00Z,fourier-demo,1.670494585701,0.111750000000,0.910153036959,0.414272192302
2024-01-01T12:26:00Z,fourier-demo,1.818278679697,0.111900000000,0.910787915668,0.412874524127
2024-01-01T12:27:00Z,fourier-demo,1.927284530682,0.112050000000,0.911420648063,0.411475882993
2024-01-01T12:28:00Z,fourier-demo,1.991624344701,0.112200000000,0.912051232652,0.410076272196
2024-01-01T12:29:00Z,fourier-demo,2.006815914055,0.112350000000,0.912679667949,0.408675695036
2024-01-01T12:30:00Z,fourier-demo,1.969986249126,0.112500000000,0.913305952473,0.407274154812
2024-01-01T12:31:00Z,fourier-demo,1.880015087776,0.112650000000,0.913930084748,0.405871654827
2024-01-01T12:32:00Z,fourier-demo,1.737611922173,0.112800000000,0.914552063304,0.404468198386
2024-01-01T12:33:00Z,fourier-demo,1.545322821935,0.112950000000,0.915171886675,0.403063788797
2024-01-01T12:34:00Z,fourier-demo,1.307466134456,0.113100000000,0.915789553400,0.401658429369
2024-01-01T12:35:00Z,fourier-demo,1.029998994555,0.113250000000,0.916405062024,0.400252123414
2024-01-01T12:36:00Z,fourier-demo,0.720319360585,0.113400000000,0.917018411095,0.398844874246
2024-01-01T12:37:00Z,fourier-demo,0.387010899446,0.113550000000,0.917629599170,0.397436685181
2024-01-01T12:38:00Z,fourier-demo,0.039540362547,0.113700000000,0.918238624807,0.396027559538
2024-01-01T12:39:00Z,fourier-demo,-0.312080966137,0.113850000000,0.918845486571,0.394617500637
2024-01-01T12:40:00Z,fourier-demo,-0.657658689485,0.114000000000,0.919450183032,0.393206511801
2024-01-01T12:41:00Z,fourier-demo,-0.987185565091,0.114150000000,0.920052712765,0.391794596355
2024-01-01T12:42:00Z,fourier-demo,-1.291206204241,0.114300000000,0.920653074351,0.390381757627
2024-01-01T12:43:00Z,fourier-demo,-1.561161963943,0.114450000000,0.921251266374,0.388967998946
2024-01-01T12:44:00Z,fourier-demo,-1.789702544103,0.114600000000,0.921847287425,0.387553323644
2024-01-01T12:45:00Z,fourier-demo,-1.970952093764,0.114750000000,0.922441136099,0.386137735053
2024-01-01T12:46:00Z,fourier-demo,-2.100719411998,0.114900000000,0.923032810997,0.384721236511
2024-01-01T12:47:00Z,fourier-demo,-2.176644029377,0.115050000000,0.923622310725,0.383303831355
2024-01-01T12:48:00Z,fourier-demo,-2.198272486337,0.115200000000,0.924209633893,0.381885522925
2024-01-01T12:49:00Z,fourier-demo,-2.167061883500,0.115350000000,0.924794779117,0.380466314565
2024-01-01T12:50:00Z,fourier-demo,-2.086310654889,0.115500000000,0.925377745018,0.379046209617
2024-01-01T12:51:00Z,fourier-demo,-1.961019392234,0.115650000000,0.925958530223,0.377625211429
2024-01-01T12:52:00Z,fourier-demo,-1.797687311162,0.115800000000,0.926537133363,0.376203323349
2024-01-01T12:53:00Z,fourier-demo,-1.604052486827,0.115950000000,0.927113553075,0.374780548728
2024-01-01T12:54:00Z,fourier-demo,-1.388786195403,0.116100000000,0.927687787999,0.373356890920
2024-01-01T12:55:00Z,fourier-demo,-1.161153490029,0.116250000000,0.928259836784,0.371932353278
2024-01-01T12:56:00Z,fourier-demo,-0.930653443491,0.116400000000,0.928829698080,0.370506939159
2024-01-01T12:57:00Z,fourier-demo,-0.706653253254,0.116550000000,0.929397370545,0.369080651924
2024-01-01T12:58:00Z,fourier-demo,-0.498030597267,0.116700000000,0.929962852841,0.367653494933
2024-01-01T12:59:00Z,fourier-demo,-0.312838244543,0.116850000000,0.930526143635,0.366225471549
2024-01-01T13:00:00Z,fourier-demo,-0.158003979321,0.117000000000,0.931087241601,0.364796585137
2024-01-01T13:01:00Z,fourier-demo,-0.039077430968,0.117150000000,0.931646145416,0.363366839065
2024-01-01T13:02:00Z,fourier-demo,0.039966525907,0.117300000000,0.932202853762,0.361936236702
2024-01-01T13:03:00Z,fourier-demo,0.076860446454,0.117450000000,0.932757365328,0.360504781418
2024-01-01T13:04:00Z,fourier-demo,0.071108308442,0.117600000000,0.933309678808,0.359072476589
2024-01-01T13:05:00Z,fourier-demo,0.023978844844,0.117750000000,0.933859792899,0.357639325588
2024-01-01T13:06:00Z,fourier-demo,-0.061570914216,0.117900000000,0.934407706305,0.356205331793
2024-01-01T13:07:00Z,fourier-demo,-0.181038219933,0.118050000000,0.934953417736,0.354770498583
2024-01-01T13:08:00Z,fourier-demo,-0.328576993568,0.118200000000,0.935496925904,0.353334829340
2024-01-01T13:09:00Z,fourier-demo,-0.497251342893,0.118350000000,0.936038229529,0.351898327446
2024-01-01T13:10:00Z,fourier-demo,-0.679329514531,0.118500000000,0.936577327337,0.350460996288
2024-01-01T13:11:00Z,fourier-demo,-0.866606024953,0.118650000000,0.937114218055,0.349022839251
2024-01-01T13:12:00Z,fourier-demo,-1.050738653757,0.118800000000,0.937648900420,0.347583859726
2024-01-01T13:13:00Z,fourier-demo,-1.223586471426,0.118950000000,0.938181373170,0.346144061103
2024-01-01T13:14:00Z,fourier-demo,-1.377535129351,0.119100000000,0.938711635052,0.344703446775
2024-01-01T13:15:00Z,fourier-demo,-1.505796258177,0.119250000000,0.939239684815,0.343262020137
2024-01-01T13:16:00Z,fourier-demo,-1.602668974497,0.119400000000,0.939765521216,0.341819784586
2024-01-01T13:17:00Z,fourier-demo,-1.663753136449,0.119550000000,0.940289143014,0.340376743520
2024-01-01T13:18:00Z,fourier-demo,-1.686106047100,0.119700000000,0.940810548977,0.338932900341
2024-01-01T13:19:00Z,fourier-demo,-1.668336694637,0.119850000000,0.941329737875,0.337488258450
2024-01-01T13:20:00Z,fourier-demo,-1.610634241215,0.120000000000,0.941846708485,0.336042821252
2024-01-01T13:21:00Z,fourier-demo,-1.514730218986,0.120150000000,0.942361459589,0.334596592153
2024-01-01T13:22:00Z,fourier-demo,-1.383796649020,0.120300000000,0.942873989974,0.333149574562
2024-01-01T13:23:00Z,fourier-demo,-1.222284952617,0.120450000000,0.943384298431,0.331701771888
2024-01-01T13:24:00Z,fourier-demo,-1.035712965721,0.120600000000,0.943892383759,0.330253187543
2024-01-01T13:25:00Z,fourier-demo,-0.830409495424,0.120750000000,0.944398244759,0.328803824940
2024-01-01T13:26:00Z,fourier-demo,-0.613227585573,0.120900000000,0.944901880241,0.327353687496
2024-01-01T13:27:00Z,fourier-demo,-0.391238915698,0.121050000000,0.945403289016,0.325902778628
2024-01-01T13:28:00Z,fourier-demo,-0.171422492661,0.121200000000,0.945902469904,0.324451101754
2024-01-01T13:29:00Z,fourier-demo,0.039639021790,0.121350000000,0.946399421728,0.322998660296
2024-01-01T13:30:00Z,fourier-demo,0.236042378801,0.121500000000,0.946894143317,0.321545457676
2024-01-01T13:31:00Z,fourier-demo,0.412814152941,0.121650000000,0.947386633505,0.320091497319
2024-01-01T13:32:00Z,fourier-demo,0.566117862031,0.121800000000,0.947876891132,0.318636782651
2024-01-01T13:33:00Z,fourier-demo,0.693409025467,0.121950000000,0.948364915042,0.317181317101
2024-01-01T13:34:00Z,fourier-demo,0.793531618454,0.122100000000,0.948850704085,0.315725104098
2024-01-01T13:35:00Z,fourier-demo,0.866751880466,0.122250000000,0.949334257117,0.314268147073
2024-01-01T13:36:00Z,fourier-demo,0.914728105600,0.122400000000,0.949815572997,0.312810449461
2024-01-01T13:37:00Z,fourier-demo,0.940417769175,0.122550000000,0.950294650592,0.311352014697
2024-01-01T13:38:00Z,fourier-demo,0.947926015367,0.122700000000,0.950771488773,0.309892846216
2024-01-01T13:39:00Z,fourier-demo,0.942302033650,0.122850000000,0.951246086416,0.308432947459
2024-01-01T13:40:00Z,fourier-demo,0.929292083031,0.123000000000,0.951718442403,0.306972321864
2024-01-01T13:41:00Z,fourier-demo,0.915059789328,0.123150000000,0.952188555620,0.305510972875
2024-01-01T13:42:00Z,fourier-demo,0.905885764029,0.123300000000,0.952656424959,0.304048903935
2024-01-01T13:43:00Z,fourier-demo,0.907859513707,0.123450000000,0.953122049319,0.302586118489
2024-01-01T13:44:00Z,fourier-demo,0.926576987525,0.123600000000,0.953585427601,0.301122619985
2024-01-01T13:45:00Z,fourier-demo,0.966856930318,0.123750000000,0.954046558715,0.299658411871
2024-01-01T13:46:00Z,fourier-demo,1.032488476535,0.123900000000,0.954505441572,0.298193497597
2024-01-01T13:47:00Z,fourier-demo,1.126021165076,0.124050000000,0.954962075092,0.296727880617
2024-01-01T13:48:00Z,fourier-demo,1.248606827755,0.124200000000,0.955416458199,0.295261564383
2024-01-01T13:49:00Z,fourier-demo,1.399900675155,0.124350000000,0.955868589822,0.293794552352
2024-01-01T13:50:00Z,fourier-demo,1.578026460141,0.124500000000,0.956318468895,0.292326847980
2024-01-01T13:51:00Z,fourier-demo,1.779607941650,0.124650000000,0.956766094359,0.290858454725
2024-01-01T13:52:00Z,fourier-demo,1.999866108803,0.124800000000,0.957211465158,0.289389376049
2024-01-01T13:53:00Z,fourier-demo,2.232778871746,0.124950000000,0.957654580243,0.287919615414
2024-01-01T13:54:00Z,fourier-demo,2.471297294758,0.125100000000,0.958095438569,0.286449176282
2024-01-01T13:55:00Z,fourier-demo,2.707610047778,0.125250000000,0.958534039099,0.284978062119
2024-01-01T13:56:00Z,fourier-demo,2.933445684464,0.125400000000,0.958970380797,0.283506276391
2024-01-01T13:57:00Z,fourier-demo,3.140400704226,0.125550000000,0.959404462637,0.282033822568
2024-01-01T13:58:00Z,fourier-demo,3.320280191830,0.125700000000,0.959836283594,0.280560704119
2024-01-01T13:59:00Z,fourier-demo,3.465437200559,0.125850000000,0.960265842652,0.279086924515
2024-01-01T14:00:00Z,fourier-demo,3.569096981123,0.126000000000,0.960693138798,0.277612487230
2024-01-01T14:01:00Z,fourier-demo,3.625652663192,0.126150000000,0.961118171026,0.276137395737
2024-01-01T14:02:00Z,fourier-demo,3.630920050803,0.126300000000,0.961540938332,0.274661653514
2024-01-01T14:03:00Z,fourier-demo,3.582340755843,0.126450000000,0.961961439722,0.273185264038
2024-01-01T14:04:00Z,fourier-demo,3.479124903176,0.126600000000,0.962379674205,0.271708230787
2024-01-01T14:05:00Z,fourier-demo,3.322327016362,0.126750000000,0.962795640794,0.270230557244
2024-01-01T14:06:00Z,fourier-demo,3.114851338735,0.126900000000,0.963209338510,0.268752246889
2024-01-01T14:07:00Z,fourier-demo,2.861385654129,0.127050000000,0.963620766377,0.267273303207
2024-01-01T14:08:00Z,fourier-demo,2.568265531001,0.127200000000,0.964029923426,0.265793729682
2024-01-01T14:09:00Z,fourier-demo,2.243273707389,0.127350000000,0.964436808694,0.264313529803
2024-01-01T14:10:00Z,fourier-demo,1.895381948412,0.127500000000,0.964841421220,0.262832707055
2024-01-01T14:11:00Z,fourier-demo,1.534445036750,0.127650000000,0.965243760052,0.261351264931
2024-01-01T14:12:00Z,fourier-demo,1.170858504689,0.127800000000,0.965643824241,0.259869206919
2024-01-01T14:13:00Z,fourier-demo,0.815193204448,0.127950000000,0.966041612845,0.258386536514
2024-01-01T14:14:00Z,fourier-demo,0.477820780526,0.128100000000,0.966437124926,0.256903257208
2024-01-01T14:15:00Z,fourier-demo,0.168544513915,0.128250000000,0.966830359553,0.255419372498
2024-01-01T14:16:00Z,fourier-demo,-0.103750164118,0.128400000000,0.967221315798,0.253934885879
2024-01-01T14:17:00Z,fourier-demo,-0.331411935025,0.128550000000,0.967609992740,0.252449800852
2024-01-01T14:18:00Z,fourier-demo,-0.508294365714,0.128700000000,0.967996389463,0.250964120914
2024-01-01T14:19:00Z,fourier-demo,-0.629970701787,0.128850000000,0.968380505057,0.249477849568
2024-01-01T14:20:00Z,fourier-demo,-0.693884389635,0.129000000000,0.968762338617,0.247990990315
2024-01-01T14:21:00Z,fourier-demo,-0.699429564801,0.129150000000,0.969141889242,0.246503546660
2024-01-01T14:22:00Z,fourier-demo,-0.647958502866,0.129300000000,0.969519156039,0.245015522107
2024-01-01T14:23:00Z,fourier-demo,-0.542715906449,0.129450000000,0.969894138118,0.243526920164
2024-01-01T14:24:00Z,fourier-demo,-0.388702782117,0.129600000000,0.970266834595,0.242037744338
2024-01-01T14:25:00Z,fourier-demo,-0.192475427959,0.129750000000,0.970637244593,0.240547998138
2024-01-01T14:26:00Z,fourier-demo,0.038112404942,0.129900000000,0.971005367238,0.239057685076
2024-01-01T14:27:00Z,fourier-demo,0.294213898031,0.130050000000,0.971371201664,0.237566808663
2024-01-01T14:28:00Z,fourier-demo,0.566328018307,0.130200000000,0.971734747007,0.236075372413
2024-01-01T14:29:00Z,fourier-demo,0.844659446333,0.130350000000,0.972096002411,0.234583379840
2024-01-01T14:30:00Z,fourier-demo,1.119485413233,0.130500000000,0.972454967024,0.233090834460
2024-01-01T14:31:00Z,fourier-demo,1.381515076753,0.130650000000,0.972811640002,0.231597739791
2024-01-01T14:32:00Z,fourier-demo,1.622227439362,0.130800000000,0.973166020503,0.230104099350
2024-01-01T14:33:00Z,fourier-demo,1.834174744462,0.130950000000,0.973518107693,0.228609916659
2024-01-01T14:34:00Z,fourier-demo,2.011239741211,0.131100000000,0.973867900740,0.227115195237
2024-01-01T14:35:00Z,fourier-demo,2.148837123869,0.131250000000,0.974215398822,0.225619938608
2024-01-01T14:36:00Z,fourier-demo,2.244051749301,0.131400000000,0.974560601120,0.224124150294
2024-01-01T14:37:00Z,fourier-demo,2.295708822006,0.131550000000,0.974903506819,0.222627833821
2024-01-01T14:38:00Z,fourier-demo,2.304374004085,0.131700000000,0.975244115112,0.221130992716
2024-01-01T14:39:00Z,fourier-demo,2.272284245033,0.131850000000,0.975582425196,0.219633630504
2024-01-01T14:40:00Z,fourier-demo,2.203212917508,0.132000000000,0.975918436274,0.218135750716
2024-01-01T14:41:00Z,fourier-demo,2.102275476979,0.132150000000,0.976252147554,0.216637356880
2024-01-01T14:42:00Z,fourier-demo,1.975684228674,0.132300000000,0.976583558250,0.215138452529
2024-01-01T14:43:00Z,fourier-demo,1.830462789044,0.132450000000,0.976912667580,0.213639041193
2024-01-01T14:44:00Z,fourier-demo,1.674132390387,0.132600000000,0.977239474769,0.212139126407
2024-01-01T14:45:00Z,fourier-demo,1.514383234147,0.132750000000,0.977563979048,0.210638711705
2024-01-01T14:46:00Z,fourier-demo,1.358744609058,0.132900000000,0.977886179650,0.209137800622
2024-01-01T14:47:00Z,fourier-demo,1.214267435826,0.133050000000,0.978206075818,0.207636396697
2024-01-01T14:48:00Z,fourier-demo,1.087232284386,0.133200000000,0.978523666796,0.206134503467
2024-01-01T14:49:00Z,fourier-demo,0.982894760230,0.133350000000,0.978838951838,0.204632124471
2024-01-01T14:50:00Z,fourier-demo,0.905278521720,0.133500000000,0.979151930199,0.203129263249
2024-01-01T14:51:00Z,fourier-demo,0.857024139479,0.133650000000,0.979462601142,0.201625923344
2024-01-01T14:52:00Z,fourier-demo,0.839299627752,0.133800000000,0.979770963935,0.200122108298
2024-01-01T14:53:00Z,fourier-demo,0.851775865001,0.133950000000,0.980077017852,0.198617821655
2024-01-01T14:54:00Z,fourier-demo,0.892667385659,0.134100000000,0.980380762170,0.197113066960
2024-01-01T14:55:00Z,fourier-demo,0.958836280121,0.134250000000,0.980682196175,0.195607847758
2024-01-01T14:56:00Z,fourier-demo,1.045954299327,0.134400000000,0.980981319157,0.194102167597
2024-01-01T14:57:00Z,fourier-demo,1.148715832714,0.134550000000,0.981278130409,0.192596030025
2024-01-01T14:58:00Z,fourier-demo,1.261092314103,0.134700000000,0.981572629233,0.191089438591
2024-01-01T14:59:00Z,fourier-demo,1.376616896166,0.134850000000,0.981864814934,0.189582396846
2024-01-01T15:00:00Z,fourier-demo,1.488686991034,0.135000000000,0.982154686825,0.188074908342
2024-01-01T15:01:00Z,fourier-demo,1.590871553167,0.135150000000,0.982442244222,0.186566976630
2024-01-01T15:02:00Z,fourier-demo,1.677209810110,0.135300000000,0.982727486447,0.185058605263
2024-01-01T15:03:00Z,fourier-demo,1.742488533733,0.135450000000,0.983010412828,0.183549797798
2024-01-01T15:04:00Z,fourier-demo,1.782485872326,0.135600000000,0.983291022699,0.182040557789
2024-01-01T15:05:00Z,fourier-demo,1.794171193617,0.135750000000,0.983569315398,0.180530888792
2024-01-01T15:06:00Z,fourier-demo,1.775852260703,0.135900000000,0.983845290269,0.179020794366
2024-01-01T15:07:00Z,fourier-demo,1.727263298947,0.136050000000,0.984118946662,0.177510278070
2024-01-01T15:08:00Z,fourier-demo,1.649590019196,0.136200000000,0.984390283933,0.175999343461
2024-01-01T15:09:00Z,fourier-demo,1.545430336760,0.136350000000,0.984659301441,0.174487994102
2024-01-01T15:10:00Z,fourier-demo,1.418692255344,0.136500000000,0.984925998553,0.172976233554
2024-01-01T15:11:00Z,fourier-demo,1.274433056937,0.136650000000,0.985190374640,0.171464065379
2024-01-01T15:12:00Z,fourier-demo,1.118646441284,0.136800000000,0.985452429080,0.169951493141
2024-01-01T15:13:00Z,fourier-demo,0.958006487687,0.136950000000,0.985712161254,0.168438520404
2024-01-01T15:14:00Z,fourier-demo,0.799579174442,0.137100000000,0.985969570551,0.166925150734
2024-01-01T15:15:00Z,fourier-demo,0.650513609155,0.137250000000,0.986224656364,0.165411387696
2024-01-01T15:16:00Z,fourier-demo,0.517726036819,0.137400000000,0.986477418092,0.163897234859
2024-01-01T15:17:00Z,fourier-demo,0.407590062898,0.137550000000,0.986727855139,0.162382695791
2024-01-01T15:18:00Z,fourier-demo,0.325646339217,0.137700000000,0.986975966916,0.160867774060
2024-01-01T15:19:00Z,fourier-demo,0.276344217753,0.137850000000,0.987221752836,0.159352473236
2024-01-01T15:20:00Z,fourier-demo,0.262826610835,0.138000000000,0.987465212323,0.157836796891
2024-01-01T15:21:00Z,fourier-demo,0.286767556894,0.138150000000,0.987706344800,0.156320748596
2024-01-01T15:22:00Z,fourier-demo,0.348269849380,0.138300000000,0.987945149701,0.154804331923
2024-01-01T15:23:00Z,fourier-demo,0.445827630158,0.138450000000,0.988181626462,0.153287550447
2024-01-01T15:24:00Z,fourier-demo,0.576356178113,0.138600000000,0.988415774527,0.151770407742
2024-01-01T15:25:00Z,fourier-demo,0.735288348384,0.138750000000,0.988647593343,0.150252907382
2024-01-01T15:26:00Z,fourier-demo,0.916734351567,0.138900000000,0.988877082364,0.148735052944
2024-01-01T15:27:00Z,fourier-demo,1.113698919463,0.139050000000,0.989104241050,0.147216848005
2024-01-01T15:28:00Z,fourier-demo,1.318347493448,0.139200000000,0.989329068865,0.145698296143
2024-01-01T15:29:00Z,fourier-demo,1.522310993158,0.139350000000,0.989551565279,0.144179400936
2024-01-01T15:30:00Z,fourier-demo,1.717017063389,0.139500000000,0.989771729768,0.142660165963
2024-01-01T15:31:00Z,fourier-demo,1.894034525164,0.139650000000,0.989989561813,0.141140594805
2024-01-01T15:32:00Z,fourier-demo,2.045417122611,0.139800000000,0.990205060901,0.139620691042
2024-01-01T15:33:00Z,fourier-demo,2.164032588144,0.139950000000,0.990418226523,0.138100458256
2024-01-01T15:34:00Z,fourier-demo,2.243863549215,0.140100000000,0.990629058179,0.136579900031
2024-01-01T15:35:00Z,fourier-demo,2.280267851865,0.140250000000,0.990837555370,0.135059019948
2024-01-01T15:36:00Z,fourier-demo,2.270187438327,0.140400000000,0.991043717605,0.133537821592
2024-01-01T15:37:00Z,fourier-demo,2.212296925855,0.140550000000,0.991247544399,0.132016308548
2024-01-01T15:38:00Z,fourier-demo,2.107085411312,0.140700000000,0.991449035272,0.130494484401
2024-01-01T15:39:00Z,fourier-demo,1.956867675261,0.140850000000,0.991648189747,0.128972352738
2024-01-01T15:40:00Z,fourier-demo,1.765723773405,0.141000000000,0.991845007357,0.127449917146
2024-01-01T15:41:00Z,fourier-demo,1.539368868551,0.141150000000,0.992039487638,0.125927181211
2024-01-01T15:42:00Z,fourier-demo,1.284957956750,0.141300000000,0.992231630130,0.124404148524
2024-01-01T15:43:00Z,fourier-demo,1.010832763320,0.141450000000,0.992421434381,0.122880822672
2024-01-01T15:44:00Z,fourier-demo,0.726220421568,0.141600000000,0.992608899945,0.121357207246
2024-01-01T15:45:00Z,fourier-demo,0.440895504261,0.141750000000,0.992794026378,0.119833305835
2024-01-01T15:46:00Z,fourier-demo,0.164818475348,0.141900000000,0.992976813246,0.118309122032
2024-01-01T15:47:00Z,fourier-demo,-0.092235393942,0.142050000000,0.993157260117,0.116784659428
2024-01-01T15:48:00Z,fourier-demo,-0.321042184874,0.142200000000,0.993335366565,0.115259921615
2024-01-01T15:49:00Z,fourier-demo,-0.513276269805,0.142350000000,0.993511132172,0.113734912187
2024-01-01T15:50:00Z,fourier-demo,-0.661824467646,0.142500000000,0.993684556523,0.112209634737
2024-01-01T15:51:00Z,fourier-demo,-0.761055132335,0.142650000000,0.993855639209,0.110684092859
2024-01-01T15:52:00Z,fourier-demo,-0.807031660451,0.142800000000,0.994024379828,0.109158290150
2024-01-01T15:53:00Z,fourier-demo,-0.797662094744,0.142950000000,0.994190777980,0.107632230203
2024-01-01T15:54:00Z,fourier-demo,-0.732779023392,0.143100000000,0.994354833276,0.106105916617
2024-01-01T15:55:00Z,fourier-demo,-0.614146728639,0.143250000000,0.994516545327,0.104579352986
2024-01-01T15:56:00Z,fourier-demo,-0.445395412035,0.143400000000,0.994675913753,0.103052542910
2024-01-01T15:57:00Z,fourier-demo,-0.231885201022,0.143550000000,0.994832938178,0.101525489985
2024-01-01T15:58:00Z,fourier-demo,0.019494592811,0.143700000000,0.994987618232,0.099998197811
2024-01-01T15:59:00Z,fourier-demo,0.300582951144,0.143850000000,0.995139953551,0.098470669986
2024-01-01T16:00:00Z,fourier-demo,0.602251132425,0.144000000000,0.995289943775,0.096942910110
2024-01-01T16:01:00Z,fourier-demo,0.914741129211,0.144150000000,0.995437588551,0.095414921784
2024-01-01T16:02:00Z,fourier-demo,1.228025250693,0.144300000000,0.995582887532,0.093886708608
2024-01-01T16:03:00Z,fourier-demo,1.532172703814,0.144450000000,0.995725840375,0.092358274184
2024-01-01T16:04:00Z,fourier-demo,1.817708837135,0.144600000000,0.995866446742,0.090829622113
2024-01-01T16:05:00Z,fourier-demo,2.075953078239,0.144750000000,0.996004706303,0.089300755997
2024-01-01T16:06:00Z,fourier-demo,2.299322521775,0.144900000000,0.996140618732,0.087771679440
2024-01-01T16:07:00Z,fourier-demo,2.481589572194,0.145050000000,0.996274183709,0.086242396046
2024-01-01T16:08:00Z,fourier-demo,2.618083952967,0.145200000000,0.996405400918,0.084712909416
2024-01-01T16:09:00Z,fourier-demo,2.705831683781,0.145350000000,0.996534270051,0.083183223157
2024-01-01T16:10:00Z,fourier-demo,2.743626205024,0.145500000000,0.996660790803,0.081653340873
2024-01-01T16:11:00Z,fourier-demo,2.732029589099,0.145650000000,0.996784962877,0.080123266168
2024-01-01T16:12:00Z,fourier-demo,2.673304608100,0.145800000000,0.996906785981,0.078593002650
2024-01-01T16:13:00Z,fourier-demo,2.571281211676,0.145950000000,0.997026259826,0.077062553923
2024-01-01T16:14:00Z,fourier-demo,2.431163594342,0.146100000000,0.997143384132,0.075531923595
2024-01-01T16:15:00Z,fourier-demo,2.259286391487,0.146250000000,0.997258158622,0.074001115272
2024-01-01T16:16:00Z,fourier-demo,2.062830542532,0.146400000000,0.997370583026,0.072470132562
2024-01-01T16:17:00Z,fourier-demo,1.849510917570,0.146550000000,0.997480657080,0.070938979073
2024-01-01T16:18:00Z,fourier-demo,1.627248858261,0.146700000000,0.997588380523,0.069407658412
2024-01-01T16:19:00Z,fourier-demo,1.403843293232,0.146850000000,0.997693753101,0.067876174189
2024-01-01T16:20:00Z,fourier-demo,1.186654033740,0.147000000000,0.997796774568,0.066344530013
2024-01-01T16:21:00Z,fourier-demo,0.982310241069,0.147150000000,0.997897444678,0.064812729493
2024-01-01T16:22:00Z,fourier-demo,0.796455910154,0.147300000000,0.997995763197,0.063280776239
2024-01-01T16:23:00Z,fourier-demo,0.633542583173,0.147450000000,0.998091729891,0.061748673860
2024-01-01T16:24:00Z,fourier-demo,0.496677461095,0.147600000000,0.998185344535,0.060216425968
2024-01-01T16:25:00Z,fourier-demo,0.387532706088,0.147750000000,0.998276606907,0.058684036173
2024-01-01T16:26:00Z,fourier-demo,0.306319122274,0.147900000000,0.998365516794,0.057151508086
2024-01-01T16:27:00Z,fourier-demo,0.251824675062,0.148050000000,0.998452073985,0.055618845319
2024-01-01T16:28:00Z,fourier-demo,0.221515573283,0.148200000000,0.998536278277,0.054086051483
2024-01-01T16:29:00Z,fourier-demo,0.211695007116,0.148350000000,0.998618129470,0.052553130191
2024-01-01T16:30:00Z,fourier-demo,0.217712217149,0.148500000000,0.998697627373,0.051020085055
2024-01-01T16:31:00Z,fourier-demo,0.234212465859,0.148650000000,0.998774771798,0.049486919688
2024-01-01T16:32:00Z,fourier-demo,0.255416779186,0.148800000000,0.998849562562,0.047953637703
2024-01-01T16:33:00Z,fourier-demo,0.275419092934,0.148950000000,0.998921999491,0.046420242713
2024-01-01T16:34:00Z,fourier-demo,0.288487727171,0.149100000000,0.998992082412,0.044886738331
2024-01-01T16:35:00Z,fourier-demo,0.289357950678,0.149250000000,0.999059811161,0.043353128171
2024-01-01T16:36:00Z,fourier-demo,0.273502793192,0.149400000000,0.999125185579,0.041819415848
2024-01-01T16:37:00Z,fourier-demo,0.237370198811,0.149550000000,0.999188205511,0.040285604975
2024-01-01T16:38:00Z,fourier-demo,0.178576050533,0.149700000000,0.999248870808,0.038751699168
2024-01-01T16:39:00Z,fourier-demo,0.096044473490,0.149850000000,0.999307181329,0.037217702040
2024-01-01T16:40:00Z,fourier-demo,-0.009910934983,0.150000000000,0.999363136934,0.035683617207
2024-01-01T16:41:00Z,fourier-demo,-0.137568789993,0.150150000000,0.999416737493,0.034149448284
2024-01-01T16:42:00Z,fourier-demo,-0.283845684254,0.150300000000,0.999467982880,0.032615198886
2024-01-01T16:43:00Z,fourier-demo,-0.444404469756,0.150450000000,0.999516872972,0.031080872628
2024-01-01T16:44:00Z,fourier-demo,-0.613820821535,0.150600000000,0.999563407656,0.029546473128
2024-01-01T16:45:00Z,fourier-demo,-0.785801349583,0.150750000000,0.999607586822,0.028012003999
2024-01-01T16:46:00Z,fourier-demo,-0.953444300278,0.150900000000,0.999649410365,0.026477468859
2024-01-01T16:47:00Z,fourier-demo,-1.109532032248,0.151050000000,0.999688878187,0.024942871323
2024-01-01T16:48:00Z,fourier-demo,-1.246843041045,0.151200000000,0.999725990194,0.023408215009
2024-01-01T16:49:00Z,fourier-demo,-1.358470402102,0.151350000000,0.999760746300,0.021873503532
2024-01-01T16:50:00Z,fourier-demo,-1.438133141041,0.151500000000,0.999793146423,0.020338740509
2024-01-01T16:51:00Z,fourier-demo,-1.480467240785,0.151650000000,0.999823190486,0.018803929556
2024-01-01T16:52:00Z,fourier-demo,-1.481283749493,0.151800000000,0.999850878418,0.017269074292
2024-01-01T16:53:00Z,fourier-demo,-1.437782732457,0.151950000000,0.999876210154,0.015734178332
2024-01-01T16:54:00Z,fourier-demo,-1.348713563523,0.152100000000,0.999899185635,0.014199245293
2024-01-01T16:55:00Z,fourier-demo,-1.214474206444,0.152250000000,0.999919804806,0.012664278794
2024-01-01T16:56:00Z,fourier-demo,-1.037144606322,0.152400000000,0.999938067618,0.011129282450
2024-01-01T16:57:00Z,fourier-demo,-0.820451995158,0.152550000000,0.999953974029,0.009594259880
2024-01-01T16:58:00Z,fourier-demo,-0.569668703823,0.152700000000,0.999967524002,0.008059214701
2024-01-01T16:59:00Z,fourier-demo,-0.291445851198,0.152850000000,0.999978717503,0.006524150529
2024-01-01T17:00:00Z,fourier-demo,0.006411064309,0.153000000000,0.999987554508,0.004989070983
2024-01-01T17:01:00Z,fourier-demo,0.315216224483,0.153150000000,0.999994034994,0.003453979680
2024-01-01T17:02:00Z,fourier-demo,0.625716667941,0.153300000000,0.999998158948,0.001918880238
2024-01-01T17:03:00Z,fourier-demo,0.928432381219,0.153450000000,0.999999926358,0.000383776274
2024-01-01T17:04:00Z,fourier-demo,1.214009923104,0.153600000000,0.999999337221,-0.001151328595
2024-01-01T17:05:00Z,fourier-demo,1.473575561287,0.153750000000,0.999996391538,-0.002686430751
2024-01-01T17:06:00Z,fourier-demo,1.699073827615,0.153900000000,0.999991089317,-0.004221526575
2024-01-01T17:07:00Z,fourier-demo,1.883577896986,0.154050000000,0.999983430569,-0.005756612452
2024-01-01T17:08:00Z,fourier-demo,2.021559246592,0.154200000000,0.999973415313,-0.007291684763
2024-01-01T17:09:00Z,fourier-demo,2.109105615753,0.154350000000,0.999961043573,-0.008826739890
2024-01-01T17:10:00Z,fourier-demo,2.144078299690,0.154500000000,0.999946315377,-0.010361774218
2024-01-01T17:11:00Z,fourier-demo,2.126202192828,0.154650000000,0.999929230760,-0.011896784127
2024-01-01T17:12:00Z,fourier-demo,2.057084652916,0.154800000000,0.999909789762,-0.013431766000
2024-01-01T17:13:00Z,fourier-demo,1.940162079353,0.154950000000,0.999887992430,-0.014966716221
2024-01-01T17:14:00Z,fourier-demo,1.780575973804,0.155100000000,0.999863838814,-0.016501631173
2024-01-01T17:15:00Z,fourier-demo,1.584983062282,0.155250000000,0.999837328972,-0.018036507237
2024-01-01T17:16:00Z,fourier-demo,1.361306691577,0.155400000000,0.999808462966,-0.019571340798
2024-01-01T17:17:00Z,fourier-demo,1.118439062609,0.155550000000,0.999777240865,-0.021106128237
2024-01-01T17:18:00Z,fourier-demo,0.865905833744,0.155700000000,0.999743662740,-0.022640865940
2024-01-01T17:19:00Z,fourier-demo,0.613506138243,0.155850000000,0.999707728673,-0.024175550288
2024-01-01T17:20:00Z,fourier-demo,0.370942050682,0.156000000000,0.999669438747,-0.025710177665
2024-01-01T17:21:00Z,fourier-demo,0.147451966748,0.156150000000,0.999628793053,-0.027244744454
2024-01-01T17:22:00Z,fourier-demo,-0.048537788008,0.156300000000,0.999585791686,-0.028779247041
2024-01-01T17:23:00Z,fourier-demo,-0.209729526545,0.156450000000,0.999540434748,-0.030313681807
2024-01-01T17:24:00Z,fourier-demo,-0.330226617178,0.156600000000,0.999492722345,-0.031848045138
2024-01-01T17:25:00Z,fourier-demo,-0.405751178219,0.156750000000,0.999442654591,-0.033382333418
2024-01-01T17:26:00Z,fourier-demo,-0.433798659279,0.156900000000,0.999390231603,-0.034916543031
2024-01-01T17:27:00Z,fourier-demo,-0.413723431267,0.157050000000,0.999335453504,-0.036450670361
2024-01-01T17:28:00Z,fourier-demo,-0.346752252340,0.157200000000,0.999278320424,-0.037984711793
2024-01-01T17:29:00Z,fourier-demo,-0.235925343422,0.157350000000,0.999218832498,-0.039518663713
2024-01-01T17:30:00Z,fourier-demo,-0.085967678774,0.157500000000,0.999156989865,-0.041052522505
2024-01-01T17:31:00Z,fourier-demo,0.096904141437,0.157650000000,0.999092792671,-0.042586284554
2024-01-01T17:32:00Z,fourier-demo,0.305231529718,0.157800000000,0.999026241068,-0.044119946247
2024-01-01T17:33:00Z,fourier-demo,0.530609938016,0.157950000000,0.998957335213,-0.045653503970
2024-01-01T17:34:00Z,fourier-demo,0.764019346211,0.158100000000,0.998886075267,-0.047186954108
2024-01-01T17:35:00Z,fourier-demo,0.996175966995,0.158250000000,0.998812461399,-0.048720293047
2024-01-01T17:36:00Z,fourier-demo,1.217891139877,0.158400000000,0.998736493782,-0.050253517175
2024-01-01T17:37:00Z,fourier-demo,1.420423172363,0.158550000000,0.998658172595,-0.051786622878
2024-01-01T17:38:00Z,fourier-demo,1.595808246172,0.158700000000,0.998577498023,-0.053319606543
2024-01-01T17:39:00Z,fourier-demo,1.737157424672,0.158850000000,0.998494470256,-0.054852464559
2024-01-01T17:40:00Z,fourier-demo,1.838908235611,0.159000000000,0.998409089489,-0.056385193311
2024-01-01T17:41:00Z,fourier-demo,1.897021200987,0.159150000000,0.998321355925,-0.057917789190
2024-01-01T17:42:00Z,fourier-demo,1.909113964956,0.159300000000,0.998231269768,-0.059450248582
2024-01-01T17:43:00Z,fourier-demo,1.874528237327,0.159450000000,0.998138831233,-0.060982567877
2024-01-01T17:44:00Z,fourier-demo,1.794327518893,0.159600000000,0.998044040536,-0.062514743464
2024-01-01T17:45:00Z,fourier-demo,1.671226393284,0.159750000000,0.997946897901,-0.064046771732
2024-01-01T17:46:00Z,fourier-demo,1.509454942745,0.159900000000,0.997847403557,-0.065578649071
2024-01-01T17:47:00Z,fourier-demo,1.314564459463,0.160050000000,0.997745557739,-0.067110371870
2024-01-01T17:48:00Z,fourier-demo,1.093182973278,0.160200000000,0.997641360686,-0.068641936521
2024-01-01T17:49:00Z,fourier-demo,0.852731105669,0.160350000000,0.997534812643,-0.070173339413
2024-01-01T17:50:00Z,fourier-demo,0.601110308511,0.160500000000,0.997425913863,-0.071704576939
2024-01-01T17:51:00Z,fourier-demo,0.346376592144,0.160650000000,0.997314664602,-0.073235645490
2024-01-01T17:52:00Z,fourier-demo,0.096413349517,0.160800000000,0.997201065121,-0.074766541457
2024-01-01T17:53:00Z,fourier-demo,-0.141383177395,0.160950000000,0.997085115689,-0.076297261234
2024-01-01T17:54:00Z,fourier-demo,-0.360392861769,0.161100000000,0.996966816578,-0.077827801212
2024-01-01T17:55:00Z,fourier-demo,-0.555023310079,0.161250000000,0.996846168069,-0.079358157785
2024-01-01T17:56:00Z,fourier-demo,-0.720913990344,0.161400000000,0.996723170443,-0.080888327348
2024-01-01T17:57:00Z,fourier-demo,-0.855084773131,0.161550000000,0.996597823993,-0.082418306293
2024-01-01T17:58:00Z,fourier-demo,-0.956023162400,0.161700000000,0.996470129013,-0.083948091015
2024-01-01T17:59:00Z,fourier-demo,-1.023707096702,0.161850000000,0.996340085804,-0.085477677910
2024-01-01T18:00:00Z,fourier-demo,-1.059562925303,0.162000000000,0.996207694672,-0.087007063373
2024-01-01T18:01:00Z,fourier-demo,-1.066360895415,0.162150000000,0.996072955929,-0.088536243799
2024-01-01T18:02:00Z,fourier-demo,-1.048053112509,0.162300000000,0.995935869894,-0.090065215585
2024-01-01T18:03:00Z,fourier-demo,-1.009561347000,0.162450000000,0.995796436889,-0.091593975129
2024-01-01T18:04:00Z,fourier-demo,-0.956524157449,0.162600000000,0.995654657242,-0.093122518827
2024-01-01T18:05:00Z,fourier-demo,-0.895014496335,0.162750000000,0.995510531288,-0.094650843077
2024-01-01T18:06:00Z,fourier-demo,-0.831240189104,0.162900000000,0.995364059366,-0.096178944278
2024-01-01T18:07:00Z,fourier-demo,-0.771240380326,0.163050000000,0.995215241822,-0.097706818829
2024-01-01T18:08:00Z,fourier-demo,-0.720591193234,0.163200000000,0.995064079006,-0.099234463130
2024-01-01T18:09:00Z,fourier-demo,-0.684133444760,0.163350000000,0.994910571274,-0.100761873579
2024-01-01T18:10:00Z,fourier-demo,-0.665734314244,0.163500000000,0.994754718989,-0.102289046579
2024-01-01T18:11:00Z,fourier-demo,-0.668093419544,0.163650000000,0.994596522517,-0.103815978529
2024-01-01T18:12:00Z,fourier-demo,-0.692601869425,0.163800000000,0.994435982231,-0.105342665832
2024-01-01T18:13:00Z,fourier-demo,-0.739260613966,0.163950000000,0.994273098510,-0.106869104890
2024-01-01T18:14:00Z,fourier-demo,-0.806661898753,0.164100000000,0.994107871737,-0.108395292106
2024-01-01T18:15:00Z,fourier-demo,-0.892034948166,0.164250000000,0.993940302302,-0.109921223884
2024-01-01T18:16:00Z,fourier-demo,-0.991354269602,0.164400000000,0.993770390600,-0.111446896627
2024-01-01T18:17:00Z,fourier-demo,-1.099506297635,0.164550000000,0.993598137030,-0.112972306740
2024-01-01T18:18:00Z,fourier-demo,-1.210507596191,0.164700000000,0.993423542000,-0.114497450628
2024-01-01T18:19:00Z,fourier-demo,-1.317765612151,0.164850000000,0.993246605920,-0.116022324698
2024-01-01T18:20:00Z,fourier-demo,-1.414371118394,0.165000000000,0.993067329208,-0.117546925355
2024-01-01T18:21:00Z,fourier-demo,-1.493410076113,0.165150000000,0.992885712285,-0.119071249008
2024-01-01T18:22:00Z,fourier-demo,-1.548281744826,0.165300000000,0.992701755580,-0.120595292064
2024-01-01T18:23:00Z,fourier-demo,-1.573009512609,0.165450000000,0.992515459527,-0.122119050931
2024-01-01T18:24:00Z,fourier-demo,-1.562531125032,0.165600000000,0.992326824564,-0.123642522019
2024-01-01T18:25:00Z,fourier-demo,-1.512955752230,0.165750000000,0.992135851136,-0.125165701738
2024-01-01T18:26:00Z,fourier-demo,-1.421776619824,0.165900000000,0.991942539692,-0.126688586497
2024-01-01T18:27:00Z,fourier-demo,-1.288029689555,0.166050000000,0.991746890690,-0.128211172709
2024-01-01T18:28:00Z,fourier-demo,-1.112391038529,0.166200000000,0.991548904588,-0.129733456785
2024-01-01T18:29:00Z,fourier-demo,-0.897208064148,0.166350000000,0.991348581855,-0.131255435138
2024-01-01T18:30:00Z,fourier-demo,-0.646462334223,0.166500000000,0.991145922962,-0.132777104182
2024-01-01T18:31:00Z,fourier-demo,-0.365664698479,0.166650000000,0.990940928387,-0.134298460330
2024-01-01T18:32:00Z,fourier-demo,-0.061686064315,0.166800000000,0.990733598613,-0.135819499997
2024-01-01T18:33:00Z,fourier-demo,0.257470098162,0.166950000000,0.990523934128,-0.137340219599
2024-01-01T18:34:00Z,fourier-demo,0.582945028434,0.167100000000,0.990311935427,-0.138860615553
2024-01-01T18:35:00Z,fourier-demo,0.905341137562,0.167250000000,0.990097603008,-0.140380684275
2024-01-01T18:36:00Z,fourier-demo,1.215065398585,0.167400000000,0.989880937378,-0.141900422183
2024-01-01T18:37:00Z,fourier-demo,1.502686220888,0.167550000000,0.989661939046,-0.143419825696
2024-01-01T18:38:00Z,fourier-demo,1.759289721141,0.167700000000,0.989440608530,-0.144938891234
2024-01-01T18:39:00Z,fourier-demo,1.976821228571,0.167850000000,0.989216946350,-0.146457615216
2024-01-01T18:40:00Z,fourier-demo,2.148398360331,0.168000000000,0.988990953033,-0.147975994064
2024-01-01T18:41:00Z,fourier-demo,2.268583055116,0.168150000000,0.988762629112,-0.149494024199
2024-01-01T18:42:00Z,fourier-demo,2.333601518629,0.168300000000,0.988531975125,-0.151011702045
2024-01-01T18:43:00Z,fourier-demo,2.341503051008,0.168450000000,0.988298991616,-0.152529024025
2024-01-01T18:44:00Z,fourier-demo,2.292251113265,0.168600000000,0.988063679134,-0.154045986562
2024-01-01T18:45:00Z,fourier-demo,2.187742651453,0.168750000000,0.987826038233,-0.155562586083
2024-01-01T18:46:00Z,fourier-demo,2.031754526515,0.168900000000,0.987586069473,-0.157078819014
2024-01-01T18:47:00Z,fourier-demo,1.829818780748,0.169050000000,0.987343773420,-0.158594681780
2024-01-01T18:48:00Z,fourier-demo,1.589031292076,0.169200000000,0.987099150644,-0.160110170811
2024-01-01T18:49:00Z,fourier-demo,1.317801011068,0.169350000000,0.986852201723,-0.161625282535
2024-01-01T18:50:00Z,fourier-demo,1.025549336004,0.169500000000,0.986602927238,-0.163140013381
2024-01-01T18:51:00Z,fourier-demo,0.722371162863,0.169650000000,0.986351327776,-0.164654359780
2024-01-01T18:52:00Z,fourier-demo,0.418670669727,0.169800000000,0.986097403931,-0.166168318163
2024-01-01T18:53:00Z,fourier-demo,0.124785897196,0.169950000000,0.985841156300,-0.167681884962
2024-01-01T18:54:00Z,fourier-demo,-0.149383372529,0.170100000000,0.985582585488,-0.169195056612
2024-01-01T18:55:00Z,fourier-demo,-0.394730073034,0.170250000000,0.985321692105,-0.170707829545
2024-01-01T18:56:00Z,fourier-demo,-0.603262993723,0.170400000000,0.985058476764,-0.172220200197
2024-01-01T18:57:00Z,fourier-demo,-0.768386204067,0.170550000000,0.984792940086,-0.173732165004
2024-01-01T18:58:00Z,fourier-demo,-0.885124112576,0.170700000000,0.984525082697,-0.175243720403
2024-01-01T18:59:00Z,fourier-demo,-0.950283682636,0.170850000000,0.984254905228,-0.176754862832
2024-01-01T19:00:00Z,fourier-demo,-0.962547833717,0.171000000000,0.983982408316,-0.178265588729
2024-01-01T19:01:00Z,fourier-demo,-0.922496796300,0.171150000000,0.983707592603,-0.179775894536
2024-01-01T19:02:00Z,fourier-demo,-0.832557051235,0.171300000000,0.983430458736,-0.181285776692
2024-01-01T19:03:00Z,fourier-demo,-0.696880353699,0.171450000000,0.983151007369,-0.182795231639
2024-01-01T19:04:00Z,fourier-demo,-0.521158102553,0.171600000000,0.982869239160,-0.184304255821
2024-01-01T19:05:00Z,fourier-demo,-0.312378856596,0.171750000000,0.982585154773,-0.185812845681
2024-01-01T19:06:00Z,fourier-demo,-0.078539017823,0.171900000000,0.982298754878,-0.187320997664
2024-01-01T19:07:00Z,fourier-demo,0.171681490639,0.172050000000,0.982010040149,-0.188828708217
2024-01-01T19:08:00Z,fourier-demo,0.429265399704,0.172200000000,0.981719011267,-0.190335973786
2024-01-01T19:09:00Z,fourier-demo,0.685212181231,0.172350000000,0.981425668918,-0.191842790819
2024-01-01T19:10:00Z,fourier-demo,0.930885882011,0.172500000000,0.981130013793,-0.193349155765
2024-01-01T19:11:00Z,fourier-demo,1.158342890109,0.172650000000,0.980832046588,-0.194855065075
2024-01-01T19:12:00Z,fourier-demo,1.360626726069,0.172800000000,0.980531768007,-0.196360515200
2024-01-01T19:13:00Z,fourier-demo,1.532018377360,0.172950000000,0.980229178756,-0.197865502592
2024-01-01T19:14:00Z,fourier-demo,1.668232579379,0.173100000000,0.979924279548,-0.199370023705
2024-01-01T19:15:00Z,fourier-demo,1.766552711921,0.173250000000,0.979617071103,-0.200874074993
2024-01-01T19:16:00Z,fourier-demo,1.825899532827,0.173400000000,0.979307554143,-0.202377652911
2024-01-01T19:17:00Z,fourier-demo,1.846831705240,0.173550000000,0.978995729399,-0.203880753917
2024-01-01T19:18:00Z,fourier-demo,1.831478879258,0.173700000000,0.978681597606,-0.205383374468
2024-01-01T19:19:00Z,fourier-demo,1.783410847864,0.173850000000,0.978365159503,-0.206885511024
2024-01-01T19:20:00Z,fourier-demo,1.707448897883,0.174000000000,0.978046415836,-0.208387160044
2024-01-01T19:21:00Z,fourier-demo,1.609427813389,0.174150000000,0.977725367356,-0.209888317990
2024-01-01T19:22:00Z,fourier-demo,1.495918966339,0.174300000000,0.977402014820,-0.211388981324
2024-01-01T19:23:00Z,fourier-demo,1.373926467159,0.174450000000,0.977076358991,-0.212889146510
2024-01-01T19:24:00Z,fourier-demo,1.250569384672,0.174600000000,0.976748400634,-0.214388810013
2024-01-01T19:25:00Z,fourier-demo,1.132763538927,0.174750000000,0.976418140524,-0.215887968298
2024-01-01T19:26:00Z,fourier-demo,1.026916303434,0.174900000000,0.976085579438,-0.217386617833
2024-01-01T19:27:00Z,fourier-demo,0.938647229298,0.175050000000,0.975750718160,-0.218884755087
2024-01-01T19:28:00Z,fourier-demo,0.872546150030,0.175200000000,0.975413557480,-0.220382376528
2024-01-01T19:29:00Z,fourier-demo,0.831978791544,0.175350000000,0.975074098192,-0.221879478627
2024-01-01T19:30:00Z,fourier-demo,0.818947865552,0.175500000000,0.974732341095,-0.223376057857
2024-01-01T19:31:00Z,fourier-demo,0.834015252152,0.175650000000,0.974388286995,-0.224872110691
2024-01-01T19:32:00Z,fourier-demo,0.876288277643,0.175800000000,0.974041936703,-0.226367633603
2024-01-01T19:33:00Z,fourier-demo,0.943470374851,0.175950000000,0.973693291036,-0.227862623069
2024-01-01T19:34:00Z,fourier-demo,1.031973688538,0.176100000000,0.973342350814,-0.229357075566
2024-01-01T19:35:00Z,fourier-demo,1.137088570933,0.176250000000,0.972989116865,-0.230850987572
2024-01-01T19:36:00Z,fourier-demo,1.253202510742,0.176400000000,0.972633590021,-0.232344355567
2024-01-01T19:37:00Z,fourier-demo,1.374058952797,0.176550000000,0.972275771119,-0.233837176031
2024-01-01T19:38:00Z,fourier-demo,1.493044781332,0.176700000000,0.971915661004,-0.235329445447
2024-01-01T19:39:00Z,fourier-demo,1.603494027618,0.176850000000,0.971553260524,-0.236821160298
2024-01-01T19:40:00Z,fourier-demo,1.698994672582,0.177000000000,0.971188570533,-0.238312317069
2024-01-01T19:41:00Z,fourier-demo,1.773685275938,0.177150000000,0.970821591889,-0.239802912246
2024-01-01T19:42:00Z,fourier-demo,1.822528581006,0.177300000000,0.970452325459,-0.241292942315
2024-01-01T19:43:00Z,fourier-demo,1.841550201751,0.177450000000,0.970080772112,-0.242782403767
2024-01-01T19:44:00Z,fourier-demo,1.828031956111,0.177600000000,0.969706932724,-0.244271293090
2024-01-01T19:45:00Z,fourier-demo,1.780651307217,0.177750000000,0.969330808175,-0.245759606776
2024-01-01T19:46:00Z,fourier-demo,1.699560633097,0.177900000000,0.968952399352,-0.247247341318
2024-01-01T19:47:00Z,fourier-demo,1.586402572572,0.178050000000,0.968571707148,-0.248734493211
2024-01-01T19:48:00Z,fourier-demo,1.444260385471,0.178200000000,0.968188732458,-0.250221058948
2024-01-01T19:49:00Z,fourier-demo,1.277545007638,0.178350000000,0.967803476186,-0.251707035028
2024-01-01T19:50:00Z,fourier-demo,1.091823161545,0.178500000000,0.967415939239,-0.253192417948
2024-01-01T19:51:00Z,fourier-demo,0.893593390402,0.178650000000,0.967026122531,-0.254677204208
2024-01-01T19:52:00Z,fourier-demo,0.690019112931,0.178800000000,0.966634026979,-0.256161390310
2024-01-01T19:53:00Z,fourier-demo,0.488629654489,0.178950000000,0.966239653509,-0.257644972755
2024-01-01T19:54:00Z,fourier-demo,0.297001619931,0.179100000000,0.965843003050,-0.259127948047
2024-01-01T19:55:00Z,fourier-demo,0.122433875026,0.179250000000,0.965444076536,-0.260610312692
2024-01-01T19:56:00Z,fourier-demo,-0.028370242418,0.179400000000,0.965042874907,-0.262092063197
2024-01-01T19:57:00Z,fourier-demo,-0.149600069519,0.179550000000,0.964639399109,-0.263573196069
2024-01-01T19:58:00Z,fourier-demo,-0.236601476505,0.179700000000,0.964233650093,-0.265053707819
2024-01-01T19:59:00Z,fourier-demo,-0.286096081212,0.179850000000,0.963825628814,-0.266533594957
2024-01-01T20:00:00Z,fourier-demo,-0.296346231944,0.180000000000,0.963415336235,-0.268012853996
2024-01-01T20:01:00Z,fourier-demo,-0.267258341650,0.180150000000,0.963002773322,-0.269491481450
2024-01-01T20:02:00Z,fourier-demo,-0.200419643211,0.180300000000,0.962587941047,-0.270969473835
2024-01-01T20:03:00Z,fourier-demo,-0.099066137424,0.180450000000,0.962170840389,-0.272446827667
2024-01-01T20:04:00Z,fourier-demo,0.032017688106,0.180600000000,0.961751472329,-0.273923539465
2024-01-01T20:05:00Z,fourier-demo,0.186663994198,0.180750000000,0.961329837856,-0.275399605750
2024-01-01T20:06:00Z,fourier-demo,0.357545531939,0.180900000000,0.960905937965,-0.276875023042
2024-01-01T20:07:00Z,fourier-demo,0.536449905127,0.181050000000,0.960479773652,-0.278349787865
2024-01-01T20:08:00Z,fourier-demo,0.714593562997,0.181200000000,0.960051345924,-0.279823896744
2024-01-01T20:09:00Z,fourier-demo,0.882963249829,0.181350000000,0.959620655790,-0.281297346205
2024-01-01T20:10:00Z,fourier-demo,1.032671445900,0.181500000000,0.959187704264,-0.282770132775
2024-01-01T20:11:00Z,fourier-demo,1.155311683175,0.181650000000,0.958752492366,-0.284242252984
2024-01-01T20:12:00Z,fourier-demo,1.243299536996,0.181800000000,0.958315021124,-0.285713703362
2024-01-01T20:13:00Z,fourier-demo,1.290185586848,0.181950000000,0.957875291566,-0.287184480443
2024-01-01T20:14:00Z,fourier-demo,1.290927686508,0.182100000000,0.957433304730,-0.288654580760
2024-01-01T20:15:00Z,fourier-demo,1.242111445440,0.182250000000,0.956989061657,-0.290124000849
2024-01-01T20:16:00Z,fourier-demo,1.142109837134,0.182400000000,0.956542563394,-0.291592737247
2024-01-01T20:17:00Z,fourier-demo,0.991175235655,0.182550000000,0.956093810994,-0.293060786492
2024-01-01T20:18:00Z,fourier-demo,0.791459843158,0.182700000000,0.955642805513,-0.294528145126
2024-01-01T20:19:00Z,fourier-demo,0.546963301586,0.182850000000,0.955189548014,-0.295994809691
2024-01-01T20:20:00Z,fourier-demo,0.263409167049,0.183000000000,0.954734039567,-0.297460776730
2024-01-01T20:21:00Z,fourier-demo,-0.051945250869,0.183150000000,0.954276281243,-0.298926042788
2024-01-01T20:22:00Z,fourier-demo,-0.390558534286,0.183300000000,0.953816274122,-0.300390604413
2024-01-01T20:23:00Z,fourier-demo,-0.742904770306,0.183450000000,0.953354019288,-0.301854458154
2024-01-01T20:24:00Z,fourier-demo,-1.098811628122,0.183600000000,0.952889517830,-0.303317600560
2024-01-01T20:25:00Z,fourier-demo,-1.447823866103,0.183750000000,0.952422770843,-0.304780028184
2024-01-01T20:26:00Z,fourier-demo,-1.779578225438,0.183900000000,0.951953779427,-0.306241737579
2024-01-01T20:27:00Z,fourier-demo,-2.084175218046,0.184050000000,0.951482544686,-0.307702725301
2024-01-01T20:28:00Z,fourier-demo,-2.352533446288,0.184200000000,0.951009067732,-0.309162987907
2024-01-01T20:29:00Z,fourier-demo,-2.576712795052,0.184350000000,0.950533349680,-0.310622521956
2024-01-01T20:30:00Z,fourier-demo,-2.750194084400,0.184500000000,0.950055391651,-0.312081324008
2024-01-01T20:31:00Z,fourier-demo,-2.868104512463,0.184650000000,0.949575194772,-0.313539390626
2024-01-01T20:32:00Z,fourier-demo,-2.927380382935,0.184800000000,0.949092760174,-0.314996718374
2024-01-01T20:33:00Z,fourier-demo,-2.926861111680,0.184950000000,0.948608088993,-0.316453303816
2024-01-01T20:34:00Z,fourier-demo,-2.867311241274,0.185100000000,0.948121182373,-0.317909143522
2024-01-01T20:35:00Z,fourier-demo,-2.751370050219,0.185250000000,0.947632041461,-0.319364234060
2024-01-01T20:36:00Z,fourier-demo,-2.583431209472,0.185400000000,0.947140667409,-0.320818572000
2024-01-01T20:37:00Z,fourier-demo,-2.369457697248,0.185550000000,0.946647061375,-0.322272153917
2024-01-01T20:38:00Z,fourier-demo,-2.116739722546,0.185700000000,0.946151224522,-0.323724976384
2024-01-01T20:39:00Z,fourier-demo,-1.833605626520,0.185850000000,0.945653158020,-0.325177035978
2024-01-01T20:40:00Z,fourier-demo,-1.529097539661,0.186000000000,0.945152863041,-0.326628329276
2024-01-01T20:41:00Z,fourier-demo,-1.212624899865,0.186150000000,0.944650340764,-0.328078852860
2024-01-01T20:42:00Z,fourier-demo,-0.893609729280,0.186300000000,0.944145592375,-0.329528603310
2024-01-01T20:43:00Z,fourier-demo,-0.581137796027,0.186450000000,0.943638619061,-0.330977577211
2024-01-01T20:44:00Z,fourier-demo,-0.283629442872,0.186600000000,0.943129422019,-0.332425771147
2024-01-01T20:45:00Z,fourier-demo,-0.008542964580,0.186750000000,0.942618002447,-0.333873181706
2024-01-01T20:46:00Z,fourier-demo,0.237878002464,0.186900000000,0.942104361552,-0.335319805477
2024-01-01T20:47:00Z,fourier-demo,0.450803491280,0.187050000000,0.941588500543,-0.336765639052
2024-01-01T20:48:00Z,fourier-demo,0.626955285544,0.187200000000,0.941070420636,-0.338210679022
2024-01-01T20:49:00Z,fourier-demo,0.764679284058,0.187350000000,0.940550123052,-0.339654921982
2024-01-01T20:50:00Z,fourier-demo,0.863950086659,0.187500000000,0.940027609017,-0.341098364530
2024-01-01T20:51:00Z,fourier-demo,0.926308534585,0.187650000000,0.939502879763,-0.342541003263
2024-01-01T20:52:00Z,fourier-demo,0.954735688007,0.187800000000,0.938975936526,-0.343982834783
2024-01-01T20:53:00Z,fourier-demo,0.953469315329,0.187950000000,0.938446780548,-0.345423855690
2024-01-01T20:54:00Z,fourier-demo,0.927771297008,0.188100000000,0.937915413075,-0.346864062590
2024-01-01T20:55:00Z,fourier-demo,0.883656316258,0.188250000000,0.937381835360,-0.348303452088
2024-01-01T20:56:00Z,fourier-demo,0.827593740043,0.188400000000,0.936846048661,-0.349742020792
2024-01-01T20:57:00Z,fourier-demo,0.766195624544,0.188550000000,0.936308054240,-0.351179765313
2024-01-01T20:58:00Z,fourier-demo,0.705904268777,0.188700000000,0.935767853364,-0.352616682263
2024-01-01T20:59:00Z,fourier-demo,0.652692669484,0.188850000000,0.935225447308,-0.354052768254
2024-01-01T21:00:00Z,fourier-demo,0.611790604334,0.189000000000,0.934680837348,-0.355488019903
2024-01-01T21:01:00Z,fourier-demo,0.587447916139,0.189150000000,0.934134024769,-0.356922433828
2024-01-01T21:02:00Z,fourier-demo,0.582744937234,0.189300000000,0.933585010858,-0.358356006648
2024-01-01T21:03:00Z,fourier-demo,0.599457949262,0.189450000000,0.933033796911,-0.359788734986
2024-01-01T21:04:00Z,fourier-demo,0.637985204900,0.189600000000,0.932480384225,-0.361220615464
2024-01-01T21:05:00Z,fourier-demo,0.697336443545,0.189750000000,0.931924774105,-0.362651644709
2024-01-01T21:06:00Z,fourier-demo,0.775186120818,0.189900000000,0.931366967860,-0.364081819348
2024-01-01T21:07:00Z,fourier-demo,0.867987854936,0.190050000000,0.930806966805,-0.365511136011
2024-01-01T21:08:00Z,fourier-demo,0.971144984529,0.190200000000,0.930244772259,-0.366939591330
2024-01-01T21:09:00Z,fourier-demo,1.079229740941,0.190350000000,0.929680385547,-0.368367181938
2024-01-01T21:10:00Z,fourier-demo,1.186241462892,0.190500000000,0.929113808000,-0.369793904471
2024-01-01T21:11:00Z,fourier-demo,1.285892608961,0.190650000000,0.928545040952,-0.371219755568
2024-01-01T21:12:00Z,fourier-demo,1.371910123369,0.190800000000,0.927974085743,-0.372644731868
2024-01-01T21:13:00Z,fourier-demo,1.438339033158,0.190950000000,0.927400943720,-0.374068830013
2024-01-01T21:14:00Z,fourier-demo,1.479835028479,0.191100000000,0.926825616233,-0.375492046647
2024-01-01T21:15:00Z,fourier-demo,1.491933208146,0.191250000000,0.926248104637,-0.376914378416
2024-01-01T21:16:00Z,fourier-demo,1.471281142398,0.191400000000,0.925668410294,-0.378335821969
2024-01-01T21:17:00Z,fourier-demo,1.415825874341,0.191550000000,0.925086534569,-0.379756373955
2024-01-01T21:18:00Z,fourier-demo,1.324946390330,0.191700000000,0.924502478834,-0.381176031027
2024-01-01T21:19:00Z,fourier-demo,1.199525359026,0.191850000000,0.923916244465,-0.382594789841
2024-01-01T21:20:00Z,fourier-demo,1.041956475268,0.192000000000,0.923327832844,-0.384012647051
2024-01-01T21:21:00Z,fourier-demo,0.856086443508,0.192150000000,0.922737245357,-0.385429599318
2024-01-01T21:22:00Z,fourier-demo,0.647093384675,0.192300000000,0.922144483397,-0.386845643301
2024-01-01T21:23:00Z,fourier-demo,0.421306135977,0.192450000000,0.921549548359,-0.388260775664
2024-01-01T21:24:00Z,fourier-demo,0.185971423926,0.192600000000,0.920952441646,-0.389674993073
2024-01-01T21:25:00Z,fourier-demo,-0.051021877743,0.192750000000,0.920353164665,-0.391088292194
2024-01-01T21:26:00Z,fourier-demo,-0.281450334776,0.192900000000,0.919751718828,-0.392500669696
2024-01-01T21:27:00Z,fourier-demo,-0.497082904819,0.193050000000,0.919148105553,-0.393912122253
2024-01-01T21:28:00Z,fourier-demo,-0.690013878357,0.193200000000,0.918542326262,-0.395322646537
2024-01-01T21:29:00Z,fourier-demo,-0.852988081333,0.193350000000,0.917934382383,-0.396732239224
2024-01-01T21:30:00Z,fourier-demo,-0.979704827903,0.193500000000,0.917324275347,-0.398140896993
2024-01-01T21:31:00Z,fourier-demo,-1.065087885010,0.193650000000,0.916712006594,-0.399548616524
2024-01-01T21:32:00Z,fourier-demo,-1.105510011634,0.193800000000,0.916097577565,-0.400955394500
2024-01-01T21:33:00Z,fourier-demo,-1.098962413068,0.193950000000,0.915480989709,-0.402361227606
2024-01-01T21:34:00Z,fourier-demo,-1.045161633067,0.194100000000,0.914862244479,-0.403766112528
2024-01-01T21:35:00Z,fourier-demo,-0.945588906097,0.194250000000,0.914241343333,-0.405170045957
2024-01-01T21:36:00Z,fourier-demo,-0.803459706926,0.194400000000,0.913618287734,-0.406573024583
2024-01-01T21:37:00Z,fourier-demo,-0.623624055173,0.194550000000,0.912993079150,-0.407975045100
2024-01-01T21:38:00Z,fourier-demo,-0.412400943303,0.194700000000,0.912365719054,-0.409376104205
2024-01-01T21:39:00Z,fourier-demo,-0.177352943154,0.194850000000,0.911736208926,-0.410776198596
2024-01-01T21:40:00Z,fourier-demo,0.072990501350,0.195000000000,0.911104550248,-0.412175324973
2024-01-01T21:41:00Z,fourier-demo,0.329450469742,0.195150000000,0.910470744509,-0.413573480040
2024-01-01T21:42:00Z,fourier-demo,0.582544327079,0.195300000000,0.909834793203,-0.414970660501
2024-01-01T21:43:00Z,fourier-demo,0.822846326381,0.195450000000,0.909196697828,-0.416366863064
2024-01-01T21:44:00Z,fourier-demo,1.041348862901,0.195600000000,0.908556459888,-0.417762084439
2024-01-01T21:45:00Z,fourier-demo,1.229810099305,0.195750000000,0.907914080892,-0.419156321338
2024-01-01T21:46:00Z,fourier-demo,1.381074163830,0.195900000000,0.907269562353,-0.420549570475
2024-01-01T21:47:00Z,fourier-demo,1.489351163144,0.196050000000,0.906622905791,-0.421941828568
2024-01-01T21:48:00Z,fourier-demo,1.550445807298,0.196200000000,0.905974112729,-0.423333092334
2024-01-01T21:49:00Z,fourier-demo,1.561925453616,0.196350000000,0.905323184696,-0.424723358496
2024-01-01T21:50:00Z,fourier-demo,1.523220759264,0.196500000000,0.904670123226,-0.426112623777
2024-01-01T21:51:00Z,fourier-demo,1.435654792755,0.196650000000,0.904014929858,-0.427500884904
2024-01-01T21:52:00Z,fourier-demo,1.302399285838,0.196800000000,0.903357606136,-0.428888138604
2024-01-01T21:53:00Z,fourier-demo,1.128359594823,0.196950000000,0.902698153610,-0.430274381610
2024-01-01T21:54:00Z,fourier-demo,0.919992768240,0.197100000000,0.902036573832,-0.431659610653
2024-01-01T21:55:00Z,fourier-demo,0.685065771502,0.197250000000,0.901372868363,-0.433043822470
2024-01-01T21:56:00Z,fourier-demo,0.432363292038,0.197400000000,0.900707038765,-0.434427013799
2024-01-01T21:57:00Z,fourier-demo,0.171356544527,0.197550000000,0.900039086609,-0.435809181380
2024-01-01T21:58:00Z,fourier-demo,-0.088153965232,0.197700000000,0.899369013469,-0.437190321956
2024-01-01T21:59:00Z,fourier-demo,-0.336407739246,0.197850000000,0.898696820922,-0.438570432273
2024-01-01T22:00:00Z,fourier-demo,-0.564051210511,0.198000000000,0.898022510555,-0.439949509077
2024-01-01T22:01:00Z,fourier-demo,-0.762487969891,0.198150000000,0.897346083954,-0.441327549120
2024-01-01T22:02:00Z,fourier-demo,-0.924198667031,0.198300000000,0.896667542715,-0.442704549153
2024-01-01T22:03:00Z,fourier-demo,-1.043018190847,0.198450000000,0.895986888437,-0.444080505933
2024-01-01T22:04:00Z,fourier-demo,-1.114359464269,0.198600000000,0.895304122723,-0.445455416215
2024-01-01T22:05:00Z,fourier-demo,-1.135375340414,0.198750000000,0.894619247183,-0.446829276761
2024-01-01T22:06:00Z,fourier-demo,-1.105052575787,0.198900000000,0.893932263430,-0.448202084332
2024-01-01T22:07:00Z,fourier-demo,-1.024234579259,0.199050000000,0.893243173083,-0.449573835694
2024-01-01T22:08:00Z,fourier-demo,-0.895572483128,0.199200000000,0.892551977766,-0.450944527614
2024-01-01T22:09:00Z,fourier-demo,-0.723406939022,0.199350000000,0.891858679109,-0.452314156862
2024-01-01T22:10:00Z,fourier-demo,-0.513585791395,0.199500000000,0.891163278745,-0.453682720210
2024-01-01T22:11:00Z,fourier-demo,-0.273225313692,0.199650000000,0.890465778312,-0.455050214434
2024-01-01T22:12:00Z,fourier-demo,-0.010424905064,0.199800000000,0.889766179454,-0.456416636310
2024-01-01T22:13:00Z,fourier-demo,0.266053050083,0.199950000000,0.889064483820,-0.457781982618
2024-01-01T22:14:00Z,fourier-demo,0.547125133404,0.200100000000,0.888360693064,-0.459146250142
2024-01-01T22:15:00Z,fourier-demo,0.823736837252,0.200250000000,0.887654808843,-0.460509435666
2024-01-01T22:16:00Z,fourier-demo,1.087206457080,0.200400000000,0.886946832823,-0.461871535977
2024-01-01T22:17:00Z,fourier-demo,1.329549228804,0.200550000000,0.886236766670,-0.463232547867
2024-01-01T22:18:00Z,fourier-demo,1.543768906072,0.200700000000,0.885524612058,-0.464592468127
2024-01-01T22:19:00Z,fourier-demo,1.724105386618,0.200850000000,0.884810370665,-0.465951293553
2024-01-01T22:20:00Z,fourier-demo,1.866228868336,0.201000000000,0.884094044175,-0.467309020942
2024-01-01T22:21:00Z,fourier-demo,1.967373266201,0.201150000000,0.883375634276,-0.468665647096
2024-01-01T22:22:00Z,fourier-demo,2.026404157550,0.201300000000,0.882655142660,-0.470021168817
2024-01-01T22:23:00Z,fourier-demo,2.043819240626,0.201450000000,0.881932571025,-0.471375582911
2024-01-01T22:24:00Z,fourier-demo,2.021682077641,0.201600000000,0.881207921075,-0.472728886186
2024-01-01T22:25:00Z,fourier-demo,1.963492634469,0.201750000000,0.880481194516,-0.474081075454
2024-01-01T22:26:00Z,fourier-demo,1.874000711833,0.201900000000,0.879752393062,-0.475432147526
2024-01-01T22:27:00Z,fourier-demo,1.758970681870,0.202050000000,0.879021518430,-0.476782099220
2024-01-01T22:28:00Z,fourier-demo,1.624907904471,0.202200000000,0.878288572342,-0.478130927355
2024-01-01T22:29:00Z,fourier-demo,1.478758720099,0.202350000000,0.877553556525,-0.479478628752
2024-01-01T22:30:00Z,fourier-demo,1.327596938277,0.202500000000,0.876816472712,-0.480825200234
2024-01-01T22:31:00Z,fourier-demo,1.178310222733,0.202650000000,0.876077322640,-0.482170638629
2024-01-01T22:32:00Z,fourier-demo,1.037299696766,0.202800000000,0.875336108050,-0.483514940767
2024-01-01T22:33:00Z,fourier-demo,0.910205460285,0.202950000000,0.874592830688,-0.484858103478
2024-01-01T22:34:00Z,fourier-demo,0.801669550665,0.203100000000,0.873847492308,-0.486200123598
2024-01-01T22:35:00Z,fourier-demo,0.715146242089,0.203250000000,0.873100094664,-0.487540997965
2024-01-01T22:36:00Z,fourier-demo,0.652767531451,0.203400000000,0.872350639519,-0.488880723419
2024-01-01T22:37:00Z,fourier-demo,0.615269288613,0.203550000000,0.871599128639,-0.490219296801
2024-01-01T22:38:00Z,fourier-demo,0.601980954042,0.203700000000,0.870845563793,-0.491556714959
2024-01-01T22:39:00Z,fourier-demo,0.610878955608,0.203850000000,0.870089946759,-0.492892974740
2024-01-01T22:40:00Z,fourier-demo,0.638701301626,0.204000000000,0.869332279317,-0.494228072996
2024-01-01T22:41:00Z,fourier-demo,0.681118202037,0.204150000000,0.868572563252,-0.495562006580
2024-01-01T22:42:00Z,fourier-demo,0.732951182391,0.204300000000,0.867810800355,-0.496894772348
2024-01-01T22:43:00Z,fourier-demo,0.788431085414,0.204450000000,0.867046992421,-0.498226367161
2024-01-01T22:44:00Z,fourier-demo,0.841483688697,0.204600000000,0.866281141249,-0.499556787879
2024-01-01T22:45:00Z,fourier-demo,0.886030473879,0.204750000000,0.865513248645,-0.500886031368
2024-01-01T22:46:00Z,fourier-demo,0.916291412741,0.204900000000,0.864743316418,-0.502214094496
2024-01-01T22:47:00Z,fourier-demo,0.927076517095,0.205050000000,0.863971346383,-0.503540974132
2024-01-01T22:48:00Z,fourier-demo,0.914053337803,0.205200000000,0.863197340358,-0.504866667150
2024-01-01T22:49:00Z,fourier-demo,0.873978576229,0.205350000000,0.862421300168,-0.506191170426
2024-01-01T22:50:00Z,fourier-demo,0.804883448930,0.205500000000,0.861643227641,-0.507514480839
2024-01-01T22:51:00Z,fourier-demo,0.706204362910,0.205650000000,0.860863124611,-0.508836595269
2024-01-01T22:52:00Z,fourier-demo,0.578852735518,0.205800000000,0.860080992916,-0.510157510602
2024-01-01T22:53:00Z,fourier-demo,0.425220336082,0.205950000000,0.859296834400,-0.511477223725
2024-01-01T22:54:00Z,fourier-demo,0.249119230914,0.206100000000,0.858510650911,-0.512795731528
2024-01-01T22:55:00Z,fourier-demo,0.055658167326,0.206250000000,0.857722444300,-0.514113030903
2024-01-01T22:56:00Z,fourier-demo,-0.148940078057,0.206400000000,0.856932216426,-0.515429118747
2024-01-01T22:57:00Z,fourier-demo,-0.357573347852,0.206550000000,0.856139969150,-0.516743991957
2024-01-01T22:58:00Z,fourier-demo,-0.562537477541,0.206700000000,0.855345704340,-0.518057647436
2024-01-01T22:59:00Z,fourier-demo,-0.755835263174,0.206850000000,0.854549423868,-0.519370082087
2024-01-01T23:00:00Z,fourier-demo,-0.929504484775,0.207000000000,0.853751129609,-0.520681292818
2024-01-01T23:01:00Z,fourier-demo,-1.075951551020,0.207150000000,0.852950823446,-0.521991276539
2024-01-01T23:02:00Z,fourier-demo,-1.188276984721,0.207300000000,0.852148507263,-0.523300030163
2024-01-01T23:03:00Z,fourier-demo,-1.260579188773,0.207450000000,0.851344182953,-0.524607550606
2024-01-01T23:04:00Z,fourier-demo,-1.288223711446,0.207600000000,0.850537852409,-0.525913834786
2024-01-01T23:05:00Z,fourier-demo,-1.268066538208,0.207750000000,0.849729517533,-0.527218879626
2024-01-01T23:06:00Z,fourier-demo,-1.198621722858,0.207900000000,0.848919180229,-0.528522682049
2024-01-01T23:07:00Z,fourier-demo,-1.080165862178,0.208050000000,0.848106842406,-0.529825238983
2024-01-01T23:08:00Z,fourier-demo,-0.914774427345,0.208200000000,0.847292505980,-0.531126547359
2024-01-01T23:09:00Z,fourier-demo,-0.706287690587,0.208350000000,0.846476172869,-0.532426604111
2024-01-01T23:10:00Z,fourier-demo,-0.460206816443,0.208500000000,0.845657844997,-0.533725406174
2024-01-01T23:11:00Z,fourier-demo,-0.183523508628,0.208650000000,0.844837524292,-0.535022950487
2024-01-01T23:12:00Z,fourier-demo,0.115510699214,0.208800000000,0.844015212688,-0.536319233994
2024-01-01T23:13:00Z,fourier-demo,0.427666957490,0.208950000000,0.843190912121,-0.537614253639
2024-01-01T23:14:00Z,fourier-demo,0.743062740019,0.209100000000,0.842364624536,-0.538908006371
2024-01-01T23:15:00Z,fourier-demo,1.051514223740,0.209250000000,0.841536351878,-0.540200489141
2024-01-01T23:16:00Z,fourier-demo,1.342903810597,0.209400000000,0.840706096100,-0.541491698902
2024-01-01T23:17:00Z,fourier-demo,1.607548523232,0.209550000000,0.839873859159,-0.542781632613
2024-01-01T23:18:00Z,fourier-demo,1.836554907129,0.209700000000,0.839039643015,-0.544070287233
2024-01-01T23:19:00Z,fourier-demo,2.022146549343,0.209850000000,0.838203449634,-0.545357659726
2024-01-01T23:20:00Z,fourier-demo,2.157951359564,0.210000000000,0.837365280987,-0.546643747057
2024-01-01T23:21:00Z,fourier-demo,2.239237312317,0.210150000000,0.836525139050,-0.547928546197
2024-01-01T23:22:00Z,fourier-demo,2.263087357449,0.210300000000,0.835683025801,-0.549212054118
2024-01-01T23:23:00Z,fourier-demo,2.228506589428,0.210450000000,0.834838943226,-0.550494267794
2024-01-01T23:24:00Z,fourier-demo,2.136457428625,0.210600000000,0.833992893313,-0.551775184204
2024-01-01T23:25:00Z,fourier-demo,1.989821402505,0.210750000000,0.833144878057,-0.553054800330
2024-01-01T23:26:00Z,fourier-demo,1.793289007614,0.210900000000,0.832294899455,-0.554333113156
2024-01-01T23:27:00Z,fourier-demo,1.553181967675,0.211050000000,0.831442959511,-0.555610119670
2024-01-01T23:28:00Z,fourier-demo,1.277214865067,0.211200000000,0.830589060232,-0.556885816862
2024-01-01T23:29:00Z,fourier-demo,0.974205505186,0.211350000000,0.829733203631,-0.558160201727
2024-01-01T23:30:00Z,fourier-demo,0.653745379816,0.211500000000,0.828875391724,-0.559433271261
2024-01-01T23:31:00Z,fourier-demo,0.325843146263,0.211650000000,0.828015626534,-0.560705022464
2024-01-01T23:32:00Z,fourier-demo,0.000555071277,0.211800000000,0.827153910085,-0.561975452338
2024-01-01T23:33:00Z,fourier-demo,-0.312383138063,0.211950000000,0.826290244409,-0.563244557892
2024-01-01T23:34:00Z,fourier-demo,-0.603908798926,0.212100000000,0.825424631541,-0.564512336132
2024-01-01T23:35:00Z,fourier-demo,-0.865955372340,0.212250000000,0.824557073521,-0.565778784073
2024-01-01T23:36:00Z,fourier-demo,-1.091733818899,0.212400000000,0.823687572393,-0.567043898729
2024-01-01T23:37:00Z,fourier-demo,-1.275961487269,0.212550000000,0.822816130206,-0.568307677120
2024-01-01T23:38:00Z,fourier-demo,-1.415029971587,0.212700000000,0.821942749014,-0.569570116266
2024-01-01T23:39:00Z,fourier-demo,-1.507105849803,0.212850000000,0.821067430875,-0.570831213194
2024-01-01T23:40:00Z,fourier-demo,-1.552160926566,0.213000000000,0.820190177852,-0.572090964930
2024-01-01T23:41:00Z,fourier-demo,-1.551931441130,0.213150000000,0.819310992012,-0.573349368508
2024-01-01T23:42:00Z,fourier-demo,-1.509808547889,0.213300000000,0.818429875427,-0.574606420960
2024-01-01T23:43:00Z,fourier-demo,-1.430665118952,0.213450000000,0.817546830173,-0.575862119326
2024-01-01T23:44:00Z,fourier-demo,-1.320626443960,0.213600000000,0.816661858331,-0.577116460645
2024-01-01T23:45:00Z,fourier-demo,-1.186794610125,0.213750000000,0.815774961987,-0.578369441961
2024-01-01T23:46:00Z,fourier-demo,-1.036938146483,0.213900000000,0.814886143231,-0.579621060323
2024-01-01T23:47:00Z,fourier-demo,-0.879159838780,0.214050000000,0.813995404157,-0.580871312780
2024-01-01T23:48:00Z,fourier-demo,-0.721556412743,0.214200000000,0.813102746864,-0.582120196387
2024-01-01T23:49:00Z,fourier-demo,-0.571884013384,0.214350000000,0.812208173457,-0.583367708200
2024-01-01T23:50:00Z,fourier-demo,-0.437243068810,0.214500000000,0.811311686042,-0.584613845279
2024-01-01T23:51:00Z,fourier-demo,-0.323795234531,0.214650000000,0.810413286733,-0.585858604688
2024-01-01T23:52:00Z,fourier-demo,-0.236523706818,0.214800000000,0.809512977646,-0.587101983493
2024-01-01T23:53:00Z,fourier-demo,-0.179046330570,0.214950000000,0.808610760905,-0.588343978765
2024-01-01T23:54:00Z,fourier-demo,-0.153488686245,0.215100000000,0.807706638633,-0.589584587577
2024-01-01T23:55:00Z,fourier-demo,-0.160421814846,0.215250000000,0.806800612963,-0.590823807004
2024-01-01T23:56:00Z,fourier-demo,-0.198866534460,0.215400000000,0.805892686028,-0.592061634128
2024-01-01T23:57:00Z,fourier-demo,-0.266363528052,0.215550000000,0.804982859970,-0.593298066030
2024-01-01T23:58:00Z,fourier-demo,-0.359105654718,0.215700000000,0.804071136931,-0.594533099797
2024-01-01T23:59:00Z,fourier-demo,-0.472126367478,0.215850000000,0.803157519061,-0.595766732518
2024-01-02T00:00:00Z,fourier-demo,-0.599535815562,0.216000000000,0.802242008512,-0.596998961288
2024-01-02T00:01:00Z,fourier-demo,-0.734794262468,0.216150000000,0.801324607442,-0.598229783201
2024-01-02T00:02:00Z,fourier-demo,-0.871010942374,0.216300000000,0.800405318012,-0.599459195357
2024-01-02T00:03:00Z,fourier-demo,-1.001255468127,0.216450000000,0.799484142390,-0.600687194859
2024-01-02T00:04:00Z,fourier-demo,-1.118868434749,0.216600000000,0.798561082745,-0.601913778813
2024-01-02T00:05:00Z,fourier-demo,-1.217757951442,0.216750000000,0.797636141253,-0.603138944329
2024-01-02T00:06:00Z,fourier-demo,-1.292669477807,0.216900000000,0.796709320094,-0.604362688520
2024-01-02T00:07:00Z,fourier-demo,-1.339417508766,0.217050000000,0.795780621452,-0.605585008501
2024-01-02T00:08:00Z,fourier-demo,-1.355069298223,0.217200000000,0.794850047515,-0.606805901393
2024-01-02T00:09:00Z,fourier-demo,-1.338072864840,0.217350000000,0.793917600476,-0.608025364318
2024-01-02T00:10:00Z,fourier-demo,-1.288323898740,0.217500000000,0.792983282533,-0.609243394402
2024-01-02T00:11:00Z,fourier-demo,-1.207168786324,0.217650000000,0.792047095888,-0.610459988776
2024-01-02T00:12:00Z,fourier-demo,-1.097343683626,0.217800000000,0.791109042746,-0.611675144571
2024-01-02T00:13:00Z,fourier-demo,-0.962852283713,0.217950000000,0.790169125318,-0.612888858925
2024-01-02T00:14:00Z,fourier-demo,-0.808787527584,0.218100000000,0.789227345819,-0.614101128978
2024-01-02T00:15:00Z,fourier-demo,-0.641104892486,0.218250000000,0.788283706468,-0.615311951872
2024-01-02T00:16:00Z,fourier-demo,-0.466356957191,0.218400000000,0.787338209490,-0.616521324755
2024-01-02T00:17:00Z,fourier-demo,-0.291400604392,0.218550000000,0.786390857112,-0.617729244775
2024-01-02T00:18:00Z,fourier-demo,-0.123089406630,0.218700000000,0.785441651567,-0.618935709088
2024-01-02T00:19:00Z,fourier-demo,0.032035595897,0.218850000000,0.784490595091,-0.620140714849
2024-01-02T00:20:00Z,fourier-demo,0.168043407721,0.219000000000,0.783537689926,-0.621344259220
2024-01-02T00:21:00Z,fourier-demo,0.279886011052,0.219150000000,0.782582938317,-0.622546339363
2024-01-02T00:22:00Z,fourier-demo,0.363634837936,0.219300000000,0.781626342515,-0.623746952447
2024-01-02T00:23:00Z,fourier-demo,0.416670388639,0.219450000000,0.780667904773,-0.624946095641
2024-01-02T00:24:00Z,fourier-demo,0.437816530814,0.219600000000,0.779707627351,-0.626143766120
2024-01-02T00:25:00Z,fourier-demo,0.427413301771,0.219750000000,0.778745512510,-0.627339961062
2024-01-02T00:26:00Z,fourier-demo,0.387324590153,0.219900000000,0.777781562519,-0.628534677647
2024-01-02T00:27:00Z,fourier-demo,0.320879788303,0.220050000000,0.776815779649,-0.629727913061
2024-01-02T00:28:00Z,fourier-demo,0.232751270659,0.220200000000,0.775848166176,-0.630919664491
2024-01-02T00:29:00Z,fourier-demo,0.128772252418,0.220350000000,0.774878724380,-0.632109929129
2024-01-02T00:30:00Z,fourier-demo,0.015702104672,0.220500000000,0.773907456545,-0.633298704170
2024-01-02T00:31:00Z,fourier-demo,-0.099051557355,0.220650000000,0.772934364961,-0.634485986813
2024-01-02T00:32:00Z,fourier-demo,-0.207742830885,0.220800000000,0.771959451921,-0.635671774260
2024-01-02T00:33:00Z,fourier-demo,-0.302616932333,0.220950000000,0.770982719721,-0.636856063716
2024-01-02T00:34:00Z,fourier-demo,-0.376245559717,0.221100000000,0.770004170664,-0.638038852390
2024-01-02T00:35:00Z,fourier-demo,-0.421854367643,0.221250000000,0.769023807056,-0.639220137496
2024-01-02T00:36:00Z,fourier-demo,-0.433628930691,0.221400000000,0.768041631208,-0.640399916249
2024-01-02T00:37:00Z,fourier-demo,-0.406986350401,0.221550000000,0.767057645432,-0.641578185870
2024-01-02T00:38:00Z,fourier-demo,-0.338800970782,0.221700000000,0.766071852049,-0.642754943581
2024-01-02T00:39:00Z,fourier-demo,-0.227574455509,0.221850000000,0.765084253382,-0.643930186610
2024-01-02T00:40:00Z,fourier-demo,-0.073542675272,0.222000000000,0.764094851757,-0.645103912187
2024-01-02T00:41:00Z,fourier-demo,0.121285632377,0.222150000000,0.763103649506,-0.646276117546
2024-01-02T00:42:00Z,fourier-demo,0.353160737219,0.222300000000,0.762110648966,-0.647446799925
2024-01-02T00:43:00Z,fourier-demo,0.616693793645,0.222450000000,0.761115852476,-0.648615956564
2024-01-02T00:44:00Z,fourier-demo,0.905025361103,0.222600000000,0.760119262380,-0.649783584710
2024-01-02T00:45:00Z,fourier-demo,1.210054502727,0.222750000000,0.759120881028,-0.650949681610
2024-01-02T00:46:00Z,fourier-demo,1.522719925947,0.222900000000,0.758120710771,-0.652114244516
2024-01-02T00:47:00Z,fourier-demo,1.833322492639,0.223050000000,0.757118753967,-0.653277270684
2024-01-02T00:48:00Z,fourier-demo,2.131876712443,0.223200000000,0.756115012976,-0.654438757373
2024-01-02T00:49:00Z,fourier-demo,2.408477611704,0.223350000000,0.755109490165,-0.655598701846
2024-01-02T00:50:00Z,fourier-demo,2.653668692659,0.223500000000,0.754102187903,-0.656757101370
2024-01-02T00:51:00Z,fourier-demo,2.858796591338,0.223650000000,0.753093108563,-0.657913953215
2024-01-02T00:52:00Z,fourier-demo,3.016338513722,0.223800000000,0.752082254524,-0.659069254654
2024-01-02T00:53:00Z,fourier-demo,3.120189559719,0.223950000000,0.751069628167,-0.660223002966
2024-01-02T00:54:00Z,fourier-demo,3.165898592861,0.224100000000,0.750055231879,-0.661375195431
2024-01-02T00:55:00Z,fourier-demo,3.150843318381,0.224250000000,0.749039068050,-0.662525829334
2024-01-02T00:56:00Z,fourier-demo,3.074337613207,0.224400000000,0.748021139076,-0.663674901963
2024-01-02T00:57:00Z,fourier-demo,2.937666812680,0.224550000000,0.747001447354,-0.664822410611
2024-01-02T00:58:00Z,fourier-demo,2.744049493544,0.224700000000,0.745979995288,-0.665968352574
2024-01-02T00:59:00Z,fourier-demo,2.498527186736,0.224850000000,0.744956785285,-0.667112725151
2024-01-02T01:00:00Z,fourier-demo,2.207786290331,0.225000000000,0.743931819756,-0.668255525645
2024-01-02T01:01:00Z,fourier-demo,1.879919118410,0.225150000000,0.742905101116,-0.669396751363
2024-01-02T01:02:00Z,fourier-demo,1.524133408450,0.225300000000,0.741876631786,-0.670536399616
2024-01-02T01:03:00Z,fourier-demo,1.150421622105,0.225450000000,0.740846414188,-0.671674467719
2024-01-02T01:04:00Z,fourier-demo,0.769202931351,0.225600000000,0.739814450750,-0.672810952989
2024-01-02T01:05:00Z,fourier-demo,0.390951821626,0.225750000000,0.738780743905,-0.673945852747
2024-01-02T01:06:00Z,fourier-demo,0.025827724632,0.225900000000,0.737745296088,-0.675079164321
2024-01-02T01:07:00Z,fourier-demo,-0.316680002620,0.226050000000,0.736708109739,-0.676210885039
2024-01-02T01:08:00Z,fourier-demo,-0.628078104358,0.226200000000,0.735669187303,-0.677341012234
2024-01-02T01:09:00Z,fourier-demo,-0.901154022593,0.226350000000,0.734628531227,-0.678469543242
2024-01-02T01:10:00Z,fourier-demo,-1.130208334805,0.226500000000,0.733586143965,-0.679596475405
2024-01-02T01:11:00Z,fourier-demo,-1.311226434669,0.226650000000,0.732542027972,-0.680721806067
2024-01-02T01:12:00Z,fourier-demo,-1.441983325381,0.226800000000,0.731496185709,-0.681845532576
2024-01-02T01:13:00Z,fourier-demo,-1.522078099008,0.226950000000,0.730448619641,-0.682967652283
2024-01-02T01:14:00Z,fourier-demo,-1.552897505210,0.227100000000,0.729399332236,-0.684088162545
2024-01-02T01:15:00Z,fourier-demo,-1.537510853682,0.227250000000,0.728348325967,-0.685207060721
2024-01-02T01:16:00Z,fourier-demo,-1.480501231492,0.227400000000,0.727295603311,-0.686324344173
2024-01-02T01:17:00Z,fourier-demo,-1.387740538304,0.227550000000,0.726241166748,-0.687440010270
2024-01-02T01:18:00Z,fourier-demo,-1.266118047637,0.227700000000,0.725185018763,-0.688554056383
2024-01-02T01:19:00Z,fourier-demo,-1.123234001971,0.227850000000,0.724127161846,-0.689666479885
2024-01-02T01:20:00Z,fourier-demo,-0.967071072003,0.228000000000,0.723067598489,-0.690777278155
2024-01-02T01:21:00Z,fourier-demo,-0.805657303127,0.228150000000,0.722006331189,-0.691886448576
2024-01-02T01:22:00Z,fourier-demo,-0.646734405010,0.228300000000,0.720943362447,-0.692993988534
2024-01-02T01:23:00Z,fourier-demo,-0.497444905213,0.228450000000,0.719878694768,-0.694099895418
2024-01-02T01:24:00Z,fourier-demo,-0.364050800959,0.228600000000,0.718812330660,-0.695204166624
2024-01-02T01:25:00Z,fourier-demo,-0.251694942610,0.228750000000,0.717744272637,-0.696306799548
2024-01-02T01:26:00Z,fourier-demo,-0.164214527383,0.228900000000,0.716674523216,-0.697407791592
2024-01-02T01:27:00Z,fourier-demo,-0.104013850087,0.229050000000,0.715603084918,-0.698507140161
2024-01-02T01:28:00Z,fourier-demo,-0.072000942160,0.229200000000,0.714529960267,-0.699604842666
2024-01-02T01:29:00Z,fourier-demo,-0.067590035598,0.229350000000,0.713455151792,-0.700700896518
2024-01-02T01:30:00Z,fourier-demo,-0.088769026016,0.229500000000,0.712378662026,-0.701795299136
2024-01-02T01:31:00Z,fourier-demo,-0.132228393380,0.229650000000,0.711300493507,-0.702888047940
2024-01-02T01:32:00Z,fourier-demo,-0.193545481866,0.229800000000,0.710220648774,-0.703979140355
2024-01-02T01:33:00Z,fourier-demo,-0.267415747204,0.229950000000,0.709139130373,-0.705068573810
2024-01-02T01:34:00Z,fourier-demo,-0.347920645046,0.230100000000,0.708055940852,-0.706156345737
2024-01-02T01:35:00Z,fourier-demo,-0.428820336600,0.230250000000,0.706971082763,-0.707242453574
2024-01-02T01:36:00Z,fourier-demo,-0.503858389296,0.230400000000,0.705884558664,-0.708326894760
2024-01-02T01:37:00Z,fourier-demo,-0.567065190965,0.230550000000,0.704796371114,-0.709409666740
2024-01-02T01:38:00Z,fourier-demo,-0.613046894158,0.230700000000,0.703706522678,-0.710490766963
2024-01-02T01:39:00Z,fourier-demo,-0.637247357894,0.230850000000,0.702615015925,-0.711570192881
2024-01-02T01:40:00Z,fourier-demo,-0.636171729523,0.231000000000,0.701521853426,-0.712647941950
2024-01-02T01:41:00Z,fourier-demo,-0.607561960227,0.231150000000,0.700427037758,-0.713724011631
2024-01-02T01:42:00Z,fourier-demo,-0.550516604696,0.231300000000,0.699330571500,-0.714798399387
2024-01-02T01:43:00Z,fourier-demo,-0.465549633102,0.231450000000,0.698232457236,-0.715871102687
2024-01-02T01:44:00Z,fourier-demo,-0.354585582341,0.231600000000,0.697132697555,-0.716942119002
2024-01-02T01:45:00Z,fourier-demo,-0.220891085545,0.231750000000,0.696031295048,-0.718011445810
2024-01-02T01:46:00Z,fourier-demo,-0.068945531061,0.231900000000,0.694928252310,-0.719079080590
2024-01-02T01:47:00Z,fourier-demo,0.095743798470,0.232050000000,0.693823571940,-0.720145020826
2024-01-02T01:48:00Z,fourier-demo,0.266874377964,0.232200000000,0.692717256543,-0.721209264006
2024-01-02T01:49:00Z,fourier-demo,0.437619095732,0.232350000000,0.691609308724,-0.722271807622
2024-01-02T01:50:00Z,fourier-demo,0.600923474720,0.232500000000,0.690499731096,-0.723332649171
2024-01-02T01:51:00Z,fourier-demo,0.749816844676,0.232650000000,0.689388526272,-0.724391786152
2024-01-02T01:52:00Z,fourier-demo,0.877724200184,0.232800000000,0.688275696872,-0.725449216069
2024-01-02T01:53:00Z,fourier-demo,0.978765382322,0.232950000000,0.687161245517,-0.726504936431
2024-01-02T01:54:00Z,fourier-demo,1.048028683069,0.233100000000,0.686045174835,-0.727558944750
2024-01-02T01:55:00Z,fourier-demo,1.081806973537,0.233250000000,0.684927487454,-0.728611238542
2024-01-02T01:56:00Z,fourier-demo,1.077785959459,0.233400000000,0.683808186009,-0.729661815327
2024-01-02T01:57:00Z,fourier-demo,1.035176108989,0.233550000000,0.682687273138,-0.730710672630
2024-01-02T01:58:00Z,fourier-demo,0.954782099699,0.233700000000,0.681564751483,-0.731757807978
2024-01-02T01:59:00Z,fourier-demo,0.839006199257,0.233850000000,0.680440623687,-0.732803218904
2024-01-02T02:00:00Z,fourier-demo,0.691784722463,0.234000000000,0.679314892402,-0.733846902945
2024-01-02T02:01:00Z,fourier-demo,0.518459483763,0.234150000000,0.678187560278,-0.734888857641
2024-01-02T02:02:00Z,fourier-demo,0.325588874720,0.234300000000,0.677058629973,-0.735929080536
2024-01-02T02:03:00Z,fourier-demo,0.120705728301,0.234450000000,0.675928104148,-0.736967569180
2024-01-02T02:04:00Z,fourier-demo,-0.087968618715,0.234600000000,0.674795985466,-0.738004321125
2024-01-02T02:05:00Z,fourier-demo,-0.291842780704,0.234750000000,0.673662276596,-0.739039333927
2024-01-02T02:06:00Z,fourier-demo,-0.482293592389,0.234900000000,0.672526980208,-0.740072605149
2024-01-02T02:07:00Z,fourier-demo,-0.651010584678,0.235050000000,0.671390098979,-0.741104132355
2024-01-02T02:08:00Z,fourier-demo,-0.790332708182,0.235200000000,0.670251635587,-0.742133913113
2024-01-02T02:09:00Z,fourier-demo,-0.893563563235,0.235350000000,0.669111592716,-0.743161944998
2024-01-02T02:10:00Z,fourier-demo,-0.955252175236,0.235500000000,0.667969973051,-0.744188225587
2024-01-02T02:11:00Z,fourier-demo,-0.971427666187,0.235650000000,0.666826779284,-0.745212752460
2024-01-02T02:12:00Z,fourier-demo,-0.939777965550,0.235800000000,0.665682014108,-0.746235523205
2024-01-02T02:13:00Z,fourier-demo,-0.859764904433,0.235950000000,0.664535680221,-0.747256535411
2024-01-02T02:14:00Z,fourier-demo,-0.732670558081,0.236100000000,0.663387780323,-0.748275786671
2024-01-02T02:15:00Z,fourier-demo,-0.561572441207,0.236250000000,0.662238317122,-0.749293274583
2024-01-02T02:16:00Z,fourier-demo,-0.351248007896,0.236400000000,0.661087293324,-0.750308996751
2024-01-02T02:17:00Z,fourier-demo,-0.108011747461,0.236550000000,0.659934711643,-0.751322950780
2024-01-02T02:18:00Z,fourier-demo,0.160509115654,0.236700000000,0.658780574794,-0.752335134281
2024-01-02T02:19:00Z,fourier-demo,0.445651826321,0.236850000000,0.657624885498,-0.753345544869
2024-01-02T02:20:00Z,fourier-demo,0.738037566948,0.237000000000,0.656467646478,-0.754354180162
2024-01-02T02:21:00Z,fourier-demo,1.027920821861,0.237150000000,0.655308860460,-0.755361037784
2024-01-02T02:22:00Z,fourier-demo,1.305555036027,0.237300000000,0.654148530177,-0.756366115362
2024-01-02T02:23:00Z,fourier-demo,1.561560275456,0.237450000000,0.652986658361,-0.757369410527
2024-01-02T02:24:00Z,fourier-demo,1.787278477927,0.237600000000,0.651823247751,-0.758370920916
2024-01-02T02:25:00Z,fourier-demo,1.975102341702,0.237750000000,0.650658301089,-0.759370644168
2024-01-02T02:26:00Z,fourier-demo,2.118764918622,0.237900000000,0.649491821120,-0.760368577926
2024-01-02T02:27:00Z,fourier-demo,2.213578515970,0.238050000000,0.648323810593,-0.761364719841
2024-01-02T02:28:00Z,fourier-demo,2.256613506944,0.238200000000,0.647154272260,-0.762359067563
2024-01-02T02:29:00Z,fourier-demo,2.246810022339,0.238350000000,0.645983208878,-0.763351618750
2024-01-02T02:30:00Z,fourier-demo,2.185018150603,0.238500000000,0.644810623205,-0.764342371063
2024-01-02T02:31:00Z,fourier-demo,2.073965102728,0.238650000000,0.643636518006,-0.765331322167
2024-01-02T02:32:00Z,fourier-demo,1.918150688603,0.238800000000,0.642460896047,-0.766318469731
2024-01-02T02:33:00Z,fourier-demo,1.723675285832,0.238950000000,0.641283760098,-0.767303811430
2024-01-02T02:34:00Z,fourier-demo,1.498007146615,0.239100000000,0.640105112934,-0.768287344941
2024-01-02T02:35:00Z,fourier-demo,1.249698275717,0.239250000000,0.638924957331,-0.769269067946
2024-01-02T02:36:00Z,fourier-demo,0.988060126945,0.239400000000,0.637743296072,-0.770248978133
2024-01-02T02:37:00Z,fourier-demo,0.722811926104,0.239550000000,0.636560131941,-0.771227073191
2024-01-02T02:38:00Z,fourier-demo,0.463715472879,0.239700000000,0.635375467726,-0.772203350817
2024-01-02T02:39:00Z,fourier-demo,0.220210761075,0.239850000000,0.634189306218,-0.773177808708
2024-01-02T02:40:00Z,fourier-demo,0.001066667583,0.240000000000,0.633001650213,-0.774150444570
2024-01-02T02:41:00Z,fourier-demo,-0.185939700026,0.240150000000,0.631812502510,-0.775121256109
2024-01-02T02:42:00Z,fourier-demo,-0.334302611292,0.240300000000,0.630621865911,-0.776090241039
2024-01-02T02:43:00Z,fourier-demo,-0.439015587561,0.240450000000,0.629429743221,-0.777057397075
2024-01-02T02:44:00Z,fourier-demo,-0.496738976209,0.240600000000,0.628236137251,-0.778022721938
2024-01-02T02:45:00Z,fourier-demo,-0.505901114903,0.240750000000,0.627041050812,-0.778986213355
2024-01-02T02:46:00Z,fourier-demo,-0.466729670404,0.240900000000,0.625844486722,-0.779947869053
2024-01-02T02:47:00Z,fourier-demo,-0.381212556718,0.241050000000,0.624646447799,-0.780907686767
2024-01-02T02:48:00Z,fourier-demo,-0.252990669097,0.241200000000,0.623446936867,-0.781865664236
2024-01-02T02:49:00Z,fourier-demo,-0.087187398435,0.241350000000,0.622245956754,-0.782821799201
2024-01-02T02:50:00Z,fourier-demo,0.109817595608,0.241500000000,0.621043510288,-0.783776089409
2024-01-02T02:51:00Z,fourier-demo,0.330660676611,0.241650000000,0.619839600304,-0.784728532612
2024-01-02T02:52:00Z,fourier-demo,0.567301118895,0.241800000000,0.618634229638,-0.785679126565
2024-01-02T02:53:00Z,fourier-demo,0.811349803775,0.241950000000,0.617427401132,-0.786627869028
2024-01-02T02:54:00Z,fourier-demo,1.054406149016,0.242100000000,0.616219117628,-0.787574757765
2024-01-02T02:55:00Z,fourier-demo,1.288389466131,0.242250000000,0.615009381976,-0.788519790545
2024-01-02T02:56:00Z,fourier-demo,1.505851276665,0.242400000000,0.613798197024,-0.789462965141
2024-01-02T02:57:00Z,fourier-demo,1.700256005888,0.242550000000,0.612585565628,-0.790404279330
2024-01-02T02:58:00Z,fourier-demo,1.866218871996,0.242700000000,0.611371490646,-0.791343730894
2024-01-02T02:59:00Z,fourier-demo,1.999691641881,0.242850000000,0.610155974937,-0.792281317619
2024-01-02T03:00:00Z,fourier-demo,2.098089153117,0.243000000000,0.608939021367,-0.793217037296
2024-01-02T03:01:00Z,fourier-demo,2.160352012993,0.243150000000,0.607720632803,-0.794150887719
2024-01-02T03:02:00Z,fourier-demo,2.186943574951,0.243300000000,0.606500812117,-0.795082866688
2024-01-02T03:03:00Z,fourier-demo,2.179782049023,0.243450000000,0.605279562183,-0.796012972007
2024-01-02T03:04:00Z,fourier-demo,2.142111311850,0.243600000000,0.604056885879,-0.796941201483
2024-01-02T03:05:00Z,fourier-demo,2.078316531609,0.243750000000,0.602832786087,-0.797867552930
2024-01-02T03:06:00Z,fourier-demo,1.993693008605,0.243900000000,0.601607265690,-0.798792024164
2024-01-02T03:07:00Z,fourier-demo,1.894178559193,0.244050000000,0.600380327578,-0.799714613007
2024-01-02T03:08:00Z,fourier-demo,1.786061260050,0.244200000000,0.599151974641,-0.800635317285
2024-01-02T03:09:00Z,fourier-demo,1.675675360477,0.244350000000,0.597922209774,-0.801554134828
2024-01-02T03:10:00Z,fourier-demo,1.569098622208,0.244500000000,0.596691035875,-0.802471063470
2024-01-02T03:11:00Z,fourier-demo,1.471864241007,0.244650000000,0.595458455845,-0.803386101051
2024-01-02T03:12:00Z,fourier-demo,1.388699847301,0.244800000000,0.594224472589,-0.804299245416
2024-01-02T03:13:00Z,fourier-demo,1.323304902058,0.244950000000,0.592989089016,-0.805210494410
2024-01-02T03:14:00Z,fourier-demo,1.278176148582,0.245100000000,0.591752308035,-0.806119845889
2024-01-02T03:15:00Z,fourier-demo,1.254488720192,0.245250000000,0.590514132562,-0.807027297707
2024-01-02T03:16:00Z,fourier-demo,1.252038123576,0.245400000000,0.589274565515,-0.807932847728
2024-01-02T03:17:00Z,fourier-demo,1.269245717393,0.245550000000,0.588033609814,-0.808836493817
2024-01-02T03:18:00Z,fourier-demo,1.303227593490,0.245700000000,0.586791268384,-0.809738233844
2024-01-02T03:19:00Z,fourier-demo,1.349924057026,0.245850000000,0.585547544153,-0.810638065685
2024-01-02T03:20:00Z,fourier-demo,1.404284304703,0.246000000000,0.584302440051,-0.811535987218
2024-01-02T03:21:00Z,fourier-demo,1.460498525597,0.246150000000,0.583055959013,-0.812431996329
2024-01-02T03:22:00Z,fourier-demo,1.512267595858,0.246300000000,0.581808103976,-0.813326090906
2024-01-02T03:23:00Z,fourier-demo,1.553098892845,0.246450000000,0.580558877881,-0.814218268841
2024-01-02T03:24:00Z,fourier-demo,1.576615585241,0.246600000000,0.579308283671,-0.815108528032
2024-01-02T03:25:00Z,fourier-demo,1.576866112983,0.246750000000,0.578056324294,-0.815996866381
2024-01-02T03:26:00Z,fourier-demo,1.548620482187,0.246900000000,0.576803002700,-0.816883281795
2024-01-02T03:27:00Z,fourier-demo,1.487640470848,0.247050000000,0.575548321842,-0.817767772185
2024-01-02T03:28:00Z,fourier-demo,1.390911852695,0.247200000000,0.574292284677,-0.818650335467
2024-01-02T03:29:00Z,fourier-demo,1.256828258812,0.247350000000,0.573034894166,-0.819530969560
2024-01-02T03:30:00Z,fourier-demo,1.085318248335,0.247500000000,0.571776153270,-0.820409672390
2024-01-02T03:31:00Z,fourier-demo,0.877909471200,0.247650000000,0.570516064957,-0.821286441886
2024-01-02T03:32:00Z,fourier-demo,0.637726383193,0.247800000000,0.569254632196,-0.822161275981
2024-01-02T03:33:00Z,fourier-demo,0.369420710837,0.247950000000,0.567991857960,-0.823034172615
2024-01-02T03:34:00Z,fourier-demo,0.079036648612,0.248100000000,0.566727745224,-0.823905129729
2024-01-02T03:35:00Z,fourier-demo,-0.226184510990,0.248250000000,0.565462296967,-0.824774145272
2024-01-02T03:36:00Z,fourier-demo,-0.538053075036,0.248400000000,0.564195516171,-0.825641217196
2024-01-02T03:37:00Z,fourier-demo,-0.847723480811,0.248550000000,0.562927405822,-0.826506343457
2024-01-02T03:38:00Z,fourier-demo,-1.146019287538,0.248700000000,0.561657968908,-0.827369522017
2024-01-02T03:39:00Z,fourier-demo,-1.423777835575,0.248850000000,0.560387208420,-0.828230750841
2024-01-02T03:40:00Z,fourier-demo,-1.672200873580,0.249000000000,0.559115127354,-0.829090027901
2024-01-02T03:41:00Z,fourier-demo,-1.883197102737,0.249150000000,0.557841728706,-0.829947351170
2024-01-02T03:42:00Z,fourier-demo,-2.049702806505,0.249300000000,0.556567015478,-0.830802718630
2024-01-02T03:43:00Z,fourier-demo,-2.165967517354,0.249450000000,0.555290990673,-0.831656128263
2024-01-02T03:44:00Z,fourier-demo,-2.227792988642,0.249600000000,0.554013657299,-0.832507578060
2024-01-02T03:45:00Z,fourier-demo,-2.232715538041,0.249750000000,0.552735018365,-0.833357066013
2024-01-02T03:46:00Z,fourier-demo,-2.180124037213,0.249900000000,0.551455076885,-0.834204590120
2024-01-02T03:47:00Z,fourier-demo,-2.071308352170,0.250050000000,0.550173835875,-0.835050148385
2024-01-02T03:48:00Z,fourier-demo,-1.909435788113,0.250200000000,0.548891298355,-0.835893738815
2024-01-02T03:49:00Z,fourier-demo,-1.699455950685,0.250350000000,0.547607467346,-0.836735359422
2024-01-02T03:50:00Z,fourier-demo,-1.447937286934,0.250500000000,0.546322345874,-0.837575008222
2024-01-02T03:51:00Z,fourier-demo,-1.162841298438,0.250650000000,0.545035936968,-0.838412683237
2024-01-02T03:52:00Z,fourier-demo,-0.853242915433,0.250800000000,0.543748243659,-0.839248382493
2024-01-02T03:53:00Z,fourier-demo,-0.529007682963,0.250950000000,0.542459268981,-0.840082104021
2024-01-02T03:54:00Z,fourier-demo,-0.200438150327,0.251100000000,0.541169015973,-0.840913845855
2024-01-02T03:55:00Z,fourier-demo,0.122096897564,0.251250000000,0.539877487674,-0.841743606036
2024-01-02T03:56:00Z,fourier-demo,0.428536024738,0.251400000000,0.538584687128,-0.842571382609
2024-01-02T03:57:00Z,fourier-demo,0.709487071567,0.251550000000,0.537290617382,-0.843397173622
2024-01-02T03:58:00Z,fourier-demo,0.956563399553,0.251700000000,0.535995281485,-0.844220977130
2024-01-02T03:59:00Z,fourier-demo,1.162681436349,0.251850000000,0.534698682490,-0.845042791191
2024-01-02T04:00:00Z,fourier-demo,1.322308032467,0.252000000000,0.533400823452,-0.845862613868
2024-01-02T04:01:00Z,fourier-demo,1.431648128623,0.252150000000,0.532101707430,-0.846680443231
2024-01-02T04:02:00Z,fourier-demo,1.488765598764,0.252300000000,0.530801337485,-0.847496277351
2024-01-02T04:03:00Z,fourier-demo,1.493632783334,0.252450000000,0.529499716682,-0.848310114306
2024-01-02T04:04:00Z,fourier-demo,1.448107053228,0.252600000000,0.528196848088,-0.849121952178
2024-01-02T04:05:00Z,fourier-demo,1.355835633266,0.252750000000,0.526892734772,-0.849931789054
2024-01-02T04:06:00Z,fourier-demo,1.222092748421,0.252900000000,0.525587379809,-0.850739623025
2024-01-02T04:07:00Z,fourier-demo,1.053555822345,0.253050000000,0.524280786275,-0.851545452189
2024-01-02T04:08:00Z,fourier-demo,0.858029848612,0.253200000000,0.522972957248,-0.852349274645
2024-01-02T04:09:00Z,fourier-demo,0.644131074628,0.253350000000,0.521663895810,-0.853151088500
2024-01-02T04:10:00Z,fourier-demo,0.420942705407,0.253500000000,0.520353605047,-0.853950891864
2024-01-02T04:11:00Z,fourier-demo,0.197656387097,0.253650000000,0.519042088046,-0.854748682852
2024-01-02T04:12:00Z,fourier-demo,-0.016786273288,0.253800000000,0.517729347898,-0.855544459584
2024-01-02T04:13:00Z,fourier-demo,-0.214037973764,0.253950000000,0.516415387696,-0.856338220186
2024-01-02T04:14:00Z,fourier-demo,-0.386662239353,0.254100000000,0.515100210536,-0.857129962786
2024-01-02T04:15:00Z,fourier-demo,-0.528409861807,0.254250000000,0.513783819519,-0.857919685519
2024-01-02T04:16:00Z,fourier-demo,-0.634444602864,0.254400000000,0.512466217746,-0.858707386523
2024-01-02T04:17:00Z,fourier-demo,-0.701509614146,0.254550000000,0.511147408322,-0.859493063943
2024-01-02T04:18:00Z,fourier-demo,-0.728028470587,0.254700000000,0.509827394355,-0.860276715927
2024-01-02T04:19:00Z,fourier-demo,-0.714137394219,0.254850000000,0.508506178955,-0.861058340628
2024-01-02T04:20:00Z,fourier-demo,-0.661648051553,0.255000000000,0.507183765237,-0.861837936204
2024-01-02T04:21:00Z,fourier-demo,-0.573943126057,0.255150000000,0.505860156316,-0.862615500818
2024-01-02T04:22:00Z,fourier-demo,-0.455809582410,0.255300000000,0.504535355312,-0.863391032638
2024-01-02T04:23:00Z,fourier-demo,-0.313217040982,0.255450000000,0.503209365346,-0.864164529837
2024-01-02T04:24:00Z,fourier-demo,-0.153050867847,0.255600000000,0.501882189544,-0.864935990590
2024-01-02T04:25:00Z,fourier-demo,0.017188630788,0.255750000000,0.500553831032,-0.865705413082
2024-01-02T04:26:00Z,fourier-demo,0.189708212189,0.255900000000,0.499224292942,-0.866472795497
2024-01-02T04:27:00Z,fourier-demo,0.356751419533,0.256050000000,0.497893578406,-0.867238136028
2024-01-02T04:28:00Z,fourier-demo,0.510922319648,0.256200000000,0.496561690561,-0.868001432872
2024-01-02T04:29:00Z,fourier-demo,0.645489893032,0.256350000000,0.495228632544,-0.868762684229
2024-01-02T04:30:00Z,fourier-demo,0.754660602633,0.256500000000,0.493894407497,-0.869521888306
2024-01-02T04:31:00Z,fourier-demo,0.833808068202,0.256650000000,0.492559018565,-0.870279043313
2024-01-02T04:32:00Z,fourier-demo,0.879650624961,0.256800000000,0.491222468895,-0.871034147467
2024-01-02T04:33:00Z,fourier-demo,0.890369771188,0.256950000000,0.489884761635,-0.871787198987
2024-01-02T04:34:00Z,fourier-demo,0.865665016360,0.257100000000,0.488545899939,-0.872538196100
2024-01-02T04:35:00Z,fourier-demo,0.806743325284,0.257250000000,0.487205886961,-0.873287137035
2024-01-02T04:36:00Z,fourier-demo,0.716244102850,0.257400000000,0.485864725859,-0.874034020028
2024-01-02T04:37:00Z,fourier-demo,0.598103364787,0.257550000000,0.484522419795,-0.874778843318
2024-01-02T04:38:00Z,fourier-demo,0.457363280199,0.257700000000,0.483178971930,-0.875521605150
2024-01-02T04:39:00Z,fourier-demo,0.299935546907,0.257850000000,0.481834385431,-0.876262303775
2024-01-02T04:40:00Z,fourier-demo,0.132328976582,0.258000000000,0.480488663467,-0.877000937445
2024-01-02T04:41:00Z,fourier-demo,-0.038646855434,0.258150000000,0.479141809208,-0.877737504422
2024-01-02T04:42:00Z,fourier-demo,-0.206189061758,0.258300000000,0.477793825829,-0.878472002969
2024-01-02T04:43:00Z,fourier-demo,-0.363806722344,0.258450000000,0.476444716506,-0.879204431354
2024-01-02T04:44:00Z,fourier-demo,-0.505610834774,0.258600000000,0.475094484419,-0.879934787853
2024-01-02T04:45:00Z,fourier-demo,-0.626576447221,0.258750000000,0.473743132749,-0.880663070744
2024-01-02T04:46:00Z,fourier-demo,-0.722765677849,0.258900000000,0.472390664681,-0.881389278311
2024-01-02T04:47:00Z,fourier-demo,-0.791501990282,0.259050000000,0.471037083402,-0.882113408842
2024-01-02T04:48:00Z,fourier-demo,-0.831488165052,0.259200000000,0.469682392102,-0.882835460632
2024-01-02T04:49:00Z,fourier-demo,-0.842862795582,0.259350000000,0.468326593974,-0.883555431978
2024-01-02T04:50:00Z,fourier-demo,-0.827192744982,0.259500000000,0.466969692211,-0.884273321183
2024-01-02T04:51:00Z,fourier-demo,-0.787401718345,0.259650000000,0.465611690012,-0.884989126557
2024-01-02T04:52:00Z,fourier-demo,-0.727637821241,0.259800000000,0.464252590577,-0.885702846412
2024-01-02T04:53:00Z,fourier-demo,-0.653085575773,0.259950000000,0.462892397109,-0.886414479066
2024-01-02T04:54:00Z,fourier-demo,-0.569730242473,0.260100000000,0.461531112814,-0.887124022843
2024-01-02T04:55:00Z,fourier-demo,-0.484084350306,0.260250000000,0.460168740898,-0.887831476070
2024-01-02T04:56:00Z,fourier-demo,-0.402887982168,0.260400000000,0.458805284573,-0.888536837080
2024-01-02T04:57:00Z,fourier-demo,-0.332795530351,0.260550000000,0.457440747051,-0.889240104211
2024-01-02T04:58:00Z,fourier-demo,-0.280062275939,0.260700000000,0.456075131549,-0.889941275805
2024-01-02T04:59:00Z,fourier-demo,-0.250244230353,0.260850000000,0.454708441284,-0.890640350211
2024-01-02T05:00:00Z,fourier-demo,-0.247924201206,0.261000000000,0.453340679478,-0.891337325781
2024-01-02T05:01:00Z,fourier-demo,-0.276476026590,0.261150000000,0.451971849352,-0.892032200872
2024-01-02T05:02:00Z,fourier-demo,-0.337877402462,0.261300000000,0.450601954134,-0.892724973847
2024-01-02T05:03:00Z,fourier-demo,-0.432579768241,0.261450000000,0.449230997050,-0.893415643074
2024-01-02T05:04:00Z,fourier-demo,-0.559441395698,0.261600000000,0.447858981333,-0.894104206924
2024-01-02T05:05:00Z,fourier-demo,-0.715727240324,0.261750000000,0.446485910214,-0.894790663776
2024-01-02T05:06:00Z,fourier-demo,-0.897176368290,0.261900000000,0.445111786931,-0.895475012011
2024-01-02T05:07:00Z,fourier-demo,-1.098134978466,0.262050000000,0.443736614720,-0.896157250016
2024-01-02T05:08:00Z,fourier-demo,-1.311750312477,0.262200000000,0.442360396823,-0.896837376185
2024-01-02T05:09:00Z,fourier-demo,-1.530218198693,0.262350000000,0.440983136483,-0.897515388914
2024-01-02T05:10:00Z,fourier-demo,-1.745074713550,0.262500000000,0.439604836946,-0.898191286605
2024-01-02T05:11:00Z,fourier-demo,-1.947520559353,0.262650000000,0.438225501458,-0.898865067667
2024-01-02T05:12:00Z,fourier-demo,-2.128765330222,0.262800000000,0.436845133272,-0.899536730510
2024-01-02T05:13:00Z,fourier-demo,-2.280377926982,0.262950000000,0.435463735639,-0.900206273552
2024-01-02T05:14:00Z,fourier-demo,-2.394629026513,0.263100000000,0.434081311816,-0.900873695216
2024-01-02T05:15:00Z,fourier-demo,-2.464811727670,0.263250000000,0.432697865059,-0.901538993928
2024-01-02T05:16:00Z,fourier-demo,-2.485527277396,0.263400000000,0.431313398630,-0.902202168121
2024-01-02T05:17:00Z,fourier-demo,-2.452924096919,0.263550000000,0.429927915790,-0.902863216232
2024-01-02T05:18:00Z,fourier-demo,-2.364880127113,0.263700000000,0.428541419804,-0.903522136703
2024-01-02T05:19:00Z,fourier-demo,-2.221120722469,0.263850000000,0.427153913940,-0.904178927981
2024-01-02T05:20:00Z,fourier-demo,-2.023266856070,0.264000000000,0.425765401468,-0.904833588519
2024-01-02T05:21:00Z,fourier-demo,-1.774811151642,0.264150000000,0.424375885660,-0.905486116774
2024-01-02T05:22:00Z,fourier-demo,-1.481022122224,0.264300000000,0.422985369790,-0.906136511208
2024-01-02T05:23:00Z,fourier-demo,-1.148779852527,0.264450000000,0.421593857135,-0.906784770288
2024-01-02T05:24:00Z,fourier-demo,-0.786349098175,0.264600000000,0.420201350973,-0.907430892487
2024-01-02T05:25:00Z,fourier-demo,-0.403098278926,0.264750000000,0.418807854588,-0.908074876282
2024-01-02T05:26:00Z,fourier-demo,-0.009175013217,0.264900000000,0.417413371262,-0.908716720156
2024-01-02T05:27:00Z,fourier-demo,0.384849410148,0.265050000000,0.416017904282,-0.909356422596
2024-01-02T05:28:00Z,fourier-demo,0.768352971558,0.265200000000,0.414621456935,-0.909993982095
2024-01-02T05:29:00Z,fourier-demo,1.131038907918,0.265350000000,0.413224032514,-0.910629397149
2024-01-02T05:30:00Z,fourier-demo,1.463300245288,0.265500000000,0.411825634311,-0.911262666263
2024-01-02T05:31:00Z,fourier-demo,1.756558814284,0.265650000000,0.410426265621,-0.911893787943
2024-01-02T05:32:00Z,fourier-demo,2.003565686961,0.265800000000,0.409025929742,-0.912522760702
2024-01-02T05:33:00Z,fourier-demo,2.198651496152,0.265950000000,0.407624629974,-0.913149583058
2024-01-02T05:34:00Z,fourier-demo,2.337917080237,0.266100000000,0.406222369620,-0.913774253533
2024-01-02T05:35:00Z,fourier-demo,2.419357258063,0.266250000000,0.404819151983,-0.914396770657
2024-01-02T05:36:00Z,fourier-demo,2.442913184878,0.266400000000,0.403414980371,-0.915017132961
2024-01-02T05:37:00Z,fourier-demo,2.410451563969,0.266550000000,0.402009858092,-0.915635338984
2024-01-02T05:38:00Z,fourier-demo,2.325671876284,0.266700000000,0.400603788458,-0.916251387269
2024-01-02T05:39:00Z,fourier-demo,2.193945625250,0.266850000000,0.399196774783,-0.916865276365
2024-01-02T05:40:00Z,fourier-demo,2.022094262191,0.267000000000,0.397788820381,-0.917477004823
2024-01-02T05:41:00Z,fourier-demo,1.818114851842,0.267150000000,0.396379928571,-0.918086571204
2024-01-02T05:42:00Z,fourier-demo,1.590864561538,0.267300000000,0.394970102673,-0.918693974071
2024-01-02T05:43:00Z,fourier-demo,1.349716630692,0.267450000000,0.393559346009,-0.919299211992
2024-01-02T05:44:00Z,fourier-demo,1.104201536838,0.267600000000,0.392147661904,-0.919902283540
2024-01-02T05:45:00Z,fourier-demo,0.863647579106,0.267750000000,0.390735053685,-0.920503187296
2024-01-02T05:46:00Z,fourier-demo,0.636835030732,0.267900000000,0.389321524680,-0.921101921842
2024-01-02T05:47:00Z,fourier-demo,0.431677373332,0.268050000000,0.387907078220,-0.921698485768
2024-01-02T05:48:00Z,fourier-demo,0.254941944921,0.268200000000,0.386491717639,-0.922292877668
2024-01-02T05:49:00Z,fourier-demo,0.112020660408,0.268350000000,0.385075446272,-0.922885096141
2024-01-02T05:50:00Z,fourier-demo,0.006759367159,0.268500000000,0.383658267456,-0.923475139791
2024-01-02T05:51:00Z,fourier-demo,-0.058648034284,0.268650000000,0.382240184532,-0.924063007229
2024-01-02T05:52:00Z,fourier-demo,-0.083697243051,0.268800000000,0.380821200841,-0.924648697068
2024-01-02T05:53:00Z,fourier-demo,-0.069542318656,0.268950000000,0.379401319726,-0.925232207930
2024-01-02T05:54:00Z,fourier-demo,-0.018897691757,0.269100000000,0.377980544534,-0.925813538437
2024-01-02T05:55:00Z,fourier-demo,0.064121727246,0.269250000000,0.376558878613,-0.926392687222
2024-01-02T05:56:00Z,fourier-demo,0.174215001035,0.269400000000,0.375136325313,-0.926969652918
2024-01-02T05:57:00Z,fourier-demo,0.305154659701,0.269550000000,0.373712887987,-0.927544434166
2024-01-02T05:58:00Z,fourier-demo,0.450079939638,0.269700000000,0.372288569989,-0.928117029612
2024-01-02T05:59:00Z,fourier-demo,0.601811166564,0.269850000000,0.370863374675,-0.928687437906
2024-01-02T06:00:00Z,fourier-demo,0.753171904377,0.270000000000,0.369437305404,-0.929255657705
2024-01-02T06:01:00Z,fourier-demo,0.897305269446,0.270150000000,0.368010365537,-0.929821687668
2024-01-02T06:02:00Z,fourier-demo,1.027971151084,0.270300000000,0.366582558435,-0.930385526463
2024-01-02T06:03:00Z,fourier-demo,1.139811967525,0.270450000000,0.365153887465,-0.930947172760
2024-01-02T06:04:00Z,fourier-demo,1.228575984421,0.270600000000,0.363724355992,-0.931506625236
2024-01-02T06:05:00Z,fourier-demo,1.291289070602,0.270750000000,0.362293967385,-0.932063882573
2024-01-02T06:06:00Z,fourier-demo,1.326367985938,0.270900000000,0.360862725016,-0.932618943457
2024-01-02T06:07:00Z,fourier-demo,1.333670795897,0.271050000000,0.359430632256,-0.933171806580
2024-01-02T06:08:00Z,fourier-demo,1.314482682504,0.271200000000,0.357997692482,-0.933722470640
2024-01-02T06:09:00Z,fourier-demo,1.271438160712,0.271350000000,0.356563909068,-0.934270934339
2024-01-02T06:10:00Z,fourier-demo,1.208383398829,0.271500000000,0.355129285395,-0.934817196384
2024-01-02T06:11:00Z,fourier-demo,1.130184870071,0.271650000000,0.353693824844,-0.935361255488
2024-01-02T06:12:00Z,fourier-demo,1.042492824692,0.271800000000,0.352257530795,-0.935903110369
2024-01-02T06:13:00Z,fourier-demo,0.951469974780,0.271950000000,0.350820406636,-0.936442759750
2024-01-02T06:14:00Z,fourier-demo,0.863497247927,0.272100000000,0.349382455751,-0.936980202359
2024-01-02T06:15:00Z,fourier-demo,0.784869430981,0.272250000000,0.347943681530,-0.937515436931
2024-01-02T06:16:00Z,fourier-demo,0.721493951174,0.272400000000,0.346504087364,-0.938048462202
2024-01-02T06:17:00Z,fourier-demo,0.678605911325,0.272550000000,0.345063676644,-0.938579276919
2024-01-02T06:18:00Z,fourier-demo,0.660511814252,0.272700000000,0.343622452765,-0.939107879828
2024-01-02T06:19:00Z,fourier-demo,0.670373207019,0.272850000000,0.342180419124,-0.939634269686
2024-01-02T06:20:00Z,fourier-demo,0.710039798349,0.273000000000,0.340737579118,-0.940158445251
2024-01-02T06:21:00Z,fourier-demo,0.779939521798,0.273150000000,0.339293936148,-0.940680405288
2024-01-02T06:22:00Z,fourier-demo,0.879030619463,0.273300000000,0.337849493616,-0.941200148568
2024-01-02T06:23:00Z,fourier-demo,1.004818205492,0.273450000000,0.336404254925,-0.941717673864
2024-01-02T06:24:00Z,fourier-demo,1.153435044009,0.273600000000,0.334958223482,-0.942232979958
2024-01-02T06:25:00Z,fourier-demo,1.319783555366,0.273750000000,0.333511402695,-0.942746065636
2024-01-02T06:26:00Z,fourier-demo,1.497733461019,0.273900000000,0.332063795971,-0.943256929688
2024-01-02T06:27:00Z,fourier-demo,1.680367099192,0.274050000000,0.330615406724,-0.943765570911
2024-01-02T06:28:00Z,fourier-demo,1.860262389982,0.274200000000,0.329166238366,-0.944271988105
2024-01-02T06:29:00Z,fourier-demo,2.029801785751,0.274350000000,0.327716294312,-0.944776180078
2024-01-02T06:30:00Z,fourier-demo,2.181494379481,0.274500000000,0.326265577979,-0.945278145641
2024-01-02T06:31:00Z,fourier-demo,2.308297709877,0.274650000000,0.324814092786,-0.945777883611
2024-01-02T06:32:00Z,fourier-demo,2.403925724900,0.274800000000,0.323361842153,-0.946275392811
2024-01-02T06:33:00Z,fourier-demo,2.463129850021,0.274950000000,0.321908829502,-0.946770672068
2024-01-02T06:34:00Z,fourier-demo,2.481941135330,0.275100000000,0.320455058259,-0.947263720215
2024-01-02T06:35:00Z,fourier-demo,2.457862986113,0.275250000000,0.319000531847,-0.947754536091
2024-01-02T06:36:00Z,fourier-demo,2.390005952902,0.275400000000,0.317545253696,-0.948243118538
2024-01-02T06:37:00Z,fourier-demo,2.279158389728,0.275550000000,0.316089227235,-0.948729466406
2024-01-02T06:38:00Z,fourier-demo,2.127789388380,0.275700000000,0.314632455894,-0.949213578547
2024-01-02T06:39:00Z,fourier-demo,1.939983156098,0.275850000000,0.313174943107,-0.949695453822
2024-01-02T06:40:00Z,fourier-demo,1.721306811397,0.276000000000,0.311716692308,-0.950175091095
2024-01-02T06:41:00Z,fourier-demo,1.478616312774,0.276150000000,0.310257706934,-0.950652489235
2024-01-02T06:42:00Z,fourier-demo,1.219807795384,0.276300000000,0.308797990424,-0.951127647117
2024-01-02T06:43:00Z,fourier-demo,0.953523865972,0.276450000000,0.307337546216,-0.951600563622
2024-01-02T06:44:00Z,fourier-demo,0.688826302618,0.276600000000,0.305876377753,-0.952071237636
2024-01-02T06:45:00Z,fourier-demo,0.434848044458,0.276750000000,0.304414488477,-0.952539668048
2024-01-02T06:46:00Z,fourier-demo,0.200438277445,0.276900000000,0.302951881835,-0.953005853756
2024-01-02T06:47:00Z,fourier-demo,-0.006185213630,0.277050000000,0.301488561272,-0.953469793660
2024-01-02T06:48:00Z,fourier-demo,-0.177762465748,0.277200000000,0.300024530236,-0.953931486668
2024-01-02T06:49:00Z,fourier-demo,-0.308283345189,0.277350000000,0.298559792179,-0.954390931691
2024-01-02T06:50:00Z,fourier-demo,-0.393233267999,0.277500000000,0.297094350552,-0.954848127647
2024-01-02T06:51:00Z,fourier-demo,-0.429782555545,0.277650000000,0.295628208808,-0.955303073457
2024-01-02T06:52:00Z,fourier-demo,-0.416911556297,0.277800000000,0.294161370402,-0.955755768051
2024-01-02T06:53:00Z,fourier-demo,-0.355466197998,0.277950000000,0.292693838791,-0.956206210362
2024-01-02T06:54:00Z,fourier-demo,-0.248141389824,0.278100000000,0.291225617432,-0.956654399327
2024-01-02T06:55:00Z,fourier-demo,-0.099392560709,0.278250000000,0.289756709787,-0.957100333890
2024-01-02T06:56:00Z,fourier-demo,0.084721517827,0.278400000000,0.288287119317,-0.957544013002
2024-01-02T06:57:00Z,fourier-demo,0.296758734055,0.278550000000,0.286816849484,-0.957985435616
2024-01-02T06:58:00Z,fourier-demo,0.528168062316,0.278700000000,0.285345903754,-0.958424600692
2024-01-02T06:59:00Z,fourier-demo,0.769607833658,0.278850000000,0.283874285593,-0.958861507194
2024-01-02T07:00:00Z,fourier-demo,1.011295513769,0.279000000000,0.282401998468,-0.959296154095
2024-01-02T07:01:00Z,fourier-demo,1.243375385822,0.279150000000,0.280929045850,-0.959728540368
2024-01-02T07:02:00Z,fourier-demo,1.456289813758,0.279300000000,0.279455431209,-0.960158664996
2024-01-02T07:03:00Z,fourier-demo,1.641139612144,0.279450000000,0.277981158019,-0.960586526965
2024-01-02T07:04:00Z,fourier-demo,1.790019478089,0.279600000000,0.276506229752,-0.961012125266
2024-01-02T07:05:00Z,fourier-demo,1.896315431386,0.279750000000,0.275030649886,-0.961435458896
2024-01-02T07:06:00Z,fourier-demo,1.954952721151,0.279900000000,0.273554421897,-0.961856526859
2024-01-02T07:07:00Z,fourier-demo,1.962584629347,0.280050000000,0.272077549263,-0.962275328161
2024-01-02T07:08:00Z,fourier-demo,1.917714954159,0.280200000000,0.270600035467,-0.962691861815
2024-01-02T07:09:00Z,fourier-demo,1.820749593900,0.280350000000,0.269121883988,-0.963106126841
2024-01-02T07:10:00Z,fourier-demo,1.673975468430,0.280500000000,0.267643098311,-0.963518122262
2024-01-02T07:11:00Z,fourier-demo,1.481467896141,0.280650000000,0.266163681921,-0.963927847106
2024-01-02T07:12:00Z,fourier-demo,1.248930374187,0.280800000000,0.264683638303,-0.964335300409
2024-01-02T07:13:00Z,fourier-demo,0.983473373606,0.280950000000,0.263202970945,-0.964740481210
2024-01-02T07:14:00Z,fourier-demo,0.693341152243,0.281100000000,0.261721683338,-0.965143388555
2024-01-02T07:15:00Z,fourier-demo,0.387597610812,0.281250000000,0.260239778970,-0.965544021493
2024-01-02T07:16:00Z,fourier-demo,0.075783790217,0.281400000000,0.258757261336,-0.965942379082
2024-01-02T07:17:00Z,fourier-demo,-0.232439331161,0.281550000000,0.257274133928,-0.966338460381
2024-01-02T07:18:00Z,fourier-demo,-0.527648574676,0.281700000000,0.255790400241,-0.966732264458
2024-01-02T07:19:00Z,fourier-demo,-0.801002733518,0.281850000000,0.254306063772,-0.967123790385
2024-01-02T07:20:00Z,fourier-demo,-1.044559714507,0.282000000000,0.252821128018,-0.967513037239
2024-01-02T07:21:00Z,fourier-demo,-1.251554359767,0.282150000000,0.251335596480,-0.967900004103
2024-01-02T07:22:00Z,fourier-demo,-1.416626325453,0.282300000000,0.249849472657,-0.968284690064
2024-01-02T07:23:00Z,fourier-demo,-1.535989483944,0.282450000000,0.248362760053,-0.968667094217
2024-01-02T07:24:00Z,fourier-demo,-1.607536740968,0.282600000000,0.246875462169,-0.969047215660
2024-01-02T07:25:00Z,fourier-demo,-1.630876820119,0.282750000000,0.245387582512,-0.969425053498
2024-01-02T07:26:00Z,fourier-demo,-1.607302354772,0.282900000000,0.243899124588,-0.969800606839
2024-01-02T07:27:00Z,fourier-demo,-1.539691427289,0.283050000000,0.242410091904,-0.970173874799
2024-01-02T07:28:00Z,fourier-demo,-1.432347393115,0.283200000000,0.240920487969,-0.970544856499
2024-01-02T07:29:00Z,fourier-demo,-1.290784312787,0.283350000000,0.239430316293,-0.970913551064
2024-01-02T07:30:00Z,fourier-demo,-1.121467487000,0.283500000000,0.237939580389,-0.971279957625
2024-01-02T07:31:00Z,fourier-demo,-0.931520360476,0.283650000000,0.236448283768,-0.971644075319
2024-01-02T07:32:00Z,fourier-demo,-0.728410358293,0.283800000000,0.234956429946,-0.972005903288
2024-01-02T07:33:00Z,fourier-demo,-0.519626991450,0.283950000000,0.233464022439,-0.972365440679
2024-01-02T07:34:00Z,fourier-demo,-0.312365786907,0.284100000000,0.231971064762,-0.972722686645
2024-01-02T07:35:00Z,fourier-demo,-0.113231253576,0.284250000000,0.230477560434,-0.973077640343
2024-01-02T07:36:00Z,fourier-demo,0.072028794205,0.284400000000,0.228983512975,-0.973430300939
2024-01-02T07:37:00Z,fourier-demo,0.238746632075,0.284550000000,0.227488925906,-0.973780667599
2024-01-02T07:38:00Z,fourier-demo,0.383506662966,0.284700000000,0.225993802748,-0.974128739500
2024-01-02T07:39:00Z,fourier-demo,0.504259237211,0.284850000000,0.224498147025,-0.974474515820
2024-01-02T07:40:00Z,fourier-demo,0.600371892587,0.285000000000,0.223001962262,-0.974817995745
2024-01-02T07:41:00Z,fourier-demo,0.672616321970,0.285150000000,0.221505251984,-0.975159178465
2024-01-02T07:42:00Z,fourier-demo,0.723092109911,0.285300000000,0.220008019718,-0.975498063176
2024-01-02T07:43:00Z,fourier-demo,0.755090962455,0.285450000000,0.218510268993,-0.975834649080
2024-01-02T07:44:00Z,fourier-demo,0.772907675515,0.285600000000,0.217012003338,-0.976168935383
2024-01-02T07:45:00Z,fourier-demo,0.781606341299,0.285750000000,0.215513226284,-0.976500921298
2024-01-02T07:46:00Z,fourier-demo,0.786752186264,0.285900000000,0.214013941363,-0.976830606043
2024-01-02T07:47:00Z,fourier-demo,0.794120889076,0.286050000000,0.212514152108,-0.977157988840
2024-01-02T07:48:00Z,fourier-demo,0.809398182788,0.286200000000,0.211013862054,-0.977483068918
2024-01-02T07:49:00Z,fourier-demo,0.837882962183,0.286350000000,0.209513074735,-0.977805845511
2024-01-02T07:50:00Z,fourier-demo,0.884206977536,0.286500000000,0.208011793689,-0.978126317858
2024-01-02T07:51:00Z,fourier-demo,0.952083505602,0.286650000000,0.206510022453,-0.978444485204
2024-01-02T07:52:00Z,fourier-demo,1.044096175914,0.286800000000,0.205007764567,-0.978760346800
2024-01-02T07:53:00Z,fourier-demo,1.161537445516,0.286950000000,0.203505023570,-0.979073901900
2024-01-02T07:54:00Z,fourier-demo,1.304304127835,0.287100000000,0.202001803004,-0.979385149767
2024-01-02T07:55:00Z,fourier-demo,1.470854977802,0.287250000000,0.200498106411,-0.979694089666
2024-01-02T07:56:00Z,fourier-demo,1.658232715267,0.287400000000,0.198993937334,-0.980000720869
2024-01-02T07:57:00Z,fourier-demo,1.862150140693,0.287550000000,0.197489299319,-0.980305042655
2024-01-02T07:58:00Z,fourier-demo,2.077137274447,0.287700000000,0.195984195912,-0.980607054305
2024-01-02T07:59:00Z,fourier-demo,2.296743846758,0.287850000000,0.194478630658,-0.980906755108
2024-01-02T08:00:00Z,fourier-demo,2.513789088118,0.288000000000,0.192972607106,-0.981204144359
2024-01-02T08:01:00Z,fourier-demo,2.720648718703,0.288150000000,0.191466128805,-0.981499221355
2024-01-02T08:02:00Z,fourier-demo,2.909567396324,0.288300000000,0.189959199305,-0.981791985402
2024-01-02T08:03:00Z,fourier-demo,3.072983724466,0.288450000000,0.188451822157,-0.982082435810
2024-01-02T08:04:00Z,fourier-demo,3.203854294579,0.288600000000,0.186944000914,-0.982370571893
2024-01-02T08:05:00Z,fourier-demo,3.295963167527,0.288750000000,0.185435739128,-0.982656392975
2024-01-02T08:06:00Z,fourier-demo,3.344203692672,0.288900000000,0.183927040354,-0.982939898380
2024-01-02T08:07:00Z,fourier-demo,3.344820600938,0.289050000000,0.182417908148,-0.983221087440
2024-01-02T08:08:00Z,fourier-demo,3.295601849549,0.289200000000,0.180908346065,-0.983499959494
2024-01-02T08:09:00Z,fourier-demo,3.196011679149,0.289350000000,0.179398357662,-0.983776513883
2024-01-02T08:10:00Z,fourier-demo,3.047258688863,0.289500000000,0.177887946500,-0.984050749957
2024-01-02T08:11:00Z,fourier-demo,2.852295346377,0.289650000000,0.176377116135,-0.984322667068
2024-01-02T08:12:00Z,fourier-demo,2.615748122375,0.289800000000,0.174865870130,-0.984592264576
2024-01-02T08:13:00Z,fourier-demo,2.343780258399,0.289950000000,0.173354212045,-0.984859541847
2024-01-02T08:14:00Z,fourier-demo,2.043891929564,0.290100000000,0.171842145443,-0.985124498249
2024-01-02T08:15:00Z,fourier-demo,1.724665135542,0.290250000000,0.170329673886,-0.985387133158
2024-01-02T08:16:00Z,fourier-demo,1.395462939576,0.290400000000,0.168816800940,-0.985647445956
2024-01-02T08:17:00Z,fourier-demo,1.066094581650,0.290550000000,0.167303530169,-0.985905436030
2024-01-02T08:18:00Z,fourier-demo,0.746459439691,0.290700000000,0.165789865139,-0.986161102770
2024-01-02T08:19:00Z,fourier-demo,0.446183741498,0.290850000000,0.164275809417,-0.986414445576
2024-01-02T08:20:00Z,fourier-demo,0.174264300719,0.291000000000,0.162761366572,-0.986665463849
2024-01-02T08:21:00Z,fourier-demo,-0.061266653795,0.291150000000,0.161246540172,-0.986914156998
2024-01-02T08:22:00Z,fourier-demo,-0.253642257902,0.291300000000,0.159731333787,-0.987160524437
2024-01-02T08:23:00Z,fourier-demo,-0.397615413853,0.291450000000,0.158215750987,-0.987404565586
2024-01-02T08:24:00Z,fourier-demo,-0.489656622307,0.291600000000,0.156699795344,-0.987646279869
2024-01-02T08:25:00Z,fourier-demo,-0.528087263727,0.291750000000,0.155183470431,-0.987885666717
2024-01-02T08:26:00Z,fourier-demo,-0.513142884575,0.291900000000,0.153666779821,-0.988122725566
2024-01-02T08:27:00Z,fourier-demo,-0.446963804045,0.292050000000,0.152149727088,-0.988357455856
2024-01-02T08:28:00Z,fourier-demo,-0.333513230203,0.292200000000,0.150632315806,-0.988589857036
2024-01-02T08:29:00Z,fourier-demo,-0.178425944556,0.292350000000,0.149114549553,-0.988819928557
2024-01-02T08:30:00Z,fourier-demo,0.011206634526,0.292500000000,0.147596431904,-0.989047669877
2024-01-02T08:31:00Z,fourier-demo,0.227106677542,0.292650000000,0.146077966437,-0.989273080459
2024-01-02T08:32:00Z,fourier-demo,0.460124936686,0.292800000000,0.144559156730,-0.989496159773
2024-01-02T08:33:00Z,fourier-demo,0.700588213700,0.292950000000,0.143040006363,-0.989716907292
2024-01-02T08:34:00Z,fourier-demo,0.938665731963,0.293100000000,0.141520518916,-0.989935322496
2024-01-02T08:35:00Z,fourier-demo,1.164740106174,0.293250000000,0.140000697968,-0.990151404871
2024-01-02T08:36:00Z,fourier-demo,1.369768439521,0.293400000000,0.138480547103,-0.990365153907
2024-01-02T08:37:00Z,fourier-demo,1.545619493399,0.293550000000,0.136960069901,-0.990576569101
2024-01-02T08:38:00Z,fourier-demo,1.685373851509,0.293700000000,0.135439269947,-0.990785649955
2024-01-02T08:39:00Z,fourier-demo,1.783575498587,0.293850000000,0.133918150823,-0.990992395975
2024-01-02T08:40:00Z,fourier-demo,1.836425193225,0.294000000000,0.132396716115,-0.991196806675
2024-01-02T08:41:00Z,fourier-demo,1.841908354541,0.294150000000,0.130874969408,-0.991398881572
2024-01-02T08:42:00Z,fourier-demo,1.799852808968,0.294300000000,0.129352914288,-0.991598620191
2024-01-02T08:43:00Z,fourier-demo,1.711914549664,0.294450000000,0.127830554341,-0.991796022061
2024-01-02T08:44:00Z,fourier-demo,1.581492533351,0.294600000000,0.126307893156,-0.991991086717
2024-01-02T08:45:00Z,fourier-demo,1.413576361689,0.294750000000,0.124784934320,-0.992183813699
2024-01-02T08:46:00Z,fourier-demo,1.214533352474,0.294900000000,0.123261681423,-0.992374202553
2024-01-02T08:47:00Z,fourier-demo,0.991843893070,0.295050000000,0.121738138053,-0.992562252830
2024-01-02T08:48:00Z,fourier-demo,0.753795988453,0.295200000000,0.120214307802,-0.992747964087
2024-01-02T08:49:00Z,fourier-demo,0.509151488223,0.295350000000,0.118690194261,-0.992931335887
2024-01-02T08:50:00Z,fourier-demo,0.266797538533,0.295500000000,0.117165801020,-0.993112367797
2024-01-02T08:51:00Z,fourier-demo,0.035397314279,0.295650000000,0.115641131672,-0.993291059391
2024-01-02T08:52:00Z,fourier-demo,-0.176945974751,0.295800000000,0.114116189811,-0.993467410247
2024-01-02T08:53:00Z,fourier-demo,-0.362998438721,0.295950000000,0.112590979030,-0.993641419950
2024-01-02T08:54:00Z,fourier-demo,-0.516666026718,0.296100000000,0.111065502922,-0.993813088091
2024-01-02T08:55:00Z,fourier-demo,-0.633215671442,0.296250000000,0.109539765083,-0.993982414264
2024-01-02T08:56:00Z,fourier-demo,-0.709438600818,0.296400000000,0.108013769109,-0.994149398070
2024-01-02T08:57:00Z,fourier-demo,-0.743749772139,0.296550000000,0.106487518595,-0.994314039116
2024-01-02T08:58:00Z,fourier-demo,-0.736220033932,0.296700000000,0.104961017139,-0.994476337014
2024-01-02T08:59:00Z,fourier-demo,-0.688540396241,0.296850000000,0.103434268336,-0.994636291382
2024-01-02T09:00:00Z,fourier-demo,-0.603920577524,0.297000000000,0.101907275786,-0.994793901842
2024-01-02T09:01:00Z,fourier-demo,-0.486926681413,0.297150000000,0.100380043087,-0.994949168023
2024-01-02T09:02:00Z,fourier-demo,-0.343265329480,0.297300000000,0.098852573837,-0.995102089560
2024-01-02T09:03:00Z,fourier-demo,-0.179523735848,0.297450000000,0.097324871637,-0.995252666091
2024-01-02T09:04:00Z,fourier-demo,-0.002876968246,0.297600000000,0.095796940086,-0.995400897262
2024-01-02T09:05:00Z,fourier-demo,0.179225073406,0.297750000000,0.094268782785,-0.995546782724
2024-01-02T09:06:00Z,fourier-demo,0.359377667086,0.297900000000,0.092740403335,-0.995690322133
2024-01-02T09:07:00Z,fourier-demo,0.530534764812,0.298050000000,0.091211805338,-0.995831515151
2024-01-02T09:08:00Z,fourier-demo,0.686302824421,0.298200000000,0.089682992396,-0.995970361444
2024-01-02T09:09:00Z,fourier-demo,0.821202723727,0.298350000000,0.088153968112,-0.996106860686
2024-01-02T09:10:00Z,fourier-demo,0.930888907656,0.298500000000,0.086624736088,-0.996241012556
2024-01-02T09:11:00Z,fourier-demo,1.012316770121,0.298650000000,0.085095299930,-0.996372816736
2024-01-02T09:12:00Z,fourier-demo,1.063851493348,0.298800000000,0.083565663240,-0.996502272916
2024-01-02T09:13:00Z,fourier-demo,1.085314065203,0.298950000000,0.082035829624,-0.996629380792
2024-01-02T09:14:00Z,fourier-demo,1.077962865792,0.299100000000,0.080505802687,-0.996754140064
2024-01-02T09:15:00Z,fourier-demo,1.044411946907,0.299250000000,0.078975586034,-0.996876550437
2024-01-02T09:16:00Z,fourier-demo,0.988489808252,0.299400000000,0.077445183271,-0.996996611623
2024-01-02T09:17:00Z,fourier-demo,0.915044991371,0.299550000000,0.075914598005,-0.997114323340
2024-01-02T09:18:00Z,fourier-demo,0.829707061242,0.299700000000,0.074383833842,-0.997229685310
2024-01-02T09:19:00Z,fourier-demo,0.738613433169,0.299850000000,0.072852894391,-0.997342697261
2024-01-02T09:20:00Z,fourier-demo,0.648113950414,0.300000000000,0.071321783258,-0.997453358926
2024-01-02T09:21:00Z,fourier-demo,0.564466065784,0.300150000000,0.069790504052,-0.997561670046
2024-01-02T09:22:00Z,fourier-demo,0.493533888451,0.300300000000,0.068259060382,-0.997667630364
2024-01-02T09:23:00Z,fourier-demo,0.440504208568,0.300450000000,0.066727455856,-0.997771239631
2024-01-02T09:24:00Z,fourier-demo,0.409631912466,0.300600000000,0.065195694083,-0.997872497603
2024-01-02T09:25:00Z,fourier-demo,0.404025979088,0.300750000000,0.063663778674,-0.997971404042
2024-01-02T09:26:00Z,fourier-demo,0.425485554059,0.300900000000,0.062131713238,-0.998067958713
2024-01-02T09:27:00Z,fourier-demo,0.474393501373,0.301050000000,0.060599501385,-0.998162161391
2024-01-02T09:28:00Z,fourier-demo,0.549672420539,0.301200000000,0.059067146727,-0.998254011851
2024-01-02T09:29:00Z,fourier-demo,0.648805488986,0.301350000000,0.057534652875,-0.998343509880
2024-01-02T09:30:00Z,fourier-demo,0.767921754366,0.301500000000,0.056002023439,-0.998430655264
2024-01-02T09:31:00Z,fourier-demo,0.901942772406,0.301650000000,0.054469262032,-0.998515447799
2024-01-02T09:32:00Z,fourier-demo,1.044784876460,0.301800000000,0.052936372266,-0.998597887286
2024-01-02T09:33:00Z,fourier-demo,1.189608983478,0.301950000000,0.051403357752,-0.998677973529
2024-01-02T09:34:00Z,fourier-demo,1.329107786891,0.302100000000,0.049870222104,-0.998755706340
2024-01-02T09:35:00Z,fourier-demo,1.455818546086,0.302250000000,0.048336968935,-0.998831085537
2024-01-02T09:36:00Z,fourier-demo,1.562448523628,0.302400000000,0.046803601857,-0.998904110940
2024-01-02T09:37:00Z,fourier-demo,1.642199494711,0.302550000000,0.045270124484,-0.998974782379
2024-01-02T09:38:00Z,fourier-demo,1.689077685927,0.302700000000,0.043736540430,-0.999043099686
2024-01-02T09:39:00Z,fourier-demo,1.698175997074,0.302850000000,0.042202853309,-0.999109062702
2024-01-02T09:40:00Z,fourier-demo,1.665916401724,0.303000000000,0.040669066735,-0.999172671269
2024-01-02T09:41:00Z,fourier-demo,1.590241968689,0.303150000000,0.039135184322,-0.999233925239
2024-01-02T09:42:00Z,fourier-demo,1.470749935556,0.303300000000,0.037601209686,-0.999292824466
2024-01-02T09:43:00Z,fourier-demo,1.308759616968,0.303450000000,0.036067146440,-0.999349368813
2024-01-02T09:44:00Z,fourier-demo,1.107311549184,0.303600000000,0.034532998200,-0.999403558146
2024-01-02T09:45:00Z,fourier-demo,0.871097052373,0.303750000000,0.032998768582,-0.999455392337
2024-01-02T09:46:00Z,fourier-demo,0.606320219854,0.303900000000,0.031464461201,-0.999504871264
2024-01-02T09:47:00Z,fourier-demo,0.320497103868,0.304050000000,0.029930079672,-0.999551994811
2024-01-02T09:48:00Z,fourier-demo,0.022199447475,0.304200000000,0.028395627611,-0.999596762866
2024-01-02T09:49:00Z,fourier-demo,-0.279247393853,0.304350000000,0.026861108635,-0.999639175324
2024-01-02T09:50:00Z,fourier-demo,-0.574100783650,0.304500000000,0.025326526359,-0.999679232085
2024-01-02T09:51:00Z,fourier-demo,-0.852558377248,0.304650000000,0.023791884400,-0.999716933055
2024-01-02T09:52:00Z,fourier-demo,-1.105122989525,0.304800000000,0.022257186375,-0.999752278144
2024-01-02T09:53:00Z,fourier-demo,-1.322960435511,0.304950000000,0.020722435899,-0.999785267270
2024-01-02T09:54:00Z,fourier-demo,-1.498236221779,0.305100000000,0.019187636590,-0.999815900355
2024-01-02T09:55:00Z,fourier-demo,-1.624417735515,0.305250000000,0.017652792064,-0.999844177326
2024-01-02T09:56:00Z,fourier-demo,-1.696529886362,0.305400000000,0.016117905939,-0.999870098117
2024-01-02T09:57:00Z,fourier-demo,-1.711353951668,0.305550000000,0.014582981831,-0.999893662667
2024-01-02T09:58:00Z,fourier-demo,-1.667561587056,0.305700000000,0.013048023358,-0.999914870920
2024-01-02T09:59:00Z,fourier-demo,-1.565778502720,0.305850000000,0.011513034136,-0.999933722826
2024-01-02T10:00:00Z,fourier-demo,-1.408575069514,0.306000000000,0.009978017784,-0.999950218341
2024-01-02T10:01:00Z,fourier-demo,-1.200383996660,0.306150000000,0.008442977917,-0.999964357427
2024-01-02T10:02:00Z,fourier-demo,-0.947348098817,0.306300000000,0.006907918155,-0.999976140049
2024-01-02T10:03:00Z,fourier-demo,-0.657103928526,0.306450000000,0.005372842113,-0.999985566180
2024-01-02T10:04:00Z,fourier-demo,-0.338509579479,0.306600000000,0.003837753410,-0.999992635797
2024-01-02T10:05:00Z,fourier-demo,-0.001327164769,0.306750000000,0.002302655664,-0.999997348885
2024-01-02T10:06:00Z,fourier-demo,0.344127746294,0.306900000000,0.000767552491,-0.999999705432
2024-01-02T10:07:00Z,fourier-demo,0.687356160580,0.307050000000,-0.000767552491,-0.999999705432
2024-01-02T10:08:00Z,fourier-demo,1.018050844410,0.307200000000,-0.002302655664,-0.999997348885
2024-01-02T10:09:00Z,fourier-demo,1.326462165416,0.307350000000,-0.003837753410,-0.999992635797
2024-01-02T10:10:00Z,fourier-demo,1.603740505473,0.307500000000,-0.005372842113,-0.999985566180
2024-01-02T10:11:00Z,fourier-demo,1.842242123660,0.307650000000,-0.006907918155,-0.999976140049
2024-01-02T10:12:00Z,fourier-demo,2.035786836860,0.307800000000,-0.008442977917,-0.999964357427
2024-01-02T10:13:00Z,fourier-demo,2.179857835524,0.307950000000,-0.009978017784,-0.999950218341
2024-01-02T10:14:00Z,fourier-demo,2.271736283940,0.308100000000,-0.011513034136,-0.999933722826
2024-01-02T10:15:00Z,fourier-demo,2.310565973353,0.308250000000,-0.013048023358,-0.999914870920
2024-01-02T10:16:00Z,fourier-demo,2.297346095999,0.308400000000,-0.014582981831,-0.999893662667
2024-01-02T10:17:00Z,fourier-demo,2.234853075243,0.308550000000,-0.016117905939,-0.999870098117
2024-01-02T10:18:00Z,fourier-demo,2.127495205365,0.308700000000,-0.017652792064,-0.999844177326
2024-01-02T10:19:00Z,fourier-demo,1.981106510325,0.308850000000,-0.019187636590,-0.999815900355
2024-01-02T10:20:00Z,fourier-demo,1.802688616962,0.309000000000,-0.020722435899,-0.999785267270
2024-01-02T10:21:00Z,fourier-demo,1.600111458682,0.309150000000,-0.022257186375,-0.999752278144
2024-01-02T10:22:00Z,fourier-demo,1.381785199873,0.309300000000,-0.023791884400,-0.999716933055
2024-01-02T10:23:00Z,fourier-demo,1.156316836570,0.309450000000,-0.025326526359,-0.999679232085
2024-01-02T10:24:00Z,fourier-demo,0.932165443632,0.309600000000,-0.026861108635,-0.999639175324
2024-01-02T10:25:00Z,fourier-demo,0.717309983733,0.309750000000,-0.028395627611,-0.999596762866
2024-01-02T10:26:00Z,fourier-demo,0.518942973000,0.309900000000,-0.029930079672,-0.999551994811
2024-01-02T10:27:00Z,fourier-demo,0.343202139311,0.310050000000,-0.031464461201,-0.999504871264
2024-01-02T10:28:00Z,fourier-demo,0.194950561359,0.310200000000,-0.032998768582,-0.999455392337
2024-01-02T10:29:00Z,fourier-demo,0.077613708488,0.310350000000,-0.034532998200,-0.999403558146
2024-01-02T10:30:00Z,fourier-demo,-0.006920600791,0.310500000000,-0.036067146440,-0.999349368813
2024-01-02T10:31:00Z,fourier-demo,-0.058335940322,0.310650000000,-0.037601209686,-0.999292824466
2024-01-02T10:32:00Z,fourier-demo,-0.077854098761,0.310800000000,-0.039135184322,-0.999233925239
2024-01-02T10:33:00Z,fourier-demo,-0.068137137765,0.310950000000,-0.040669066735,-0.999172671269
2024-01-02T10:34:00Z,fourier-demo,-0.033129512257,0.311100000000,-0.042202853309,-0.999109062702
2024-01-02T10:35:00Z,fourier-demo,0.022152461363,0.311250000000,-0.043736540430,-0.999043099686
2024-01-02T10:36:00Z,fourier-demo,0.091874356371,0.311400000000,-0.045270124484,-0.998974782379
2024-01-02T10:37:00Z,fourier-demo,0.169669427046,0.311550000000,-0.046803601857,-0.998904110940
2024-01-02T10:38:00Z,fourier-demo,0.248943985870,0.311700000000,-0.048336968935,-0.998831085537
2024-01-02T10:39:00Z,fourier-demo,0.323189160008,0.311850000000,-0.049870222104,-0.998755706340
2024-01-02T10:40:00Z,fourier-demo,0.386285620785,0.312000000000,-0.051403357752,-0.998677973529
2024-01-02T10:41:00Z,fourier-demo,0.432788239905,0.312150000000,-0.052936372266,-0.998597887286
2024-01-02T10:42:00Z,fourier-demo,0.458178529687,0.312300000000,-0.054469262032,-0.998515447799
2024-01-02T10:43:00Z,fourier-demo,0.459074133154,0.312450000000,-0.056002023439,-0.998430655264
2024-01-02T10:44:00Z,fourier-demo,0.433386484084,0.312600000000,-0.057534652875,-0.998343509880
2024-01-02T10:45:00Z,fourier-demo,0.380419979425,0.312750000000,-0.059067146727,-0.998254011851
2024-01-02T10:46:00Z,fourier-demo,0.300908503945,0.312900000000,-0.060599501385,-0.998162161391
2024-01-02T10:47:00Z,fourier-demo,0.196987815528,0.313050000000,-0.062131713238,-0.998067958713
2024-01-02T10:48:00Z,fourier-demo,0.072105028029,0.313200000000,-0.063663778674,-0.997971404042
2024-01-02T10:49:00Z,fourier-demo,-0.069130896601,0.313350000000,-0.065195694083,-0.997872497603
2024-01-02T10:50:00Z,fourier-demo,-0.221151225245,0.313500000000,-0.066727455856,-0.997771239631
2024-01-02T10:51:00Z,fourier-demo,-0.377673437487,0.313650000000,-0.068259060382,-0.997667630364
2024-01-02T10:52:00Z,fourier-demo,-0.531980576459,0.313800000000,-0.069790504052,-0.997561670046
2024-01-02T10:53:00Z,fourier-demo,-0.677221989923,0.313950000000,-0.071321783258,-0.997453358926
2024-01-02T10:54:00Z,fourier-demo,-0.806722549157,0.314100000000,-0.072852894391,-0.997342697261
2024-01-02T10:55:00Z,fourier-demo,-0.914287037909,0.314250000000,-0.074383833842,-0.997229685310
2024-01-02T10:56:00Z,fourier-demo,-0.994486565883,0.314400000000,-0.075914598005,-0.997114323340
2024-01-02T10:57:00Z,fourier-demo,-1.042914574798,0.314550000000,-0.077445183271,-0.996996611623
2024-01-02T10:58:00Z,fourier-demo,-1.056401241194,0.314700000000,-0.078975586034,-0.996876550437
2024-01-02T10:59:00Z,fourier-demo,-1.033176788328,0.314850000000,-0.080505802687,-0.996754140064
2024-01-02T11:00:00Z,fourier-demo,-0.972976329650,0.315000000000,-0.082035829624,-0.996629380792
2024-01-02T11:01:00Z,fourier-demo,-0.877081291635,0.315150000000,-0.083565663240,-0.996502272916
2024-01-02T11:02:00Z,fourier-demo,-0.748295104346,0.315300000000,-0.085095299930,-0.996372816736
2024-01-02T11:03:00Z,fourier-demo,-0.590853594877,0.315450000000,-0.086624736088,-0.996241012556
2024-01-02T11:04:00Z,fourier-demo,-0.410273258460,0.315600000000,-0.088153968112,-0.996106860686
2024-01-02T11:05:00Z,fourier-demo,-0.213143200841,0.315750000000,-0.089682992396,-0.995970361444
2024-01-02T11:06:00Z,fourier-demo,-0.006868935134,0.315900000000,-0.091211805338,-0.995831515151
2024-01-02T11:07:00Z,fourier-demo,0.200621722931,0.316050000000,-0.092740403335,-0.995690322133
2024-01-02T11:08:00Z,fourier-demo,0.401198771458,0.316200000000,-0.094268782785,-0.995546782724
2024-01-02T11:09:00Z,fourier-demo,0.586863098684,0.316350000000,-0.095796940086,-0.995400897262
2024-01-02T11:10:00Z,fourier-demo,0.750078838741,0.316500000000,-0.097324871637,-0.995252666091
2024-01-02T11:11:00Z,fourier-demo,0.884091258909,0.316650000000,-0.098852573837,-0.995102089560
2024-01-02T11:12:00Z,fourier-demo,0.983216928419,0.316800000000,-0.100380043087,-0.994949168023
2024-01-02T11:13:00Z,fourier-demo,1.043093963848,0.316950000000,-0.101907275786,-0.994793901842
2024-01-02T11:14:00Z,fourier-demo,1.060881697045,0.317100000000,-0.103434268336,-0.994636291382
2024-01-02T11:15:00Z,fourier-demo,1.035401106419,0.317250000000,-0.104961017139,-0.994476337014
2024-01-02T11:16:00Z,fourier-demo,0.967209711073,0.317400000000,-0.106487518595,-0.994314039116
2024-01-02T11:17:00Z,fourier-demo,0.858607254394,0.317550000000,-0.108013769109,-0.994149398070
2024-01-02T11:18:00Z,fourier-demo,0.713571292880,0.317700000000,-0.109539765083,-0.993982414264
2024-01-02T11:19:00Z,fourier-demo,0.537624643798,0.317850000000,-0.111065502922,-0.993813088091
2024-01-02T11:20:00Z,fourier-demo,0.337639416282,0.318000000000,-0.112590979030,-0.993641419950
2024-01-02T11:21:00Z,fourier-demo,0.121584941584,0.318150000000,-0.114116189811,-0.993467410247
2024-01-02T11:22:00Z,fourier-demo,-0.101770776511,0.318300000000,-0.115641131672,-0.993291059391
2024-01-02T11:23:00Z,fourier-demo,-0.323194545091,0.318450000000,-0.117165801020,-0.993112367797
2024-01-02T11:24:00Z,fourier-demo,-0.533343387779,0.318600000000,-0.118690194261,-0.992931335887
2024-01-02T11:25:00Z,fourier-demo,-0.723127915528,0.318750000000,-0.120214307802,-0.992747964087
2024-01-02T11:26:00Z,fourier-demo,-0.884069319552,0.318900000000,-0.121738138053,-0.992562252830
2024-01-02T11:27:00Z,fourier-demo,-1.008635833791,0.319050000000,-0.123261681423,-0.992374202553
2024-01-02T11:28:00Z,fourier-demo,-1.090545274726,0.319200000000,-0.124784934320,-0.992183813699
2024-01-02T11:29:00Z,fourier-demo,-1.125021566842,0.319350000000,-0.126307893156,-0.991991086717
2024-01-02T11:30:00Z,fourier-demo,-1.108994951060,0.319500000000,-0.127830554341,-0.991796022061
2024-01-02T11:31:00Z,fourier-demo,-1.041237779454,0.319650000000,-0.129352914288,-0.991598620191
2024-01-02T11:32:00Z,fourier-demo,-0.922430334013,0.319800000000,-0.130874969408,-0.991398881572
2024-01-02T11:33:00Z,fourier-demo,-0.755153868184,0.319950000000,-0.132396716115,-0.991196806675
2024-01-02T11:34:00Z,fourier-demo,-0.543810946361,0.320100000000,-0.133918150823,-0.990992395975
2024-01-02T11:35:00Z,fourier-demo,-0.294476032426,0.320250000000,-0.135439269947,-0.990785649955
2024-01-02T11:36:00Z,fourier-demo,-0.014682038009,0.320400000000,-0.136960069901,-0.990576569101
2024-01-02T11:37:00Z,fourier-demo,0.286848926785,0.320550000000,-0.138480547103,-0.990365153907
2024-01-02T11:38:00Z,fourier-demo,0.600520154985,0.320700000000,-0.140000697968,-0.990151404871
2024-01-02T11:39:00Z,fourier-demo,0.916208067192,0.320850000000,-0.141520518916,-0.989935322496
2024-01-02T11:40:00Z,fourier-demo,1.223629534865,0.321000000000,-0.143040006363,-0.989716907292
2024-01-02T11:41:00Z,fourier-demo,1.512714525721,0.321150000000,-0.144559156730,-0.989496159773
2024-01-02T11:42:00Z,fourier-demo,1.773969613188,0.321300000000,-0.146077966437,-0.989273080459
2024-01-02T11:43:00Z,fourier-demo,1.998818288784,0.321450000000,-0.147596431904,-0.989047669877
2024-01-02T11:44:00Z,fourier-demo,2.179904974573,0.321600000000,-0.149114549553,-0.988819928557
2024-01-02T11:45:00Z,fourier-demo,2.311351113087,0.321750000000,-0.150632315806,-0.988589857036
2024-01-02T11:46:00Z,fourier-demo,2.388953653695,0.321900000000,-0.152149727088,-0.988357455856
2024-01-02T11:47:00Z,fourier-demo,2.410318578014,0.322050000000,-0.153666779821,-0.988122725566
2024-01-02T11:48:00Z,fourier-demo,2.374924718121,0.322200000000,-0.155183470431,-0.987885666717
2024-01-02T11:49:00Z,fourier-demo,2.284115913771,0.322350000000,-0.156699795344,-0.987646279869
2024-01-02T11:50:00Z,fourier-demo,2.141022415286,0.322500000000,-0.158215750987,-0.987404565586
2024-01-02T11:51:00Z,fourier-demo,1.950415251320,0.322650000000,-0.159731333787,-0.987160524437
2024-01-02T11:52:00Z,fourier-demo,1.718499931600,0.322800000000,-0.161246540172,-0.986914156998
2024-01-02T11:53:00Z,fourier-demo,1.452658237013,0.322950000000,-0.162761366572,-0.986665463849
2024-01-02T11:54:00Z,fourier-demo,1.161148867243,0.323100000000,-0.164275809417,-0.986414445576
2024-01-02T11:55:00Z,fourier-demo,0.852779288791,0.323250000000,-0.165789865139,-0.986161102770
2024-01-02T11:56:00Z,fourier-demo,0.536562191127,0.323400000000,-0.167303530169,-0.985905436030
2024-01-02T11:57:00Z,fourier-demo,0.221370474314,0.323550000000,-0.168816800940,-0.985647445956
2024-01-02T11:58:00Z,fourier-demo,-0.084395361435,0.323700000000,-0.170329673886,-0.985387133158
2024-01-02T11:59:00Z,fourier-demo,-0.373114171075,0.323850000000,-0.171842145443,-0.985124498249
2024-01-02T12:00:00Z,fourier-demo,-0.638213366168,0.324000000000,-0.173354212045,-0.984859541847
2024-01-02T12:01:00Z,fourier-demo,-0.874389906278,0.324150000000,-0.174865870130,-0.984592264576
2024-01-02T12:02:00Z,fourier-demo,-1.077774685935,0.324300000000,-0.176377116135,-0.984322667068
2024-01-02T12:03:00Z,fourier-demo,-1.246034317842,0.324450000000,-0.177887946500,-0.984050749957
2024-01-02T12:04:00Z,fourier-demo,-1.378406941852,0.324600000000,-0.179398357662,-0.983776513883
2024-01-02T12:05:00Z,fourier-demo,-1.475671443226,0.324750000000,-0.180908346065,-0.983499959494
2024-01-02T12:06:00Z,fourier-demo,-1.540052229018,0.324900000000,-0.182417908148,-0.983221087440
2024-01-02T12:07:00Z,fourier-demo,-1.575064374214,0.325050000000,-0.183927040354,-0.982939898380
2024-01-02T12:08:00Z,fourier-demo,-1.585306400132,0.325200000000,-0.185435739128,-0.982656392975
2024-01-02T12:09:00Z,fourier-demo,-1.576210085866,0.325350000000,-0.186944000914,-0.982370571893
2024-01-02T12:10:00Z,fourier-demo,-1.553758451923,0.325500000000,-0.188451822157,-0.982082435810
2024-01-02T12:11:00Z,fourier-demo,-1.524184322764,0.325650000000,-0.189959199305,-0.981791985402
2024-01-02T12:12:00Z,fourier-demo,-1.493662620358,0.325800000000,-0.191466128805,-0.981499221355
2024-01-02T12:13:00Z,fourier-demo,-1.468009734560,0.325950000000,-0.192972607106,-0.981204144359
2024-01-02T12:14:00Z,fourier-demo,-1.452402951086,0.326100000000,-0.194478630658,-0.980906755108
2024-01-02T12:15:00Z,fourier-demo,-1.451132010502,0.326250000000,-0.195984195912,-0.980607054305
2024-01-02T12:16:00Z,fourier-demo,-1.467393460367,0.326400000000,-0.197489299319,-0.980305042655
2024-01-02T12:17:00Z,fourier-demo,-1.503136607115,0.326550000000,-0.198993937334,-0.980000720869
2024-01-02T12:18:00Z,fourier-demo,-1.558967651963,0.326700000000,-0.200498106411,-0.979694089666
2024-01-02T12:19:00Z,fourier-demo,-1.634116099079,0.326850000000,-0.202001803004,-0.979385149767
2024-01-02T12:20:00Z,fourier-demo,-1.726464858475,0.327000000000,-0.203505023570,-0.979073901900
2024-01-02T12:21:00Z,fourier-demo,-1.832642741841,0.327150000000,-0.205007764567,-0.978760346800
2024-01-02T12:22:00Z,fourier-demo,-1.948175380141,0.327300000000,-0.206510022453,-0.978444485204
2024-01-02T12:23:00Z,fourier-demo,-2.067688088695,0.327450000000,-0.208011793689,-0.978126317858
2024-01-02T12:24:00Z,fourier-demo,-2.185151972888,0.327600000000,-0.209513074735,-0.977805845511
2024-01-02T12:25:00Z,fourier-demo,-2.294162698794,0.327750000000,-0.211013862054,-0.977483068918
2024-01-02T12:26:00Z,fourier-demo,-2.388239926114,0.327900000000,-0.212514152108,-0.977157988840
2024-01-02T12:27:00Z,fourier-demo,-2.461134475735,0.328050000000,-0.214013941363,-0.976830606043
2024-01-02T12:28:00Z,fourier-demo,-2.507129920150,0.328200000000,-0.215513226284,-0.976500921298
2024-01-02T12:29:00Z,fourier-demo,-2.521325458760,0.328350000000,-0.217012003338,-0.976168935383
2024-01-02T12:30:00Z,fourier-demo,-2.499887665449,0.328500000000,-0.218510268993,-0.975834649080
2024-01-02T12:31:00Z,fourier-demo,-2.440259943775,0.328650000000,-0.220008019718,-0.975498063176
2024-01-02T12:32:00Z,fourier-demo,-2.341320244882,0.328800000000,-0.221505251984,-0.975159178465
2024-01-02T12:33:00Z,fourier-demo,-2.203479724533,0.328950000000,-0.223001962262,-0.974817995745
2024-01-02T12:34:00Z,fourier-demo,-2.028717451620,0.329100000000,-0.224498147025,-0.974474515820
2024-01-02T12:35:00Z,fourier-demo,-1.820548930805,0.329250000000,-0.225993802748,-0.974128739500
2024-01-02T12:36:00Z,fourier-demo,-1.583928957631,0.329400000000,-0.227488925906,-0.973780667599
2024-01-02T12:37:00Z,fourier-demo,-1.325092071708,0.329550000000,-0.228983512975,-0.973430300939
2024-01-02T12:38:00Z,fourier-demo,-1.051336498867,0.329700000000,-0.230477560434,-0.973077640343
2024-01-02T12:39:00Z,fourier-demo,-0.770759867730,0.329850000000,-0.231971064762,-0.972722686645
2024-01-02T12:40:00Z,fourier-demo,-0.491957050426,0.330000000000,-0.233464022439,-0.972365440679
2024-01-02T12:41:00Z,fourier-demo,-0.223692125027,0.330150000000,-0.234956429946,-0.972005903288
2024-01-02T12:42:00Z,fourier-demo,0.025442380454,0.330300000000,-0.236448283768,-0.971644075319
2024-01-02T12:43:00Z,fourier-demo,0.247365175536,0.330450000000,-0.237939580389,-0.971279957625
2024-01-02T12:44:00Z,fourier-demo,0.434830974684,0.330600000000,-0.239430316293,-0.970913551064
2024-01-02T12:45:00Z,fourier-demo,0.581726995855,0.330750000000,-0.240920487969,-0.970544856499
2024-01-02T12:46:00Z,fourier-demo,0.683328892591,0.330900000000,-0.242410091904,-0.970173874799
2024-01-02T12:47:00Z,fourier-demo,0.736505380719,0.331050000000,-0.243899124588,-0.969800606839
2024-01-02T12:48:00Z,fourier-demo,0.739862824706,0.331200000000,-0.245387582512,-0.969425053498
2024-01-02T12:49:00Z,fourier-demo,0.693823417771,0.331350000000,-0.246875462169,-0.969047215660
2024-01-02T12:50:00Z,fourier-demo,0.600633228404,0.331500000000,-0.248362760053,-0.968667094217
2024-01-02T12:51:00Z,fourier-demo,0.464299187502,0.331650000000,-0.249849472657,-0.968284690064
2024-01-02T12:52:00Z,fourier-demo,0.290456941280,0.331800000000,-0.251335596480,-0.967900004103
2024-01-02T12:53:00Z,fourier-demo,0.086174279699,0.331950000000,-0.252821128018,-0.967513037239
2024-01-02T12:54:00Z,fourier-demo,-0.140302544705,0.332100000000,-0.254306063772,-0.967123790385
2024-01-02T12:55:00Z,fourier-demo,-0.379849973466,0.332250000000,-0.255790400241,-0.966732264458
2024-01-02T12:56:00Z,fourier-demo,-0.622804201145,0.332400000000,-0.257274133928,-0.966338460381
2024-01-02T12:57:00Z,fourier-demo,-0.859321084386,0.332550000000,-0.258757261336,-0.965942379082
2024-01-02T12:58:00Z,fourier-demo,-1.079744890244,0.332700000000,-0.260239778970,-0.965544021493
2024-01-02T12:59:00Z,fourier-demo,-1.274971474782,0.332850000000,-0.261721683338,-0.965143388555
2024-01-02T13:00:00Z,fourier-demo,-1.436791662089,0.333000000000,-0.263202970945,-0.964740481210
2024-01-02T13:01:00Z,fourier-demo,-1.558201344013,0.333150000000,-0.264683638303,-0.964335300409
2024-01-02T13:02:00Z,fourier-demo,-1.633666112567,0.333300000000,-0.266163681921,-0.963927847106
2024-01-02T13:03:00Z,fourier-demo,-1.659330018477,0.333450000000,-0.267643098311,-0.963518122262
2024-01-02T13:04:00Z,fourier-demo,-1.633160249431,0.333600000000,-0.269121883988,-0.963106126841
2024-01-02T13:05:00Z,fourier-demo,-1.555022051732,0.333750000000,-0.270600035467,-0.962691861815
2024-01-02T13:06:00Z,fourier-demo,-1.426680977447,0.333900000000,-0.272077549263,-0.962275328161
2024-01-02T13:07:00Z,fourier-demo,-1.251732414707,0.334050000000,-0.273554421897,-0.961856526859
2024-01-02T13:08:00Z,fourier-demo,-1.035461235614,0.334200000000,-0.275030649886,-0.961435458896
2024-01-02T13:09:00Z,fourier-demo,-0.784637158409,0.334350000000,-0.276506229752,-0.961012125266
2024-01-02T13:10:00Z,fourier-demo,-0.507253956826,0.334500000000,-0.277981158019,-0.960586526965
2024-01-02T13:11:00Z,fourier-demo,-0.212222857914,0.334650000000,-0.279455431209,-0.960158664996
2024-01-02T13:12:00Z,fourier-demo,0.090967738748,0.334800000000,-0.280929045850,-0.959728540368
2024-01-02T13:13:00Z,fourier-demo,0.392612784388,0.334950000000,-0.282401998468,-0.959296154095
2024-01-02T13:14:00Z,fourier-demo,0.683157148114,0.335100000000,-0.283874285593,-0.958861507194
2024-01-02T13:15:00Z,fourier-demo,0.953553836719,0.335250000000,-0.285345903754,-0.958424600692
2024-01-02T13:16:00Z,fourier-demo,1.195599861188,0.335400000000,-0.286816849484,-0.957985435616
2024-01-02T13:17:00Z,fourier-demo,1.402236689758,0.335550000000,-0.288287119317,-0.957544013002
2024-01-02T13:18:00Z,fourier-demo,1.567803694562,0.335700000000,-0.289756709787,-0.957100333890
2024-01-02T13:19:00Z,fourier-demo,1.688234927283,0.335850000000,-0.291225617432,-0.956654399327
2024-01-02T13:20:00Z,fourier-demo,1.761191869575,0.336000000000,-0.292693838791,-0.956206210362
2024-01-02T13:21:00Z,fourier-demo,1.786127402078,0.336150000000,-0.294161370402,-0.955755768051
2024-01-02T13:22:00Z,fourier-demo,1.764279015550,0.336300000000,-0.295628208808,-0.955303073457
2024-01-02T13:23:00Z,fourier-demo,1.698592135983,0.336450000000,-0.297094350552,-0.954848127647
2024-01-02T13:24:00Z,fourier-demo,1.593577236700,0.336600000000,-0.298559792179,-0.954390931691
2024-01-02T13:25:00Z,fourier-demo,1.455107050906,0.336750000000,-0.300024530236,-0.953931486668
2024-01-02T13:26:00Z,fourier-demo,1.290162571068,0.336900000000,-0.301488561272,-0.953469793660
2024-01-02T13:27:00Z,fourier-demo,1.106538531229,0.337050000000,-0.302951881835,-0.953005853756
2024-01-02T13:28:00Z,fourier-demo,0.912520634198,0.337200000000,-0.304414488477,-0.952539668048
2024-01-02T13:29:00Z,fourier-demo,0.716547845141,0.337350000000,-0.305876377753,-0.952071237636
2024-01-02T13:30:00Z,fourier-demo,0.526873584834,0.337500000000,-0.307337546216,-0.951600563622
2024-01-02T13:31:00Z,fourier-demo,0.351239600614,0.337650000000,-0.308797990424,-0.951127647117
2024-01-02T13:32:00Z,fourier-demo,0.196575675052,0.337800000000,-0.310257706934,-0.950652489235
2024-01-02T13:33:00Z,fourier-demo,0.068737178640,0.337950000000,-0.311716692308,-0.950175091095
2024-01-02T13:34:00Z,fourier-demo,-0.027709167575,0.338100000000,-0.313174943107,-0.949695453822
2024-01-02T13:35:00Z,fourier-demo,-0.089643011613,0.338250000000,-0.314632455894,-0.949213578547
2024-01-02T13:36:00Z,fourier-demo,-0.115485654765,0.338400000000,-0.316089227235,-0.948729466406
2024-01-02T13:37:00Z,fourier-demo,-0.105229605396,0.338550000000,-0.317545253696,-0.948243118538
2024-01-02T13:38:00Z,fourier-demo,-0.060401854129,0.338700000000,-0.319000531847,-0.947754536091
2024-01-02T13:39:00Z,fourier-demo,0.016036920653,0.338850000000,-0.320455058259,-0.947263720215
2024-01-02T13:40:00Z,fourier-demo,0.119852354116,0.339000000000,-0.321908829502,-0.946770672068
2024-01-02T13:41:00Z,fourier-demo,0.245748298894,0.339150000000,-0.323361842153,-0.946275392811
2024-01-02T13:42:00Z,fourier-demo,0.387621198967,0.339300000000,-0.324814092786,-0.945777883611
2024-01-02T13:43:00Z,fourier-demo,0.538845772586,0.339450000000,-0.326265577979,-0.945278145641
2024-01-02T13:44:00Z,fourier-demo,0.692579585869,0.339600000000,-0.327716294312,-0.944776180078
2024-01-02T13:45:00Z,fourier-demo,0.842073363227,0.339750000000,-0.329166238366,-0.944271988105
2024-01-02T13:46:00Z,fourier-demo,0.980973696634,0.339900000000,-0.330615406724,-0.943765570911
2024-01-02T13:47:00Z,fourier-demo,1.103605189852,0.340050000000,-0.332063795971,-0.943256929688
2024-01-02T13:48:00Z,fourier-demo,1.205219989457,0.340200000000,-0.333511402695,-0.942746065636
2024-01-02T13:49:00Z,fourier-demo,1.282204073281,0.340350000000,-0.334958223482,-0.942232979958
2024-01-02T13:50:00Z,fourier-demo,1.332231529051,0.340500000000,-0.336404254925,-0.941717673864
2024-01-02T13:51:00Z,fourier-demo,1.354360283779,0.340650000000,-0.337849493616,-0.941200148568
2024-01-02T13:52:00Z,fourier-demo,1.349065244890,0.340800000000,-0.339293936148,-0.940680405288
2024-01-02T13:53:00Z,fourier-demo,1.318207482938,0.340950000000,-0.340737579118,-0.940158445251
2024-01-02T13:54:00Z,fourier-demo,1.264940811948,0.341100000000,-0.342180419124,-0.939634269686
2024-01-02T13:55:00Z,fourier-demo,1.193559793365,0.341250000000,-0.343622452765,-0.939107879828
2024-01-02T13:56:00Z,fourier-demo,1.109295692087,0.341400000000,-0.345063676644,-0.938579276919
2024-01-02T13:57:00Z,fourier-demo,1.018069143760,0.341550000000,-0.346504087364,-0.938048462202
2024-01-02T13:58:00Z,fourier-demo,0.926210158327,0.341700000000,-0.347943681530,-0.937515436931
2024-01-02T13:59:00Z,fourier-demo,0.840157507596,0.341850000000,-0.349382455751,-0.936980202359
2024-01-02T14:00:00Z,fourier-demo,0.766150464608,0.342000000000,-0.350820406636,-0.936442759750
2024-01-02T14:01:00Z,fourier-demo,0.709926240669,0.342150000000,-0.352257530795,-0.935903110369
2024-01-02T14:02:00Z,fourier-demo,0.676436285502,0.342300000000,-0.353693824844,-0.935361255488
2024-01-02T14:03:00Z,fourier-demo,0.669593883284,0.342450000000,-0.355129285395,-0.934817196384
2024-01-02T14:04:00Z,fourier-demo,0.692064221827,0.342600000000,-0.356563909068,-0.934270934339
2024-01-02T14:05:00Z,fourier-demo,0.745106384422,0.342750000000,-0.357997692482,-0.933722470640
2024-01-02T14:06:00Z,fourier-demo,0.828474584664,0.342900000000,-0.359430632256,-0.933171806580
2024-01-02T14:07:00Z,fourier-demo,0.940383520759,0.343050000000,-0.360862725016,-0.932618943457
2024-01-02T14:08:00Z,fourier-demo,1.077540067971,0.343200000000,-0.362293967385,-0.932063882573
2024-01-02T14:09:00Z,fourier-demo,1.235240765042,0.343350000000,-0.363724355992,-0.931506625236
2024-01-02T14:10:00Z,fourier-demo,1.407531796680,0.343500000000,-0.365153887465,-0.930947172760
2024-01-02T14:11:00Z,fourier-demo,1.587425543172,0.343650000000,-0.366582558435,-0.930385526463
2024-01-02T14:12:00Z,fourier-demo,1.767165368740,0.343800000000,-0.368010365537,-0.929821687668
2024-01-02T14:13:00Z,fourier-demo,1.938528252161,0.343950000000,-0.369437305404,-0.929255657705
2024-01-02T14:14:00Z,fourier-demo,2.093153212516,0.344100000000,-0.370863374675,-0.928687437906
2024-01-02T14:15:00Z,fourier-demo,2.222882319114,0.344250000000,-0.372288569989,-0.928117029612
2024-01-02T14:16:00Z,fourier-demo,2.320100447117,0.344400000000,-0.373712887987,-0.927544434166
2024-01-02T14:17:00Z,fourier-demo,2.378059876701,0.344550000000,-0.375136325313,-0.926969652918
2024-01-02T14:18:00Z,fourier-demo,2.391176338425,0.344700000000,-0.376558878613,-0.926392687222
2024-01-02T14:19:00Z,fourier-demo,2.355284162073,0.344850000000,-0.377980544534,-0.925813538437
2024-01-02T14:20:00Z,fourier-demo,2.267839749347,0.345000000000,-0.379401319726,-0.925232207930
2024-01-02T14:21:00Z,fourier-demo,2.128064600480,0.345150000000,-0.380821200841,-0.924648697068
2024-01-02T14:22:00Z,fourier-demo,1.937021500436,0.345300000000,-0.382240184532,-0.924063007229
2024-01-02T14:23:00Z,fourier-demo,1.697620116541,0.345450000000,-0.383658267456,-0.923475139791
2024-01-02T14:24:00Z,fourier-demo,1.414551069195,0.345600000000,-0.385075446272,-0.922885096141
2024-01-02T14:25:00Z,fourier-demo,1.094150397180,0.345750000000,-0.386491717639,-0.922292877668
2024-01-02T14:26:00Z,fourier-demo,0.744199133080,0.345900000000,-0.387907078220,-0.921698485768
2024-01-02T14:27:00Z,fourier-demo,0.373665319032,0.346050000000,-0.389321524680,-0.921101921842
2024-01-02T14:28:00Z,fourier-demo,-0.007601877883,0.346200000000,-0.390735053685,-0.920503187296
2024-01-02T14:29:00Z,fourier-demo,-0.389214342730,0.346350000000,-0.392147661904,-0.919902283540
2024-01-02T14:30:00Z,fourier-demo,-0.760610385899,0.346500000000,-0.393559346009,-0.919299211992
2024-01-02T14:31:00Z,fourier-demo,-1.111429248510,0.346650000000,-0.394970102673,-0.918693974071
2024-01-02T14:32:00Z,fourier-demo,-1.431880269733,0.346800000000,-0.396379928571,-0.918086571204
2024-01-02T14:33:00Z,fourier-demo,-1.713092417399,0.346950000000,-0.397788820381,-0.917477004823
2024-01-02T14:34:00Z,fourier-demo,-1.947430626970,0.347100000000,-0.399196774783,-0.916865276365
2024-01-02T14:35:00Z,fourier-demo,-2.128766680201,0.347250000000,-0.400603788458,-0.916251387269
2024-01-02T14:36:00Z,fourier-demo,-2.252694132212,0.347400000000,-0.402009858092,-0.915635338984
2024-01-02T14:37:00Z,fourier-demo,-2.316678992987,0.347550000000,-0.403414980371,-0.915017132961
2024-01-02T14:38:00Z,fourier-demo,-2.320140398074,0.347700000000,-0.404819151983,-0.914396770657
2024-01-02T14:39:00Z,fourier-demo,-2.264458261747,0.347850000000,-0.406222369620,-0.913774253533
2024-01-02T14:40:00Z,fourier-demo,-2.152907783041,0.348000000000,-0.407624629974,-0.913149583058
2024-01-02T14:41:00Z,fourier-demo,-1.990523555002,0.348150000000,-0.409025929742,-0.912522760702
2024-01-02T14:42:00Z,fourier-demo,-1.783898794248,0.348300000000,-0.410426265621,-0.911893787943
2024-01-02T14:43:00Z,fourier-demo,-1.540927750295,0.348450000000,-0.411825634311,-0.911262666263
2024-01-02T14:44:00Z,fourier-demo,-1.270501569781,0.348600000000,-0.413224032514,-0.910629397149
2024-01-02T14:45:00Z,fourier-demo,-0.982169691074,0.348750000000,-0.414621456935,-0.909993982095
2024-01-02T14:46:00Z,fourier-demo,-0.685780157669,0.348900000000,-0.416017904282,-0.909356422596
2024-01-02T14:47:00Z,fourier-demo,-0.391113012286,0.349050000000,-0.417413371262,-0.908716720156
2024-01-02T14:48:00Z,fourier-demo,-0.107521137481,0.349200000000,-0.418807854588,-0.908074876282
2024-01-02T14:49:00Z,fourier-demo,0.156407464217,0.349350000000,-0.420201350973,-0.907430892487
2024-01-02T14:50:00Z,fourier-demo,0.393152890659,0.349500000000,-0.421593857135,-0.906784770288
2024-01-02T14:51:00Z,fourier-demo,0.596520455203,0.349650000000,-0.422985369790,-0.906136511208
2024-01-02T14:52:00Z,fourier-demo,0.761842006175,0.349800000000,-0.424375885660,-0.905486116774
2024-01-02T14:53:00Z,fourier-demo,0.886114057705,0.349950000000,-0.425765401468,-0.904833588519
2024-01-02T14:54:00Z,fourier-demo,0.968067924471,0.350100000000,-0.427153913940,-0.904178927981
2024-01-02T14:55:00Z,fourier-demo,1.008169820714,0.350250000000,-0.428541419804,-0.903522136703
2024-01-02T14:56:00Z,fourier-demo,1.008551720964,0.350400000000,-0.429927915790,-0.902863216232
2024-01-02T14:57:00Z,fourier-demo,0.972876570945,0.350550000000,-0.431313398630,-0.902202168121
2024-01-02T14:58:00Z,fourier-demo,0.906144068447,0.350700000000,-0.432697865059,-0.901538993928
2024-01-02T14:59:00Z,fourier-demo,0.814445599155,0.350850000000,-0.434081311816,-0.900873695216
2024-01-02T15:00:00Z,fourier-demo,0.704678915766,0.351000000000,-0.435463735639,-0.900206273552
2024-01-02T15:01:00Z,fourier-demo,0.584234709792,0.351150000000,-0.436845133272,-0.899536730510
2024-01-02T15:02:00Z,fourier-demo,0.460668281845,0.351300000000,-0.438225501458,-0.898865067667
2024-01-02T15:03:00Z,fourier-demo,0.341370026453,0.351450000000,-0.439604836946,-0.898191286605
2024-01-02T15:04:00Z,fourier-demo,0.233248392512,0.351600000000,-0.440983136483,-0.897515388914
2024-01-02T15:05:00Z,fourier-demo,0.142438364392,0.351750000000,-0.442360396823,-0.896837376185
2024-01-02T15:06:00Z,fourier-demo,0.074047358725,0.351900000000,-0.443736614720,-0.896157250016
2024-01-02T15:07:00Z,fourier-demo,0.031948796863,0.352050000000,-0.445111786931,-0.895475012011
2024-01-02T15:08:00Z,fourier-demo,0.018631561795,0.352200000000,-0.446485910214,-0.894790663776
2024-01-02T15:09:00Z,fourier-demo,0.035111166602,0.352350000000,-0.447858981333,-0.894104206924
2024-01-02T15:10:00Z,fourier-demo,0.080905848589,0.352500000000,-0.449230997050,-0.893415643074
2024-01-02T15:11:00Z,fourier-demo,0.154078067439,0.352650000000,-0.450601954134,-0.892724973847
2024-01-02T15:12:00Z,fourier-demo,0.251339140564,0.352800000000,-0.451971849352,-0.892032200872
2024-01-02T15:13:00Z,fourier-demo,0.368212107728,0.352950000000,-0.453340679478,-0.891337325781
2024-01-02T15:14:00Z,fourier-demo,0.499245489173,0.353100000000,-0.454708441284,-0.890640350211
2024-01-02T15:15:00Z,fourier-demo,0.638268486935,0.353250000000,-0.456075131549,-0.889941275805
2024-01-02T15:16:00Z,fourier-demo,0.778676464921,0.353400000000,-0.457440747051,-0.889240104211
2024-01-02T15:17:00Z,fourier-demo,0.913734299969,0.353550000000,-0.458805284573,-0.888536837080
2024-01-02T15:18:00Z,fourier-demo,1.036884474534,0.353700000000,-0.460168740898,-0.887831476070
2024-01-02T15:19:00Z,fourier-demo,1.142046611013,0.353850000000,-0.461531112814,-0.887124022843
2024-01-02T15:20:00Z,fourier-demo,1.223895534567,0.354000000000,-0.462892397109,-0.886414479066
2024-01-02T15:21:00Z,fourier-demo,1.278105879045,0.354150000000,-0.464252590577,-0.885702846412
2024-01-02T15:22:00Z,fourier-demo,1.301552680318,0.354300000000,-0.465611690012,-0.884989126557
2024-01-02T15:23:00Z,fourier-demo,1.292459273229,0.354450000000,-0.466969692211,-0.884273321183
2024-01-02T15:24:00Z,fourier-demo,1.250486044577,0.354600000000,-0.468326593974,-0.883555431978
2024-01-02T15:25:00Z,fourier-demo,1.176756101922,0.354750000000,-0.469682392102,-0.882835460632
2024-01-02T15:26:00Z,fourier-demo,1.073816592267,0.354900000000,-0.471037083402,-0.882113408842
2024-01-02T15:27:00Z,fourier-demo,0.945537134646,0.355050000000,-0.472390664681,-0.881389278311
2024-01-02T15:28:00Z,fourier-demo,0.796949502674,0.355200000000,-0.473743132749,-0.880663070744
2024-01-02T15:29:00Z,fourier-demo,0.634035196055,0.355350000000,-0.475094484419,-0.879934787853
2024-01-02T15:30:00Z,fourier-demo,0.463469769480,0.355500000000,-0.476444716506,-0.879204431354
2024-01-02T15:31:00Z,fourier-demo,0.292334650257,0.355650000000,-0.477793825829,-0.878472002969
2024-01-02T15:32:00Z,fourier-demo,0.127808594373,0.355800000000,-0.479141809208,-0.877737504422
2024-01-02T15:33:00Z,fourier-demo,-0.023148155257,0.355950000000,-0.480488663467,-0.877000937445
2024-01-02T15:34:00Z,fourier-demo,-0.154103573796,0.356100000000,-0.481834385431,-0.876262303775
2024-01-02T15:35:00Z,fourier-demo,-0.259444177123,0.356250000000,-0.483178971930,-0.875521605150
2024-01-02T15:36:00Z,fourier-demo,-0.334633458689,0.356400000000,-0.484522419795,-0.874778843318
2024-01-02T15:37:00Z,fourier-demo,-0.376427203263,0.356550000000,-0.485864725859,-0.874034020028
2024-01-02T15:38:00Z,fourier-demo,-0.383036179028,0.356700000000,-0.487205886961,-0.873287137035
2024-01-02T15:39:00Z,fourier-demo,-0.354228850505,0.356850000000,-0.488545899939,-0.872538196100
2024-01-02T15:40:00Z,fourier-demo,-0.291369210487,0.357000000000,-0.489884761635,-0.871787198987
2024-01-02T15:41:00Z,fourier-demo,-0.197387499216,0.357150000000,-0.491222468895,-0.871034147467
2024-01-02T15:42:00Z,fourier-demo,-0.076684353786,0.357300000000,-0.492559018565,-0.870279043313
2024-01-02T15:43:00Z,fourier-demo,0.065028303760,0.357450000000,-0.493894407497,-0.869521888306
2024-01-02T15:44:00Z,fourier-demo,0.220943688916,0.357600000000,-0.495228632544,-0.868762684229
2024-01-02T15:45:00Z,fourier-demo,0.383425527094,0.357750000000,-0.496561690561,-0.868001432872
2024-01-02T15:46:00Z,fourier-demo,0.544311937412,0.357900000000,-0.497893578406,-0.867238136028
2024-01-02T15:47:00Z,fourier-demo,0.695245730013,0.358050000000,-0.499224292942,-0.866472795497
2024-01-02T15:48:00Z,fourier-demo,0.828017847658,0.358200000000,-0.500553831032,-0.865705413082
2024-01-02T15:49:00Z,fourier-demo,0.934910048424,0.358350000000,-0.501882189544,-0.864935990590
2024-01-02T15:50:00Z,fourier-demo,1.009022857621,0.358500000000,-0.503209365346,-0.864164529837
2024-01-02T15:51:00Z,fourier-demo,1.044575318218,0.358650000000,-0.504535355312,-0.863391032638
2024-01-02T15:52:00Z,fourier-demo,1.037164121356,0.358800000000,-0.505860156316,-0.862615500818
2024-01-02T15:53:00Z,fourier-demo,0.983971260880,0.358950000000,-0.507183765237,-0.861837936204
2024-01-02T15:54:00Z,fourier-demo,0.883911365997,0.359100000000,-0.508506178955,-0.861058340628
2024-01-02T15:55:00Z,fourier-demo,0.737712243776,0.359250000000,-0.509827394355,-0.860276715927
2024-01-02T15:56:00Z,fourier-demo,0.547924812555,0.359400000000,-0.511147408322,-0.859493063943
2024-01-02T15:57:00Z,fourier-demo,0.318861421597,0.359550000000,-0.512466217746,-0.858707386523
2024-01-02T15:58:00Z,fourier-demo,0.056464417727,0.359700000000,-0.513783819519,-0.857919685519
2024-01-02T15:59:00Z,fourier-demo,-0.231890379799,0.359850000000,-0.515100210536,-0.857129962786
2024-01-02T16:00:00Z,fourier-demo,-0.537648012923,0.360000000000,-0.516415387696,-0.856338220186
2024-01-02T16:01:00Z,fourier-demo,-0.851376906557,0.360150000000,-0.517729347898,-0.855544459584
2024-01-02T16:02:00Z,fourier-demo,-1.163108001066,0.360300000000,-0.519042088046,-0.854748682852
2024-01-02T16:03:00Z,fourier-demo,-1.462697420722,0.360450000000,-0.520353605047,-0.853950891864
2024-01-02T16:04:00Z,fourier-demo,-1.740198626995,0.360600000000,-0.521663895810,-0.853151088500
2024-01-02T16:05:00Z,fourier-demo,-1.986229590145,0.360750000000,-0.522972957248,-0.852349274645
2024-01-02T16:06:00Z,fourier-demo,-2.192320675659,0.360900000000,-0.524280786275,-0.851545452189
2024-01-02T16:07:00Z,fourier-demo,-2.351229677433,0.361050000000,-0.525587379809,-0.850739623025
2024-01-02T16:08:00Z,fourier-demo,-2.457211708164,0.361200000000,-0.526892734772,-0.849931789054
2024-01-02T16:09:00Z,fourier-demo,-2.506233427815,0.361350000000,-0.528196848088,-0.849121952178
2024-01-02T16:10:00Z,fourier-demo,-2.496123282101,0.361500000000,-0.529499716682,-0.848310114306
2024-01-02T16:11:00Z,fourier-demo,-2.426651946531,0.361650000000,-0.530801337485,-0.847496277351
2024-01-02T16:12:00Z,fourier-demo,-2.299539925881,0.361800000000,-0.532101707430,-0.846680443231
2024-01-02T16:13:00Z,fourier-demo,-2.118392133123,0.361950000000,-0.533400823452,-0.845862613868
2024-01-02T16:14:00Z,fourier-demo,-1.888562149915,0.362100000000,-0.534698682490,-0.845042791191
2024-01-02T16:15:00Z,fourier-demo,-1.616951636973,0.362250000000,-0.535995281485,-0.844220977130
2024-01-02T16:16:00Z,fourier-demo,-1.311752905583,0.362400000000,-0.537290617382,-0.843397173622
2024-01-02T16:17:00Z,fourier-demo,-0.982144879045,0.362550000000,-0.538584687128,-0.842571382609
2024-01-02T16:18:00Z,fourier-demo,-0.637954476202,0.362700000000,-0.539877487674,-0.841743606036
2024-01-02T16:19:00Z,fourier-demo,-0.289296766161,0.362850000000,-0.541169015973,-0.840913845855
2024-01-02T16:20:00Z,fourier-demo,0.053791978010,0.363000000000,-0.542459268981,-0.840082104021
2024-01-02T16:21:00Z,fourier-demo,0.381713989018,0.363150000000,-0.543748243659,-0.839248382493
2024-01-02T16:22:00Z,fourier-demo,0.685648506902,0.363300000000,-0.545035936968,-0.838412683237
2024-01-02T16:23:00Z,fourier-demo,0.957856026488,0.363450000000,-0.546322345874,-0.837575008222
2024-01-02T16:24:00Z,fourier-demo,1.191936691229,0.363600000000,-0.547607467346,-0.836735359422
2024-01-02T16:25:00Z,fourier-demo,1.383033141021,0.363750000000,-0.548891298355,-0.835893738815
2024-01-02T16:26:00Z,fourier-demo,1.527970410812,0.363900000000,-0.550173835875,-0.835050148385
2024-01-02T16:27:00Z,fourier-demo,1.625328054078,0.364050000000,-0.551455076885,-0.834204590120
2024-01-02T16:28:00Z,fourier-demo,1.675442425016,0.364200000000,-0.552735018365,-0.833357066013
2024-01-02T16:29:00Z,fourier-demo,1.680339882838,0.364350000000,-0.554013657299,-0.832507578060
2024-01-02T16:30:00Z,fourier-demo,1.643604465463,0.364500000000,-0.555290990673,-0.831656128263
2024-01-02T16:31:00Z,fourier-demo,1.570186204933,0.364650000000,-0.556567015478,-0.830802718630
2024-01-02T16:32:00Z,fourier-demo,1.466158616605,0.364800000000,-0.557841728706,-0.829947351170
2024-01-02T16:33:00Z,fourier-demo,1.338435893048,0.364950000000,-0.559115127354,-0.829090027901
2024-01-02T16:34:00Z,fourier-demo,1.194461891287,0.365100000000,-0.560387208420,-0.828230750841
2024-01-02T16:35:00Z,fourier-demo,1.041884056256,0.365250000000,-0.561657968908,-0.827369522017
2024-01-02T16:36:00Z,fourier-demo,0.888225932695,0.365400000000,-0.562927405822,-0.826506343457
2024-01-02T16:37:00Z,fourier-demo,0.740571863173,0.365550000000,-0.564195516171,-0.825641217196
2024-01-02T16:38:00Z,fourier-demo,0.605276855604,0.365700000000,-0.565462296967,-0.824774145272
2024-01-02T16:39:00Z,fourier-demo,0.487713456659,0.365850000000,-0.566727745224,-0.823905129729
2024-01-02T16:40:00Z,fourier-demo,0.392065836854,0.366000000000,-0.567991857960,-0.823034172615
2024-01-02T16:41:00Z,fourier-demo,0.321179247438,0.366150000000,-0.569254632196,-0.822161275981
2024-01-02T16:42:00Z,fourier-demo,0.276470634312,0.366300000000,-0.570516064957,-0.821286441886
2024-01-02T16:43:00Z,fourier-demo,0.257903589055,0.366450000000,-0.571776153270,-0.820409672390
2024-01-02T16:44:00Z,fourier-demo,0.264028090115,0.366600000000,-0.573034894166,-0.819530969560
2024-01-02T16:45:00Z,fourier-demo,0.292082751589,0.366750000000,-0.574292284677,-0.818650335467
2024-01-02T16:46:00Z,fourier-demo,0.338154666109,0.366900000000,-0.575548321842,-0.817767772185
2024-01-02T16:47:00Z,fourier-demo,0.397389511137,0.367050000000,-0.576803002700,-0.816883281795
2024-01-02T16:48:00Z,fourier-demo,0.464242484361,0.367200000000,-0.578056324294,-0.815996866381
2024-01-02T16:49:00Z,fourier-demo,0.532758930733,0.367350000000,-0.579308283671,-0.815108528032
2024-01-02T16:50:00Z,fourier-demo,0.596872291289,0.367500000000,-0.580558877881,-0.814218268841
2024-01-02T16:51:00Z,fourier-demo,0.650706292835,0.367650000000,-0.581808103976,-0.813326090906
2024-01-02T16:52:00Z,fourier-demo,0.688868137058,0.367800000000,-0.583055959013,-0.812431996329
2024-01-02T16:53:00Z,fourier-demo,0.706719843852,0.367950000000,-0.584302440051,-0.811535987218
2024-01-02T16:54:00Z,fourier-demo,0.700615839927,0.368100000000,-0.585547544153,-0.810638065685
2024-01-02T16:55:00Z,fourier-demo,0.668096320916,0.368250000000,-0.586791268384,-0.809738233844
2024-01-02T16:56:00Z,fourier-demo,0.608027793445,0.368400000000,-0.588033609814,-0.808836493817
2024-01-02T16:57:00Z,fourier-demo,0.520684444819,0.368550000000,-0.589274565515,-0.807932847728
2024-01-02T16:58:00Z,fourier-demo,0.407766498882,0.368700000000,-0.590514132562,-0.807027297707
2024-01-02T16:59:00Z,fourier-demo,0.272354392996,0.368850000000,-0.591752308035,-0.806119845889
2024-01-02T17:00:00Z,fourier-demo,0.118800341492,0.369000000000,-0.592989089016,-0.805210494410
2024-01-02T17:01:00Z,fourier-demo,-0.047438478101,0.369150000000,-0.594224472589,-0.804299245416
2024-01-02T17:02:00Z,fourier-demo,-0.220018379550,0.369300000000,-0.595458455845,-0.803386101051
2024-01-02T17:03:00Z,fourier-demo,-0.391970301501,0.369450000000,-0.596691035875,-0.802471063470
2024-01-02T17:04:00Z,fourier-demo,-0.555992801485,0.369600000000,-0.597922209774,-0.801554134828
2024-01-02T17:05:00Z,fourier-demo,-0.704764680630,0.369750000000,-0.599151974641,-0.800635317285
2024-01-02T17:06:00Z,fourier-demo,-0.831264104050,0.369900000000,-0.600380327578,-0.799714613007
2024-01-02T17:07:00Z,fourier-demo,-0.929080720988,0.370050000000,-0.601607265690,-0.798792024164
2024-01-02T17:08:00Z,fourier-demo,-0.992707488804,0.370200000000,-0.602832786087,-0.797867552930
2024-01-02T17:09:00Z,fourier-demo,-1.017799659121,0.370350000000,-0.604056885879,-0.796941201483
2024-01-02T17:10:00Z,fourier-demo,-1.001389663236,0.370500000000,-0.605279562183,-0.796012972007
2024-01-02T17:11:00Z,fourier-demo,-0.942048386040,0.370650000000,-0.606500812117,-0.795082866688
2024-01-02T17:12:00Z,fourier-demo,-0.839985472351,0.370800000000,-0.607720632803,-0.794150887719
2024-01-02T17:13:00Z,fourier-demo,-0.697083779110,0.370950000000,-0.608939021367,-0.793217037296
2024-01-02T17:14:00Z,fourier-demo,-0.516865770603,0.371100000000,-0.610155974937,-0.792281317619
2024-01-02T17:15:00Z,fourier-demo,-0.304392442126,0.371250000000,-0.611371490646,-0.791343730894
2024-01-02T17:16:00Z,fourier-demo,-0.066098135883,0.371400000000,-0.612585565628,-0.790404279330
2024-01-02T17:17:00Z,fourier-demo,0.190432732641,0.371550000000,-0.613798197024,-0.789462965141
2024-01-02T17:18:00Z,fourier-demo,0.456738598308,0.371700000000,-0.615009381976,-0.788519790545
2024-01-02T17:19:00Z,fourier-demo,0.723792792435,0.371850000000,-0.616219117628,-0.787574757765
2024-01-02T17:20:00Z,fourier-demo,0.982342515538,0.372000000000,-0.617427401132,-0.786627869028
2024-01-02T17:21:00Z,fourier-demo,1.223261361945,0.372150000000,-0.618634229638,-0.785679126565
2024-01-02T17:22:00Z,fourier-demo,1.437901381568,0.372300000000,-0.619839600304,-0.784728532612
2024-01-02T17:23:00Z,fourier-demo,1.618430591044,0.372450000000,-0.621043510288,-0.783776089409
2024-01-02T17:24:00Z,fourier-demo,1.758142344883,0.372600000000,-0.622245956754,-0.782821799201
2024-01-02T17:25:00Z,fourier-demo,1.851724028637,0.372750000000,-0.623446936867,-0.781865664236
2024-01-02T17:26:00Z,fourier-demo,1.895474099200,0.372900000000,-0.624646447799,-0.780907686767
2024-01-02T17:27:00Z,fourier-demo,1.887458510084,0.373050000000,-0.625844486722,-0.779947869053
2024-01-02T17:28:00Z,fourier-demo,1.827599941316,0.373200000000,-0.627041050812,-0.778986213355
2024-01-02T17:29:00Z,fourier-demo,1.717695908837,0.373350000000,-0.628236137251,-0.778022721938
2024-01-02T17:30:00Z,fourier-demo,1.561364649931,0.373500000000,-0.629429743221,-0.777057397075
2024-01-02T17:31:00Z,fourier-demo,1.363920555390,0.373650000000,-0.630621865911,-0.776090241039
2024-01-02T17:32:00Z,fourier-demo,1.132183729741,0.373800000000,-0.631812502510,-0.775121256109
2024-01-02T17:33:00Z,fourier-demo,0.874230894038,0.373950000000,-0.633001650213,-0.774150444570
2024-01-02T17:34:00Z,fourier-demo,0.599097194935,0.374100000000,-0.634189306218,-0.773177808708
2024-01-02T17:35:00Z,fourier-demo,0.316440453660,0.374250000000,-0.635375467726,-0.772203350817
2024-01-02T17:36:00Z,fourier-demo,0.036180899200,0.374400000000,-0.636560131941,-0.771227073191
2024-01-02T17:37:00Z,fourier-demo,-0.231869579895,0.374550000000,-0.637743296072,-0.770248978133
2024-01-02T17:38:00Z,fourier-demo,-0.478374201530,0.374700000000,-0.638924957331,-0.769269067946
2024-01-02T17:39:00Z,fourier-demo,-0.694819759700,0.374850000000,-0.640105112934,-0.768287344941
2024-01-02T17:40:00Z,fourier-demo,-0.873833205627,0.375000000000,-0.641283760098,-0.767303811430
2024-01-02T17:41:00Z,fourier-demo,-1.009454013983,0.375150000000,-0.642460896047,-0.766318469731
2024-01-02T17:42:00Z,fourier-demo,-1.097351766160,0.375300000000,-0.643636518006,-0.765331322167
2024-01-02T17:43:00Z,fourier-demo,-1.134980562489,0.375450000000,-0.644810623205,-0.764342371063
2024-01-02T17:44:00Z,fourier-demo,-1.121664388817,0.375600000000,-0.645983208878,-0.763351618750
2024-01-02T17:45:00Z,fourier-demo,-1.058610308393,0.375750000000,-0.647154272260,-0.762359067563
2024-01-02T17:46:00Z,fourier-demo,-0.948849216647,0.375900000000,-0.648323810593,-0.761364719841
2024-01-02T17:47:00Z,fourier-demo,-0.797106768585,0.376050000000,-0.649491821120,-0.760368577926
2024-01-02T17:48:00Z,fourier-demo,-0.609609850162,0.376200000000,-0.650658301089,-0.759370644168
2024-01-02T17:49:00Z,fourier-demo,-0.393836505109,0.376350000000,-0.651823247751,-0.758370920916
2024-01-02T17:50:00Z,fourier-demo,-0.158219444878,0.376500000000,-0.652986658361,-0.757369410527
2024-01-02T17:51:00Z,fourier-demo,0.088184926968,0.376650000000,-0.654148530177,-0.756366115362
2024-01-02T17:52:00Z,fourier-demo,0.336048725753,0.376800000000,-0.655308860460,-0.755361037784
2024-01-02T17:53:00Z,fourier-demo,0.576131999918,0.376950000000,-0.656467646478,-0.754354180162
2024-01-02T17:54:00Z,fourier-demo,0.799635101665,0.377100000000,-0.657624885498,-0.753345544869
2024-01-02T17:55:00Z,fourier-demo,0.998530127146,0.377250000000,-0.658780574794,-0.752335134281
2024-01-02T17:56:00Z,fourier-demo,1.165858457674,0.377400000000,-0.659934711643,-0.751322950780
2024-01-02T17:57:00Z,fourier-demo,1.295982871548,0.377550000000,-0.661087293324,-0.750308996751
2024-01-02T17:58:00Z,fourier-demo,1.384784593986,0.377700000000,-0.662238317122,-0.749293274583
2024-01-02T17:59:00Z,fourier-demo,1.429797931969,0.377850000000,-0.663387780323,-0.748275786671
2024-01-02T18:00:00Z,fourier-demo,1.430277707660,0.378000000000,-0.664535680221,-0.747256535411
2024-01-02T18:01:00Z,fourier-demo,1.387197453094,0.378150000000,-0.665682014108,-0.746235523205
2024-01-02T18:02:00Z,fourier-demo,1.303179147527,0.378300000000,-0.666826779284,-0.745212752460
2024-01-02T18:03:00Z,fourier-demo,1.182358051906,0.378450000000,-0.667969973051,-0.744188225587
2024-01-02T18:04:00Z,fourier-demo,1.030188809504,0.378600000000,-0.669111592716,-0.743161944998
2024-01-02T18:05:00Z,fourier-demo,0.853201331311,0.378750000000,-0.670251635587,-0.742133913113
2024-01-02T18:06:00Z,fourier-demo,0.658716974261,0.378900000000,-0.671390098979,-0.741104132355
2024-01-02T18:07:00Z,fourier-demo,0.454537069322,0.379050000000,-0.672526980208,-0.740072605149
2024-01-02T18:08:00Z,fourier-demo,0.248616902975,0.379200000000,-0.673662276596,-0.739039333927
2024-01-02T18:09:00Z,fourier-demo,0.048738758208,0.379350000000,-0.674795985466,-0.738004321125
2024-01-02T18:10:00Z,fourier-demo,-0.137802438981,0.379500000000,-0.675928104148,-0.736967569180
2024-01-02T18:11:00Z,fourier-demo,-0.304487940281,0.379650000000,-0.677058629973,-0.735929080536
2024-01-02T18:12:00Z,fourier-demo,-0.445826685687,0.379800000000,-0.678187560278,-0.734888857641
2024-01-02T18:13:00Z,fourier-demo,-0.557559359251,0.379950000000,-0.679314892402,-0.733846902945
2024-01-02T18:14:00Z,fourier-demo,-0.636806891205,0.380100000000,-0.680440623687,-0.732803218904
2024-01-02T18:15:00Z,fourier-demo,-0.682157681834,0.380250000000,-0.681564751483,-0.731757807978
2024-01-02T18:16:00Z,fourier-demo,-0.693690425525,0.380400000000,-0.682687273138,-0.730710672630
2024-01-02T18:17:00Z,fourier-demo,-0.672932137166,0.380550000000,-0.683808186009,-0.729661815327
2024-01-02T18:18:00Z,fourier-demo,-0.622753714370,0.380700000000,-0.684927487454,-0.728611238542
2024-01-02T18:19:00Z,fourier-demo,-0.547207994549,0.380850000000,-0.686045174835,-0.727558944750
2024-01-02T18:20:00Z,fourier-demo,-0.451317676872,0.381000000000,-0.687161245517,-0.726504936431
2024-01-02T18:21:00Z,fourier-demo,-0.340822575878,0.381150000000,-0.688275696872,-0.725449216069
2024-01-02T18:22:00Z,fourier-demo,-0.221897369148,0.381300000000,-0.689388526272,-0.724391786152
2024-01-02T18:23:00Z,fourier-demo,-0.100852226034,0.381450000000,-0.690499731096,-0.723332649171
2024-01-02T18:24:00Z,fourier-demo,0.016170592607,0.381600000000,-0.691609308724,-0.722271807622
2024-01-02T18:25:00Z,fourier-demo,0.123490921292,0.381750000000,-0.692717256543,-0.721209264006
2024-01-02T18:26:00Z,fourier-demo,0.216162825261,0.381900000000,-0.693823571940,-0.720145020826
2024-01-02T18:27:00Z,fourier-demo,0.290212790067,0.382050000000,-0.694928252310,-0.719079080590
2024-01-02T18:28:00Z,fourier-demo,0.342833515561,0.382200000000,-0.696031295048,-0.718011445810
2024-01-02T18:29:00Z,fourier-demo,0.372524749237,0.382350000000,-0.697132697555,-0.716942119002
2024-01-02T18:30:00Z,fourier-demo,0.379174840874,0.382500000000,-0.698232457236,-0.715871102687
2024-01-02T18:31:00Z,fourier-demo,0.364079216263,0.382650000000,-0.699330571500,-0.714798399387
2024-01-02T18:32:00Z,fourier-demo,0.329894648061,0.382800000000,-0.700427037758,-0.713724011631
2024-01-02T18:33:00Z,fourier-demo,0.280530935041,0.382950000000,-0.701521853426,-0.712647941950
2024-01-02T18:34:00Z,fourier-demo,0.220984273615,0.383100000000,-0.702615015925,-0.711570192881
2024-01-02T18:35:00Z,fourier-demo,0.157119106125,0.383250000000,-0.703706522678,-0.710490766963
2024-01-02T18:36:00Z,fourier-demo,0.095407454761,0.383400000000,-0.704796371114,-0.709409666740
2024-01-02T18:37:00Z,fourier-demo,0.042636604997,0.383550000000,-0.705884558664,-0.708326894760
2024-01-02T18:38:00Z,fourier-demo,0.005597410291,0.383700000000,-0.706971082763,-0.707242453574
2024-01-02T18:39:00Z,fourier-demo,-0.009233609212,0.383850000000,-0.708055940852,-0.706156345737
2024-01-02T18:40:00Z,fourier-demo,0.003995154283,0.384000000000,-0.709139130373,-0.705068573810
2024-01-02T18:41:00Z,fourier-demo,0.050220461326,0.384150000000,-0.710220648774,-0.703979140355
2024-01-02T18:42:00Z,fourier-demo,0.133207494969,0.384300000000,-0.711300493507,-0.702888047940
2024-01-02T18:43:00Z,fourier-demo,0.255337608959,0.384450000000,-0.712378662026,-0.701795299136
2024-01-02T18:44:00Z,fourier-demo,0.417450067595,0.384600000000,-0.713455151792,-0.700700896518
2024-01-02T18:45:00Z,fourier-demo,0.618745126991,0.384750000000,-0.714529960267,-0.699604842666
2024-01-02T18:46:00Z,fourier-demo,0.856753328882,0.384900000000,-0.715603084918,-0.698507140161
2024-01-02T18:47:00Z,fourier-demo,1.127373185307,0.385050000000,-0.716674523216,-0.697407791592
2024-01-02T18:48:00Z,fourier-demo,1.424976635312,0.385200000000,-0.717744272637,-0.696306799548
2024-01-02T18:49:00Z,fourier-demo,1.742578867837,0.385350000000,-0.718812330660,-0.695204166624
2024-01-02T18:50:00Z,fourier-demo,2.072066442369,0.385500000000,-0.719878694768,-0.694099895418
2024-01-02T18:51:00Z,fourier-demo,2.404475210257,0.385650000000,-0.720943362447,-0.692993988534
2024-01-02T18:52:00Z,fourier-demo,2.730307444962,0.385800000000,-0.722006331189,-0.691886448576
2024-01-02T18:53:00Z,fourier-demo,3.039875915616,0.385950000000,-0.723067598489,-0.690777278155
2024-01-02T18:54:00Z,fourier-demo,3.323661454808,0.386100000000,-0.724127161846,-0.689666479885
2024-01-02T18:55:00Z,fourier-demo,3.572669928316,0.386250000000,-0.725185018763,-0.688554056383
2024-01-02T18:56:00Z,fourier-demo,3.778774439472,0.386400000000,-0.726241166748,-0.687440010270
2024-01-02T18:57:00Z,fourier-demo,3.935029098688,0.386550000000,-0.727295603311,-0.686324344173
2024-01-02T18:58:00Z,fourier-demo,4.035941740892,0.386700000000,-0.728348325967,-0.685207060721
2024-01-02T18:59:00Z,fourier-demo,4.077694539040,0.386850000000,-0.729399332236,-0.684088162545
2024-01-02T19:00:00Z,fourier-demo,4.058303478282,0.387000000000,-0.730448619641,-0.682967652283
2024-01-02T19:01:00Z,fourier-demo,3.977710042337,0.387150000000,-0.731496185709,-0.681845532576
2024-01-02T19:02:00Z,fourier-demo,3.837801125295,0.387300000000,-0.732542027972,-0.680721806067
2024-01-02T19:03:00Z,fourier-demo,3.642356011422,0.387450000000,-0.733586143965,-0.679596475405
2024-01-02T19:04:00Z,fourier-demo,3.396922148617,0.387600000000,-0.734628531227,-0.678469543242
2024-01-02T19:05:00Z,fourier-demo,3.108624261620,0.387750000000,-0.735669187303,-0.677341012234
2024-01-02T19:06:00Z,fourier-demo,2.785913994995,0.387900000000,-0.736708109739,-0.676210885039
2024-01-02T19:07:00Z,fourier-demo,2.438269636569,0.388050000000,-0.737745296088,-0.675079164321
2024-01-02T19:08:00Z,fourier-demo,2.075857453811,0.388200000000,-0.738780743905,-0.673945852747
2024-01-02T19:09:00Z,fourier-demo,1.709167698643,0.388350000000,-0.739814450750,-0.672810952989
2024-01-02T19:10:00Z,fourier-demo,1.348639338587,0.388500000000,-0.740846414188,-0.671674467719
2024-01-02T19:11:00Z,fourier-demo,1.004288013642,0.388650000000,-0.741876631786,-0.670536399616
2024-01-02T19:12:00Z,fourier-demo,0.685351580896,0.388800000000,-0.742905101116,-0.669396751363
2024-01-02T19:13:00Z,fourier-demo,0.399966898309,0.388950000000,-0.743931819756,-0.668255525645
2024-01-02T19:14:00Z,fourier-demo,0.154890244178,0.389100000000,-0.744956785285,-0.667112725151
2024-01-02T19:15:00Z,fourier-demo,-0.044727979641,0.389250000000,-0.745979995288,-0.665968352574
2024-01-02T19:16:00Z,fourier-demo,-0.195505783777,0.389400000000,-0.747001447354,-0.664822410611
2024-01-02T19:17:00Z,fourier-demo,-0.295923395549,0.389550000000,-0.748021139076,-0.663674901963
2024-01-02T19:18:00Z,fourier-demo,-0.346345099468,0.389700000000,-0.749039068050,-0.662525829334
2024-01-02T19:19:00Z,fourier-demo,-0.348968744025,0.389850000000,-0.750055231879,-0.661375195431
2024-01-02T19:20:00Z,fourier-demo,-0.307705413646,0.390000000000,-0.751069628167,-0.660223002966
2024-01-02T19:21:00Z,fourier-demo,-0.227994524754,0.390150000000,-0.752082254524,-0.659069254654
2024-01-02T19:22:00Z,fourier-demo,-0.116562145059,0.390300000000,-0.753093108563,-0.657913953215
2024-01-02T19:23:00Z,fourier-demo,0.018867446778,0.390450000000,-0.754102187903,-0.656757101370
2024-01-02T19:24:00Z,fourier-demo,0.169895136894,0.390600000000,-0.755109490165,-0.655598701846
2024-01-02T19:25:00Z,fourier-demo,0.327792139139,0.390750000000,-0.756115012976,-0.654438757373
2024-01-02T19:26:00Z,fourier-demo,0.483853008276,0.390900000000,-0.757118753967,-0.653277270684
2024-01-02T19:27:00Z,fourier-demo,0.629742343751,0.391050000000,-0.758120710771,-0.652114244516
2024-01-02T19:28:00Z,fourier-demo,0.757821374685,0.391200000000,-0.759120881028,-0.650949681610
2024-01-02T19:29:00Z,fourier-demo,0.861441524396,0.391350000000,-0.760119262380,-0.649783584710
2024-01-02T19:30:00Z,fourier-demo,0.935193479015,0.391500000000,-0.761115852476,-0.648615956564
2024-01-02T19:31:00Z,fourier-demo,0.975102169992,0.391650000000,-0.762110648966,-0.647446799925
2024-01-02T19:32:00Z,fourier-demo,0.978760346256,0.391800000000,-0.763103649506,-0.646276117546
2024-01-02T19:33:00Z,fourier-demo,0.945395964785,0.391950000000,-0.764094851757,-0.645103912187
2024-01-02T19:34:00Z,fourier-demo,0.875871363309,0.392100000000,-0.765084253382,-0.643930186610
2024-01-02T19:35:00Z,fourier-demo,0.772614983414,0.392250000000,-0.766071852049,-0.642754943581
2024-01-02T19:36:00Z,fourier-demo,0.639489171466,0.392400000000,-0.767057645432,-0.641578185870
2024-01-02T19:37:00Z,fourier-demo,0.481600185793,0.392550000000,-0.768041631208,-0.640399916249
2024-01-02T19:38:00Z,fourier-demo,0.305058875213,0.392700000000,-0.769023807056,-0.639220137496
2024-01-02T19:39:00Z,fourier-demo,0.116702471326,0.392850000000,-0.770004170664,-0.638038852390
2024-01-02T19:40:00Z,fourier-demo,-0.076210525120,0.393000000000,-0.770982719721,-0.636856063716
2024-01-02T19:41:00Z,fourier-demo,-0.266319346960,0.393150000000,-0.771959451921,-0.635671774260
2024-01-02T19:42:00Z,fourier-demo,-0.446480341601,0.393300000000,-0.772934364961,-0.634485986813
2024-01-02T19:43:00Z,fourier-demo,-0.610073286720,0.393450000000,-0.773907456545,-0.633298704170
2024-01-02T19:44:00Z,fourier-demo,-0.751281821407,0.393600000000,-0.774878724380,-0.632109929129
2024-01-02T19:45:00Z,fourier-demo,-0.865336327509,0.393750000000,-0.775848166176,-0.630919664491
2024-01-02T19:46:00Z,fourier-demo,-0.948709230570,0.393900000000,-0.776815779649,-0.629727913061
2024-01-02T19:47:00Z,fourier-demo,-0.999254736462,0.394050000000,-0.777781562519,-0.628534677647
2024-01-02T19:48:00Z,fourier-demo,-1.016287392654,0.394200000000,-0.778745512510,-0.627339961062
2024-01-02T19:49:00Z,fourier-demo,-1.000596463324,0.394350000000,-0.779707627351,-0.626143766120
2024-01-02T19:50:00Z,fourier-demo,-0.954395826749,0.394500000000,-0.780667904773,-0.624946095641
2024-01-02T19:51:00Z,fourier-demo,-0.881211828689,0.394650000000,-0.781626342515,-0.623746952447
2024-01-02T19:52:00Z,fourier-demo,-0.785714143581,0.394800000000,-0.782582938317,-0.622546339363
2024-01-02T19:53:00Z,fourier-demo,-0.673497097608,0.394950000000,-0.783537689926,-0.621344259220
2024-01-02T19:54:00Z,fourier-demo,-0.550820994556,0.395100000000,-0.784490595091,-0.620140714849
2024-01-02T19:55:00Z,fourier-demo,-0.424324670118,0.395250000000,-0.785441651567,-0.618935709088
2024-01-02T19:56:00Z,fourier-demo,-0.300721713252,0.395400000000,-0.786390857112,-0.617729244775
2024-01-02T19:57:00Z,fourier-demo,-0.186493483911,0.395550000000,-0.787338209490,-0.616521324755
2024-01-02T19:58:00Z,fourier-demo,-0.087592196205,0.395700000000,-0.788283706468,-0.615311951872
2024-01-02T19:59:00Z,fourier-demo,-0.009166919103,0.395850000000,-0.789227345819,-0.614101128978
2024-01-02T20:00:00Z,fourier-demo,0.044675610022,0.396000000000,-0.790169125318,-0.612888858925
2024-01-02T20:01:00Z,fourier-demo,0.071064920531,0.396150000000,-0.791109042746,-0.611675144571
2024-01-02T20:02:00Z,fourier-demo,0.068506950819,0.396300000000,-0.792047095888,-0.610459988776
2024-01-02T20:03:00Z,fourier-demo,0.036964114675,0.396450000000,-0.792983282533,-0.609243394402
2024-01-02T20:04:00Z,fourier-demo,-0.022128464906,0.396600000000,-0.793917600476,-0.608025364318
2024-01-02T20:05:00Z,fourier-demo,-0.105911621161,0.396750000000,-0.794850047515,-0.606805901393
2024-01-02T20:06:00Z,fourier-demo,-0.210214033118,0.396900000000,-0.795780621452,-0.605585008501
2024-01-02T20:07:00Z,fourier-demo,-0.329722984306,0.397050000000,-0.796709320094,-0.604362688520
2024-01-02T20:08:00Z,fourier-demo,-0.458207129005,0.397200000000,-0.797636141253,-0.603138944329
2024-01-02T20:09:00Z,fourier-demo,-0.588782175545,0.397350000000,-0.798561082745,-0.601913778813
2024-01-02T20:10:00Z,fourier-demo,-0.714208538036,0.397500000000,-0.799484142390,-0.600687194859
2024-01-02T20:11:00Z,fourier-demo,-0.827208598485,0.397650000000,-0.800405318012,-0.599459195357
2024-01-02T20:12:00Z,fourier-demo,-0.920790320155,0.397800000000,-0.801324607442,-0.598229783201
2024-01-02T20:13:00Z,fourier-demo,-0.988563598847,0.397950000000,-0.802242008512,-0.596998961288
2024-01-02T20:14:00Z,fourier-demo,-1.025035947966,0.398100000000,-0.803157519061,-0.595766732518
2024-01-02T20:15:00Z,fourier-demo,-1.025874878653,0.398250000000,-0.804071136931,-0.594533099797
2024-01-02T20:16:00Z,fourier-demo,-0.988125628300,0.398400000000,-0.804982859970,-0.593298066030
2024-01-02T20:17:00Z,fourier-demo,-0.910374657769,0.398550000000,-0.805892686028,-0.592061634128
2024-01-02T20:18:00Z,fourier-demo,-0.792851508468,0.398700000000,-0.806800612963,-0.590823807004
2024-01-02T20:19:00Z,fourier-demo,-0.637464097219,0.398850000000,-0.807706638633,-0.589584587577
2024-01-02T20:20:00Z,fourier-demo,-0.447765228500,0.399000000000,-0.808610760905,-0.588343978765
2024-01-02T20:21:00Z,fourier-demo,-0.228850910066,0.399150000000,-0.809512977646,-0.587101983493
2024-01-02T20:22:00Z,fourier-demo,0.012806145480,0.399300000000,-0.810413286733,-0.585858604688
2024-01-02T20:23:00Z,fourier-demo,0.269581778400,0.399450000000,-0.811311686042,-0.584613845279
2024-01-02T20:24:00Z,fourier-demo,0.532975905824,0.399600000000,-0.812208173457,-0.583367708200
2024-01-02T20:25:00Z,fourier-demo,0.793927715139,0.399750000000,-0.813102746864,-0.582120196387
2024-01-02T20:26:00Z,fourier-demo,1.043158247186,0.399900000000,-0.813995404157,-0.580871312780
2024-01-02T20:27:00Z,fourier-demo,1.271526898002,0.400050000000,-0.814886143231,-0.579621060323
2024-01-02T20:28:00Z,fourier-demo,1.470387717241,0.400200000000,-0.815774961987,-0.578369441961
2024-01-02T20:29:00Z,fourier-demo,1.631931299813,0.400350000000,-0.816661858331,-0.577116460645
2024-01-02T20:30:00Z,fourier-demo,1.749498559614,0.400500000000,-0.817546830173,-0.575862119326
2024-01-02T20:31:00Z,fourier-demo,1.817853722030,0.400650000000,-0.818429875427,-0.574606420960
2024-01-02T20:32:00Z,fourier-demo,1.833405434025,0.400800000000,-0.819310992012,-0.573349368508
2024-01-02T20:33:00Z,fourier-demo,1.794366905077,0.400950000000,-0.820190177852,-0.572090964930
2024-01-02T20:34:00Z,fourier-demo,1.700848378366,0.401100000000,-0.821067430875,-0.570831213194
2024-01-02T20:35:00Z,fourier-demo,1.554877893779,0.401250000000,-0.821942749014,-0.569570116266
2024-01-02T20:36:00Z,fourier-demo,1.360349135334,0.401400000000,-0.822816130206,-0.568307677120
2024-01-02T20:37:00Z,fourier-demo,1.122898041541,0.401550000000,-0.823687572393,-0.567043898729
2024-01-02T20:38:00Z,fourier-demo,0.849712681597,0.401700000000,-0.824557073521,-0.565778784073
2024-01-02T20:39:00Z,fourier-demo,0.549283549230,0.401850000000,-0.825424631541,-0.564512336132
2024-01-02T20:40:00Z,fourier-demo,0.231103792413,0.402000000000,-0.826290244409,-0.563244557892
2024-01-02T20:41:00Z,fourier-demo,-0.094669114370,0.402150000000,-0.827153910085,-0.561975452338
2024-01-02T20:42:00Z,fourier-demo,-0.417577218497,0.402300000000,-0.828015626534,-0.560705022464
2024-01-02T20:43:00Z,fourier-demo,-0.727237411313,0.402450000000,-0.828875391724,-0.559433271261
2024-01-02T20:44:00Z,fourier-demo,-1.013713727685,0.402600000000,-0.829733203631,-0.558160201727
2024-01-02T20:45:00Z,fourier-demo,-1.267872256091,0.402750000000,-0.830589060232,-0.556885816862
2024-01-02T20:46:00Z,fourier-demo,-1.481704994911,0.402900000000,-0.831442959511,-0.555610119670
2024-01-02T20:47:00Z,fourier-demo,-1.648610237841,0.403050000000,-0.832294899455,-0.554333113156
2024-01-02T20:48:00Z,fourier-demo,-1.763618812444,0.403200000000,-0.833144878057,-0.553054800330
2024-01-02T20:49:00Z,fourier-demo,-1.823557660262,0.403350000000,-0.833992893313,-0.551775184204
2024-01-02T20:50:00Z,fourier-demo,-1.827144746732,0.403500000000,-0.834838943226,-0.550494267794
2024-01-02T20:51:00Z,fourier-demo,-1.775012023309,0.403650000000,-0.835683025801,-0.549212054118
2024-01-02T20:52:00Z,fourier-demo,-1.669656021854,0.403800000000,-0.836525139050,-0.547928546197
2024-01-02T20:53:00Z,fourier-demo,-1.515318527187,0.403950000000,-0.837365280987,-0.546643747057
2024-01-02T20:54:00Z,fourier-demo,-1.317802531886,0.404100000000,-0.838203449634,-0.545357659726
2024-01-02T20:55:00Z,fourier-demo,-1.084231216889,0.404250000000,-0.839039643015,-0.544070287233
2024-01-02T20:56:00Z,fourier-demo,-0.822759920137,0.404400000000,-0.839873859159,-0.542781632613
2024-01-02T20:57:00Z,fourier-demo,-0.542252864387,0.404550000000,-0.840706096100,-0.541491698902
2024-01-02T20:58:00Z,fourier-demo,-0.251937742544,0.404700000000,-0.841536351878,-0.540200489141
2024-01-02T20:59:00Z,fourier-demo,0.038947948175,0.404850000000,-0.842364624536,-0.538908006371
2024-01-02T21:00:00Z,fourier-demo,0.321504703539,0.405000000000,-0.843190912121,-0.537614253639
2024-01-02T21:01:00Z,fourier-demo,0.587499165135,0.405150000000,-0.844015212687,-0.536319233994
2024-01-02T21:02:00Z,fourier-demo,0.829659752896,0.405300000000,-0.844837524292,-0.535022950487
2024-01-02T21:03:00Z,fourier-demo,1.041928319299,0.405450000000,-0.845657844997,-0.533725406174
2024-01-02T21:04:00Z,fourier-demo,1.219658243377,0.405600000000,-0.846476172869,-0.532426604111
2024-01-02T21:05:00Z,fourier-demo,1.359751638972,0.405750000000,-0.847292505980,-0.531126547359
2024-01-02T21:06:00Z,fourier-demo,1.460730894662,0.405900000000,-0.848106842406,-0.529825238983
2024-01-02T21:07:00Z,fourier-demo,1.522742487596,0.406050000000,-0.848919180229,-0.528522682049
2024-01-02T21:08:00Z,fourier-demo,1.547493807808,0.406200000000,-0.849729517533,-0.527218879626
2024-01-02T21:09:00Z,fourier-demo,1.538126478802,0.406350000000,-0.850537852409,-0.525913834786
2024-01-02T21:10:00Z,fourier-demo,1.499032251601,0.406500000000,-0.851344182953,-0.524607550606
2024-01-02T21:11:00Z,fourier-demo,1.435619877134,0.406650000000,-0.852148507263,-0.523300030163
2024-01-02T21:12:00Z,fourier-demo,1.354043330876,0.406800000000,-0.852950823446,-0.521991276539
2024-01-02T21:13:00Z,fourier-demo,1.260903294265,0.406950000000,-0.853751129609,-0.520681292818
2024-01-02T21:14:00Z,fourier-demo,1.162934827642,0.407100000000,-0.854549423868,-0.519370082087
2024-01-02T21:15:00Z,fourier-demo,1.066694658439,0.407250000000,-0.855345704340,-0.518057647436
2024-01-02T21:16:00Z,fourier-demo,0.978261437344,0.407400000000,-0.856139969150,-0.516743991957
2024-01-02T21:17:00Z,fourier-demo,0.902961688535,0.407550000000,-0.856932216426,-0.515429118747
2024-01-02T21:18:00Z,fourier-demo,0.845133025312,0.407700000000,-0.857722444300,-0.514113030903
2024-01-02T21:19:00Z,fourier-demo,0.807934568441,0.407850000000,-0.858510650911,-0.512795731528
2024-01-02T21:20:00Z,fourier-demo,0.793212460180,0.408000000000,-0.859296834400,-0.511477223725
2024-01-02T21:21:00Z,fourier-demo,0.801425997840,0.408150000000,-0.860080992916,-0.510157510602
2024-01-02T21:22:00Z,fourier-demo,0.831637315860,0.408300000000,-0.860863124611,-0.508836595269
2024-01-02T21:23:00Z,fourier-demo,0.881564832843,0.408450000000,-0.861643227641,-0.507514480839
2024-01-02T21:24:00Z,fourier-demo,0.947697962884,0.408600000000,-0.862421300168,-0.506191170426
2024-01-02T21:25:00Z,fourier-demo,1.025467981781,0.408750000000,-0.863197340358,-0.504866667150
2024-01-02T21:26:00Z,fourier-demo,1.109467546915,0.408900000000,-0.863971346383,-0.503540974132
2024-01-02T21:27:00Z,fourier-demo,1.193709294224,0.409050000000,-0.864743316418,-0.502214094496
2024-01-02T21:28:00Z,fourier-demo,1.271912263128,0.409200000000,-0.865513248645,-0.500886031368
2024-01-02T21:29:00Z,fourier-demo,1.337803700124,0.409350000000,-0.866281141249,-0.499556787879
2024-01-02T21:30:00Z,fourier-demo,1.385423114333,0.409500000000,-0.867046992421,-0.498226367161
2024-01-02T21:31:00Z,fourier-demo,1.409415331823,0.409650000000,-0.867810800355,-0.496894772348
2024-01-02T21:32:00Z,fourier-demo,1.405299725991,0.409800000000,-0.868572563252,-0.495562006580
2024-01-02T21:33:00Z,fourier-demo,1.369703771101,0.409950000000,-0.869332279317,-0.494228072996
2024-01-02T21:34:00Z,fourier-demo,1.300550535682,0.410100000000,-0.870089946759,-0.492892974740
2024-01-02T21:35:00Z,fourier-demo,1.197191641392,0.410250000000,-0.870845563793,-0.491556714959
2024-01-02T21:36:00Z,fourier-demo,1.060479482583,0.410400000000,-0.871599128639,-0.490219296801
2024-01-02T21:37:00Z,fourier-demo,0.892775038386,0.410550000000,-0.872350639519,-0.488880723419
2024-01-02T21:38:00Z,fourier-demo,0.697890307996,0.410700000000,-0.873100094664,-0.487540997965
2024-01-02T21:39:00Z,fourier-demo,0.480967149155,0.410850000000,-0.873847492308,-0.486200123598
2024-01-02T21:40:00Z,fourier-demo,0.248296985821,0.411000000000,-0.874592830688,-0.484858103478
2024-01-02T21:41:00Z,fourier-demo,0.007088362060,0.411150000000,-0.875336108050,-0.483514940767
2024-01-02T21:42:00Z,fourier-demo,-0.234808449095,0.411300000000,-0.876077322640,-0.482170638629
2024-01-02T21:43:00Z,fourier-demo,-0.469208713832,0.411450000000,-0.876816472712,-0.480825200234
2024-01-02T21:44:00Z,fourier-demo,-0.687919906116,0.411600000000,-0.877553556525,-0.479478628752
2024-01-02T21:45:00Z,fourier-demo,-0.883074401145,0.411750000000,-0.878288572342,-0.478130927355
2024-01-02T21:46:00Z,fourier-demo,-1.047454468280,0.411900000000,-0.879021518430,-0.476782099220
2024-01-02T21:47:00Z,fourier-demo,-1.174796052863,0.412050000000,-0.879752393062,-0.475432147526
2024-01-02T21:48:00Z,fourier-demo,-1.260058609143,0.412200000000,-0.880481194516,-0.474081075454
2024-01-02T21:49:00Z,fourier-demo,-1.299649547329,0.412350000000,-0.881207921075,-0.472728886186
2024-01-02T21:50:00Z,fourier-demo,-1.291593634821,0.412500000000,-0.881932571025,-0.471375582911
2024-01-02T21:51:00Z,fourier-demo,-1.235639873797,0.412650000000,-0.882655142660,-0.470021168817
2024-01-02T21:52:00Z,fourier-demo,-1.133300876275,0.412800000000,-0.883375634276,-0.468665647096
2024-01-02T21:53:00Z,fourier-demo,-0.987822472446,0.412950000000,-0.884094044175,-0.467309020942
2024-01-02T21:54:00Z,fourier-demo,-0.804084108049,0.413100000000,-0.884810370665,-0.465951293553
2024-01-02T21:55:00Z,fourier-demo,-0.588433397053,0.413250000000,-0.885524612058,-0.464592468127
2024-01-02T21:56:00Z,fourier-demo,-0.348460882254,0.413400000000,-0.886236766670,-0.463232547867
2024-01-02T21:57:00Z,fourier-demo,-0.092723508582,0.413550000000,-0.886946832823,-0.461871535977
2024-01-02T21:58:00Z,fourier-demo,0.169572568420,0.413700000000,-0.887654808843,-0.460509435666
2024-01-02T21:59:00Z,fourier-demo,0.428917520559,0.413850000000,-0.888360693064,-0.459146250142
2024-01-02T22:00:00Z,fourier-demo,0.675858208837,0.414000000000,-0.889064483820,-0.457781982618
2024-01-02T22:01:00Z,fourier-demo,0.901359184349,0.414150000000,-0.889766179454,-0.456416636310
2024-01-02T22:02:00Z,fourier-demo,1.097150051274,0.414300000000,-0.890465778312,-0.455050214434
2024-01-02T22:03:00Z,fourier-demo,1.256045397970,0.414450000000,-0.891163278745,-0.453682720210
2024-01-02T22:04:00Z,fourier-demo,1.372224542041,0.414600000000,-0.891858679109,-0.452314156862
2024-01-02T22:05:00Z,fourier-demo,1.441459890860,0.414750000000,-0.892551977766,-0.450944527614
2024-01-02T22:06:00Z,fourier-demo,1.461284728519,0.414900000000,-0.893243173083,-0.449573835694
2024-01-02T22:07:00Z,fourier-demo,1.431093623031,0.415050000000,-0.893932263430,-0.448202084332
2024-01-02T22:08:00Z,fourier-demo,1.352171308044,0.415200000000,-0.894619247183,-0.446829276761
2024-01-02T22:09:00Z,fourier-demo,1.227648724385,0.415350000000,-0.895304122723,-0.445455416215
2024-01-02T22:10:00Z,fourier-demo,1.062387794247,0.415500000000,-0.895986888437,-0.444080505933
2024-01-02T22:11:00Z,fourier-demo,0.862799328430,0.415650000000,-0.896667542715,-0.442704549153
2024-01-02T22:12:00Z,fourier-demo,0.636601120634,0.415800000000,-0.897346083954,-0.441327549120
2024-01-02T22:13:00Z,fourier-demo,0.392525655356,0.415950000000,-0.898022510555,-0.439949509077
2024-01-02T22:14:00Z,fourier-demo,0.139988851767,0.416100000000,-0.898696820922,-0.438570432273
2024-01-02T22:15:00Z,fourier-demo,-0.111267195404,0.416250000000,-0.899369013469,-0.437190321956
2024-01-02T22:16:00Z,fourier-demo,-0.351543497305,0.416400000000,-0.900039086609,-0.435809181380
2024-01-02T22:17:00Z,fourier-demo,-0.571551034390,0.416550000000,-0.900707038765,-0.434427013799
2024-01-02T22:18:00Z,fourier-demo,-0.762760879934,0.416700000000,-0.901372868363,-0.433043822470
2024-01-02T22:19:00Z,fourier-demo,-0.917723952957,0.416850000000,-0.902036573832,-0.431659610653
2024-01-02T22:20:00Z,fourier-demo,-1.030348005555,0.417000000000,-0.902698153610,-0.430274381610
2024-01-02T22:21:00Z,fourier-demo,-1.096121179161,0.417150000000,-0.903357606136,-0.428888138604
2024-01-02T22:22:00Z,fourier-demo,-1.112273617208,0.417300000000,-0.904014929858,-0.427500884904
2024-01-02T22:23:00Z,fourier-demo,-1.077871110498,0.417450000000,-0.904670123226,-0.426112623777
2024-01-02T22:24:00Z,fourier-demo,-0.993837475207,0.417600000000,-0.905323184696,-0.424723358496
2024-01-02T22:25:00Z,fourier-demo,-0.862905211378,0.417750000000,-0.905974112729,-0.423333092334
2024-01-02T22:26:00Z,fourier-demo,-0.689496846723,0.417900000000,-0.906622905791,-0.421941828568
2024-01-02T22:27:00Z,fourier-demo,-0.479542120852,0.418050000000,-0.907269562353,-0.420549570475
2024-01-02T22:28:00Z,fourier-demo,-0.240238697856,0.418200000000,-0.907914080892,-0.419156321338
2024-01-02T22:29:00Z,fourier-demo,0.020233691677,0.418350000000,-0.908556459888,-0.417762084439
2024-01-02T22:30:00Z,fourier-demo,0.293033973391,0.418500000000,-0.909196697828,-0.416366863064
2024-01-02T22:31:00Z,fourier-demo,0.569002286415,0.418650000000,-0.909834793203,-0.414970660501
2024-01-02T22:32:00Z,fourier-demo,0.839010553418,0.418800000000,-0.910470744509,-0.413573480040
2024-01-02T22:33:00Z,fourier-demo,1.094307013408,0.418950000000,-0.911104550248,-0.412175324973
2024-01-02T22:34:00Z,fourier-demo,1.326841009766,0.419100000000,-0.911736208926,-0.410776198596
2024-01-02T22:35:00Z,fourier-demo,1.529555223493,0.419250000000,-0.912365719054,-0.409376104205
2024-01-02T22:36:00Z,fourier-demo,1.696633955763,0.419400000000,-0.912993079150,-0.407975045100
2024-01-02T22:37:00Z,fourier-demo,1.823697935149,0.419550000000,-0.913618287734,-0.406573024583
2024-01-02T22:38:00Z,fourier-demo,1.907938375297,0.419700000000,-0.914241343333,-0.405170045957
2024-01-02T22:39:00Z,fourier-demo,1.948185545178,0.419850000000,-0.914862244479,-0.403766112528
2024-01-02T22:40:00Z,fourier-demo,1.944909831369,0.420000000000,-0.915480989709,-0.402361227606
2024-01-02T22:41:00Z,fourier-demo,1.900156058261,0.420150000000,-0.916097577565,-0.400955394500
2024-01-02T22:42:00Z,fourier-demo,1.817414572963,0.420300000000,-0.916712006594,-0.399548616524
2024-01-02T22:43:00Z,fourier-demo,1.701435184573,0.420450000000,-0.917324275347,-0.398140896993
2024-01-02T22:44:00Z,fourier-demo,1.557992366643,0.420600000000,-0.917934382383,-0.396732239224
2024-01-02T22:45:00Z,fourier-demo,1.393612092382,0.420750000000,-0.918542326262,-0.395322646537
2024-01-02T22:46:00Z,fourier-demo,1.215272194694,0.420900000000,-0.919148105553,-0.393912122253
2024-01-02T22:47:00Z,fourier-demo,1.030089165895,0.421050000000,-0.919751718828,-0.392500669696
2024-01-02T22:48:00Z,fourier-demo,0.845004794082,0.421200000000,-0.920353164665,-0.391088292194
2024-01-02T22:49:00Z,fourier-demo,0.666485956034,0.421350000000,-0.920952441646,-0.389674993073
2024-01-02T22:50:00Z,fourier-demo,0.500250254822,0.421500000000,-0.921549548359,-0.388260775664
2024-01-02T22:51:00Z,fourier-demo,0.351029031377,0.421650000000,-0.922144483397,-0.386845643301
2024-01-02T22:52:00Z,fourier-demo,0.222377642273,0.421800000000,-0.922737245357,-0.385429599318
2024-01-02T22:53:00Z,fourier-demo,0.116540849806,0.421950000000,-0.923327832844,-0.384012647051
2024-01-02T22:54:00Z,fourier-demo,0.034378800705,0.422100000000,-0.923916244465,-0.382594789841
2024-01-02T22:55:00Z,fourier-demo,-0.024643524481,0.422250000000,-0.924502478834,-0.381176031027
2024-01-02T22:56:00Z,fourier-demo,-0.062403219994,0.422400000000,-0.925086534569,-0.379756373955
2024-01-02T22:57:00Z,fourier-demo,-0.082005264307,0.422550000000,-0.925668410294,-0.378335821969
2024-01-02T22:58:00Z,fourier-demo,-0.087612377872,0.422700000000,-0.926248104637,-0.376914378416
2024-01-02T22:59:00Z,fourier-demo,-0.084226463361,0.422850000000,-0.926825616233,-0.375492046647
2024-01-02T23:00:00Z,fourier-demo,-0.077431231896,0.423000000000,-0.927400943720,-0.374068830013
2024-01-02T23:01:00Z,fourier-demo,-0.073107284491,0.423150000000,-0.927974085743,-0.372644731868
2024-01-02T23:02:00Z,fourier-demo,-0.077132110563,0.423300000000,-0.928545040952,-0.371219755568
2024-01-02T23:03:00Z,fourier-demo,-0.095078134780,0.423450000000,-0.929113808000,-0.369793904471
2024-01-02T23:04:00Z,fourier-demo,-0.131922061596,0.423600000000,-0.929680385547,-0.368367181938
2024-01-02T23:05:00Z,fourier-demo,-0.191778327826,0.423750000000,-0.930244772259,-0.366939591330
2024-01-02T23:06:00Z,fourier-demo,-0.277668495246,0.423900000000,-0.930806966805,-0.365511136011
2024-01-02T23:07:00Z,fourier-demo,-0.391336937236,0.424050000000,-0.931366967860,-0.364081819348
2024-01-02T23:08:00Z,fourier-demo,-0.533121256558,0.424200000000,-0.931924774105,-0.362651644709
2024-01-02T23:09:00Z,fourier-demo,-0.701883594287,0.424350000000,-0.932480384225,-0.361220615464
2024-01-02T23:10:00Z,fourier-demo,-0.895006446477,0.424500000000,-0.933033796911,-0.359788734986
2024-01-02T23:11:00Z,fourier-demo,-1.108453900429,0.424650000000,-0.933585010858,-0.358356006648
2024-01-02T23:12:00Z,fourier-demo,-1.336896448052,0.424800000000,-0.934134024769,-0.356922433828
2024-01-02T23:13:00Z,fourier-demo,-1.573894844055,0.424950000000,-0.934680837348,-0.355488019903
2024-01-02T23:14:00Z,fourier-demo,-1.812135962919,0.425100000000,-0.935225447308,-0.354052768254
2024-01-02T23:15:00Z,fourier-demo,-2.043711375571,0.425250000000,-0.935767853364,-0.352616682263
2024-01-02T23:16:00Z,fourier-demo,-2.260427507399,0.425400000000,-0.936308054240,-0.351179765313
2024-01-02T23:17:00Z,fourier-demo,-2.454134831843,0.425550000000,-0.936846048661,-0.349742020792
2024-01-02T23:18:00Z,fourier-demo,-2.617062657787,0.425700000000,-0.937381835360,-0.348303452088
2024-01-02T23:19:00Z,fourier-demo,-2.742145723003,0.425850000000,-0.937915413075,-0.346864062590
2024-01-02T23:20:00Z,fourier-demo,-2.823329026163,0.426000000000,-0.938446780548,-0.345423855690
2024-01-02T23:21:00Z,fourier-demo,-2.855838109332,0.426150000000,-0.938975936526,-0.343982834783
2024-01-02T23:22:00Z,fourier-demo,-2.836403311403,0.426300000000,-0.939502879763,-0.342541003263
2024-01-02T23:23:00Z,fourier-demo,-2.763428298757,0.426450000000,-0.940027609017,-0.341098364530
2024-01-02T23:24:00Z,fourier-demo,-2.637095371230,0.426600000000,-0.940550123052,-0.339654921982
2024-01-02T23:25:00Z,fourier-demo,-2.459402550840,0.426750000000,-0.941070420636,-0.338210679022
2024-01-02T23:26:00Z,fourier-demo,-2.234130186351,0.426900000000,-0.941588500543,-0.336765639052
2024-01-02T23:27:00Z,fourier-demo,-1.966737638113,0.427050000000,-0.942104361552,-0.335319805477
2024-01-02T23:28:00Z,fourier-demo,-1.664193429684,0.427200000000,-0.942618002447,-0.333873181706
2024-01-02T23:29:00Z,fourier-demo,-1.334744950578,0.427350000000,-0.943129422019,-0.332425771147
2024-01-02T23:30:00Z,fourier-demo,-0.987636258080,0.427500000000,-0.943638619061,-0.330977577211
2024-01-02T23:31:00Z,fourier-demo,-0.632784654622,0.427650000000,-0.944145592375,-0.329528603310
2024-01-02T23:32:00Z,fourier-demo,-0.280428423492,0.427800000000,-0.944650340764,-0.328078852860
2024-01-02T23:33:00Z,fourier-demo,0.059240680634,0.427950000000,-0.945152863041,-0.326628329276
2024-01-02T23:34:00Z,fourier-demo,0.376445919008,0.428100000000,-0.945653158020,-0.325177035978
2024-01-02T23:35:00Z,fourier-demo,0.662180667046,0.428250000000,-0.946151224522,-0.323724976384
2024-01-02T23:36:00Z,fourier-demo,0.908536233386,0.428400000000,-0.946647061375,-0.322272153917
2024-01-02T23:37:00Z,fourier-demo,1.108989544677,0.428550000000,-0.947140667409,-0.320818572000
2024-01-02T23:38:00Z,fourier-demo,1.258639393409,0.428700000000,-0.947632041461,-0.319364234060
2024-01-02T23:39:00Z,fourier-demo,1.354381953808,0.428850000000,-0.948121182373,-0.317909143522
2024-01-02T23:40:00Z,fourier-demo,1.395018653599,0.429000000000,-0.948608088993,-0.316453303816
2024-01-02T23:41:00Z,fourier-demo,1.381292151451,0.429150000000,-0.949092760174,-0.314996718374
2024-01-02T23:42:00Z,fourier-demo,1.315849004139,0.429300000000,-0.949575194772,-0.313539390626
2024-01-02T23:43:00Z,fourier-demo,1.203130499787,0.429450000000,-0.950055391651,-0.312081324008
2024-01-02T23:44:00Z,fourier-demo,1.049195967527,0.429600000000,-0.950533349680,-0.310622521956
2024-01-02T23:45:00Z,fourier-demo,0.861485535307,0.429750000000,-0.951009067732,-0.309162987907
2024-01-02T23:46:00Z,fourier-demo,0.648531689363,0.429900000000,-0.951482544686,-0.307702725301
2024-01-02T23:47:00Z,fourier-demo,0.419630995071,0.430050000000,-0.951953779427,-0.306241737579
2024-01-02T23:48:00Z,fourier-demo,0.184488889099,0.430200000000,-0.952422770843,-0.304780028184
2024-01-02T23:49:00Z,fourier-demo,-0.047148515251,0.430350000000,-0.952889517830,-0.303317600560
2024-01-02T23:50:00Z,fourier-demo,-0.265861194833,0.430500000000,-0.953354019288,-0.301854458154
2024-01-02T23:51:00Z,fourier-demo,-0.462906245710,0.430650000000,-0.953816274122,-0.300390604413
2024-01-02T23:52:00Z,fourier-demo,-0.630539541979,0.430800000000,-0.954276281243,-0.298926042788
2024-01-02T23:53:00Z,fourier-demo,-0.762295613538,0.430950000000,-0.954734039567,-0.297460776730
2024-01-02T23:54:00Z,fourier-demo,-0.853215047681,0.431100000000,-0.955189548014,-0.295994809691
2024-01-02T23:55:00Z,fourier-demo,-0.900010858881,0.431250000000,-0.955642805513,-0.294528145126
2024-01-02T23:56:00Z,fourier-demo,-0.901167747079,0.431400000000,-0.956093810994,-0.293060786492
2024-01-02T23:57:00Z,fourier-demo,-0.856970876263,0.431550000000,-0.956542563394,-0.291592737247
2024-01-02T23:58:00Z,fourier-demo,-0.769463641974,0.431700000000,-0.956989061657,-0.290124000849
2024-01-02T23:59:00Z,fourier-demo,-0.642336743251,0.431850000000,-0.957433304730,-0.288654580760
2024-01-03T00:00:00Z,fourier-demo,-0.480753616218,0.432000000000,-0.957875291566,-0.287184480443
2024-01-03T00:01:00Z,fourier-demo,-0.291119812016,0.432150000000,-0.958315021124,-0.285713703362
2024-01-03T00:02:00Z,fourier-demo,-0.080806109253,0.432300000000,-0.958752492366,-0.284242252984
2024-01-03T00:03:00Z,fourier-demo,0.142163048153,0.432450000000,-0.959187704264,-0.282770132775
2024-01-03T00:04:00Z,fourier-demo,0.369442874852,0.432600000000,-0.959620655790,-0.281297346205
2024-01-03T00:05:00Z,fourier-demo,0.592709625851,0.432750000000,-0.960051345924,-0.279823896744
2024-01-03T00:06:00Z,fourier-demo,0.803996102972,0.432900000000,-0.960479773652,-0.278349787865
2024-01-03T00:07:00Z,fourier-demo,0.996007692415,0.433050000000,-0.960905937965,-0.276875023042
2024-01-03T00:08:00Z,fourier-demo,1.162406232858,0.433200000000,-0.961329837856,-0.275399605750
2024-01-03T00:09:00Z,fourier-demo,1.298050421537,0.433350000000,-0.961751472329,-0.273923539465
2024-01-03T00:10:00Z,fourier-demo,1.399183329395,0.433500000000,-0.962170840389,-0.272446827667
2024-01-03T00:11:00Z,fourier-demo,1.463559837920,0.433650000000,-0.962587941047,-0.270969473835
2024-01-03T00:12:00Z,fourier-demo,1.490509336416,0.433800000000,-0.963002773322,-0.269491481450
2024-01-03T00:13:00Z,fourier-demo,1.480931724642,0.433950000000,-0.963415336235,-0.268012853996
2024-01-03T00:14:00Z,fourier-demo,1.437227540093,0.434100000000,-0.963825628814,-0.266533594957
2024-01-03T00:15:00Z,fourier-demo,1.363165757394,0.434250000000,-0.964233650093,-0.265053707819
2024-01-03T00:16:00Z,fourier-demo,1.263695376991,0.434400000000,-0.964639399109,-0.263573196069
2024-01-03T00:17:00Z,fourier-demo,1.144709226093,0.434550000000,-0.965042874907,-0.262092063197
2024-01-03T00:18:00Z,fourier-demo,1.012770342093,0.434700000000,-0.965444076536,-0.260610312692
2024-01-03T00:19:00Z,fourier-demo,0.874812818009,0.434850000000,-0.965843003050,-0.259127948047
2024-01-03T00:20:00Z,fourier-demo,0.737829999408,0.435000000000,-0.966239653509,-0.257644972755
2024-01-03T00:21:00Z,fourier-demo,0.608563392137,0.435150000000,-0.966634026979,-0.256161390310
2024-01-03T00:22:00Z,fourier-demo,0.493205551652,0.435300000000,-0.967026122531,-0.254677204208
2024-01-03T00:23:00Z,fourier-demo,0.397129582534,0.435450000000,-0.967415939239,-0.253192417948
2024-01-03T00:24:00Z,fourier-demo,0.324656708469,0.435600000000,-0.967803476186,-0.251707035028
2024-01-03T00:25:00Z,fourier-demo,0.278871727860,0.435750000000,-0.968188732458,-0.250221058948
2024-01-03T00:26:00Z,fourier-demo,0.261494117275,0.435900000000,-0.968571707148,-0.248734493211
2024-01-03T00:27:00Z,fourier-demo,0.272810169920,0.436050000000,-0.968952399352,-0.247247341318
2024-01-03T00:28:00Z,fourier-demo,0.311668958203,0.436200000000,-0.969330808175,-0.245759606776
2024-01-03T00:29:00Z,fourier-demo,0.375542196516,0.436350000000,-0.969706932724,-0.244271293090
2024-01-03T00:30:00Z,fourier-demo,0.460645365522,0.436500000000,-0.970080772112,-0.242782403767
2024-01-03T00:31:00Z,fourier-demo,0.562114855444,0.436650000000,-0.970452325459,-0.241292942315
2024-01-03T00:32:00Z,fourier-demo,0.674233501517,0.436800000000,-0.970821591889,-0.239802912246
2024-01-03T00:33:00Z,fourier-demo,0.790694819260,0.436950000000,-0.971188570533,-0.238312317069
2024-01-03T00:34:00Z,fourier-demo,0.904894586592,0.437100000000,-0.971553260524,-0.236821160298
2024-01-03T00:35:00Z,fourier-demo,1.010237233602,0.437250000000,-0.971915661004,-0.235329445447
2024-01-03T00:36:00Z,fourier-demo,1.100443838722,0.437400000000,-0.972275771119,-0.233837176031
2024-01-03T00:37:00Z,fourier-demo,1.169848420459,0.437550000000,-0.972633590021,-0.232344355567
2024-01-03T00:38:00Z,fourier-demo,1.213669661869,0.437700000000,-0.972989116865,-0.230850987572
2024-01-03T00:39:00Z,fourier-demo,1.228246193148,0.437850000000,-0.973342350814,-0.229357075566
2024-01-03T00:40:00Z,fourier-demo,1.211225045751,0.438000000000,-0.973693291036,-0.227862623069
2024-01-03T00:41:00Z,fourier-demo,1.161694818781,0.438150000000,-0.974041936703,-0.226367633603
2024-01-03T00:42:00Z,fourier-demo,1.080257385785,0.438300000000,-0.974388286995,-0.224872110691
2024-01-03T00:43:00Z,fourier-demo,0.969034523754,0.438450000000,-0.974732341095,-0.223376057857
2024-01-03T00:44:00Z,fourier-demo,0.831608560700,0.438600000000,-0.975074098192,-0.221879478627
2024-01-03T00:45:00Z,fourier-demo,0.672898901835,0.438750000000,-0.975413557480,-0.220382376528
2024-01-03T00:46:00Z,fourier-demo,0.498978992823,0.438900000000,-0.975750718160,-0.218884755087
2024-01-03T00:47:00Z,fourier-demo,0.316840800096,0.439050000000,-0.976085579438,-0.217386617833
2024-01-03T00:48:00Z,fourier-demo,0.134116128135,0.439200000000,-0.976418140524,-0.215887968298
2024-01-03T00:49:00Z,fourier-demo,-0.041234041386,0.439350000000,-0.976748400634,-0.214388810013
2024-01-03T00:50:00Z,fourier-demo,-0.201249591676,0.439500000000,-0.977076358991,-0.212889146510
2024-01-03T00:51:00Z,fourier-demo,-0.338307197863,0.439650000000,-0.977402014820,-0.211388981324
2024-01-03T00:52:00Z,fourier-demo,-0.445448294625,0.439800000000,-0.977725367356,-0.209888317990
2024-01-03T00:53:00Z,fourier-demo,-0.516685459561,0.439950000000,-0.978046415836,-0.208387160044
2024-01-03T00:54:00Z,fourier-demo,-0.547274367267,0.440100000000,-0.978365159503,-0.206885511024
2024-01-03T00:55:00Z,fourier-demo,-0.533939779365,0.440250000000,-0.978681597606,-0.205383374468
2024-01-03T00:56:00Z,fourier-demo,-0.475045824443,0.440400000000,-0.978995729399,-0.203880753917
2024-01-03T00:57:00Z,fourier-demo,-0.370703017665,0.440550000000,-0.979307554143,-0.202377652911
2024-01-03T00:58:00Z,fourier-demo,-0.222806984152,0.440700000000,-0.979617071103,-0.200874074993
2024-01-03T00:59:00Z,fourier-demo,-0.035006581791,0.440850000000,-0.979924279548,-0.199370023705
2024-01-03T01:00:00Z,fourier-demo,0.187398042949,0.441000000000,-0.980229178756,-0.197865502592
2024-01-03T01:01:00Z,fourier-demo,0.437624103275,0.441150000000,-0.980531768007,-0.196360515200
2024-01-03T01:02:00Z,fourier-demo,0.707635456040,0.441300000000,-0.980832046588,-0.194855065075
2024-01-03T01:03:00Z,fourier-demo,0.988423981521,0.441450000000,-0.981130013793,-0.193349155765
2024-01-03T01:04:00Z,fourier-demo,1.270332382581,0.441600000000,-0.981425668918,-0.191842790819
2024-01-03T01:05:00Z,fourier-demo,1.543406012575,0.441750000000,-0.981719011267,-0.190335973786
2024-01-03T01:06:00Z,fourier-demo,1.797760120004,0.441900000000,-0.982010040149,-0.188828708217
2024-01-03T01:07:00Z,fourier-demo,2.023948219864,0.442050000000,-0.982298754878,-0.187320997664
2024-01-03T01:08:00Z,fourier-demo,2.213317195396,0.442200000000,-0.982585154773,-0.185812845681
2024-01-03T01:09:00Z,fourier-demo,2.358335204861,0.442350000000,-0.982869239160,-0.184304255821
2024-01-03T01:10:00Z,fourier-demo,2.452879497982,0.442500000000,-0.983151007369,-0.182795231639
2024-01-03T01:11:00Z,fourier-demo,2.492472794964,0.442650000000,-0.983430458736,-0.181285776692
2024-01-03T01:12:00Z,fourier-demo,2.474458885844,0.442800000000,-0.983707592603,-0.179775894536
2024-01-03T01:13:00Z,fourier-demo,2.398110488803,0.442950000000,-0.983982408316,-0.178265588729
2024-01-03T01:14:00Z,fourier-demo,2.264665067504,0.443100000000,-0.984254905228,-0.176754862832
2024-01-03T01:15:00Z,fourier-demo,2.077287142355,0.443250000000,-0.984525082697,-0.175243720403
2024-01-03T01:16:00Z,fourier-demo,1.840958524793,0.443400000000,-0.984792940086,-0.173732165004
2024-01-03T01:17:00Z,fourier-demo,1.562300740697,0.443550000000,-0.985058476764,-0.172220200197
2024-01-03T01:18:00Z,fourier-demo,1.249336574711,0.443700000000,-0.985321692105,-0.170707829545
2024-01-03T01:19:00Z,fourier-demo,0.911200054370,0.443850000000,-0.985582585488,-0.169195056612
2024-01-03T01:20:00Z,fourier-demo,0.557806205466,0.444000000000,-0.985841156300,-0.167681884962
2024-01-03T01:21:00Z,fourier-demo,0.199493467575,0.444150000000,-0.986097403931,-0.166168318163
2024-01-03T01:22:00Z,fourier-demo,-0.153347301386,0.444300000000,-0.986351327776,-0.164654359780
2024-01-03T01:23:00Z,fourier-demo,-0.490642821245,0.444450000000,-0.986602927238,-0.163140013381
2024-01-03T01:24:00Z,fourier-demo,-0.802992071727,0.444600000000,-0.986852201723,-0.161625282535
2024-01-03T01:25:00Z,fourier-demo,-1.081992014056,0.444750000000,-0.987099150644,-0.160110170811
2024-01-03T01:26:00Z,fourier-demo,-1.320521917625,0.444900000000,-0.987343773420,-0.158594681780
2024-01-03T01:27:00Z,fourier-demo,-1.512975563617,0.445050000000,-0.987586069473,-0.157078819014
2024-01-03T01:28:00Z,fourier-demo,-1.655432727842,0.445200000000,-0.987826038233,-0.155562586083
2024-01-03T01:29:00Z,fourier-demo,-1.745763812297,0.445350000000,-0.988063679134,-0.154045986562
2024-01-03T01:30:00Z,fourier-demo,-1.783664198402,0.445500000000,-0.988298991616,-0.152529024025
2024-01-03T01:31:00Z,fourier-demo,-1.770617724405,0.445650000000,-0.988531975125,-0.151011702045
2024-01-03T01:32:00Z,fourier-demo,-1.709791530070,0.445800000000,-0.988762629112,-0.149494024199
2024-01-03T01:33:00Z,fourier-demo,-1.605867248197,0.445950000000,-0.988990953033,-0.147975994064
2024-01-03T01:34:00Z,fourier-demo,-1.464816044013,0.446100000000,-0.989216946350,-0.146457615216
2024-01-03T01:35:00Z,fourier-demo,-1.293627208290,0.446250000000,-0.989440608530,-0.144938891234
2024-01-03T01:36:00Z,fourier-demo,-1.100001809403,0.446400000000,-0.989661939046,-0.143419825696
2024-01-03T01:37:00Z,fourier-demo,-0.892024231758,0.446550000000,-0.989880937378,-0.141900422183
2024-01-03T01:38:00Z,fourier-demo,-0.677825220535,0.446700000000,-0.990097603008,-0.140380684275
2024-01-03T01:39:00Z,fourier-demo,-0.465250285282,0.446850000000,-0.990311935427,-0.138860615553
2024-01-03T01:40:00Z,fourier-demo,-0.261546979781,0.447000000000,-0.990523934128,-0.137340219599
2024-01-03T01:41:00Z,fourier-demo,-0.073083688599,0.447150000000,-0.990733598613,-0.135819499997
2024-01-03T01:42:00Z,fourier-demo,0.094888849885,0.447300000000,-0.990940928387,-0.134298460330
2024-01-03T01:43:00Z,fourier-demo,0.238423909344,0.447450000000,-0.991145922962,-0.132777104182
2024-01-03T01:44:00Z,fourier-demo,0.355005887362,0.447600000000,-0.991348581855,-0.131255435138
2024-01-03T01:45:00Z,fourier-demo,0.443613535935,0.447750000000,-0.991548904588,-0.129733456785
2024-01-03T01:46:00Z,fourier-demo,0.504717377897,0.447900000000,-0.991746890690,-0.128211172709
2024-01-03T01:47:00Z,fourier-demo,0.540212138823,0.448050000000,-0.991942539692,-0.126688586497
2024-01-03T01:48:00Z,fourier-demo,0.553287739574,0.448200000000,-0.992135851136,-0.125165701738
2024-01-03T01:49:00Z,fourier-demo,0.548244951568,0.448350000000,-0.992326824564,-0.123642522019
2024-01-03T01:50:00Z,fourier-demo,0.530264109764,0.448500000000,-0.992515459527,-0.122119050931
2024-01-03T01:51:00Z,fourier-demo,0.505137212987,0.448650000000,-0.992701755580,-0.120595292064
2024-01-03T01:52:00Z,fourier-demo,0.478975238224,0.448800000000,-0.992885712285,-0.119071249008
2024-01-03T01:53:00Z,fourier-demo,0.457903493758,0.448950000000,-0.993067329208,-0.117546925355
2024-01-03T01:54:00Z,fourier-demo,0.447758294945,0.449100000000,-0.993246605920,-0.116022324698
2024-01-03T01:55:00Z,fourier-demo,0.453798148004,0.449250000000,-0.993423542000,-0.114497450628
2024-01-03T01:56:00Z,fourier-demo,0.480441976131,0.449400000000,-0.993598137030,-0.112972306740
2024-01-03T01:57:00Z,fourier-demo,0.531045746498,0.449550000000,-0.993770390600,-0.111446896627
2024-01-03T01:58:00Z,fourier-demo,0.607727205481,0.449700000000,-0.993940302302,-0.109921223884
2024-01-03T01:59:00Z,fourier-demo,0.711246371990,0.449850000000,-0.994107871737,-0.108395292106
2024-01-03T02:00:00Z,fourier-demo,0.840947060846,0.450000000000,-0.994273098510,-0.106869104890
2024-01-03T02:01:00Z,fourier-demo,0.994762108804,0.450150000000,-0.994435982231,-0.105342665832
2024-01-03T02:02:00Z,fourier-demo,1.169282263428,0.450300000000,-0.994596522517,-0.103815978529
2024-01-03T02:03:00Z,fourier-demo,1.359885982341,0.450450000000,-0.994754718989,-0.102289046579
2024-01-03T02:04:00Z,fourier-demo,1.560924790575,0.450600000000,-0.994910571274,-0.100761873579
2024-01-03T02:05:00Z,fourier-demo,1.765956464943,0.450750000000,-0.995064079006,-0.099234463130
2024-01-03T02:06:00Z,fourier-demo,1.968016256001,0.450900000000,-0.995215241822,-0.097706818829
2024-01-03T02:07:00Z,fourier-demo,2.159914706140,0.451050000000,-0.995364059366,-0.096178944278
2024-01-03T02:08:00Z,fourier-demo,2.334549446067,0.451200000000,-0.995510531288,-0.094650843077
2024-01-03T02:09:00Z,fourier-demo,2.485217701005,0.451350000000,-0.995654657242,-0.093122518827
2024-01-03T02:10:00Z,fourier-demo,2.605916140443,0.451500000000,-0.995796436889,-0.091593975129
2024-01-03T02:11:00Z,fourier-demo,2.691615166306,0.451650000000,-0.995935869894,-0.090065215585
2024-01-03T02:12:00Z,fourier-demo,2.738495736121,0.451800000000,-0.996072955929,-0.088536243799
2024-01-03T02:13:00Z,fourier-demo,2.744138319846,0.451950000000,-0.996207694672,-0.087007063373
2024-01-03T02:14:00Z,fourier-demo,2.707655530484,0.452100000000,-0.996340085804,-0.085477677910
2024-01-03T02:15:00Z,fourier-demo,2.629762270205,0.452250000000,-0.996470129013,-0.083948091015
2024-01-03T02:16:00Z,fourier-demo,2.512779801233,0.452400000000,-0.996597823993,-0.082418306293
2024-01-03T02:17:00Z,fourier-demo,2.360572878819,0.452550000000,-0.996723170443,-0.080888327348
2024-01-03T02:18:00Z,fourier-demo,2.178421859994,0.452700000000,-0.996846168069,-0.079358157785
2024-01-03T02:19:00Z,fourier-demo,1.972834412218,0.452850000000,-0.996966816578,-0.077827801212
2024-01-03T02:20:00Z,fourier-demo,1.751303978362,0.453000000000,-0.997085115689,-0.076297261234
2024-01-03T02:21:00Z,fourier-demo,1.522024404061,0.453150000000,-0.997201065121,-0.074766541457
2024-01-03T02:22:00Z,fourier-demo,1.293572006745,0.453300000000,-0.997314664602,-0.073235645490
2024-01-03T02:23:00Z,fourier-demo,1.074567784478,0.453450000000,-0.997425913863,-0.071704576939
2024-01-03T02:24:00Z,fourier-demo,0.873333367365,0.453600000000,-0.997534812643,-0.070173339413
2024-01-03T02:25:00Z,fourier-demo,0.697554665919,0.453750000000,-0.997641360686,-0.068641936521
2024-01-03T02:26:00Z,fourier-demo,0.553966953262,0.453900000000,-0.997745557739,-0.067110371870
2024-01-03T02:27:00Z,fourier-demo,0.448074338362,0.454050000000,-0.997847403557,-0.065578649071
2024-01-03T02:28:00Z,fourier-demo,0.383915275815,0.454200000000,-0.997946897901,-0.064046771732
2024-01-03T02:29:00Z,fourier-demo,0.363883965789,0.454350000000,-0.998044040536,-0.062514743464
2024-01-03T02:30:00Z,fourier-demo,0.388615297317,0.454500000000,-0.998138831233,-0.060982567877
2024-01-03T02:31:00Z,fourier-demo,0.456938467565,0.454650000000,-0.998231269768,-0.059450248582
2024-01-03T02:32:00Z,fourier-demo,0.565901670648,0.454800000000,-0.998321355925,-0.057917789190
2024-01-03T02:33:00Z,fourier-demo,0.710867402822,0.454950000000,-0.998409089489,-0.056385193311
2024-01-03T02:34:00Z,fourier-demo,0.885675091776,0.455100000000,-0.998494470256,-0.054852464559
2024-01-03T02:35:00Z,fourier-demo,1.082865041530,0.455250000000,-0.998577498023,-0.053319606543
2024-01-03T02:36:00Z,fourier-demo,1.293955201497,0.455400000000,-0.998658172595,-0.051786622878
2024-01-03T02:37:00Z,fourier-demo,1.509760119796,0.455550000000,-0.998736493782,-0.050253517175
2024-01-03T02:38:00Z,fourier-demo,1.720739714462,0.455700000000,-0.998812461399,-0.048720293047
2024-01-03T02:39:00Z,fourier-demo,1.917364262495,0.455850000000,-0.998886075267,-0.047186954108
2024-01-03T02:40:00Z,fourier-demo,2.090481316397,0.456000000000,-0.998957335213,-0.045653503970
2024-01-03T02:41:00Z,fourier-demo,2.231670139711,0.456150000000,-0.999026241068,-0.044119946247
2024-01-03T02:42:00Z,fourier-demo,2.333569712558,0.456300000000,-0.999092792671,-0.042586284554
2024-01-03T02:43:00Z,fourier-demo,2.390167377473,0.456450000000,-0.999156989865,-0.041052522505
2024-01-03T02:44:00Z,fourier-demo,2.397036734240,0.456600000000,-0.999218832498,-0.039518663713
2024-01-03T02:45:00Z,fourier-demo,2.351515388404,0.456750000000,-0.999278320424,-0.037984711793
2024-01-03T02:46:00Z,fourier-demo,2.252815531290,0.456900000000,-0.999335453504,-0.036450670361
2024-01-03T02:47:00Z,fourier-demo,2.102062984335,0.457050000000,-0.999390231603,-0.034916543031
2024-01-03T02:48:00Z,fourier-demo,1.902263170223,0.457200000000,-0.999442654591,-0.033382333418
2024-01-03T02:49:00Z,fourier-demo,1.658195363755,0.457350000000,-0.999492722345,-0.031848045138
2024-01-03T02:50:00Z,fourier-demo,1.376239410142,0.457500000000,-0.999540434748,-0.030313681807
2024-01-03T02:51:00Z,fourier-demo,1.064141763171,0.457650000000,-0.999585791686,-0.028779247041
2024-01-03T02:52:00Z,fourier-demo,0.730730083374,0.457800000000,-0.999628793053,-0.027244744454
2024-01-03T02:53:00Z,fourier-demo,0.385587650880,0.457950000000,-0.999669438747,-0.025710177665
2024-01-03T02:54:00Z,fourier-demo,0.038700408294,0.458100000000,-0.999707728673,-0.024175550288
2024-01-03T02:55:00Z,fourier-demo,-0.299909506515,0.458250000000,-0.999743662740,-0.022640865940
2024-01-03T02:56:00Z,fourier-demo,-0.620549390811,0.458400000000,-0.999777240865,-0.021106128237
2024-01-03T02:57:00Z,fourier-demo,-0.914206512798,0.458550000000,-0.999808462966,-0.019571340798
2024-01-03T02:58:00Z,fourier-demo,-1.172869955559,0.458700000000,-0.999837328972,-0.018036507237
2024-01-03T02:59:00Z,fourier-demo,-1.389811375944,0.458850000000,-0.999863838814,-0.016501631173
2024-01-03T03:00:00Z,fourier-demo,-1.559813982856,0.459000000000,-0.999887992430,-0.014966716221
2024-01-03T03:01:00Z,fourier-demo,-1.679341160772,0.459150000000,-0.999909789762,-0.013431766000
2024-01-03T03:02:00Z,fourier-demo,-1.746638622438,0.459300000000,-0.999929230760,-0.011896784127
2024-01-03T03:03:00Z,fourier-demo,-1.761766669027,0.459450000000,-0.999946315377,-0.010361774218
2024-01-03T03:04:00Z,fourier-demo,-1.726561956685,0.459600000000,-0.999961043573,-0.008826739890
2024-01-03T03:05:00Z,fourier-demo,-1.644531000523,0.459750000000,-0.999973415313,-0.007291684763
2024-01-03T03:06:00Z,fourier-demo,-1.520680375547,0.459900000000,-0.999983430569,-0.005756612452
2024-01-03T03:07:00Z,fourier-demo,-1.361291088316,0.460050000000,-0.999991089317,-0.004221526575
2024-01-03T03:08:00Z,fourier-demo,-1.173646791436,0.460200000000,-0.999996391538,-0.002686430751
2024-01-03T03:09:00Z,fourier-demo,-0.965727306997,0.460350000000,-0.999999337221,-0.001151328595
2024-01-03T03:10:00Z,fourier-demo,-0.745880242771,0.460500000000,-0.999999926358,0.000383776274
2024-01-03T03:11:00Z,fourier-demo,-0.522484274342,0.460650000000,-0.999998158948,0.001918880238
2024-01-03T03:12:00Z,fourier-demo,-0.303617896792,0.460800000000,-0.999994034994,0.003453979680
2024-01-03T03:13:00Z,fourier-demo,-0.096747113643,0.460950000000,-0.999987554508,0.004989070983
2024-01-03T03:14:00Z,fourier-demo,0.091555355866,0.461100000000,-0.999978717503,0.006524150529
2024-01-03T03:15:00Z,fourier-demo,0.255848169142,0.461250000000,-0.999967524002,0.008059214701
2024-01-03T03:16:00Z,fourier-demo,0.392007422562,0.461400000000,-0.999953974029,0.009594259880
2024-01-03T03:17:00Z,fourier-demo,0.497353581979,0.461550000000,-0.999938067618,0.011129282450
2024-01-03T03:18:00Z,fourier-demo,0.570714690247,0.461700000000,-0.999919804806,0.012664278794
2024-01-03T03:19:00Z,fourier-demo,0.612423949476,0.461850000000,-0.999899185635,0.014199245293
2024-01-03T03:20:00Z,fourier-demo,0.624252531379,0.462000000000,-0.999876210154,0.015734178332
2024-01-03T03:21:00Z,fourier-demo,0.609281177466,0.462150000000,-0.999850878418,0.017269074292
2024-01-03T03:22:00Z,fourier-demo,0.571716700049,0.462300000000,-0.999823190486,0.018803929556
2024-01-03T03:23:00Z,fourier-demo,0.516661779881,0.462450000000,-0.999793146423,0.020338740509
2024-01-03T03:24:00Z,fourier-demo,0.449848382722,0.462600000000,-0.999760746300,0.021873503532
2024-01-03T03:25:00Z,fourier-demo,0.377346605922,0.462750000000,-0.999725990194,0.023408215009
2024-01-03T03:26:00Z,fourier-demo,0.305261756445,0.462900000000,-0.999688878187,0.024942871323
2024-01-03T03:27:00Z,fourier-demo,0.239432913061,0.463050000000,-0.999649410365,0.026477468859
2024-01-03T03:28:00Z,fourier-demo,0.185146119977,0.463200000000,-0.999607586822,0.028012003999
2024-01-03T03:29:00Z,fourier-demo,0.146874701786,0.463350000000,-0.999563407656,0.029546473128
2024-01-03T03:30:00Z,fourier-demo,0.128058008325,0.463500000000,-0.999516872972,0.031080872628
2024-01-03T03:31:00Z,fourier-demo,0.130928242321,0.463650000000,-0.999467982880,0.032615198886
2024-01-03T03:32:00Z,fourier-demo,0.156392961792,0.463800000000,-0.999416737493,0.034149448284
2024-01-03T03:33:00Z,fourier-demo,0.203978468930,0.463950000000,-0.999363136934,0.035683617207
2024-01-03T03:34:00Z,fourier-demo,0.271836696898,0.464100000000,-0.999307181329,0.037217702040
2024-01-03T03:35:00Z,fourier-demo,0.356815493764,0.464250000000,-0.999248870808,0.038751699168
2024-01-03T03:36:00Z,fourier-demo,0.454589491775,0.464400000000,-0.999188205511,0.040285604975
2024-01-03T03:37:00Z,fourier-demo,0.559846153190,0.464550000000,-0.999125185579,0.041819415848
2024-01-03T03:38:00Z,fourier-demo,0.666519209322,0.464700000000,-0.999059811161,0.043353128171
2024-01-03T03:39:00Z,fourier-demo,0.768059656410,0.464850000000,-0.998992082412,0.044886738331
2024-01-03T03:40:00Z,fourier-demo,0.857732826533,0.465000000000,-0.998921999491,0.046420242713
2024-01-03T03:41:00Z,fourier-demo,0.928928882994,0.465150000000,-0.998849562562,0.047953637703
2024-01-03T03:42:00Z,fourier-demo,0.975473447272,0.465300000000,-0.998774771798,0.049486919688
2024-01-03T03:43:00Z,fourier-demo,0.991924976376,0.465450000000,-0.998697627373,0.051020085055
2024-01-03T03:44:00Z,fourier-demo,0.973845980418,0.465600000000,-0.998618129470,0.052553130191
2024-01-03T03:45:00Z,fourier-demo,0.918036182322,0.465750000000,-0.998536278277,0.054086051483
2024-01-03T03:46:00Z,fourier-demo,0.822717234300,0.465900000000,-0.998452073985,0.055618845319
2024-01-03T03:47:00Z,fourier-demo,0.687660557939,0.466050000000,-0.998365516794,0.057151508086
2024-01-03T03:48:00Z,fourier-demo,0.514252186966,0.466200000000,-0.998276606907,0.058684036173
2024-01-03T03:49:00Z,fourier-demo,0.305491069609,0.466350000000,-0.998185344535,0.060216425968
2024-01-03T03:50:00Z,fourier-demo,0.065920025354,0.466500000000,-0.998091729891,0.061748673860
2024-01-03T03:51:00Z,fourier-demo,-0.198508663559,0.466650000000,-0.997995763197,0.063280776239
2024-01-03T03:52:00Z,fourier-demo,-0.480628326900,0.466800000000,-0.997897444678,0.064812729493
2024-01-03T03:53:00Z,fourier-demo,-0.772306408831,0.466950000000,-0.997796774568,0.066344530013
2024-01-03T03:54:00Z,fourier-demo,-1.064736903641,0.467100000000,-0.997693753101,0.067876174189
2024-01-03T03:55:00Z,fourier-demo,-1.348765352446,0.467250000000,-0.997588380523,0.069407658412
2024-01-03T03:56:00Z,fourier-demo,-1.615233606292,0.467400000000,-0.997480657080,0.070938979073
2024-01-03T03:57:00Z,fourier-demo,-1.855330654571,0.467550000000,-0.997370583026,0.072470132562
2024-01-03T03:58:00Z,fourier-demo,-2.060935465669,0.467700000000,-0.997258158622,0.074001115272
2024-01-03T03:59:00Z,fourier-demo,-2.224938005547,0.467850000000,-0.997143384132,0.075531923595
2024-01-03T04:00:00Z,fourier-demo,-2.341525382429,0.468000000000,-0.997026259826,0.077062553923
2024-01-03T04:01:00Z,fourier-demo,-2.406421381899,0.468150000000,-0.996906785981,0.078593002650
2024-01-03T04:02:00Z,fourier-demo,-2.417069454509,0.468300000000,-0.996784962877,0.080123266168
2024-01-03T04:03:00Z,fourier-demo,-2.372751425780,0.468450000000,-0.996660790803,0.081653340873
2024-01-03T04:04:00Z,fourier-demo,-2.274636727825,0.468600000000,-0.996534270051,0.083183223157
2024-01-03T04:05:00Z,fourier-demo,-2.125759700758,0.468750000000,-0.996405400918,0.084712909416
2024-01-03T04:06:00Z,fourier-demo,-1.930925369858,0.468900000000,-0.996274183709,0.086242396046
2024-01-03T04:07:00Z,fourier-demo,-1.696546955506,0.469050000000,-0.996140618732,0.087771679440
2024-01-03T04:08:00Z,fourier-demo,-1.430421101821,0.469200000000,-0.996004706303,0.089300755997
2024-01-03T04:09:00Z,fourier-demo,-1.141449306043,0.469350000000,-0.995866446742,0.090829622113
2024-01-03T04:10:00Z,fourier-demo,-0.839316192780,0.469500000000,-0.995725840375,0.092358274184
2024-01-03T04:11:00Z,fourier-demo,-0.534137017328,0.469650000000,-0.995582887532,0.093886708608
2024-01-03T04:12:00Z,fourier-demo,-0.236088029545,0.469800000000,-0.995437588551,0.095414921784
2024-01-03T04:13:00Z,fourier-demo,0.044965966684,0.469950000000,-0.995289943775,0.096942910110
2024-01-03T04:14:00Z,fourier-demo,0.299832392484,0.470100000000,-0.995139953551,0.098470669986
2024-01-03T04:15:00Z,fourier-demo,0.520325993104,0.470250000000,-0.994987618232,0.099998197811
2024-01-03T04:16:00Z,fourier-demo,0.699565246912,0.470400000000,-0.994832938178,0.101525489985
2024-01-03T04:17:00Z,fourier-demo,0.832218602517,0.470550000000,-0.994675913753,0.103052542910
2024-01-03T04:18:00Z,fourier-demo,0.914691049523,0.470700000000,-0.994516545327,0.104579352986
2024-01-03T04:19:00Z,fourier-demo,0.945243894291,0.470850000000,-0.994354833276,0.106105916617
2024-01-03T04:20:00Z,fourier-demo,0.924043261319,0.471000000000,-0.994190777980,0.107632230203
2024-01-03T04:21:00Z,fourier-demo,0.853135666374,0.471150000000,-0.994024379828,0.109158290150
2024-01-03T04:22:00Z,fourier-demo,0.736351895551,0.471300000000,-0.993855639209,0.110684092859
2024-01-03T04:23:00Z,fourier-demo,0.579143258468,0.471450000000,-0.993684556523,0.112209634737
2024-01-03T04:24:00Z,fourier-demo,0.388356949638,0.471600000000,-0.993511132172,0.113734912187
2024-01-03T04:25:00Z,fourier-demo,0.171959642528,0.471750000000,-0.993335366565,0.115259921615
2024-01-03T04:26:00Z,fourier-demo,-0.061279540153,0.471900000000,-0.993157260117,0.116784659428
2024-01-03T04:27:00Z,fourier-demo,-0.302133969627,0.472050000000,-0.992976813246,0.118309122032
2024-01-03T04:28:00Z,fourier-demo,-0.541278605178,0.472200000000,-0.992794026378,0.119833305835
2024-01-03T04:29:00Z,fourier-demo,-0.769648980732,0.472350000000,-0.992608899945,0.121357207246
2024-01-03T04:30:00Z,fourier-demo,-0.978785904123,0.472500000000,-0.992421434381,0.122880822672
2024-01-03T04:31:00Z,fourier-demo,-1.161152338495,0.472650000000,-0.992231630130,0.124404148524
2024-01-03T04:32:00Z,fourier-demo,-1.310410126980,0.472800000000,-0.992039487638,0.125927181211
2024-01-03T04:33:00Z,fourier-demo,-1.421645906484,0.472950000000,-0.991845007357,0.127449917146
2024-01-03T04:34:00Z,fourier-demo,-1.491537664208,0.473100000000,-0.991648189747,0.128972352738
2024-01-03T04:35:00Z,fourier-demo,-1.518455834832,0.473250000000,-0.991449035272,0.130494484401
2024-01-03T04:36:00Z,fourier-demo,-1.502495516739,0.473400000000,-0.991247544399,0.132016308548
2024-01-03T04:37:00Z,fourier-demo,-1.445439192505,0.473550000000,-0.991043717605,0.133537821592
2024-01-03T04:38:00Z,fourier-demo,-1.350652157602,0.473700000000,-0.990837555370,0.135059019948
2024-01-03T04:39:00Z,fourier-demo,-1.222915576874,0.473850000000,-0.990629058179,0.136579900030
2024-01-03T04:40:00Z,fourier-demo,-1.068204590498,0.474000000000,-0.990418226523,0.138100458256
2024-01-03T04:41:00Z,fourier-demo,-0.893421078375,0.474150000000,-0.990205060901,0.139620691042
2024-01-03T04:42:00Z,fourier-demo,-0.706092475785,0.474300000000,-0.989989561813,0.141140594805
2024-01-03T04:43:00Z,fourier-demo,-0.514049342122,0.474450000000,-0.989771729768,0.142660165963
2024-01-03T04:44:00Z,fourier-demo,-0.325095166426,0.474600000000,-0.989551565279,0.144179400936
2024-01-03T04:45:00Z,fourier-demo,-0.146682117978,0.474750000000,-0.989329068865,0.145698296143
2024-01-03T04:46:00Z,fourier-demo,0.014393890099,0.474900000000,-0.989104241050,0.147216848005
2024-01-03T04:47:00Z,fourier-demo,0.152266345665,0.475050000000,-0.988877082364,0.148735052944
2024-01-03T04:48:00Z,fourier-demo,0.262228412479,0.475200000000,-0.988647593343,0.150252907382
2024-01-03T04:49:00Z,fourier-demo,0.340911108707,0.475350000000,-0.988415774527,0.151770407742
2024-01-03T04:50:00Z,fourier-demo,0.386402388454,0.475500000000,-0.988181626462,0.153287550447
2024-01-03T04:51:00Z,fourier-demo,0.398302632721,0.475650000000,-0.987945149701,0.154804331923
2024-01-03T04:52:00Z,fourier-demo,0.377714740114,0.475800000000,-0.987706344800,0.156320748596
2024-01-03T04:53:00Z,fourier-demo,0.327169756912,0.475950000000,-0.987465212323,0.157836796891
2024-01-03T04:54:00Z,fourier-demo,0.250491687011,0.476100000000,-0.987221752836,0.159352473236
2024-01-03T04:55:00Z,fourier-demo,0.152607662835,0.476250000000,-0.986975966916,0.160867774060
2024-01-03T04:56:00Z,fourier-demo,0.039311933763,0.476400000000,-0.986727855139,0.162382695791
2024-01-03T04:57:00Z,fourier-demo,-0.083005955151,0.476550000000,-0.986477418092,0.163897234859
2024-01-03T04:58:00Z,fourier-demo,-0.207656943189,0.476700000000,-0.986224656364,0.165411387696
2024-01-03T04:59:00Z,fourier-demo,-0.327959362503,0.476850000000,-0.985969570551,0.166925150734
2024-01-03T05:00:00Z,fourier-demo,-0.437543704706,0.477000000000,-0.985712161254,0.168438520404
2024-01-03T05:01:00Z,fourier-demo,-0.530642091659,0.477150000000,-0.985452429080,0.169951493141
2024-01-03T05:02:00Z,fourier-demo,-0.602349964719,0.477300000000,-0.985190374640,0.171464065379
2024-01-03T05:03:00Z,fourier-demo,-0.648848698393,0.477450000000,-0.984925998553,0.172976233554
2024-01-03T05:04:00Z,fourier-demo,-0.667579509761,0.477600000000,-0.984659301441,0.174487994102
2024-01-03T05:05:00Z,fourier-demo,-0.657361104911,0.477750000000,-0.984390283933,0.175999343461
2024-01-03T05:06:00Z,fourier-demo,-0.618445891854,0.477900000000,-0.984118946662,0.177510278070
2024-01-03T05:07:00Z,fourier-demo,-0.552512196669,0.478050000000,-0.983845290269,0.179020794366
2024-01-03T05:08:00Z,fourier-demo,-0.462592637641,0.478200000000,-0.983569315398,0.180530888792
2024-01-03T05:09:00Z,fourier-demo,-0.352941527718,0.478350000000,-0.983291022699,0.182040557789
2024-01-03T05:10:00Z,fourier-demo,-0.228846775905,0.478500000000,-0.983010412828,0.183549797798
2024-01-03T05:11:00Z,fourier-demo,-0.096394134680,0.478650000000,-0.982727486447,0.185058605263
2024-01-03T05:12:00Z,fourier-demo,0.037806305812,0.478800000000,-0.982442244222,0.186566976630
2024-01-03T05:13:00Z,fourier-demo,0.166919831329,0.478950000000,-0.982154686825,0.188074908342
2024-01-03T05:14:00Z,fourier-demo,0.284200312661,0.479100000000,-0.981864814934,0.189582396846
2024-01-03T05:15:00Z,fourier-demo,0.383303558879,0.479250000000,-0.981572629233,0.191089438591
2024-01-03T05:16:00Z,fourier-demo,0.458587379409,0.479400000000,-0.981278130409,0.192596030025
2024-01-03T05:17:00Z,fourier-demo,0.505385395849,0.479550000000,-0.980981319157,0.194102167597
2024-01-03T05:18:00Z,fourier-demo,0.520242662796,0.479700000000,-0.980682196175,0.195607847758
2024-01-03T05:19:00Z,fourier-demo,0.501102676567,0.479850000000,-0.980380762170,0.197113066960
2024-01-03T05:20:00Z,fourier-demo,0.447437310427,0.480000000000,-0.980077017852,0.198617821655
2024-01-03T05:21:00Z,fourier-demo,0.360313535088,0.480150000000,-0.979770963935,0.200122108298
2024-01-03T05:22:00Z,fourier-demo,0.242393369256,0.480300000000,-0.979462601142,0.201625923344
2024-01-03T05:23:00Z,fourier-demo,0.097866251095,0.480450000000,-0.979151930199,0.203129263249
2024-01-03T05:24:00Z,fourier-demo,-0.067684184832,0.480600000000,-0.978838951838,0.204632124471
2024-01-03T05:25:00Z,fourier-demo,-0.247474214138,0.480750000000,-0.978523666796,0.206134503467
2024-01-03T05:26:00Z,fourier-demo,-0.433767754659,0.480900000000,-0.978206075818,0.207636396697
2024-01-03T05:27:00Z,fourier-demo,-0.618168203546,0.481050000000,-0.977886179650,0.209137800622
2024-01-03T05:28:00Z,fourier-demo,-0.791942974832,0.481200000000,-0.977563979048,0.210638711705
2024-01-03T05:29:00Z,fourier-demo,-0.946367905636,0.481350000000,-0.977239474769,0.212139126407
2024-01-03T05:30:00Z,fourier-demo,-1.073077788444,0.481500000000,-0.976912667580,0.213639041193
2024-01-03T05:31:00Z,fourier-demo,-1.164408931911,0.481650000000,-0.976583558250,0.215138452529
2024-01-03T05:32:00Z,fourier-demo,-1.213719869490,0.481800000000,-0.976252147554,0.216637356880
2024-01-03T05:33:00Z,fourier-demo,-1.215677116940,0.481950000000,-0.975918436274,0.218135750716
2024-01-03T05:34:00Z,fourier-demo,-1.166494196443,0.482100000000,-0.975582425196,0.219633630504
2024-01-03T05:35:00Z,fourier-demo,-1.064113944534,0.482250000000,-0.975244115112,0.221130992716
2024-01-03T05:36:00Z,fourier-demo,-0.908326331793,0.482400000000,-0.974903506819,0.222627833821
2024-01-03T05:37:00Z,fourier-demo,-0.700816555580,0.482550000000,-0.974560601120,0.224124150294
2024-01-03T05:38:00Z,fourier-demo,-0.445140921199,0.482700000000,-0.974215398822,0.225619938608
2024-01-03T05:39:00Z,fourier-demo,-0.146630890687,0.482850000000,-0.973867900740,0.227115195237
2024-01-03T05:40:00Z,fourier-demo,0.187771463556,0.483000000000,-0.973518107693,0.228609916659
2024-01-03T05:41:00Z,fourier-demo,0.549740626592,0.483150000000,-0.973166020503,0.230104099350
2024-01-03T05:42:00Z,fourier-demo,0.929848952169,0.483300000000,-0.972811640002,0.231597739791
2024-01-03T05:43:00Z,fourier-demo,1.317891468636,0.483450000000,-0.972454967024,0.233090834460
2024-01-03T05:44:00Z,fourier-demo,1.703241781950,0.483600000000,-0.972096002411,0.234583379840
2024-01-03T05:45:00Z,fourier-demo,2.075225421983,0.483750000000,-0.971734747007,0.236075372413
2024-01-03T05:46:00Z,fourier-demo,2.423496266094,0.483900000000,-0.971371201664,0.237566808663
2024-01-03T05:47:00Z,fourier-demo,2.738401534552,0.484050000000,-0.971005367238,0.239057685076
2024-01-03T05:48:00Z,fourier-demo,3.011321292016,0.484200000000,-0.970637244593,0.240547998138
2024-01-03T05:49:00Z,fourier-demo,3.234969390131,0.484350000000,-0.970266834595,0.242037744338
2024-01-03T05:50:00Z,fourier-demo,3.403644308330,0.484500000000,-0.969894138118,0.243526920164
2024-01-03T05:51:00Z,fourier-demo,3.513420331627,0.484650000000,-0.969519156039,0.245015522107
2024-01-03T05:52:00Z,fourier-demo,3.562271865688,0.484800000000,-0.969141889242,0.246503546660
2024-01-03T05:53:00Z,fourier-demo,3.550126335407,0.484950000000,-0.968762338617,0.247990990315
2024-01-03T05:54:00Z,fourier-demo,3.478843936888,0.485100000000,-0.968380505057,0.249477849568
2024-01-03T05:55:00Z,fourier-demo,3.352125400159,0.485250000000,-0.967996389463,0.250964120914
2024-01-03T05:56:00Z,fourier-demo,3.175351754806,0.485400000000,-0.967609992740,0.252449800852
2024-01-03T05:57:00Z,fourier-demo,2.955362758831,0.485550000000,-0.967221315798,0.253934885879
2024-01-03T05:58:00Z,fourier-demo,2.700183045145,0.485700000000,-0.966830359553,0.255419372498
2024-01-03T05:59:00Z,fourier-demo,2.418707064187,0.485850000000,-0.966437124926,0.256903257208
2024-01-03T06:00:00Z,fourier-demo,2.120355474279,0.486000000000,-0.966041612845,0.258386536514
2024-01-03T06:01:00Z,fourier-demo,1.814716691104,0.486150000000,-0.965643824241,0.259869206919
2024-01-03T06:02:00Z,fourier-demo,1.511187812436,0.486300000000,-0.965243760052,0.261351264931
2024-01-03T06:03:00Z,fourier-demo,1.218629065166,0.486450000000,-0.964841421220,0.262832707055
2024-01-03T06:04:00Z,fourier-demo,0.945045283049,0.486600000000,-0.964436808694,0.264313529803
2024-01-03T06:05:00Z,fourier-demo,0.697306743107,0.486750000000,-0.964029923426,0.265793729682
2024-01-03T06:06:00Z,fourier-demo,0.480920015674,0.486900000000,-0.963620766377,0.267273303207
2024-01-03T06:07:00Z,fourier-demo,0.299857387303,0.487050000000,-0.963209338510,0.268752246889
2024-01-03T06:08:00Z,fourier-demo,0.156450983586,0.487200000000,-0.962795640794,0.270230557244
2024-01-03T06:09:00Z,fourier-demo,0.051355050553,0.487350000000,-0.962379674205,0.271708230787
2024-01-03T06:10:00Z,fourier-demo,-0.016422941808,0.487500000000,-0.961961439722,0.273185264038
2024-01-03T06:11:00Z,fourier-demo,-0.049424517848,0.487650000000,-0.961540938332,0.274661653514
2024-01-03T06:12:00Z,fourier-demo,-0.051580585381,0.487800000000,-0.961118171026,0.276137395737
2024-01-03T06:13:00Z,fourier-demo,-0.027997337137,0.487950000000,-0.960693138798,0.277612487230
2024-01-03T06:14:00Z,fourier-demo,0.015302815294,0.488100000000,-0.960265842652,0.279086924515
2024-01-03T06:15:00Z,fourier-demo,0.071673978375,0.488250000000,-0.959836283594,0.280560704119
2024-01-03T06:16:00Z,fourier-demo,0.134160584766,0.488400000000,-0.959404462637,0.282033822568
2024-01-03T06:17:00Z,fourier-demo,0.195818895728,0.488550000000,-0.958970380797,0.283506276391
2024-01-03T06:18:00Z,fourier-demo,0.250032599269,0.488700000000,-0.958534039099,0.284978062119
2024-01-03T06:19:00Z,fourier-demo,0.290809247167,0.488850000000,-0.958095438569,0.286449176282
2024-01-03T06:20:00Z,fourier-demo,0.313045163095,0.489000000000,-0.957654580243,0.287919615414
2024-01-03T06:21:00Z,fourier-demo,0.312747852291,0.489150000000,-0.957211465158,0.289389376049
2024-01-03T06:22:00Z,fourier-demo,0.287206791391,0.489300000000,-0.956766094359,0.290858454725
2024-01-03T06:23:00Z,fourier-demo,0.235105697667,0.489450000000,-0.956318468895,0.292326847980
2024-01-03T06:24:00Z,fourier-demo,0.156571877038,0.489600000000,-0.955868589822,0.293794552352
2024-01-03T06:25:00Z,fourier-demo,0.053160925821,0.489750000000,-0.955416458199,0.295261564383
2024-01-03T06:26:00Z,fourier-demo,-0.072222199176,0.489900000000,-0.954962075092,0.296727880617
2024-01-03T06:27:00Z,fourier-demo,-0.215462037587,0.490050000000,-0.954505441572,0.298193497597
2024-01-03T06:28:00Z,fourier-demo,-0.371425176107,0.490200000000,-0.954046558715,0.299658411871
2024-01-03T06:29:00Z,fourier-demo,-0.534197996767,0.490350000000,-0.953585427601,0.301122619985
2024-01-03T06:30:00Z,fourier-demo,-0.697359223979,0.490500000000,-0.953122049319,0.302586118489
2024-01-03T06:31:00Z,fourier-demo,-0.854275407157,0.490650000000,-0.952656424959,0.304048903935
2024-01-03T06:32:00Z,fourier-demo,-0.998406510531,0.490800000000,-0.952188555620,0.305510972875
2024-01-03T06:33:00Z,fourier-demo,-1.123608355659,0.490950000000,-0.951718442403,0.306972321864
2024-01-03T06:34:00Z,fourier-demo,-1.224418792584,0.491100000000,-0.951246086416,0.308432947459
2024-01-03T06:35:00Z,fourier-demo,-1.296315157233,0.491250000000,-0.950771488773,0.309892846216
2024-01-03T06:36:00Z,fourier-demo,-1.335931777139,0.491400000000,-0.950294650592,0.311352014697
2024-01-03T06:37:00Z,fourier-demo,-1.341227964996,0.491550000000,-0.949815572997,0.312810449461
2024-01-03T06:38:00Z,fourier-demo,-1.311599020409,0.491700000000,-0.949334257117,0.314268147073
2024-01-03T06:39:00Z,fourier-demo,-1.247925158224,0.491850000000,-0.948850704085,0.315725104098
2024-01-03T06:40:00Z,fourier-demo,-1.152555897539,0.492000000000,-0.948364915042,0.317181317101
2024-01-03T06:41:00Z,fourier-demo,-1.029230170495,0.492150000000,-0.947876891132,0.318636782651
2024-01-03T06:42:00Z,fourier-demo,-0.882935130883,0.492300000000,-0.947386633505,0.320091497319
2024-01-03T06:43:00Z,fourier-demo,-0.719709246673,0.492450000000,-0.946894143317,0.321545457676
2024-01-03T06:44:00Z,fourier-demo,-0.546397639056,0.492600000000,-0.946399421728,0.322998660296
2024-01-03T06:45:00Z,fourier-demo,-0.370369684567,0.492750000000,-0.945902469904,0.324451101754
2024-01-03T06:46:00Z,fourier-demo,-0.199210540163,0.492900000000,-0.945403289016,0.325902778628
2024-01-03T06:47:00Z,fourier-demo,-0.040399414769,0.493050000000,-0.944901880241,0.327353687496
2024-01-03T06:48:00Z,fourier-demo,0.099011954698,0.493200000000,-0.944398244759,0.328803824940
2024-01-03T06:49:00Z,fourier-demo,0.212707087220,0.493350000000,-0.943892383759,0.330253187543
2024-01-03T06:50:00Z,fourier-demo,0.295385749823,0.493500000000,-0.943384298431,0.331701771888
2024-01-03T06:51:00Z,fourier-demo,0.343006133617,0.493650000000,-0.942873989974,0.333149574562
2024-01-03T06:52:00Z,fourier-demo,0.352977719168,0.493800000000,-0.942361459589,0.334596592153
2024-01-03T06:53:00Z,fourier-demo,0.324296307466,0.493950000000,-0.941846708485,0.336042821252
2024-01-03T06:54:00Z,fourier-demo,0.257615024777,0.494100000000,-0.941329737875,0.337488258450
2024-01-03T06:55:00Z,fourier-demo,0.155247708165,0.494250000000,-0.940810548977,0.338932900341
2024-01-03T06:56:00Z,fourier-demo,0.021103837395,0.494400000000,-0.940289143014,0.340376743520
2024-01-03T06:57:00Z,fourier-demo,-0.139443014359,0.494550000000,-0.939765521216,0.341819784586
2024-01-03T06:58:00Z,fourier-demo,-0.319748499190,0.494700000000,-0.939239684815,0.343262020137
2024-01-03T06:59:00Z,fourier-demo,-0.512145310952,0.494850000000,-0.938711635052,0.344703446775
2024-01-03T07:00:00Z,fourier-demo,-0.708235953380,0.495000000000,-0.938181373170,0.346144061103
2024-01-03T07:01:00Z,fourier-demo,-0.899219017952,0.495150000000,-0.937648900420,0.347583859726
2024-01-03T07:02:00Z,fourier-demo,-1.076236091494,0.495300000000,-0.937114218055,0.349022839251
2024-01-03T07:03:00Z,fourier-demo,-1.230725493163,0.495450000000,-0.936577327337,0.350460996288
2024-01-03T07:04:00Z,fourier-demo,-1.354768676729,0.495600000000,-0.936038229529,0.351898327446
2024-01-03T07:05:00Z,fourier-demo,-1.441415343622,0.495750000000,-0.935496925904,0.353334829340
2024-01-03T07:06:00Z,fourier-demo,-1.484974087990,0.495900000000,-0.934953417736,0.354770498583
2024-01-03T07:07:00Z,fourier-demo,-1.481256707074,0.496050000000,-0.934407706305,0.356205331793
2024-01-03T07:08:00Z,fourier-demo,-1.427766106674,0.496200000000,-0.933859792899,0.357639325588
2024-01-03T07:09:00Z,fourier-demo,-1.323819940666,0.496350000000,-0.933309678808,0.359072476589
2024-01-03T07:10:00Z,fourier-demo,-1.170604656786,0.496500000000,-0.932757365328,0.360504781418
2024-01-03T07:11:00Z,fourier-demo,-0.971157376483,0.496650000000,-0.932202853762,0.361936236702
2024-01-03T07:12:00Z,fourier-demo,-0.730275903312,0.496800000000,-0.931646145416,0.363366839065
2024-01-03T07:13:00Z,fourier-demo,-0.454360016532,0.496950000000,-0.931087241601,0.364796585137
2024-01-03T07:14:00Z,fourier-demo,-0.151189948561,0.497100000000,-0.930526143635,0.366225471549
2024-01-03T07:15:00Z,fourier-demo,0.170349544164,0.497250000000,-0.929962852841,0.367653494933
2024-01-03T07:16:00Z,fourier-demo,0.500588929175,0.497400000000,-0.929397370545,0.369080651924
2024-01-03T07:17:00Z,fourier-demo,0.829425119780,0.497550000000,-0.928829698080,0.370506939159
2024-01-03T07:18:00Z,fourier-demo,1.146690560484,0.497700000000,-0.928259836784,0.371932353278
2024-01-03T07:19:00Z,fourier-demo,1.442525844036,0.497850000000,-0.927687787999,0.373356890920
2024-01-03T07:20:00Z,fourier-demo,1.707741379011,0.498000000000,-0.927113553075,0.374780548728
2024-01-03T07:21:00Z,fourier-demo,1.934154056524,0.498150000000,-0.926537133363,0.376203323349
2024-01-03T07:22:00Z,fourier-demo,2.114885855811,0.498300000000,-0.925958530223,0.377625211429
2024-01-03T07:23:00Z,fourier-demo,2.244612840842,0.498450000000,-0.925377745018,0.379046209617
2024-01-03T07:24:00Z,fourier-demo,2.319754972841,0.498600000000,-0.924794779117,0.380466314565
2024-01-03T07:25:00Z,fourier-demo,2.338599516593,0.498750000000,-0.924209633893,0.381885522925
2024-01-03T07:26:00Z,fourier-demo,2.301353456675,0.498900000000,-0.923622310725,0.383303831355
2024-01-03T07:27:00Z,fourier-demo,2.210123156643,0.499050000000,-0.923032810997,0.384721236511
2024-01-03T07:28:00Z,fourier-demo,2.068822375846,0.499200000000,-0.922441136099,0.386137735053
2024-01-03T07:29:00Z,fourier-demo,1.883012588746,0.499350000000,-0.921847287425,0.387553323644
2024-01-03T07:30:00Z,fourier-demo,1.659682216248,0.499500000000,-0.921251266374,0.388967998946
2024-01-03T07:31:00Z,fourier-demo,1.406973770402,0.499650000000,-0.920653074351,0.390381757627
2024-01-03T07:32:00Z,fourier-demo,1.133869936925,0.499800000000,-0.920052712765,0.391794596355
2024-01-03T07:33:00Z,fourier-demo,0.849851193386,0.499950000000,-0.919450183032,0.393206511801
2024-01-03T07:34:00Z,fourier-demo,0.564538622152,0.500100000000,-0.918845486571,0.394617500637
2024-01-03T07:35:00Z,fourier-demo,0.287336084606,0.500250000000,-0.918238624807,0.396027559538
2024-01-03T07:36:00Z,fourier-demo,0.027085857887,0.500400000000,-0.917629599170,0.397436685181
2024-01-03T07:37:00Z,fourier-demo,-0.208248798456,0.500550000000,-0.917018411095,0.398844874246
2024-01-03T07:38:00Z,fourier-demo,-0.411861853257,0.500700000000,-0.916405062024,0.400252123414
2024-01-03T07:39:00Z,fourier-demo,-0.578332865794,0.500850000000,-0.915789553400,0.401658429369
2024-01-03T07:40:00Z,fourier-demo,-0.703796961629,0.501000000000,-0.915171886675,0.403063788797
2024-01-03T07:41:00Z,fourier-demo,-0.786050309281,0.501150000000,-0.914552063304,0.404468198386
2024-01-03T07:42:00Z,fourier-demo,-0.824587645317,0.501300000000,-0.913930084748,0.405871654827
2024-01-03T07:43:00Z,fourier-demo,-0.820571182541,0.501450000000,-0.913305952473,0.407274154812
2024-01-03T07:44:00Z,fourier-demo,-0.776733035468,0.501600000000,-0.912679667949,0.408675695036
2024-01-03T07:45:00Z,fourier-demo,-0.697215994595,0.501750000000,-0.912051232652,0.410076272196
2024-01-03T07:46:00Z,fourier-demo,-0.587359966112,0.501900000000,-0.911420648063,0.411475882993
2024-01-03T07:47:00Z,fourier-demo,-0.453443565520,0.502050000000,-0.910787915668,0.412874524127
2024-01-03T07:48:00Z,fourier-demo,-0.302392124044,0.502200000000,-0.910153036959,0.414272192302
2024-01-03T07:49:00Z,fourier-demo,-0.141464664404,0.502350000000,-0.909516013430,0.415668884226
2024-01-03T07:50:00Z,fourier-demo,0.022066824445,0.502500000000,-0.908876846585,0.417064596606
2024-01-03T07:51:00Z,fourier-demo,0.181232265640,0.502650000000,-0.908235537928,0.418459326154
2024-01-03T07:52:00Z,fourier-demo,0.329659321635,0.502800000000,-0.907592088971,0.419853069582
2024-01-03T07:53:00Z,fourier-demo,0.461837856059,0.502950000000,-0.906946501230,0.421245823607
2024-01-03T07:54:00Z,fourier-demo,0.573342113788,0.503100000000,-0.906298776227,0.422637584947
2024-01-03T07:55:00Z,fourier-demo,0.661001549362,0.503250000000,-0.905648915488,0.424028350320
2024-01-03T07:56:00Z,fourier-demo,0.723013451566,0.503400000000,-0.904996920545,0.425418116451
2024-01-03T07:57:00Z,fourier-demo,0.758993008049,0.503550000000,-0.904342792933,0.426806880064
2024-01-03T07:58:00Z,fourier-demo,0.769959124145,0.503700000000,-0.903686534195,0.428194637887
2024-01-03T07:59:00Z,fourier-demo,0.758257043393,0.503850000000,-0.903028145877,0.429581386648
2024-01-03T08:00:00Z,fourier-demo,0.727421499960,0.504000000000,-0.902367629530,0.430967123081
2024-01-03T08:01:00Z,fourier-demo,0.681986653774,0.504150000000,-0.901704986711,0.432351843919
2024-01-03T08:02:00Z,fourier-demo,0.627251312988,0.504300000000,-0.901040218982,0.433735545899
2024-01-03T08:03:00Z,fourier-demo,0.569009841925,0.504450000000,-0.900373327909,0.435118225762
2024-01-03T08:04:00Z,fourier-demo,0.513260607227,0.504600000000,-0.899704315064,0.436499880247
2024-01-03T08:05:00Z,fourier-demo,0.465904770178,0.504750000000,-0.899033182022,0.437880506100
2024-01-03T08:06:00Z,fourier-demo,0.432448649427,0.504900000000,-0.898359930367,0.439260100067
2024-01-03T08:07:00Z,fourier-demo,0.417722738121,0.505050000000,-0.897684561684,0.440638658897
2024-01-03T08:08:00Z,fourier-demo,0.425629768495,0.505200000000,-0.897007077565,0.442016179341
2024-01-03T08:09:00Z,fourier-demo,0.458933003730,0.505350000000,-0.896327479606,0.443392658152
2024-01-03T08:10:00Z,fourier-demo,0.519094251383,0.505500000000,-0.895645769409,0.444768092089
2024-01-03T08:11:00Z,fourier-demo,0.606169004744,0.505650000000,-0.894961948580,0.446142477907
2024-01-03T08:12:00Z,fourier-demo,0.718763714372,0.505800000000,-0.894276018732,0.447515812371
2024-01-03T08:13:00Z,fourier-demo,0.854057571444,0.505950000000,-0.893587981479,0.448888092241
2024-01-03T08:14:00Z,fourier-demo,1.007888456023,0.506100000000,-0.892897838444,0.450259314286
2024-01-03T08:15:00Z,fourier-demo,1.174899980167,0.506250000000,-0.892205591253,0.451629475274
2024-01-03T08:16:00Z,fourier-demo,1.348743951081,0.506400000000,-0.891511241538,0.452998571975
2024-01-03T08:17:00Z,fourier-demo,1.522330201772,0.506550000000,-0.890814790934,0.454366601164
2024-01-03T08:18:00Z,fourier-demo,1.688113685060,0.506700000000,-0.890116241083,0.455733559616
2024-01-03T08:19:00Z,fourier-demo,1.838407087294,0.506850000000,-0.889415593631,0.457099444111
2024-01-03T08:20:00Z,fourier-demo,1.965706059834,0.507000000000,-0.888712850229,0.458464251429
2024-01-03T08:21:00Z,fourier-demo,2.063013538620,0.507150000000,-0.888008012533,0.459827978355
2024-01-03T08:22:00Z,fourier-demo,2.124149552598,0.507300000000,-0.887301082204,0.461190621674
2024-01-03T08:23:00Z,fourier-demo,2.144033415058,0.507450000000,-0.886592060908,0.462552178175
2024-01-03T08:24:00Z,fourier-demo,2.118926229630,0.507600000000,-0.885880950316,0.463912644651
2024-01-03T08:25:00Z,fourier-demo,2.046623183789,0.507750000000,-0.885167752104,0.465272017894
2024-01-03T08:26:00Z,fourier-demo,1.926587085657,0.507900000000,-0.884452467952,0.466630294702
2024-01-03T08:27:00Z,fourier-demo,1.760016944567,0.508050000000,-0.883735099546,0.467987471874
2024-01-03T08:28:00Z,fourier-demo,1.549848007399,0.508200000000,-0.883015648576,0.469343546211
2024-01-03T08:29:00Z,fourier-demo,1.300682434842,0.508350000000,-0.882294116738,0.470698514517
2024-01-03T08:30:00Z,fourier-demo,1.018652621596,0.508500000000,-0.881570505733,0.472052373601
2024-01-03T08:31:00Z,fourier-demo,0.711221916846,0.508650000000,-0.880844817265,0.473405120270
2024-01-03T08:32:00Z,fourier-demo,0.386930073543,0.508800000000,-0.880117053044,0.474756751338
2024-01-03T08:33:00Z,fourier-demo,0.055093041400,0.508950000000,-0.879387214786,0.476107263620
2024-01-03T08:34:00Z,fourier-demo,-0.274531374832,0.509100000000,-0.878655304210,0.477456653932
2024-01-03T08:35:00Z,fourier-demo,-0.592099022363,0.509250000000,-0.877921323042,0.478804919094
2024-01-03T08:36:00Z,fourier-demo,-0.888042174082,0.509400000000,-0.877185273010,0.480152055931
2024-01-03T08:37:00Z,fourier-demo,-1.153425299530,0.509550000000,-0.876447155850,0.481498061266
2024-01-03T08:38:00Z,fourier-demo,-1.380279767381,0.509700000000,-0.875706973300,0.482842931928
2024-01-03T08:39:00Z,fourier-demo,-1.561904185278,0.509850000000,-0.874964727106,0.484186664749
2024-01-03T08:40:00Z,fourier-demo,-1.693118392413,0.510000000000,-0.874220419016,0.485529256560
2024-01-03T08:41:00Z,fourier-demo,-1.770460915896,0.510150000000,-0.873474050784,0.486870704199
2024-01-03T08:42:00Z,fourier-demo,-1.792321912078,0.510300000000,-0.872725624169,0.488211004504
2024-01-03T08:43:00Z,fourier-demo,-1.759006149919,0.510450000000,-0.871975140935,0.489550154316
2024-01-03T08:44:00Z,fourier-demo,-1.672723353459,0.510600000000,-0.871222602851,0.490888150480
2024-01-03T08:45:00Z,fourier-demo,-1.537506093086,0.510750000000,-0.870468011689,0.492224989844
2024-01-03T08:46:00Z,fourier-demo,-1.359058285103,0.510900000000,-0.869711369228,0.493560669256
2024-01-03T08:47:00Z,fourier-demo,-1.144540109997,0.511050000000,-0.868952677251,0.494895185568
2024-01-03T08:48:00Z,fourier-demo,-0.902297681058,0.511200000000,-0.868191937546,0.496228535637
2024-01-03T08:49:00Z,fourier-demo,-0.641547984566,0.511350000000,-0.867429151905,0.497560716320
2024-01-03T08:50:00Z,fourier-demo,-0.372031382425,0.511500000000,-0.866664322127,0.498891724478
2024-01-03T08:51:00Z,fourier-demo,-0.103645246477,0.511650000000,-0.865897450013,0.500221556973
2024-01-03T08:52:00Z,fourier-demo,0.153926970833,0.511800000000,-0.865128537371,0.501550210673
2024-01-03T08:53:00Z,fourier-demo,0.391576761594,0.511950000000,-0.864357586013,0.502877682446
2024-01-03T08:54:00Z,fourier-demo,0.601107631046,0.512100000000,-0.863584597755,0.504203969164
2024-01-03T08:55:00Z,fourier-demo,0.775535134385,0.512250000000,-0.862809574419,0.505529067701
2024-01-03T08:56:00Z,fourier-demo,0.909338305183,0.512400000000,-0.862032517832,0.506852974935
2024-01-03T08:57:00Z,fourier-demo,0.998652858242,0.512550000000,-0.861253429824,0.508175687747
2024-01-03T08:58:00Z,fourier-demo,1.041398890245,0.512700000000,-0.860472312232,0.509497203018
2024-01-03T08:59:00Z,fourier-demo,1.037338428211,0.512850000000,-0.859689166896,0.510817517635
2024-01-03T09:00:00Z,fourier-demo,0.988060982130,0.513000000000,-0.858903995661,0.512136628486
2024-01-03T09:01:00Z,fourier-demo,0.896898130566,0.513150000000,-0.858116800379,0.513454532463
2024-01-03T09:02:00Z,fourier-demo,0.768770990325,0.513300000000,-0.857327582904,0.514771226460
2024-01-03T09:03:00Z,fourier-demo,0.609977079540,0.513450000000,-0.856536345096,0.516086707375
2024-01-03T09:04:00Z,fourier-demo,0.427925470581,0.513600000000,-0.855743088820,0.517400972106
2024-01-03T09:05:00Z,fourier-demo,0.230831149106,0.513750000000,-0.854947815945,0.518714017558
2024-01-03T09:06:00Z,fourier-demo,0.027381067487,0.513900000000,-0.854150528344,0.520025840636
2024-01-03T09:07:00Z,fourier-demo,-0.173614557765,0.514050000000,-0.853351227898,0.521336438248
2024-01-03T09:08:00Z,fourier-demo,-0.363571645648,0.514200000000,-0.852549916489,0.522645807306
2024-01-03T09:09:00Z,fourier-demo,-0.534468350388,0.514350000000,-0.851746596006,0.523953944725
2024-01-03T09:10:00Z,fourier-demo,-0.679154493071,0.514500000000,-0.850941268341,0.525260847421
2024-01-03T09:11:00Z,fourier-demo,-0.791622125483,0.514650000000,-0.850133935393,0.526566512316
2024-01-03T09:12:00Z,fourier-demo,-0.867226685244,0.514800000000,-0.849324599065,0.527870936331
2024-01-03T09:13:00Z,fourier-demo,-0.902850281206,0.514950000000,-0.848513261263,0.529174116394
2024-01-03T09:14:00Z,fourier-demo,-0.897001062885,0.515100000000,-0.847699923899,0.530476049433
2024-01-03T09:15:00Z,fourier-demo,-0.849845277607,0.515250000000,-0.846884588890,0.531776732380
2024-01-03T09:16:00Z,fourier-demo,-0.763171394974,0.515400000000,-0.846067258158,0.533076162170
2024-01-03T09:17:00Z,fourier-demo,-0.640288466129,0.515550000000,-0.845247933628,0.534374335740
2024-01-03T09:18:00Z,fourier-demo,-0.485863570775,0.515700000000,-0.844426617231,0.535671250033
2024-01-03T09:19:00Z,fourier-demo,-0.305705678205,0.515850000000,-0.843603310903,0.536966901990
2024-01-03T09:20:00Z,fourier-demo,-0.106505408749,0.516000000000,-0.842778016584,0.538261288560
2024-01-03T09:21:00Z,fourier-demo,0.104458058823,0.516150000000,-0.841950736219,0.539554406692
2024-01-03T09:22:00Z,fourier-demo,0.319630401452,0.516300000000,-0.841121471757,0.540846253338
2024-01-03T09:23:00Z,fourier-demo,0.531502591896,0.516450000000,-0.840290225152,0.542136825454
2024-01-03T09:24:00Z,fourier-demo,0.732924859974,0.516600000000,-0.839456998364,0.543426119999
2024-01-03T09:25:00Z,fourier-demo,0.917401021930,0.516750000000,-0.838621793356,0.544714133935
2024-01-03T09:26:00Z,fourier-demo,1.079350921678,0.516900000000,-0.837784612096,0.546000864226
2024-01-03T09:27:00Z,fourier-demo,1.214330131223,0.517050000000,-0.836945456556,0.547286307841
2024-01-03T09:28:00Z,fourier-demo,1.319197908349,0.517200000000,-0.836104328715,0.548570461749
2024-01-03T09:29:00Z,fourier-demo,1.392226630320,0.517350000000,-0.835261230555,0.549853322925
2024-01-03T09:30:00Z,fourier-demo,1.433148419933,0.517500000000,-0.834416164062,0.551134888346
2024-01-03T09:31:00Z,fourier-demo,1.443137350671,0.517650000000,-0.833569131228,0.552415154991
2024-01-03T09:32:00Z,fourier-demo,1.424728349879,0.517800000000,-0.832720134049,0.553694119844
2024-01-03T09:33:00Z,fourier-demo,1.381676598990,0.517950000000,-0.831869174525,0.554971779890
2024-01-03T09:34:00Z,fourier-demo,1.318763746741,0.518100000000,-0.831016254663,0.556248132119
2024-01-03T09:35:00Z,fourier-demo,1.241559500216,0.518250000000,-0.830161376471,0.557523173523
2024-01-03T09:36:00Z,fourier-demo,1.156149046181,0.518400000000,-0.829304541965,0.558796901098
2024-01-03T09:37:00Z,fourier-demo,1.068838202984,0.518550000000,-0.828445753163,0.560069311841
2024-01-03T09:38:00Z,fourier-demo,0.985849151038,0.518700000000,-0.827585012090,0.561340402754
2024-01-03T09:39:00Z,fourier-demo,0.913019998093,0.518850000000,-0.826722320773,0.562610170842
2024-01-03T09:40:00Z,fourier-demo,0.855521286846,0.519000000000,-0.825857681247,0.563878613113
2024-01-03T09:41:00Z,fourier-demo,0.817601852838,0.519150000000,-0.824991095547,0.565145726577
2024-01-03T09:42:00Z,fourier-demo,0.802375218618,0.519300000000,-0.824122565717,0.566411508248
2024-01-03T09:43:00Z,fourier-demo,0.811656016175,0.519450000000,-0.823252093803,0.567675955144
2024-01-03T09:44:00Z,fourier-demo,0.845853833409,0.519600000000,-0.822379681857,0.568939064284
2024-01-03T09:45:00Z,fourier-demo,0.903929468649,0.519750000000,-0.821505331934,0.570200832693
2024-01-03T09:46:00Z,fourier-demo,0.983415949491,0.519900000000,-0.820629046095,0.571461257396
2024-01-03T09:47:00Z,fourier-demo,1.080503937429,0.520050000000,-0.819750826405,0.572720335424
2024-01-03T09:48:00Z,fourier-demo,1.190188411175,0.520200000000,-0.818870674933,0.573978063810
2024-01-03T09:49:00Z,fourier-demo,1.306470912505,0.520350000000,-0.817988593754,0.575234439589
2024-01-03T09:50:00Z,fourier-demo,1.422609257456,0.520500000000,-0.817104584945,0.576489459801
2024-01-03T09:51:00Z,fourier-demo,1.531404561976,0.520650000000,-0.816218650592,0.577743121488
2024-01-03T09:52:00Z,fourier-demo,1.625513790795,0.520800000000,-0.815330792780,0.578995421696
2024-01-03T09:53:00Z,fourier-demo,1.697774880260,0.520950000000,-0.814441013603,0.580246357474
2024-01-03T09:54:00Z,fourier-demo,1.741530859727,0.521100000000,-0.813549315157,0.581495925874
2024-01-03T09:55:00Z,fourier-demo,1.750939329247,0.521250000000,-0.812655699543,0.582744123951
2024-01-03T09:56:00Z,fourier-demo,1.721254148407,0.521400000000,-0.811760168868,0.583990948765
2024-01-03T09:57:00Z,fourier-demo,1.649067233746,0.521550000000,-0.810862725242,0.585236397376
2024-01-03T09:58:00Z,fourier-demo,1.532499909106,0.521700000000,-0.809963370779,0.586480466849
2024-01-03T09:59:00Z,fourier-demo,1.371335242785,0.521850000000,-0.809062107600,0.587723154254
2024-01-03T10:00:00Z,fourier-demo,1.167085157420,0.522000000000,-0.808158937827,0.588964456661
2024-01-03T10:01:00Z,fourier-demo,0.922988717830,0.522150000000,-0.807253863589,0.590204371146
2024-01-03T10:02:00Z,fourier-demo,0.643940782452,0.522300000000,-0.806346887020,0.591442894786
2024-01-03T10:03:00Z,fourier-demo,0.336353032211,0.522450000000,-0.805438010256,0.592680024663
2024-01-03T10:04:00Z,fourier-demo,0.007952151435,0.522600000000,-0.804527235439,0.593915757862
2024-01-03T10:05:00Z,fourier-demo,-0.332477484166,0.522750000000,-0.803614564716,0.595150091470
2024-01-03T10:06:00Z,fourier-demo,-0.675396963103,0.522900000000,-0.802700000237,0.596383022579
2024-01-03T10:07:00Z,fourier-demo,-1.010850273926,0.523050000000,-0.801783544157,0.597614548282
2024-01-03T10:08:00Z,fourier-demo,-1.328823003220,0.523200000000,-0.800865198637,0.598844665679
2024-01-03T10:09:00Z,fourier-demo,-1.619608342766,0.523350000000,-0.799944965840,0.600073371870
2024-01-03T10:10:00Z,fourier-demo,-1.874166076978,0.523500000000,-0.799022847934,0.601300663960
2024-01-03T10:11:00Z,fourier-demo,-2.084460421548,0.523650000000,-0.798098847094,0.602526539057
2024-01-03T10:12:00Z,fourier-demo,-2.243763353157,0.523800000000,-0.797172965496,0.603750994271
2024-01-03T10:13:00Z,fourier-demo,-2.346911378232,0.523950000000,-0.796245205322,0.604974026717
2024-01-03T10:14:00Z,fourier-demo,-2.390505484212,0.524100000000,-0.795315568758,0.606195633513
2024-01-03T10:15:00Z,fourier-demo,-2.373046228201,0.524250000000,-0.794384057996,0.607415811781
2024-01-03T10:16:00Z,fourier-demo,-2.294998456359,0.524400000000,-0.793450675230,0.608634558644
2024-01-03T10:17:00Z,fourier-demo,-2.158782911260,0.524550000000,-0.792515422661,0.609851871232
2024-01-03T10:18:00Z,fourier-demo,-1.968694862342,0.524700000000,-0.791578302491,0.611067746675
2024-01-03T10:19:00Z,fourier-demo,-1.730752770733,0.524850000000,-0.790639316929,0.612282182107
2024-01-03T10:20:00Z,fourier-demo,-1.452482758307,0.525000000000,-0.789698468188,0.613495174668
2024-01-03T10:21:00Z,fourier-demo,-1.142647180527,0.525150000000,-0.788755758486,0.614706721498
2024-01-03T10:22:00Z,fourier-demo,-0.810927801751,0.525300000000,-0.787811190043,0.615916819743
2024-01-03T10:23:00Z,fourier-demo,-0.467575851488,0.525450000000,-0.786864765086,0.617125466551
2024-01-03T10:24:00Z,fourier-demo,-0.123042529161,0.525600000000,-0.785916485845,0.618332659073
2024-01-03T10:25:00Z,fourier-demo,0.212395728471,0.525750000000,-0.784966354555,0.619538394465
2024-01-03T10:26:00Z,fourier-demo,0.529002728627,0.525900000000,-0.784014373454,0.620742669886
2024-01-03T10:27:00Z,fourier-demo,0.817924668167,0.526050000000,-0.783060544787,0.621945482497
2024-01-03T10:28:00Z,fourier-demo,1.071495825184,0.526200000000,-0.782104870800,0.623146829464
2024-01-03T10:29:00Z,fourier-demo,1.283496166108,0.526350000000,-0.781147353746,0.624346707957
2024-01-03T10:30:00Z,fourier-demo,1.449351187276,0.526500000000,-0.780187995881,0.625545115146
2024-01-03T10:31:00Z,fourier-demo,1.566266641116,0.526650000000,-0.779226799466,0.626742048209
2024-01-03T10:32:00Z,fourier-demo,1.633293415451,0.526800000000,-0.778263766767,0.627937504325
2024-01-03T10:33:00Z,fourier-demo,1.651320633569,0.526950000000,-0.777298900052,0.629131480676
2024-01-03T10:34:00Z,fourier-demo,1.622997909161,0.527100000000,-0.776332201595,0.630323974450
2024-01-03T10:35:00Z,fourier-demo,1.552590507987,0.527250000000,-0.775363673675,0.631514982835
2024-01-03T10:36:00Z,fourier-demo,1.445773823290,0.527400000000,-0.774393318574,0.632704503025
2024-01-03T10:37:00Z,fourier-demo,1.309375957516,0.527550000000,-0.773421138579,0.633892532217
2024-01-03T10:38:00Z,fourier-demo,1.151079222885,0.527700000000,-0.772447135979,0.635079067611
2024-01-03T10:39:00Z,fourier-demo,0.979092946984,0.527850000000,-0.771471313072,0.636264106411
2024-01-03T10:40:00Z,fourier-demo,0.801811034317,0.528000000000,-0.770493672156,0.637447645825
2024-01-03T10:41:00Z,fourier-demo,0.627468248921,0.528150000000,-0.769514215535,0.638629683063
2024-01-03T10:42:00Z,fourier-demo,0.463809127769,0.528300000000,-0.768532945518,0.639810215341
2024-01-03T10:43:00Z,fourier-demo,0.317782813701,0.528450000000,-0.767549864416,0.640989239875
2024-01-03T10:44:00Z,fourier-demo,0.195275937450,0.528600000000,-0.766564974547,0.642166753888
2024-01-03T10:45:00Z,fourier-demo,0.100894030004,0.528750000000,-0.765578278231,0.643342754604
2024-01-03T10:46:00Z,fourier-demo,0.037799878134,0.528900000000,-0.764589777793,0.644517239253
2024-01-03T10:47:00Z,fourier-demo,0.007614833528,0.529050000000,-0.763599475564,0.645690205066
2024-01-03T10:48:00Z,fourier-demo,0.010386449134,0.529200000000,-0.762607373876,0.646861649280
2024-01-03T10:49:00Z,fourier-demo,0.044623053894,0.529350000000,-0.761613475068,0.648031569134
2024-01-03T10:50:00Z,fourier-demo,0.107393103057,0.529500000000,-0.760617781482,0.649199961871
2024-01-03T10:51:00Z,fourier-demo,0.194484469621,0.529650000000,-0.759620295464,0.650366824737
2024-01-03T10:52:00Z,fourier-demo,0.300616382865,0.529800000000,-0.758621019365,0.651532154984
2024-01-03T10:53:00Z,fourier-demo,0.419694573152,0.529950000000,-0.757619955540,0.652695949863
2024-01-03T10:54:00Z,fourier-demo,0.545098435746,0.530100000000,-0.756617106347,0.653858206634
2024-01-03T10:55:00Z,fourier-demo,0.669987751408,0.530250000000,-0.755612474150,0.655018922558
2024-01-03T10:56:00Z,fourier-demo,0.787615749370,0.530400000000,-0.754606061317,0.656178094898
2024-01-03T10:57:00Z,fourier-demo,0.891635098890,0.530550000000,-0.753597870219,0.657335720923
2024-01-03T10:58:00Z,fourier-demo,0.976383775822,0.530700000000,-0.752587903232,0.658491797906
2024-01-03T10:59:00Z,fourier-demo,1.037138654516,0.530850000000,-0.751576162736,0.659646323121
2024-01-03T11:00:00Z,fourier-demo,1.070326084263,0.531000000000,-0.750562651115,0.660799293849
2024-01-03T11:01:00Z,fourier-demo,1.073680564217,0.531150000000,-0.749547370758,0.661950707372
2024-01-03T11:02:00Z,fourier-demo,1.046344853391,0.531300000000,-0.748530324056,0.663100560977
2024-01-03T11:03:00Z,fourier-demo,0.988907350338,0.531450000000,-0.747511513408,0.664248851954
2024-01-03T11:04:00Z,fourier-demo,0.903375246138,0.531600000000,-0.746490941214,0.665395577597
2024-01-03T11:05:00Z,fourier-demo,0.793084683362,0.531750000000,-0.745468609878,0.666540735204
2024-01-03T11:06:00Z,fourier-demo,0.662551829072,0.531900000000,-0.744444521810,0.667684322077
2024-01-03T11:07:00Z,fourier-demo,0.517271280414,0.532050000000,-0.743418679424,0.668826335519
2024-01-03T11:08:00Z,fourier-demo,0.363470462474,0.532200000000,-0.742391085136,0.669966772841
2024-01-03T11:09:00Z,fourier-demo,0.207830556481,0.532350000000,-0.741361741368,0.671105631354
2024-01-03T11:10:00Z,fourier-demo,0.057185933874,0.532500000000,-0.740330650547,0.672242908375
2024-01-03T11:11:00Z,fourier-demo,-0.081784991931,0.532650000000,-0.739297815101,0.673378601224
2024-01-03T11:12:00Z,fourier-demo,-0.202864188279,0.532800000000,-0.738263237465,0.674512707224
2024-01-03T11:13:00Z,fourier-demo,-0.300580554336,0.532950000000,-0.737226920077,0.675645223704
2024-01-03T11:14:00Z,fourier-demo,-0.370466167172,0.533100000000,-0.736188865379,0.676776147993
2024-01-03T11:15:00Z,fourier-demo,-0.409271025145,0.533250000000,-0.735149075817,0.677905477427
2024-01-03T11:16:00Z,fourier-demo,-0.415126798402,0.533400000000,-0.734107553841,0.679033209345
2024-01-03T11:17:00Z,fourier-demo,-0.387652205882,0.533550000000,-0.733064301906,0.680159341090
2024-01-03T11:18:00Z,fourier-demo,-0.327995062948,0.533700000000,-0.732019322470,0.681283870006
2024-01-03T11:19:00Z,fourier-demo,-0.238808683810,0.533850000000,-0.730972617996,0.682406793445
2024-01-03T11:20:00Z,fourier-demo,-0.124163069236,0.534000000000,-0.729924190951,0.683528108760
2024-01-03T11:21:00Z,fourier-demo,0.010605950877,0.534150000000,-0.728874043805,0.684647813308
2024-01-03T11:22:00Z,fourier-demo,0.159103831991,0.534300000000,-0.727822179032,0.685765904452
2024-01-03T11:23:00Z,fourier-demo,0.314132509314,0.534450000000,-0.726768599112,0.686882379556
2024-01-03T11:24:00Z,fourier-demo,0.467983434453,0.534600000000,-0.725713306528,0.687997235989
2024-01-03T11:25:00Z,fourier-demo,0.612756571079,0.534750000000,-0.724656303766,0.689110471124
2024-01-03T11:26:00Z,fourier-demo,0.740692304666,0.534900000000,-0.723597593317,0.690222082337
2024-01-03T11:27:00Z,fourier-demo,0.844502593014,0.535050000000,-0.722537177676,0.691332067010
2024-01-03T11:28:00Z,fourier-demo,0.917687616880,0.535200000000,-0.721475059342,0.692440422526
2024-01-03T11:29:00Z,fourier-demo,0.954824688158,0.535350000000,-0.720411240818,0.693547146273
2024-01-03T11:30:00Z,fourier-demo,0.951817218130,0.535500000000,-0.719345724610,0.694652235644
2024-01-03T11:31:00Z,fourier-demo,0.906093099202,0.535650000000,-0.718278513231,0.695755688033
2024-01-03T11:32:00Z,fourier-demo,0.816743848419,0.535800000000,-0.717209609194,0.696857500842
2024-01-03T11:33:00Z,fourier-demo,0.684598219593,0.535950000000,-0.716139015019,0.697957671473
2024-01-03T11:34:00Z,fourier-demo,0.512226617937,0.536100000000,-0.715066733228,0.699056197333
2024-01-03T11:35:00Z,fourier-demo,0.303875440020,0.536250000000,-0.713992766349,0.700153075835
2024-01-03T11:36:00Z,fourier-demo,0.065333299517,0.536400000000,-0.712917116912,0.701248304393
2024-01-03T11:37:00Z,fourier-demo,-0.196266130060,0.536550000000,-0.711839787452,0.702341880426
2024-01-03T11:38:00Z,fourier-demo,-0.472697333643,0.536700000000,-0.710760780508,0.703433801357
2024-01-03T11:39:00Z,fourier-demo,-0.754942606940,0.536850000000,-0.709680098623,0.704524064613
2024-01-03T11:40:00Z,fourier-demo,-1.033526591249,0.537000000000,-0.708597744343,0.705612667625
2024-01-03T11:41:00Z,fourier-demo,-1.298872674003,0.537150000000,-0.707513720219,0.706699607827
2024-01-03T11:42:00Z,fourier-demo,-1.541667293233,0.537300000000,-0.706428028805,0.707784882658
2024-01-03T11:43:00Z,fourier-demo,-1.753217798667,0.537450000000,-0.705340672660,0.708868489560
2024-01-03T11:44:00Z,fourier-demo,-1.925789713127,0.537600000000,-0.704251654346,0.709950425981
2024-01-03T11:45:00Z,fourier-demo,-2.052909998759,0.537750000000,-0.703160976431,0.711030689369
2024-01-03T11:46:00Z,fourier-demo,-2.129624233671,0.537900000000,-0.702068641483,0.712109277181
2024-01-03T11:47:00Z,fourier-demo,-2.152697394093,0.538050000000,-0.700974652077,0.713186186873
2024-01-03T11:48:00Z,fourier-demo,-2.120750143732,0.538200000000,-0.699879010791,0.714261415908
2024-01-03T11:49:00Z,fourier-demo,-2.034325066946,0.538350000000,-0.698781720207,0.715334961752
2024-01-03T11:50:00Z,fourier-demo,-1.895880043928,0.538500000000,-0.697682782911,0.716406821875
2024-01-03T11:51:00Z,fourier-demo,-1.709708843030,0.538650000000,-0.696582201493,0.717476993752
2024-01-03T11:52:00Z,fourier-demo,-1.481791881836,0.538800000000,-0.695479978545,0.718545474861
2024-01-03T11:53:00Z,fourier-demo,-1.219582868697,0.538950000000,-0.694376116666,0.719612262683
2024-01-03T11:54:00Z,fourier-demo,-0.931739568999,0.539100000000,-0.693270618457,0.720677354705
2024-01-03T11:55:00Z,fourier-demo,-0.627809143375,0.539250000000,-0.692163486523,0.721740748416
2024-01-03T11:56:00Z,fourier-demo,-0.317880289884,0.539400000000,-0.691054723473,0.722802441311
2024-01-03T11:57:00Z,fourier-demo,-0.012215717032,0.539550000000,-0.689944331920,0.723862430888
2024-01-03T11:58:00Z,fourier-demo,0.279120772269,0.539700000000,-0.688832314480,0.724920714649
2024-01-03T11:59:00Z,fourier-demo,0.546628124042,0.539850000000,-0.687718673775,0.725977290100
2024-01-03T12:00:00Z,fourier-demo,0.781708738687,0.540000000000,-0.686603412428,0.727032154752
2024-01-03T12:01:00Z,fourier-demo,0.976972931299,0.540150000000,-0.685486533067,0.728085306117
2024-01-03T12:02:00Z,fourier-demo,1.126495519619,0.540300000000,-0.684368038325,0.729136741715
2024-01-03T12:03:00Z,fourier-demo,1.226014853701,0.540450000000,-0.683247930837,0.730186459068
2024-01-03T12:04:00Z,fourier-demo,1.273066924824,0.540600000000,-0.682126213243,0.731234455702
2024-01-03T12:05:00Z,fourier-demo,1.267049802192,0.540750000000,-0.681002888187,0.732280729148
2024-01-03T12:06:00Z,fourier-demo,1.209216438273,0.540900000000,-0.679877958315,0.733325276939
2024-01-03T12:07:00Z,fourier-demo,1.102596744065,0.541050000000,-0.678751426279,0.734368096614
2024-01-03T12:08:00Z,fourier-demo,0.951852648051,0.541200000000,-0.677623294732,0.735409185717
2024-01-03T12:09:00Z,fourier-demo,0.763072503538,0.541350000000,-0.676493566334,0.736448541792
2024-01-03T12:10:00Z,fourier-demo,0.543513591419,0.541500000000,-0.675362243748,0.737486162392
2024-01-03T12:11:00Z,fourier-demo,0.301303483286,0.541650000000,-0.674229329638,0.738522045071
2024-01-03T12:12:00Z,fourier-demo,0.045112602647,0.541800000000,-0.673094826674,0.739556187388
2024-01-03T12:13:00Z,fourier-demo,-0.216188612952,0.541950000000,-0.671958737531,0.740588586906
2024-01-03T12:14:00Z,fourier-demo,-0.473874030269,0.542100000000,-0.670821064886,0.741619241191
2024-01-03T12:15:00Z,fourier-demo,-0.719693753190,0.542250000000,-0.669681811419,0.742648147816
2024-01-03T12:16:00Z,fourier-demo,-0.946180421016,0.542400000000,-0.668540979815,0.743675304356
2024-01-03T12:17:00Z,fourier-demo,-1.146917777371,0.542550000000,-0.667398572762,0.744700708389
2024-01-03T12:18:00Z,fourier-demo,-1.316761057080,0.542700000000,-0.666254592954,0.745724357500
2024-01-03T12:19:00Z,fourier-demo,-1.452000799859,0.542850000000,-0.665109043084,0.746746249276
2024-01-03T12:20:00Z,fourier-demo,-1.550464094269,0.543000000000,-0.663961925854,0.747766381309
2024-01-03T12:21:00Z,fourier-demo,-1.611549883915,0.543150000000,-0.662813243966,0.748784751195
2024-01-03T12:22:00Z,fourier-demo,-1.636197721387,0.543300000000,-0.661663000128,0.749801356535
2024-01-03T12:23:00Z,fourier-demo,-1.626792120405,0.543450000000,-0.660511197049,0.750816194932
2024-01-03T12:24:00Z,fourier-demo,-1.587007318947,0.543600000000,-0.659357837444,0.751829263996
2024-01-03T12:25:00Z,fourier-demo,-1.521599716628,0.543750000000,-0.658202924032,0.752840561338
2024-01-03T12:26:00Z,fourier-demo,-1.436157387416,0.543900000000,-0.657046459533,0.753850084576
2024-01-03T12:27:00Z,fourier-demo,-1.336817806746,0.544050000000,-0.655888446673,0.754857831330
2024-01-03T12:28:00Z,fourier-demo,-1.229966199200,0.544200000000,-0.654728888181,0.755863799227
2024-01-03T12:29:00Z,fourier-demo,-1.121927657965,0.544350000000,-0.653567786789,0.756867985894
2024-01-03T12:30:00Z,fourier-demo,-1.018666380551,0.544500000000,-0.652405145234,0.757870388966
2024-01-03T12:31:00Z,fourier-demo,-0.925504999871,0.544650000000,-0.651240966255,0.758871006081
2024-01-03T12:32:00Z,fourier-demo,-0.846876082048,0.544800000000,-0.650075252596,0.759869834881
2024-01-03T12:33:00Z,fourier-demo,-0.786116450749,0.544950000000,-0.648908007005,0.760866873011
2024-01-03T12:34:00Z,fourier-demo,-0.745313141959,0.545100000000,-0.647739232230,0.761862118122
2024-01-03T12:35:00Z,fourier-demo,-0.725207570538,0.545250000000,-0.646568931028,0.762855567870
2024-01-03T12:36:00Z,fourier-demo,-0.725161993626,0.545400000000,-0.645397106155,0.763847219912
2024-01-03T12:37:00Z,fourier-demo,-0.743189689981,0.545550000000,-0.644223760373,0.764837071912
2024-01-03T12:38:00Z,fourier-demo,-0.776047549880,0.545700000000,-0.643048896448,0.765825121537
2024-01-03T12:39:00Z,fourier-demo,-0.819387100718,0.545850000000,-0.641872517148,0.766811366459
2024-01-03T12:40:00Z,fourier-demo,-0.867957490224,0.546000000000,-0.640694625244,0.767795804354
2024-01-03T12:41:00Z,fourier-demo,-0.915851716550,0.546150000000,-0.639515223514,0.768778432901
2024-01-03T12:42:00Z,fourier-demo,-0.956785525628,0.546300000000,-0.638334314735,0.769759249786
2024-01-03T12:43:00Z,fourier-demo,-0.984396969307,0.546450000000,-0.637151901692,0.770738252697
2024-01-03T12:44:00Z,fourier-demo,-0.992553692733,0.546600000000,-0.635967987169,0.771715439327
2024-01-03T12:45:00Z,fourier-demo,-0.975654635451,0.546750000000,-0.634782573959,0.772690807373
2024-01-03T12:46:00Z,fourier-demo,-0.928913004620,0.546900000000,-0.633595664853,0.773664354536
2024-01-03T12:47:00Z,fourier-demo,-0.848608104263,0.547050000000,-0.632407262649,0.774636078523
2024-01-03T12:48:00Z,fourier-demo,-0.732294852603,0.547200000000,-0.631217370147,0.775605977043
2024-01-03T12:49:00Z,fourier-demo,-0.578961539524,0.547350000000,-0.630025990152,0.776574047811
2024-01-03T12:50:00Z,fourier-demo,-0.389128497782,0.547500000000,-0.628833125470,0.777540288545
2024-01-03T12:51:00Z,fourier-demo,-0.164882797770,0.547650000000,-0.627638778914,0.778504696969
2024-01-03T12:52:00Z,fourier-demo,0.090153273698,0.547800000000,-0.626442953297,0.779467270810
2024-01-03T12:53:00Z,fourier-demo,0.370919434117,0.547950000000,-0.625245651438,0.780428007800
2024-01-03T12:54:00Z,fourier-demo,0.671077061467,0.548100000000,-0.624046876158,0.781386905673
2024-01-03T12:55:00Z,fourier-demo,0.983225396072,0.548250000000,-0.622846630281,0.782343962172
2024-01-03T12:56:00Z,fourier-demo,1.299166003465,0.548400000000,-0.621644916638,0.783299175040
2024-01-03T12:57:00Z,fourier-demo,1.610205148887,0.548550000000,-0.620441738058,0.784252542027
2024-01-03T12:58:00Z,fourier-demo,1.907482085803,0.548700000000,-0.619237097379,0.785204060885
2024-01-03T12:59:00Z,fourier-demo,2.182310098145,0.548850000000,-0.618030997437,0.786153729373
2024-01-03T13:00:00Z,fourier-demo,2.426516508432,0.549000000000,-0.616823441077,0.787101545252
2024-01-03T13:01:00Z,fourier-demo,2.632767798984,0.549150000000,-0.615614431143,0.788047506289
2024-01-03T13:02:00Z,fourier-demo,2.794866495725,0.549300000000,-0.614403970484,0.788991610255
2024-01-03T13:03:00Z,fourier-demo,2.908007514928,0.549450000000,-0.613192061953,0.789933854925
2024-01-03T13:04:00Z,fourier-demo,2.968983231501,0.549600000000,-0.611978708407,0.790874238079
2024-01-03T13:05:00Z,fourier-demo,2.976328531060,0.549750000000,-0.610763912703,0.791812757500
2024-01-03T13:06:00Z,fourier-demo,2.930399476709,0.549900000000,-0.609547677705,0.792749410977
2024-01-03T13:07:00Z,fourier-demo,2.833381859706,0.550050000000,-0.608330006280,0.793684196302
2024-01-03T13:08:00Z,fourier-demo,2.689228704447,0.550200000000,-0.607110901296,0.794617111273
2024-01-03T13:09:00Z,fourier-demo,2.503528648853,0.550350000000,-0.605890365626,0.795548153691
2024-01-03T13:10:00Z,fourier-demo,2.283309905659,0.550500000000,-0.604668402147,0.796477321362
2024-01-03T13:11:00Z,fourier-demo,2.036787114931,0.550650000000,-0.603445013739,0.797404612097
2024-01-03T13:12:00Z,fourier-demo,1.773060717348,0.550800000000,-0.602220203284,0.798330023710
2024-01-03T13:13:00Z,fourier-demo,1.501780416544,0.550950000000,-0.600993973668,0.799253554021
2024-01-03T13:14:00Z,fourier-demo,1.232785777890,0.551100000000,-0.599766327782,0.800175200853
2024-01-03T13:15:00Z,fourier-demo,0.975737969549,0.551250000000,-0.598537268517,0.801094962034
2024-01-03T13:16:00Z,fourier-demo,0.739757049887,0.551400000000,-0.597306798772,0.802012835397
2024-01-03T13:17:00Z,fourier-demo,0.533079026120,0.551550000000,-0.596074921445,0.802928818778
2024-01-03T13:18:00Z,fourier-demo,0.362746159051,0.551700000000,-0.594841639439,0.803842910020
2024-01-03T13:19:00Z,fourier-demo,0.234342697176,0.551850000000,-0.593606955660,0.804755106968
2024-01-03T13:20:00Z,fourier-demo,0.151786442078,0.552000000000,-0.592370873019,0.805665407473
2024-01-03T13:21:00Z,fourier-demo,0.117184347127,0.552150000000,-0.591133394428,0.806573809389
2024-01-03T13:22:00Z,fourier-demo,0.130757821593,0.552300000000,-0.589894522803,0.807480310576
2024-01-03T13:23:00Z,fourier-demo,0.190840654147,0.552450000000,-0.588654261063,0.808384908897
2024-01-03T13:24:00Z,fourier-demo,0.293949594482,0.552600000000,-0.587412612132,0.809287602221
2024-01-03T13:25:00Z,fourier-demo,0.434924755289,0.552750000000,-0.586169578935,0.810188388420
2024-01-03T13:26:00Z,fourier-demo,0.607134235043,0.552900000000,-0.584925164402,0.811087265372
2024-01-03T13:27:00Z,fourier-demo,0.802734826122,0.553050000000,-0.583679371466,0.811984230959
2024-01-03T13:28:00Z,fourier-demo,1.012978464901,0.553200000000,-0.582432203061,0.812879283066
2024-01-03T13:29:00Z,fourier-demo,1.228552289252,0.553350000000,-0.581183662127,0.813772419585
2024-01-03T13:30:00Z,fourier-demo,1.439938866187,0.553500000000,-0.579933751606,0.814663638410
2024-01-03T13:31:00Z,fourier-demo,1.637782390187,0.553650000000,-0.578682474444,0.815552937443
2024-01-03T13:32:00Z,fourier-demo,1.813246460974,0.553800000000,-0.577429833589,0.816440314586
2024-01-03T13:33:00Z,fourier-demo,1.958349435064,0.553950000000,-0.576175831994,0.817325767749
2024-01-03T13:34:00Z,fourier-demo,2.066264291758,0.554100000000,-0.574920472613,0.818209294845
2024-01-03T13:35:00Z,fourier-demo,2.131571421994,0.554250000000,-0.573663758405,0.819090893792
2024-01-03T13:36:00Z,fourier-demo,2.150454677361,0.554400000000,-0.572405692331,0.819970562513
2024-01-03T13:37:00Z,fourier-demo,2.120833327427,0.554550000000,-0.571146277355,0.820848298934
2024-01-03T13:38:00Z,fourier-demo,2.042425172129,0.554700000000,-0.569885516447,0.821724100988
2024-01-03T13:39:00Z,fourier-demo,1.916738836148,0.554850000000,-0.568623412577,0.822597966609
2024-01-03T13:40:00Z,fourier-demo,1.746996121013,0.555000000000,-0.567359968718,0.823469893740
2024-01-03T13:41:00Z,fourier-demo,1.537988092289,0.555150000000,-0.566095187849,0.824339880325
2024-01-03T13:42:00Z,fourier-demo,1.295871220086,0.555300000000,-0.564829072950,0.825207924314
2024-01-03T13:43:00Z,fourier-demo,1.027912264452,0.555450000000,-0.563561627004,0.826074023662
2024-01-03T13:44:00Z,fourier-demo,0.742192607339,0.555600000000,-0.562292852999,0.826938176327
2024-01-03T13:45:00Z,fourier-demo,0.447284298969,0.555750000000,-0.561022753924,0.827800380273
2024-01-03T13:46:00Z,fourier-demo,0.151911146374,0.555900000000,-0.559751332772,0.828660633468
2024-01-03T13:47:00Z,fourier-demo,-0.135391316158,0.556050000000,-0.558478592540,0.829518933885
2024-01-03T13:48:00Z,fourier-demo,-0.406603189952,0.556200000000,-0.557204536227,0.830375279502
2024-01-03T13:49:00Z,fourier-demo,-0.654521741208,0.556350000000,-0.555929166834,0.831229668300
2024-01-03T13:50:00Z,fourier-demo,-0.873025083303,0.556500000000,-0.554652487369,0.832082098266
2024-01-03T13:51:00Z,fourier-demo,-1.057287639038,0.556650000000,-0.553374500838,0.832932567392
2024-01-03T13:52:00Z,fourier-demo,-1.203939067857,0.556800000000,-0.552095210255,0.833781073672
2024-01-03T13:53:00Z,fourier-demo,-1.311160733120,0.556950000000,-0.550814618633,0.834627615108
2024-01-03T13:54:00Z,fourier-demo,-1.378716407334,0.557100000000,-0.549532728990,0.835472189704
2024-01-03T13:55:00Z,fourier-demo,-1.407916660016,0.557250000000,-0.548249544347,0.836314795471
2024-01-03T13:56:00Z,fourier-demo,-1.401519130234,0.557400000000,-0.546965067729,0.837155430422
2024-01-03T13:57:00Z,fourier-demo,-1.363569539958,0.557550000000,-0.545679302161,0.837994092576
2024-01-03T13:58:00Z,fourier-demo,-1.299190745922,0.557700000000,-0.544392250674,0.838830779959
2024-01-03T13:59:00Z,fourier-demo,-1.214329256447,0.557850000000,-0.543103916301,0.839665490596
2024-01-03T14:00:00Z,fourier-demo,-1.115470368256,0.558000000000,-0.541814302078,0.840498222522
2024-01-03T14:01:00Z,fourier-demo,-1.009334336112,0.558150000000,-0.540523411044,0.841328973775
2024-01-03T14:02:00Z,fourier-demo,-0.902566724068,0.558300000000,-0.539231246241,0.842157742396
2024-01-03T14:03:00Z,fourier-demo,-0.801436271596,0.558450000000,-0.537937810715,0.842984526432
2024-01-03T14:04:00Z,fourier-demo,-0.711553234338,0.558600000000,-0.536643107512,0.843809323935
2024-01-03T14:05:00Z,fourier-demo,-0.637620243947,0.558750000000,-0.535347139684,0.844632132962
2024-01-03T14:06:00Z,fourier-demo,-0.583226313284,0.558900000000,-0.534049910286,0.845452951573
2024-01-03T14:07:00Z,fourier-demo,-0.550692751605,0.559050000000,-0.532751422373,0.846271777835
2024-01-03T14:08:00Z,fourier-demo,-0.540977527219,0.559200000000,-0.531451679007,0.847088609817
2024-01-03T14:09:00Z,fourier-demo,-0.553642115241,0.559350000000,-0.530150683249,0.847903445594
2024-01-03T14:10:00Z,fourier-demo,-0.586882199825,0.559500000000,-0.528848438167,0.848716283247
2024-01-03T14:11:00Z,fourier-demo,-0.637620874697,0.559650000000,-0.527544946828,0.849527120860
2024-01-03T14:12:00Z,fourier-demo,-0.701660316505,0.559800000000,-0.526240212304,0.850335956522
2024-01-03T14:13:00Z,fourier-demo,-0.773885403614,0.559950000000,-0.524934237671,0.851142788327
2024-01-03T14:14:00Z,fourier-demo,-0.848510522917,0.560100000000,-0.523627026005,0.851947614374
2024-01-03T14:15:00Z,fourier-demo,-0.919358942041,0.560250000000,-0.522318580388,0.852750432766
2024-01-03T14:16:00Z,fourier-demo,-0.980162702134,0.560400000000,-0.521008903901,0.853551241611
2024-01-03T14:17:00Z,fourier-demo,-1.024870067039,0.560550000000,-0.519697999633,0.854350039022
2024-01-03T14:18:00Z,fourier-demo,-1.047947187083,0.560700000000,-0.518385870672,0.855146823117
2024-01-03T14:19:00Z,fourier-demo,-1.044660816749,0.560850000000,-0.517072520110,0.855941592018
2024-01-03T14:20:00Z,fourier-demo,-1.011329658615,0.561000000000,-0.515757951042,0.856734343853
2024-01-03T14:21:00Z,fourier-demo,-0.945533162025,0.561150000000,-0.514442166566,0.857525076752
2024-01-03T14:22:00Z,fourier-demo,-0.846268333069,0.561300000000,-0.513125169783,0.858313788853
2024-01-03T14:23:00Z,fourier-demo,-0.714047242147,0.561450000000,-0.511806963796,0.859100478297
2024-01-03T14:24:00Z,fourier-demo,-0.550930359503,0.561600000000,-0.510487551712,0.859885143230
2024-01-03T14:25:00Z,fourier-demo,-0.360493507359,0.561750000000,-0.509166936640,0.860667781803
2024-01-03T14:26:00Z,fourier-demo,-0.147728980346,0.561900000000,-0.507845121691,0.861448392171
2024-01-03T14:27:00Z,fourier-demo,0.081115860087,0.562050000000,-0.506522109982,0.862226972496
2024-01-03T14:28:00Z,fourier-demo,0.318756580353,0.562200000000,-0.505197904629,0.863003520942
2024-01-03T14:29:00Z,fourier-demo,0.557137922016,0.562350000000,-0.503872508754,0.863778035679
2024-01-03T14:30:00Z,fourier-demo,0.787737897003,0.562500000000,-0.502545925479,0.864550514883
2024-01-03T14:31:00Z,fourier-demo,1.001897675379,0.562650000000,-0.501218157931,0.865320956732
2024-01-03T14:32:00Z,fourier-demo,1.191164046499,0.562800000000,-0.499889209239,0.866089359412
2024-01-03T14:33:00Z,fourier-demo,1.347630606917,0.562950000000,-0.498559082534,0.866855721111
2024-01-03T14:34:00Z,fourier-demo,1.464263764860,0.563100000000,-0.497227780951,0.867620040024
2024-01-03T14:35:00Z,fourier-demo,1.535200156085,0.563250000000,-0.495895307627,0.868382314349
2024-01-03T14:36:00Z,fourier-demo,1.556003120725,0.563400000000,-0.494561665703,0.869142542289
2024-01-03T14:37:00Z,fourier-demo,1.523867454166,0.563550000000,-0.493226858320,0.869900722055
2024-01-03T14:38:00Z,fourier-demo,1.437763654939,0.563700000000,-0.491890888625,0.870656851858
2024-01-03T14:39:00Z,fourier-demo,1.298515268624,0.563850000000,-0.490553759766,0.871410929917
2024-01-03T14:40:00Z,fourier-demo,1.108805573316,0.564000000000,-0.489215474894,0.872162954455
2024-01-03T14:41:00Z,fourier-demo,0.873112662447,0.564150000000,-0.487876037163,0.872912923700
2024-01-03T14:42:00Z,fourier-demo,0.597574841119,0.564300000000,-0.486535449728,0.873660835884
2024-01-03T14:43:00Z,fourier-demo,0.289791046593,0.564450000000,-0.485193715750,0.874406689245
2024-01-03T14:44:00Z,fourier-demo,-0.041436381150,0.564600000000,-0.483850838389,0.875150482026
2024-01-03T14:45:00Z,fourier-demo,-0.386406923241,0.564750000000,-0.482506820812,0.875892212473
2024-01-03T14:46:00Z,fourier-demo,-0.734863495416,0.564900000000,-0.481161666184,0.876631878838
2024-01-03T14:47:00Z,fourier-demo,-1.076357357347,0.565050000000,-0.479815377676,0.877369479379
2024-01-03T14:48:00Z,fourier-demo,-1.400622255884,0.565200000000,-0.478467958460,0.878105012357
2024-01-03T14:49:00Z,fourier-demo,-1.697943333206,0.565350000000,-0.477119411712,0.878838476040
2024-01-03T14:50:00Z,fourier-demo,-1.959506501928,0.565500000000,-0.475769740610,0.879569868697
2024-01-03T14:51:00Z,fourier-demo,-2.177714732272,0.565650000000,-0.474418948333,0.880299188607
2024-01-03T14:52:00Z,fourier-demo,-2.346458982032,0.565800000000,-0.473067038066,0.881026434050
2024-01-03T14:53:00Z,fourier-demo,-2.461333276832,0.565950000000,-0.471714012994,0.881751603313
2024-01-03T14:54:00Z,fourier-demo,-2.519785644851,0.566100000000,-0.470359876306,0.882474694686
2024-01-03T14:55:00Z,fourier-demo,-2.521199138350,0.566250000000,-0.469004631192,0.883195706466
2024-01-03T14:56:00Z,fourier-demo,-2.466899932238,0.566400000000,-0.467648280847,0.883914636954
2024-01-03T14:57:00Z,fourier-demo,-2.360092366514,0.566550000000,-0.466290828466,0.884631484455
2024-01-03T14:58:00Z,fourier-demo,-2.205723678822,0.566700000000,-0.464932277249,0.885346247279
2024-01-03T14:59:00Z,fourier-demo,-2.010283939596,0.566850000000,-0.463572630397,0.886058923744
2024-01-03T15:00:00Z,fourier-demo,-1.781549244178,0.567000000000,-0.462211891115,0.886769512169
2024-01-03T15:01:00Z,fourier-demo,-1.528278431544,0.567150000000,-0.460850062608,0.887478010879
2024-01-03T15:02:00Z,fourier-demo,-1.259875399215,0.567300000000,-0.459487148086,0.888184418206
2024-01-03T15:03:00Z,fourier-demo,-0.986030396517,0.567450000000,-0.458123150761,0.888888732484
2024-01-03T15:04:00Z,fourier-demo,-0.716354451552,0.567600000000,-0.456758073847,0.889590952054
2024-01-03T15:05:00Z,fourier-demo,-0.460021290873,0.567750000000,-0.455391920561,0.890291075260
2024-01-03T15:06:00Z,fourier-demo,-0.225430737856,0.567900000000,-0.454024694122,0.890989100454
2024-01-03T15:07:00Z,fourier-demo,-0.019906642562,0.568050000000,-0.452656397753,0.891685025989
2024-01-03T15:08:00Z,fourier-demo,0.150559058512,0.568200000000,-0.451287034678,0.892378850227
2024-01-03T15:09:00Z,fourier-demo,0.281506469713,0.568350000000,-0.449916608123,0.893070571531
2024-01-03T15:10:00Z,fourier-demo,0.370144664978,0.568500000000,-0.448545121319,0.893760188273
2024-01-03T15:11:00Z,fourier-demo,0.415420617960,0.568650000000,-0.447172577496,0.894447698826
2024-01-03T15:12:00Z,fourier-demo,0.418018101134,0.568800000000,-0.445798979891,0.895133101571
2024-01-03T15:13:00Z,fourier-demo,0.380287358514,0.568950000000,-0.444424331739,0.895816394893
2024-01-03T15:14:00Z,fourier-demo,0.306109147395,0.569100000000,-0.443048636280,0.896497577180
2024-01-03T15:15:00Z,fourier-demo,0.200699375683,0.569250000000,-0.441671896756,0.897176646829
2024-01-03T15:16:00Z,fourier-demo,0.070362926282,0.569400000000,-0.440294116411,0.897853602239
2024-01-03T15:17:00Z,fourier-demo,-0.077792736943,0.569550000000,-0.438915298493,0.898528441814
2024-01-03T15:18:00Z,fourier-demo,-0.236172026367,0.569700000000,-0.437535446249,0.899201163965
2024-01-03T15:19:00Z,fourier-demo,-0.397020539733,0.569850000000,-0.436154562933,0.899871767105
2024-01-03T15:20:00Z,fourier-demo,-0.552755500072,0.570000000000,-0.434772651798,0.900540249655
2024-01-03T15:21:00Z,fourier-demo,-0.696283660715,0.570150000000,-0.433389716101,0.901206610039
2024-01-03T15:22:00Z,fourier-demo,-0.821293626213,0.570300000000,-0.432005759100,0.901870846687
2024-01-03T15:23:00Z,fourier-demo,-0.922510690491,0.570450000000,-0.430620784057,0.902532958034
2024-01-03T15:24:00Z,fourier-demo,-0.995903929067,0.570600000000,-0.429234794236,0.903192942520
2024-01-03T15:25:00Z,fourier-demo,-1.038837333955,0.570750000000,-0.427847792903,0.903850798588
2024-01-03T15:26:00Z,fourier-demo,-1.050159162037,0.570900000000,-0.426459783326,0.904506524689
2024-01-03T15:27:00Z,fourier-demo,-1.030226281239,0.571050000000,-0.425070768777,0.905160119278
2024-01-03T15:28:00Z,fourier-demo,-0.980863035136,0.571200000000,-0.423680752528,0.905811580814
2024-01-03T15:29:00Z,fourier-demo,-0.905256892367,0.571350000000,-0.422289737855,0.906460907763
2024-01-03T15:30:00Z,fourier-demo,-0.807795788841,0.571500000000,-0.420897728037,0.907108098593
2024-01-03T15:31:00Z,fourier-demo,-0.693854499122,0.571650000000,-0.419504726354,0.907753151780
2024-01-03T15:32:00Z,fourier-demo,-0.569539488429,0.571800000000,-0.418110736087,0.908396065804
2024-01-03T15:33:00Z,fourier-demo,-0.441403411316,0.571950000000,-0.416715760523,0.909036839150
2024-01-03T15:34:00Z,fourier-demo,-0.316141666923,0.572100000000,-0.415319802949,0.909675470307
2024-01-03T15:35:00Z,fourier-demo,-0.200284142734,0.572250000000,-0.413922866653,0.910311957771
2024-01-03T15:36:00Z,fourier-demo,-0.099895449845,0.572400000000,-0.412524954929,0.910946300042
2024-01-03T15:37:00Z,fourier-demo,-0.020296566319,0.572550000000,-0.411126071071,0.911578495625
2024-01-03T15:38:00Z,fourier-demo,0.034180122201,0.572700000000,-0.409726218374,0.912208543030
2024-01-03T15:39:00Z,fourier-demo,0.060391824757,0.572850000000,-0.408325400138,0.912836440772
2024-01-03T15:40:00Z,fourier-demo,0.056533701993,0.573000000000,-0.406923619664,0.913462187373
2024-01-03T15:41:00Z,fourier-demo,0.022228125421,0.573150000000,-0.405520880255,0.914085781356
2024-01-03T15:42:00Z,fourier-demo,-0.041449106132,0.573300000000,-0.404117185217,0.914707221253
2024-01-03T15:43:00Z,fourier-demo,-0.132006863979,0.573450000000,-0.402712537858,0.915326505599
2024-01-03T15:44:00Z,fourier-demo,-0.245639642166,0.573600000000,-0.401306941488,0.915943632935
2024-01-03T15:45:00Z,fourier-demo,-0.377387234562,0.573750000000,-0.399900399419,0.916558601806
2024-01-03T15:46:00Z,fourier-demo,-0.521346502878,0.573900000000,-0.398492914965,0.917171410764
2024-01-03T15:47:00Z,fourier-demo,-0.670926372662,0.574050000000,-0.397084491445,0.917782058364
2024-01-03T15:48:00Z,fourier-demo,-0.819135331364,0.574200000000,-0.395675132175,0.918390543167
2024-01-03T15:49:00Z,fourier-demo,-0.958889284157,0.574350000000,-0.394264840479,0.918996863739
2024-01-03T15:50:00Z,fourier-demo,-1.083326709032,0.574500000000,-0.392853619679,0.919601018652
2024-01-03T15:51:00Z,fourier-demo,-1.186117681721,0.574650000000,-0.391441473101,0.920203006481
2024-01-03T15:52:00Z,fourier-demo,-1.261753529781,0.574800000000,-0.390028404072,0.920802825808
2024-01-03T15:53:00Z,fourier-demo,-1.305804617139,0.574950000000,-0.388614415924,0.921400475220
2024-01-03T15:54:00Z,fourier-demo,-1.315135026236,0.575100000000,-0.387199511986,0.921995953309
2024-01-03T15:55:00Z,fourier-demo,-1.288064643410,0.575250000000,-0.385783695595,0.922589258670
2024-01-03T15:56:00Z,fourier-demo,-1.224471293861,0.575400000000,-0.384366970087,0.923180389906
2024-01-03T15:57:00Z,fourier-demo,-1.125828027902,0.575550000000,-0.382949338799,0.923769345623
2024-01-03T15:58:00Z,fourier-demo,-0.995173329884,0.575700000000,-0.381530805073,0.924356124435
2024-01-03T15:59:00Z,fourier-demo,-0.837014795545,0.575850000000,-0.380111372252,0.924940724957
2024-01-03T16:00:00Z,fourier-demo,-0.657169588634,0.576000000000,-0.378691043680,0.925523145813
2024-01-03T16:01:00Z,fourier-demo,-0.462547629470,0.576150000000,-0.377269822705,0.926103385630
2024-01-03T16:02:00Z,fourier-demo,-0.260885877647,0.576300000000,-0.375847712676,0.926681443041
2024-01-03T16:03:00Z,fourier-demo,-0.060444148492,0.576450000000,-0.374424716944,0.927257316683
2024-01-03T16:04:00Z,fourier-demo,0.130325438223,0.576600000000,-0.373000838862,0.927831005199
2024-01-03T16:05:00Z,fourier-demo,0.303122107815,0.576750000000,-0.371576081787,0.928402507237
2024-01-03T16:06:00Z,fourier-demo,0.450139275513,0.576900000000,-0.370150449074,0.928971821451
2024-01-03T16:07:00Z,fourier-demo,0.564392615324,0.577050000000,-0.368723944085,0.929538946499
2024-01-03T16:08:00Z,fourier-demo,0.640019883261,0.577200000000,-0.367296570180,0.930103881045
2024-01-03T16:09:00Z,fourier-demo,0.672540077967,0.577350000000,-0.365868330723,0.930666623756
2024-01-03T16:10:00Z,fourier-demo,0.659061084479,0.577500000000,-0.364439229081,0.931227173308
2024-01-03T16:11:00Z,fourier-demo,0.598426957419,0.577650000000,-0.363009268620,0.931785528379
2024-01-03T16:12:00Z,fourier-demo,0.491298377855,0.577800000000,-0.361578452710,0.932341687653
2024-01-03T16:13:00Z,fourier-demo,0.340162467702,0.577950000000,-0.360146784724,0.932895649820
2024-01-03T16:14:00Z,fourier-demo,0.149270960137,0.578100000000,-0.358714268035,0.933447413574
2024-01-03T16:15:00Z,fourier-demo,-0.075491409910,0.578250000000,-0.357280906019,0.933996977615
2024-01-03T16:16:00Z,fourier-demo,-0.326803630343,0.578400000000,-0.355846702053,0.934544340648
2024-01-03T16:17:00Z,fourier-demo,-0.596162964555,0.578550000000,-0.354411659518,0.935089501384
2024-01-03T16:18:00Z,fourier-demo,-0.874187707881,0.578700000000,-0.352975781795,0.935632458536
2024-01-03T16:19:00Z,fourier-demo,-1.150956566417,0.578850000000,-0.351539072268,0.936173210826
2024-01-03T16:20:00Z,fourier-demo,-1.416371579369,0.579000000000,-0.350101534322,0.936711756980
2024-01-03T16:21:00Z,fourier-demo,-1.660530529688,0.579150000000,-0.348663171346,0.937248095729
2024-01-03T16:22:00Z,fourier-demo,-1.874094372344,0.579300000000,-0.347223986728,0.937782225808
2024-01-03T16:23:00Z,fourier-demo,-2.048635372699,0.579450000000,-0.345783983861,0.938314145958
2024-01-03T16:24:00Z,fourier-demo,-2.176952382911,0.579600000000,-0.344343166137,0.938843854927
2024-01-03T16:25:00Z,fourier-demo,-2.253340962944,0.579750000000,-0.342901536952,0.939371351466
2024-01-03T16:26:00Z,fourier-demo,-2.273807823341,0.579900000000,-0.341459099704,0.939896634332
2024-01-03T16:27:00Z,fourier-demo,-2.236221258182,0.580050000000,-0.340015857791,0.940419702288
2024-01-03T16:28:00Z,fourier-demo,-2.140391760452,0.580200000000,-0.338571814615,0.940940554099
2024-01-03T16:29:00Z,fourier-demo,-1.988079766641,0.580350000000,-0.337126973578,0.941459188540
2024-01-03T16:30:00Z,fourier-demo,-1.782930351830,0.580500000000,-0.335681338085,0.941975604388
2024-01-03T16:31:00Z,fourier-demo,-1.530337574925,0.580650000000,-0.334234911544,0.942489800425
2024-01-03T16:32:00Z,fourier-demo,-1.237243940206,0.580800000000,-0.332787697362,0.943001775441
2024-01-03T16:33:00Z,fourier-demo,-0.911882984693,0.580950000000,-0.331339698950,0.943511528228
2024-01-03T16:34:00Z,fourier-demo,-0.563475218726,0.581100000000,-0.329890919720,0.944019057586
2024-01-03T16:35:00Z,fourier-demo,-0.201889450872,0.581250000000,-0.328441363087,0.944524362319
2024-01-03T16:36:00Z,fourier-demo,0.162717154301,0.581400000000,-0.326991032467,0.945027441235
2024-01-03T16:37:00Z,fourier-demo,0.520266158051,0.581550000000,-0.325539931276,0.945528293149
2024-01-03T16:38:00Z,fourier-demo,0.861117731055,0.581700000000,-0.324088062935,0.946026916881
2024-01-03T16:39:00Z,fourier-demo,1.176409366545,0.581850000000,-0.322635430866,0.946523311255
2024-01-03T16:40:00Z,fourier-demo,1.458360376036,0.582000000000,-0.321182038491,0.947017475103
2024-01-03T16:41:00Z,fourier-demo,1.700530566655,0.582150000000,-0.319727889235,0.947509407260
2024-01-03T16:42:00Z,fourier-demo,1.898023405867,0.582300000000,-0.318272986525,0.947999106565
2024-01-03T16:43:00Z,fourier-demo,2.047626268138,0.582450000000,-0.316817333790,0.948486571866
2024-01-03T16:44:00Z,fourier-demo,2.147882935035,0.582600000000,-0.315360934460,0.948971802014
2024-01-03T16:45:00Z,fourier-demo,2.199096279660,0.582750000000,-0.313903791966,0.949454795864
2024-01-03T16:46:00Z,fourier-demo,2.203261895514,0.582900000000,-0.312445909744,0.949935552279
2024-01-03T16:47:00Z,fourier-demo,2.163936213485,0.583050000000,-0.310987291228,0.950414070127
2024-01-03T16:48:00Z,fourier-demo,2.086045275465,0.583200000000,-0.309527939856,0.950890348278
2024-01-03T16:49:00Z,fourier-demo,1.975642692490,0.583350000000,-0.308067859067,0.951364385612
2024-01-03T16:50:00Z,fourier-demo,1.839627314041,0.583500000000,-0.306607052301,0.951836181010
2024-01-03T16:51:00Z,fourier-demo,1.685432692624,0.583650000000,-0.305145523001,0.952305733361
2024-01-03T16:52:00Z,fourier-demo,1.520701481853,0.583800000000,-0.303683274611,0.952773041559
2024-01-03T16:53:00Z,fourier-demo,1.352958415506,0.583950000000,-0.302220310578,0.953238104502
2024-01-03T16:54:00Z,fourier-demo,1.189295460432,0.584100000000,-0.300756634347,0.953700921094
2024-01-03T16:55:00Z,fourier-demo,1.036082121811,0.584250000000,-0.299292249370,0.954161490245
2024-01-03T16:56:00Z,fourier-demo,0.898712732349,0.584400000000,-0.297827159096,0.954619810870
2024-01-03T16:57:00Z,fourier-demo,0.781400926404,0.584550000000,-0.296361366979,0.955075881887
2024-01-03T16:58:00Z,fourier-demo,0.687029454485,0.584700000000,-0.294894876472,0.955529702223
2024-01-03T16:59:00Z,fourier-demo,0.617061118811,0.584850000000,-0.293427691031,0.955981270808
2024-01-03T17:00:00Z,fourier-demo,0.571514005636,0.585000000000,-0.291959814114,0.956430586578
2024-01-03T17:01:00Z,fourier-demo,0.549001463240,0.585150000000,-0.290491249179,0.956877648475
2024-01-03T17:02:00Z,fourier-demo,0.546834539108,0.585300000000,-0.289021999689,0.957322455443
2024-01-03T17:03:00Z,fourier-demo,0.561181959202,0.585450000000,-0.287552069104,0.957765006436
2024-01-03T17:04:00Z,fourier-demo,0.587280315342,0.585600000000,-0.286081460890,0.958205300411
2024-01-03T17:05:00Z,fourier-demo,0.619685023438,0.585750000000,-0.284610178510,0.958643336329
2024-01-03T17:06:00Z,fourier-demo,0.652550912577,0.585900000000,-0.283138225434,0.959079113159
2024-01-03T17:07:00Z,fourier-demo,0.679930072956,0.586050000000,-0.281665605129,0.959512629874
2024-01-03T17:08:00Z,fourier-demo,0.696073880041,0.586200000000,-0.280192321065,0.959943885452
2024-01-03T17:09:00Z,fourier-demo,0.695725952252,0.586350000000,-0.278718376716,0.960372878876
2024-01-03T17:10:00Z,fourier-demo,0.674393196211,0.586500000000,-0.277243775553,0.960799609137
2024-01-03T17:11:00Z,fourier-demo,0.628583030300,0.586650000000,-0.275768521052,0.961224075228
2024-01-03T17:12:00Z,fourier-demo,0.555996314977,0.586800000000,-0.274292616689,0.961646276148
2024-01-03T17:13:00Z,fourier-demo,0.455667397026,0.586950000000,-0.272816065943,0.962066210904
2024-01-03T17:14:00Z,fourier-demo,0.328044916602,0.587100000000,-0.271338872293,0.962483878505
2024-01-03T17:15:00Z,fourier-demo,0.175009537383,0.587250000000,-0.269861039220,0.962899277968
2024-01-03T17:16:00Z,fourier-demo,-0.000172563015,0.587400000000,-0.268382570207,0.963312408313
2024-01-03T17:17:00Z,fourier-demo,-0.192958874260,0.587550000000,-0.266903468737,0.963723268566
2024-01-03T17:18:00Z,fourier-demo,-0.397698166657,0.587700000000,-0.265423738297,0.964131857760
2024-01-03T17:19:00Z,fourier-demo,-0.607849796442,0.587850000000,-0.263943382373,0.964538174932
2024-01-03T17:20:00Z,fourier-demo,-0.816245737279,0.588000000000,-0.262462404455,0.964942219124
2024-01-03T17:21:00Z,fourier-demo,-1.015384514703,0.588150000000,-0.260980808031,0.965343989384
2024-01-03T17:22:00Z,fourier-demo,-1.197744808891,0.588300000000,-0.259498596593,0.965743484765
2024-01-03T17:23:00Z,fourier-demo,-1.356105585374,0.588450000000,-0.258015773635,0.966140704326
2024-01-03T17:24:00Z,fourier-demo,-1.483859252128,0.588600000000,-0.256532342650,0.966535647131
2024-01-03T17:25:00Z,fourier-demo,-1.575304541183,0.588750000000,-0.255048307135,0.966928312248
2024-01-03T17:26:00Z,fourier-demo,-1.625906566841,0.588900000000,-0.253563670587,0.967318698754
2024-01-03T17:27:00Z,fourier-demo,-1.632512791156,0.589050000000,-0.252078436503,0.967706805727
2024-01-03T17:28:00Z,fourier-demo,-1.593515379324,0.589200000000,-0.250592608385,0.968092632253
2024-01-03T17:29:00Z,fourier-demo,-1.508952582112,0.589350000000,-0.249106189734,0.968476177423
2024-01-03T17:30:00Z,fourier-demo,-1.380544251913,0.589500000000,-0.247619184052,0.968857440333
2024-01-03T17:31:00Z,fourier-demo,-1.211659282742,0.589650000000,-0.246131594844,0.969236420085
2024-01-03T17:32:00Z,fourier-demo,-1.007215552645,0.589800000000,-0.244643425615,0.969613115786
2024-01-03T17:33:00Z,fourier-demo,-0.773515725503,0.589950000000,-0.243154679872,0.969987526547
2024-01-03T17:34:00Z,fourier-demo,-0.518024923728,0.590100000000,-0.241665361123,0.970359651487
2024-01-03T17:35:00Z,fourier-demo,-0.249098704756,0.590250000000,-0.240175472879,0.970729489728
2024-01-03T17:36:00Z,fourier-demo,0.024328137512,0.590400000000,-0.238685018650,0.971097040399
2024-01-03T17:37:00Z,fourier-demo,0.293079756674,0.590550000000,-0.237194001948,0.971462302634
2024-01-03T17:38:00Z,fourier-demo,0.548091054302,0.590700000000,-0.235702426288,0.971825275573
2024-01-03T17:39:00Z,fourier-demo,0.780759087764,0.590850000000,-0.234210295184,0.972185958359
2024-01-03T17:40:00Z,fourier-demo,0.983280002806,0.591000000000,-0.232717612151,0.972544350143
2024-01-03T17:41:00Z,fourier-demo,1.148957906309,0.591150000000,-0.231224380709,0.972900450080
2024-01-03T17:42:00Z,fourier-demo,1.272473145572,0.591300000000,-0.229730604376,0.973254257331
2024-01-03T17:43:00Z,fourier-demo,1.350099023104,0.591450000000,-0.228236286672,0.973605771063
2024-01-03T17:44:00Z,fourier-demo,1.379857988101,0.591600000000,-0.226741431118,0.973954990446
2024-01-03T17:45:00Z,fourier-demo,1.361610727108,0.591750000000,-0.225246041237,0.974301914658
2024-01-03T17:46:00Z,fourier-demo,1.297074230985,0.591900000000,-0.223750120553,0.974646542882
2024-01-03T17:47:00Z,fourier-demo,1.189767736383,0.592050000000,-0.222253672592,0.974988874306
2024-01-03T17:48:00Z,fourier-demo,1.044888313553,0.592200000000,-0.220756700879,0.975328908121
2024-01-03T17:49:00Z,fourier-demo,0.869120682254,0.592350000000,-0.219259208942,0.975666643528
2024-01-03T17:50:00Z,fourier-demo,0.670388470167,0.592500000000,-0.217761200311,0.976002079731
2024-01-03T17:51:00Z,fourier-demo,0.457556476732,0.592650000000,-0.216262678515,0.976335215938
2024-01-03T17:52:00Z,fourier-demo,0.240095474686,0.592800000000,-0.214763647086,0.976666051366
2024-01-03T17:53:00Z,fourier-demo,0.027722591600,0.592950000000,-0.213264109557,0.976994585233
2024-01-03T17:54:00Z,fourier-demo,-0.169968696785,0.593100000000,-0.211764069460,0.977320816767
2024-01-03T17:55:00Z,fourier-demo,-0.343874501041,0.593250000000,-0.210263530331,0.977644745198
2024-01-03T17:56:00Z,fourier-demo,-0.485728069965,0.593400000000,-0.208762495707,0.977966369762
2024-01-03T17:57:00Z,fourier-demo,-0.588415372089,0.593550000000,-0.207260969124,0.978285689703
2024-01-03T17:58:00Z,fourier-demo,-0.646246385295,0.593700000000,-0.205758954120,0.978602704267
2024-01-03T17:59:00Z,fourier-demo,-0.655171531836,0.593850000000,-0.204256454236,0.978917412708
2024-01-03T18:00:00Z,fourier-demo,-0.612934876535,0.594000000000,-0.202753473011,0.979229814284
2024-01-03T18:01:00Z,fourier-demo,-0.519158219856,0.594150000000,-0.201250013989,0.979539908258
2024-01-03T18:02:00Z,fourier-demo,-0.375352963484,0.594300000000,-0.199746080711,0.979847693900
2024-01-03T18:03:00Z,fourier-demo,-0.184859493065,0.594450000000,-0.198241676723,0.980153170484
2024-01-03T18:04:00Z,fourier-demo,0.047283304817,0.594600000000,-0.196736805568,0.980456337291
2024-01-03T18:05:00Z,fourier-demo,0.314533012408,0.594750000000,-0.195231470794,0.980757193607
2024-01-03T18:06:00Z,fourier-demo,0.609095217970,0.594900000000,-0.193725675947,0.981055738722
2024-01-03T18:07:00Z,fourier-demo,0.922221484661,0.595050000000,-0.192219424577,0.981351971932
2024-01-03T18:08:00Z,fourier-demo,1.244541811641,0.595200000000,-0.190712720233,0.981645892540
2024-01-03T18:09:00Z,fourier-demo,1.566418328981,0.595350000000,-0.189205566465,0.981937499854
2024-01-03T18:10:00Z,fourier-demo,1.878306185962,0.595500000000,-0.187697966826,0.982226793185
2024-01-03T18:11:00Z,fourier-demo,2.171107377738,0.595650000000,-0.186189924867,0.982513771852
2024-01-03T18:12:00Z,fourier-demo,2.436503615320,0.595800000000,-0.184681444143,0.982798435179
2024-01-03T18:13:00Z,fourier-demo,2.667255262382,0.595950000000,-0.183172528208,0.983080782494
2024-01-03T18:14:00Z,fourier-demo,2.857454800636,0.596100000000,-0.181663180618,0.983360813134
2024-01-03T18:15:00Z,fourier-demo,3.002725183696,0.596250000000,-0.180153404931,0.983638526437
2024-01-03T18:16:00Z,fourier-demo,3.100355718929,0.596400000000,-0.178643204704,0.983913921750
2024-01-03T18:17:00Z,fourier-demo,3.149370683990,0.596550000000,-0.177132583495,0.984186998423
2024-01-03T18:18:00Z,fourier-demo,3.150528634141,0.596700000000,-0.175621544865,0.984457755812
2024-01-03T18:19:00Z,fourier-demo,3.106253175546,0.596850000000,-0.174110092375,0.984726193281
2024-01-03T18:20:00Z,fourier-demo,3.020498753308,0.597000000000,-0.172598229586,0.984992310195
2024-01-03T18:21:00Z,fourier-demo,2.898557618033,0.597150000000,-0.171085960061,0.985256105929
2024-01-03T18:22:00Z,fourier-demo,2.746816484818,0.597300000000,-0.169573287364,0.985517579860
2024-01-03T18:23:00Z,fourier-demo,2.572473388567,0.597450000000,-0.168060215059,0.985776731372
2024-01-03T18:24:00Z,fourier-demo,2.383226789113,0.597600000000,-0.166546746713,0.986033559854
2024-01-03T18:25:00Z,fourier-demo,2.186950026658,0.597750000000,-0.165032885891,0.986288064702
2024-01-03T18:26:00Z,fourier-demo,1.991364731326,0.597900000000,-0.163518636162,0.986540245316
2024-01-03T18:27:00Z,fourier-demo,1.803726731068,0.598050000000,-0.162004001093,0.986790101100
2024-01-03T18:28:00Z,fourier-demo,1.630537384139,0.598200000000,-0.160488984254,0.987037631468
2024-01-03T18:29:00Z,fourier-demo,1.477292112963,0.598350000000,-0.158973589215,0.987282835834
2024-01-03T18:30:00Z,fourier-demo,1.348276284393,0.598500000000,-0.157457819548,0.987525713621
2024-01-03T18:31:00Z,fourier-demo,1.246416535955,0.598650000000,-0.155941678823,0.987766264258
2024-01-03T18:32:00Z,fourier-demo,1.173193274184,0.598800000000,-0.154425170615,0.988004487176
2024-01-03T18:33:00Z,fourier-demo,1.128617468732,0.598950000000,-0.152908298496,0.988240381816
2024-01-03T18:34:00Z,fourier-demo,1.111272142760,0.599100000000,-0.151391066042,0.988473947620
2024-01-03T18:35:00Z,fourier-demo,1.118416229463,0.599250000000,-0.149873476828,0.988705184038
2024-01-03T18:36:00Z,fourier-demo,1.146145839535,0.599400000000,-0.148355534429,0.988934090526
2024-01-03T18:37:00Z,fourier-demo,1.189605573946,0.599550000000,-0.146837242424,0.989160666544
2024-01-03T18:38:00Z,fourier-demo,1.243240420150,0.599700000000,-0.145318604390,0.989384911558
2024-01-03T18:39:00Z,fourier-demo,1.301077074693,0.599850000000,-0.143799623906,0.989606825039
2024-01-03T18:40:00Z,fourier-demo,1.357022311017,0.600000000000,-0.142280304551,0.989826406466
2024-01-03T18:41:00Z,fourier-demo,1.405165308702,0.600150000000,-0.140760649906,0.990043655319
2024-01-03T18:42:00Z,fourier-demo,1.440070708324,0.600300000000,-0.139240663551,0.990258571088
2024-01-03T18:43:00Z,fourier-demo,1.457049560621,0.600450000000,-0.137720349070,0.990471153266
2024-01-03T18:44:00Z,fourier-demo,1.452396282847,0.600600000000,-0.136199710044,0.990681401352
2024-01-03T18:45:00Z,fourier-demo,1.423581179812,0.600750000000,-0.134678750057,0.990889314850
2024-01-03T18:46:00Z,fourier-demo,1.369389972035,0.600900000000,-0.133157472693,0.991094893270
2024-01-03T18:47:00Z,fourier-demo,1.290004020569,0.601050000000,-0.131635881537,0.991298136129
2024-01-03T18:48:00Z,fourier-demo,1.187017453940,0.601200000000,-0.130113980175,0.991499042946
2024-01-03T18:49:00Z,fourier-demo,1.063390082931,0.601350000000,-0.128591772193,0.991697613249
2024-01-03T18:50:00Z,fourier-demo,0.923337722112,0.601500000000,-0.127069261179,0.991893846570
2024-01-03T18:51:00Z,fourier-demo,0.772164209573,0.601650000000,-0.125546450720,0.992087742446
2024-01-03T18:52:00Z,fourier-demo,0.616041916755,0.601800000000,-0.124023344405,0.992279300420
2024-01-03T18:53:00Z,fourier-demo,0.461749764506,0.601950000000,-0.122499945823,0.992468520042
2024-01-03T18:54:00Z,fourier-demo,0.316379616262,0.602100000000,-0.120976258564,0.992655400864
2024-01-03T18:55:00Z,fourier-demo,0.187023326847,0.602250000000,-0.119452286218,0.992839942447
2024-01-03T18:56:00Z,fourier-demo,0.080453626077,0.602400000000,-0.117928032378,0.993022144355
2024-01-03T18:57:00Z,fourier-demo,0.002812371513,0.602550000000,-0.116403500635,0.993202006160
2024-01-03T18:58:00Z,fourier-demo,-0.040680502054,0.602700000000,-0.114878694581,0.993379527437
2024-01-03T18:59:00Z,fourier-demo,-0.045984770608,0.602850000000,-0.113353617811,0.993554707769
2024-01-03T19:00:00Z,fourier-demo,-0.010453167740,0.603000000000,-0.111828273917,0.993727546741
2024-01-03T19:01:00Z,fourier-demo,0.067009427241,0.603150000000,-0.110302666494,0.993898043948
2024-01-03T19:02:00Z,fourier-demo,0.185848213544,0.603300000000,-0.108776799139,0.994066198987
2024-01-03T19:03:00Z,fourier-demo,0.343826979956,0.603450000000,-0.107250675445,0.994232011462
2024-01-03T19:04:00Z,fourier-demo,0.537065083860,0.603600000000,-0.105724299010,0.994395480983
2024-01-03T19:05:00Z,fourier-demo,0.760142281628,0.603750000000,-0.104197673431,0.994556607163
2024-01-03T19:06:00Z,fourier-demo,1.006268006279,0.603900000000,-0.102670802305,0.994715389624
2024-01-03T19:07:00Z,fourier-demo,1.267509025110,0.604050000000,-0.101143689231,0.994871827990
2024-01-03T19:08:00Z,fourier-demo,1.535066980836,0.604200000000,-0.099616337806,0.995025921895
2024-01-03T19:09:00Z,fourier-demo,1.799595224531,0.604350000000,-0.098088751631,0.995177670973
2024-01-03T19:10:00Z,fourier-demo,2.051542674266,0.604500000000,-0.096560934305,0.995327074868
2024-01-03T19:11:00Z,fourier-demo,2.281511249340,0.604650000000,-0.095032889429,0.995474133228
2024-01-03T19:12:00Z,fourier-demo,2.480612786276,0.604800000000,-0.093504620603,0.995618845706
2024-01-03T19:13:00Z,fourier-demo,2.640811267234,0.604950000000,-0.091976131430,0.995761211962
2024-01-03T19:14:00Z,fourier-demo,2.755236688859,0.605100000000,-0.090447425510,0.995901231658
2024-01-03T19:15:00Z,fourier-demo,2.818457951363,0.605250000000,-0.088918506446,0.996038904467
2024-01-03T19:16:00Z,fourier-demo,2.826703712612,0.605400000000,-0.087389377842,0.996174230062
2024-01-03T19:17:00Z,fourier-demo,2.778022168046,0.605550000000,-0.085860043301,0.996307208126
2024-01-03T19:18:00Z,fourier-demo,2.672373103861,0.605700000000,-0.084330506426,0.996437838345
2024-01-03T19:19:00Z,fourier-demo,2.511648232230,0.605850000000,-0.082800770823,0.996566120411
2024-01-03T19:20:00Z,fourier-demo,2.299618646428,0.606000000000,-0.081270840095,0.996692054022
2024-01-03T19:21:00Z,fourier-demo,2.041811116549,0.606150000000,-0.079740717849,0.996815638881
2024-01-03T19:22:00Z,fourier-demo,1.745317766751,0.606300000000,-0.078210407690,0.996936874696
2024-01-03T19:23:00Z,fourier-demo,1.418546318760,0.606450000000,-0.076679913225,0.997055761183
2024-01-03T19:24:00Z,fourier-demo,1.070920446855,0.606600000000,-0.075149238060,0.997172298060
2024-01-03T19:25:00Z,fourier-demo,0.712541771350,0.606750000000,-0.073618385802,0.997286485054
2024-01-03T19:26:00Z,fourier-demo,0.353826540515,0.606900000000,-0.072087360059,0.997398321895
2024-01-03T19:27:00Z,fourier-demo,0.005131053341,0.607050000000,-0.070556164439,0.997507808320
2024-01-03T19:28:00Z,fourier-demo,-0.323619682925,0.607200000000,-0.069024802550,0.997614944071
2024-01-03T19:29:00Z,fourier-demo,-0.623285703811,0.607350000000,-0.067493278000,0.997719728894
2024-01-03T19:30:00Z,fourier-demo,-0.885834601019,0.607500000000,-0.065961594399,0.997822162544
2024-01-03T19:31:00Z,fourier-demo,-1.104620406710,0.607650000000,-0.064429755357,0.997922244779
2024-01-03T19:32:00Z,fourier-demo,-1.274608205438,0.607800000000,-0.062897764483,0.998019975363
2024-01-03T19:33:00Z,fourier-demo,-1.392536001340,0.607950000000,-0.061365625388,0.998115354065
2024-01-03T19:34:00Z,fourier-demo,-1.457007873772,0.608100000000,-0.059833341681,0.998208380662
2024-01-03T19:35:00Z,fourier-demo,-1.468515193523,0.608250000000,-0.058300916975,0.998299054933
2024-01-03T19:36:00Z,fourier-demo,-1.429385533267,0.608400000000,-0.056768354879,0.998387376665
2024-01-03T19:37:00Z,fourier-demo,-1.343661774406,0.608550000000,-0.055235659006,0.998473345650
2024-01-03T19:38:00Z,fourier-demo,-1.216916672187,0.608700000000,-0.053702832968,0.998556961686
2024-01-03T19:39:00Z,fourier-demo,-1.056010680718,0.608850000000,-0.052169880377,0.998638224575
2024-01-03T19:40:00Z,fourier-demo,-0.868803057135,0.609000000000,-0.050636804844,0.998717134125
2024-01-03T19:41:00Z,fourier-demo,-0.663828070830,0.609150000000,-0.049103609984,0.998793690152
2024-01-03T19:42:00Z,fourier-demo,-0.449949467234,0.609300000000,-0.047570299409,0.998867892473
2024-01-03T19:43:00Z,fourier-demo,-0.236007123850,0.609450000000,-0.046036876732,0.998939740916
2024-01-03T19:44:00Z,fourier-demo,-0.030470058669,0.609600000000,-0.044503345567,0.999009235309
2024-01-03T19:45:00Z,fourier-demo,0.158890399764,0.609750000000,-0.042969709527,0.999076375490
2024-01-03T19:46:00Z,fourier-demo,0.325294379354,0.609900000000,-0.041435972228,0.999141161301
2024-01-03T19:47:00Z,fourier-demo,0.463202694005,0.610050000000,-0.039902137283,0.999203592588
2024-01-03T19:48:00Z,fourier-demo,0.568511946756,0.610200000000,-0.038368208306,0.999263669204
2024-01-03T19:49:00Z,fourier-demo,0.638688183922,0.610350000000,-0.036834188913,0.999321391008
2024-01-03T19:50:00Z,fourier-demo,0.672834330998,0.610500000000,-0.035300082718,0.999376757865
2024-01-03T19:51:00Z,fourier-demo,0.671689376395,0.610650000000,-0.033765893337,0.999429769642
2024-01-03T19:52:00Z,fourier-demo,0.637560073922,0.610800000000,-0.032231624386,0.999480426216
2024-01-03T19:53:00Z,fourier-demo,0.574188694377,0.610950000000,-0.030697279479,0.999528727467
2024-01-03T19:54:00Z,fourier-demo,0.486562957858,0.611100000000,-0.029162862232,0.999574673282
2024-01-03T19:55:00Z,fourier-demo,0.380676615285,0.611250000000,-0.027628376261,0.999618263551
2024-01-03T19:56:00Z,fourier-demo,0.263251125156,0.611400000000,-0.026093825183,0.999659498173
2024-01-03T19:57:00Z,fourier-demo,0.141430409557,0.611550000000,-0.024559212614,0.999698377050
2024-01-03T19:58:00Z,fourier-demo,0.022461710124,0.611700000000,-0.023024542170,0.999734900090
2024-01-03T19:59:00Z,fourier-demo,-0.086623941289,0.611850000000,-0.021489817467,0.999769067208
2024-01-03T20:00:00Z,fourier-demo,-0.179318189730,0.612000000000,-0.019955042123,0.999800878322
2024-01-03T20:01:00Z,fourier-demo,-0.249915938831,0.612150000000,-0.018420219753,0.999830333359
2024-01-03T20:02:00Z,fourier-demo,-0.293758377886,0.612300000000,-0.016885353976,0.999857432248
2024-01-03T20:03:00Z,fourier-demo,-0.307428419902,0.612450000000,-0.015350448407,0.999882174925
2024-01-03T20:04:00Z,fourier-demo,-0.288890562955,0.612600000000,-0.013815506664,0.999904561334
2024-01-03T20:05:00Z,fourier-demo,-0.237569560261,0.612750000000,-0.012280532365,0.999924591419
2024-01-03T20:06:00Z,fourier-demo,-0.154364884757,0.612900000000,-0.010745529125,0.999942265135
2024-01-03T20:07:00Z,fourier-demo,-0.041600693449,0.613050000000,-0.009210500564,0.999957582440
2024-01-03T20:08:00Z,fourier-demo,0.097086277650,0.613200000000,-0.007675450297,0.999970543298
2024-01-03T20:09:00Z,fourier-demo,0.256915838865,0.613350000000,-0.006140381943,0.999981147677
2024-01-03T20:10:00Z,fourier-demo,0.432183040703,0.613500000000,-0.004605299118,0.999989395554
2024-01-03T20:11:00Z,fourier-demo,0.616516897361,0.613650000000,-0.003070205442,0.999995286908
2024-01-03T20:12:00Z,fourier-demo,0.803167915836,0.613800000000,-0.001535104530,0.999998821726
2024-01-03T20:13:00Z,fourier-demo,0.985311993362,0.613950000000,-0.000000000000,1.000000000000
2024-01-03T20:14:00Z,fourier-demo,1.156357554755,0.614100000000,0.001535104530,0.999998821726
2024-01-03T20:15:00Z,fourier-demo,1.310242661103,0.614250000000,0.003070205442,0.999995286908
2024-01-03T20:16:00Z,fourier-demo,1.441709237825,0.614400000000,0.004605299118,0.999989395554
2024-01-03T20:17:00Z,fourier-demo,1.546542526478,0.614550000000,0.006140381943,0.999981147677
2024-01-03T20:18:00Z,fourier-demo,1.621765321133,0.614700000000,0.007675450297,0.999970543298
2024-01-03T20:19:00Z,fourier-demo,1.665778446683,0.614850000000,0.009210500564,0.999957582440
2024-01-03T20:20:00Z,fourier-demo,1.678441194449,0.615000000000,0.010745529125,0.999942265135
2024-01-03T20:21:00Z,fourier-demo,1.661087956554,0.615150000000,0.012280532365,0.999924591419
2024-01-03T20:22:00Z,fourier-demo,1.616479990089,0.615300000000,0.013815506664,0.999904561334
2024-01-03T20:23:00Z,fourier-demo,1.548693983486,0.615450000000,0.015350448407,0.999882174925
2024-01-03T20:24:00Z,fourier-demo,1.462951777104,0.615600000000,0.016885353976,0.999857432248
2024-01-03T20:25:00Z,fourier-demo,1.365398096258,0.615750000000,0.018420219753,0.999830333359
2024-01-03T20:26:00Z,fourier-demo,1.262835383555,0.615900000000,0.019955042123,0.999800878322
2024-01-03T20:27:00Z,fourier-demo,1.162426675239,0.616050000000,0.021489817467,0.999769067208
2024-01-03T20:28:00Z,fourier-demo,1.071378875426,0.616200000000,0.023024542170,0.999734900090
2024-01-03T20:29:00Z,fourier-demo,0.996619683005,0.616350000000,0.024559212614,0.999698377050
2024-01-03T20:30:00Z,fourier-demo,0.944481779966,0.616500000000,0.026093825183,0.999659498173
2024-01-03T20:31:00Z,fourier-demo,0.920407680621,0.616650000000,0.027628376261,0.999618263551
2024-01-03T20:32:00Z,fourier-demo,0.928687875631,0.616800000000,0.029162862232,0.999574673282
2024-01-03T20:33:00Z,fourier-demo,0.972243612668,0.616950000000,0.030697279479,0.999528727467
2024-01-03T20:34:00Z,fourier-demo,1.052463888518,0.617100000000,0.032231624386,0.999480426216
2024-01-03T20:35:00Z,fourier-demo,1.169104056601,0.617250000000,0.033765893337,0.999429769642
2024-01-03T20:36:00Z,fourier-demo,1.320250967169,0.617400000000,0.035300082718,0.999376757865
2024-01-03T20:37:00Z,fourier-demo,1.502356855888,0.617550000000,0.036834188913,0.999321391008
2024-01-03T20:38:00Z,fourier-demo,1.710341390237,0.617700000000,0.038368208306,0.999263669204
2024-01-03T20:39:00Z,fourier-demo,1.937758486750,0.617850000000,0.039902137283,0.999203592588
2024-01-03T20:40:00Z,fourier-demo,2.177021840171,0.618000000000,0.041435972228,0.999141161301
2024-01-03T20:41:00Z,fourier-demo,2.419680667588,0.618150000000,0.042969709527,0.999076375490
2024-01-03T20:42:00Z,fourier-demo,2.656735067038,0.618300000000,0.044503345567,0.999009235309
2024-01-03T20:43:00Z,fourier-demo,2.878978707670,0.618450000000,0.046036876732,0.998939740916
2024-01-03T20:44:00Z,fourier-demo,3.077355377273,0.618600000000,0.047570299409,0.998867892473
2024-01-03T20:45:00Z,fourier-demo,3.243315262727,0.618750000000,0.049103609984,0.998793690152
2024-01-03T20:46:00Z,fourier-demo,3.369156757762,0.618900000000,0.050636804844,0.998717134125
2024-01-03T20:47:00Z,fourier-demo,3.448340085196,0.619050000000,0.052169880377,0.998638224575
2024-01-03T20:48:00Z,fourier-demo,3.475760069054,0.619200000000,0.053702832968,0.998556961686
2024-01-03T20:49:00Z,fourier-demo,3.447966954607,0.619350000000,0.055235659006,0.998473345650
2024-01-03T20:50:00Z,fourier-demo,3.363326189303,0.619500000000,0.056768354879,0.998387376665
2024-01-03T20:51:00Z,fourier-demo,3.222110464180,0.619650000000,0.058300916975,0.998299054933
2024-01-03T20:52:00Z,fourier-demo,3.026519978055,0.619800000000,0.059833341681,0.998208380662
2024-01-03T20:53:00Z,fourier-demo,2.780629718305,0.619950000000,0.061365625388,0.998115354065
2024-01-03T20:54:00Z,fourier-demo,2.490265438471,0.620100000000,0.062897764483,0.998019975363
2024-01-03T20:55:00Z,fourier-demo,2.162812837851,0.620250000000,0.064429755357,0.997922244779
2024-01-03T20:56:00Z,fourier-demo,1.806967097581,0.620400000000,0.065961594399,0.997822162544
2024-01-03T20:57:00Z,fourier-demo,1.432432294680,0.620550000000,0.067493278000,0.997719728894
2024-01-03T20:58:00Z,fourier-demo,1.049582204395,0.620700000000,0.069024802550,0.997614944071
2024-01-03T20:59:00Z,fourier-demo,0.669095531807,0.620850000000,0.070556164439,0.997507808320
2024-01-03T21:00:00Z,fourier-demo,0.301579624143,0.621000000000,0.072087360059,0.997398321895
2024-01-03T21:01:00Z,fourier-demo,-0.042802834947,0.621150000000,0.073618385802,0.997286485054
2024-01-03T21:02:00Z,fourier-demo,-0.354689776917,0.621300000000,0.075149238060,0.997172298060
2024-01-03T21:03:00Z,fourier-demo,-0.625844675651,0.621450000000,0.076679913225,0.997055761183
2024-01-03T21:04:00Z,fourier-demo,-0.849438027543,0.621600000000,0.078210407690,0.996936874696
2024-01-03T21:05:00Z,fourier-demo,-1.020274702108,0.621750000000,0.079740717849,0.996815638881
2024-01-03T21:06:00Z,fourier-demo,-1.134958645088,0.621900000000,0.081270840095,0.996692054022
2024-01-03T21:07:00Z,fourier-demo,-1.191988915662,0.622050000000,0.082800770823,0.996566120411
2024-01-03T21:08:00Z,fourier-demo,-1.191783773365,0.622200000000,0.084330506426,0.996437838345
2024-01-03T21:09:00Z,fourier-demo,-1.136632387925,0.622350000000,0.085860043301,0.996307208126
2024-01-03T21:10:00Z,fourier-demo,-1.030576610968,0.622500000000,0.087389377842,0.996174230062
2024-01-03T21:11:00Z,fourier-demo,-0.879228006765,0.622650000000,0.088918506446,0.996038904467
2024-01-03T21:12:00Z,fourier-demo,-0.689527878714,0.622800000000,0.090447425510,0.995901231658
2024-01-03T21:13:00Z,fourier-demo,-0.469460246978,0.622950000000,0.091976131430,0.995761211962
2024-01-03T21:14:00Z,fourier-demo,-0.227729541819,0.623100000000,0.093504620603,0.995618845706
2024-01-03T21:15:00Z,fourier-demo,0.026583895517,0.623250000000,0.095032889429,0.995474133228
2024-01-03T21:16:00Z,fourier-demo,0.284376619235,0.623400000000,0.096560934305,0.995327074868
2024-01-03T21:17:00Z,fourier-demo,0.536869078979,0.623550000000,0.098088751631,0.995177670973
2024-01-03T21:18:00Z,fourier-demo,0.775933043083,0.623700000000,0.099616337806,0.995025921895
2024-01-03T21:19:00Z,fourier-demo,0.994386574440,0.623850000000,0.101143689231,0.994871827990
2024-01-03T21:20:00Z,fourier-demo,1.186245105879,0.624000000000,0.102670802305,0.994715389624
2024-01-03T21:21:00Z,fourier-demo,1.346919037538,0.624150000000,0.104197673431,0.994556607163
2024-01-03T21:22:00Z,fourier-demo,1.473350534630,0.624300000000,0.105724299010,0.994395480983
2024-01-03T21:23:00Z,fourier-demo,1.564084746465,0.624450000000,0.107250675445,0.994232011462
2024-01-03T21:24:00Z,fourier-demo,1.619273391836,0.624600000000,0.108776799139,0.994066198987
2024-01-03T21:25:00Z,fourier-demo,1.640611449725,0.624750000000,0.110302666494,0.993898043948
2024-01-03T21:26:00Z,fourier-demo,1.631210442865,0.624900000000,0.111828273917,0.993727546741
2024-01-03T21:27:00Z,fourier-demo,1.595414392542,0.625050000000,0.113353617811,0.993554707769
2024-01-03T21:28:00Z,fourier-demo,1.538566850088,0.625200000000,0.114878694581,0.993379527437
2024-01-03T21:29:00Z,fourier-demo,1.466739378958,0.625350000000,0.116403500635,0.993202006160
2024-01-03T21:30:00Z,fourier-demo,1.386433391239,0.625500000000,0.117928032378,0.993022144355
2024-01-03T21:31:00Z,fourier-demo,1.304268272103,0.625650000000,0.119452286218,0.992839942447
2024-01-03T21:32:00Z,fourier-demo,1.226669214032,0.625800000000,0.120976258564,0.992655400864
2024-01-03T21:33:00Z,fourier-demo,1.159568111066,0.625950000000,0.122499945823,0.992468520042
2024-01-03T21:34:00Z,fourier-demo,1.108130236107,0.626100000000,0.124023344405,0.992279300420
2024-01-03T21:35:00Z,fourier-demo,1.076518268939,0.626250000000,0.125546450720,0.992087742446
2024-01-03T21:36:00Z,fourier-demo,1.067703608101,0.626400000000,0.127069261179,0.991893846570
2024-01-03T21:37:00Z,fourier-demo,1.083332854834,0.626550000000,0.128591772193,0.991697613249
2024-01-03T21:38:00Z,fourier-demo,1.123654987741,0.626700000000,0.130113980175,0.991499042946
2024-01-03T21:39:00Z,fourier-demo,1.187512151409,0.626850000000,0.131635881537,0.991298136129
2024-01-03T21:40:00Z,fourier-demo,1.272394269335,0.627000000000,0.133157472693,0.991094893270
2024-01-03T21:41:00Z,fourier-demo,1.374554973924,0.627150000000,0.134678750057,0.990889314850
2024-01-03T21:42:00Z,fourier-demo,1.489183737266,0.627300000000,0.136199710044,0.990681401352
2024-01-03T21:43:00Z,fourier-demo,1.610626694277,0.627450000000,0.137720349070,0.990471153266
2024-01-03T21:44:00Z,fourier-demo,1.732646574143,0.627600000000,0.139240663551,0.990258571088
2024-01-03T21:45:00Z,fourier-demo,1.848710483225,0.627750000000,0.140760649906,0.990043655319
2024-01-03T21:46:00Z,fourier-demo,1.952293082299,0.627900000000,0.142280304551,0.989826406466
2024-01-03T21:47:00Z,fourier-demo,2.037182023374,0.628050000000,0.143799623906,0.989606825039
2024-01-03T21:48:00Z,fourier-demo,2.097772384907,0.628200000000,0.145318604390,0.989384911558
2024-01-03T21:49:00Z,fourier-demo,2.129337274573,0.628350000000,0.146837242424,0.989160666544
2024-01-03T21:50:00Z,fourier-demo,2.128262738658,0.628500000000,0.148355534429,0.988934090526
2024-01-03T21:51:00Z,fourier-demo,2.092236586810,0.628650000000,0.149873476828,0.988705184038
2024-01-03T21:52:00Z,fourier-demo,2.020382649930,0.628800000000,0.151391066042,0.988473947620
2024-01-03T21:53:00Z,fourier-demo,1.913334258797,0.628950000000,0.152908298496,0.988240381816
2024-01-03T21:54:00Z,fourier-demo,1.773243267835,0.629100000000,0.154425170615,0.988004487176
2024-01-03T21:55:00Z,fourier-demo,1.603723647588,0.629250000000,0.155941678823,0.987766264258
2024-01-03T21:56:00Z,fourier-demo,1.409731419105,0.629400000000,0.157457819548,0.987525713621
2024-01-03T21:57:00Z,fourier-demo,1.197385389811,0.629550000000,0.158973589215,0.987282835834
2024-01-03T21:58:00Z,fourier-demo,0.973735661877,0.629700000000,0.160488984254,0.987037631468
2024-01-03T21:59:00Z,fourier-demo,0.746489116327,0.629850000000,0.162004001093,0.986790101100
2024-01-03T22:00:00Z,fourier-demo,0.523702935742,0.630000000000,0.163518636162,0.986540245316
2024-01-03T22:01:00Z,fourier-demo,0.313458637761,0.630150000000,0.165032885891,0.986288064702
2024-01-03T22:02:00Z,fourier-demo,0.123529990814,0.630300000000,0.166546746713,0.986033559854
2024-01-03T22:03:00Z,fourier-demo,-0.038941465885,0.630450000000,0.168060215059,0.985776731372
2024-01-03T22:04:00Z,fourier-demo,-0.167749790329,0.630600000000,0.169573287364,0.985517579860
2024-01-03T22:05:00Z,fourier-demo,-0.257894158119,0.630750000000,0.171085960061,0.985256105929
2024-01-03T22:06:00Z,fourier-demo,-0.305803099869,0.630900000000,0.172598229586,0.984992310195
2024-01-03T22:07:00Z,fourier-demo,-0.309503796636,0.631050000000,0.174110092375,0.984726193281
2024-01-03T22:08:00Z,fourier-demo,-0.268728955831,0.631200000000,0.175621544865,0.984457755812
2024-01-03T22:09:00Z,fourier-demo,-0.184956288433,0.631350000000,0.177132583495,0.984186998423
2024-01-03T22:10:00Z,fourier-demo,-0.061378322304,0.631500000000,0.178643204704,0.983913921750
2024-01-03T22:11:00Z,fourier-demo,0.097196894197,0.631650000000,0.180153404931,0.983638526437
2024-01-03T22:12:00Z,fourier-demo,0.284510834250,0.631800000000,0.181663180618,0.983360813134
2024-01-03T22:13:00Z,fourier-demo,0.493079230468,0.631950000000,0.183172528208,0.983080782494
2024-01-03T22:14:00Z,fourier-demo,0.714468007228,0.632100000000,0.184681444143,0.982798435179
2024-01-03T22:15:00Z,fourier-demo,0.939609788931,0.632250000000,0.186189924867,0.982513771852
2024-01-03T22:16:00Z,fourier-demo,1.159148670253,0.632400000000,0.187697966826,0.982226793185
2024-01-03T22:17:00Z,fourier-demo,1.363799730815,0.632550000000,0.189205566465,0.981937499854
2024-01-03T22:18:00Z,fourier-demo,1.544709114835,0.632700000000,0.190712720233,0.981645892540
2024-01-03T22:19:00Z,fourier-demo,1.693800404671,0.632850000000,0.192219424577,0.981351971932
2024-01-03T22:20:00Z,fourier-demo,1.804093500490,0.633000000000,0.193725675947,0.981055738722
2024-01-03T22:21:00Z,fourier-demo,1.869983258484,0.633150000000,0.195231470794,0.980757193607
2024-01-03T22:22:00Z,fourier-demo,1.887466696003,0.633300000000,0.196736805568,0.980456337291
2024-01-03T22:23:00Z,fourier-demo,1.854309581680,0.633450000000,0.198241676723,0.980153170484
2024-01-03T22:24:00Z,fourier-demo,1.770145611682,0.633600000000,0.199746080711,0.979847693900
2024-01-03T22:25:00Z,fourier-demo,1.636504033837,0.633750000000,0.201250013989,0.979539908258
2024-01-03T22:26:00Z,fourier-demo,1.456764412500,0.633900000000,0.202753473011,0.979229814284
2024-01-03T22:27:00Z,fourier-demo,1.236040114611,0.634050000000,0.204256454236,0.978917412708
2024-01-03T22:28:00Z,fourier-demo,0.980994924983,0.634200000000,0.205758954120,0.978602704267
2024-01-03T22:29:00Z,fourier-demo,0.699599852396,0.634350000000,0.207260969124,0.978285689703
2024-01-03T22:30:00Z,fourier-demo,0.400839560523,0.634500000000,0.208762495707,0.977966369762
2024-01-03T22:31:00Z,fourier-demo,0.094379853408,0.634650000000,0.210263530331,0.977644745198
2024-01-03T22:32:00Z,fourier-demo,-0.209790816321,0.634800000000,0.211764069460,0.977320816767
2024-01-03T22:33:00Z,fourier-demo,-0.501731828941,0.634950000000,0.213264109557,0.976994585233
2024-01-03T22:34:00Z,fourier-demo,-0.771918421863,0.635100000000,0.214763647086,0.976666051366
2024-01-03T22:35:00Z,fourier-demo,-1.011592928382,0.635250000000,0.216262678515,0.976335215938
2024-01-03T22:36:00Z,fourier-demo,-1.213085594339,0.635400000000,0.217761200311,0.976002079731
2024-01-03T22:37:00Z,fourier-demo,-1.370092572143,0.635550000000,0.219259208942,0.975666643528
2024-01-03T22:38:00Z,fourier-demo,-1.477900421547,0.635700000000,0.220756700879,0.975328908121
2024-01-03T22:39:00Z,fourier-demo,-1.533548600003,0.635850000000,0.222253672592,0.974988874306
2024-01-03T22:40:00Z,fourier-demo,-1.535923914732,0.636000000000,0.223750120553,0.974646542882
2024-01-03T22:41:00Z,fourier-demo,-1.485783632756,0.636150000000,0.225246041237,0.974301914658
2024-01-03T22:42:00Z,fourier-demo,-1.385706793629,0.636300000000,0.226741431118,0.973954990446
2024-01-03T22:43:00Z,fourier-demo,-1.239976127075,0.636450000000,0.228236286672,0.973605771063
2024-01-03T22:44:00Z,fourier-demo,-1.054395728625,0.636600000000,0.229730604376,0.973254257331
2024-01-03T22:45:00Z,fourier-demo,-0.836052179695,0.636750000000,0.231224380709,0.972900450080
2024-01-03T22:46:00Z,fourier-demo,-0.593029012260,0.636900000000,0.232717612151,0.972544350143
2024-01-03T22:47:00Z,fourier-demo,-0.334086223614,0.637050000000,0.234210295184,0.972185958359
2024-01-03T22:48:00Z,fourier-demo,-0.068317871615,0.637200000000,0.235702426288,0.971825275573
2024-01-03T22:49:00Z,fourier-demo,0.195198427075,0.637350000000,0.237194001948,0.971462302634
2024-01-03T22:50:00Z,fourier-demo,0.447746044429,0.637500000000,0.238685018650,0.971097040399
2024-01-03T22:51:00Z,fourier-demo,0.681294224837,0.637650000000,0.240175472879,0.970729489728
2024-01-03T22:52:00Z,fourier-demo,0.888790492893,0.637800000000,0.241665361123,0.970359651487
2024-01-03T22:53:00Z,fourier-demo,1.064409186495,0.637950000000,0.243154679872,0.969987526547
2024-01-03T22:54:00Z,fourier-demo,1.203746587354,0.638100000000,0.244643425615,0.969613115786
2024-01-03T22:55:00Z,fourier-demo,1.303955371058,0.638250000000,0.246131594844,0.969236420085
2024-01-03T22:56:00Z,fourier-demo,1.363813634715,0.638400000000,0.247619184052,0.968857440333
2024-01-03T22:57:00Z,fourier-demo,1.383726477251,0.638550000000,0.249106189734,0.968476177423
2024-01-03T22:58:00Z,fourier-demo,1.365660893494,0.638700000000,0.250592608385,0.968092632253
2024-01-03T22:59:00Z,fourier-demo,1.313017483826,0.638850000000,0.252078436503,0.967706805727
2024-01-03T23:00:00Z,fourier-demo,1.230445063792,0.639000000000,0.253563670587,0.967318698754
2024-01-03T23:01:00Z,fourier-demo,1.123606577056,0.639150000000,0.255048307135,0.966928312248
2024-01-03T23:02:00Z,fourier-demo,0.998906675643,0.639300000000,0.256532342650,0.966535647131
2024-01-03T23:03:00Z,fourier-demo,0.863192853822,0.639450000000,0.258015773635,0.966140704326
2024-01-03T23:04:00Z,fourier-demo,0.723443044703,0.639600000000,0.259498596593,0.965743484765
2024-01-03T23:05:00Z,fourier-demo,0.586453070701,0.639750000000,0.260980808031,0.965343989384
2024-01-03T23:06:00Z,fourier-demo,0.458537261942,0.639900000000,0.262462404455,0.964942219124
2024-01-03T23:07:00Z,fourier-demo,0.345254925077,0.640050000000,0.263943382373,0.964538174932
2024-01-03T23:08:00Z,fourier-demo,0.251174186084,0.640200000000,0.265423738297,0.964131857760
2024-01-03T23:09:00Z,fourier-demo,0.179683093872,0.640350000000,0.266903468737,0.963723268566
2024-01-03T23:10:00Z,fourier-demo,0.132855825430,0.640500000000,0.268382570207,0.963312408313
2024-01-03T23:11:00Z,fourier-demo,0.111379463794,0.640650000000,0.269861039220,0.962899277968
2024-01-03T23:12:00Z,fourier-demo,0.114544226031,0.640800000000,0.271338872293,0.962483878505
2024-01-03T23:13:00Z,fourier-demo,0.140297308047,0.640950000000,0.272816065943,0.962066210904
2024-01-03T23:14:00Z,fourier-demo,0.185357799153,0.641100000000,0.274292616689,0.961646276148
2024-01-03T23:15:00Z,fourier-demo,0.245387515028,0.641250000000,0.275768521052,0.961224075228
2024-01-03T23:16:00Z,fourier-demo,0.315210211411,0.641400000000,0.277243775553,0.960799609137
2024-01-03T23:17:00Z,fourier-demo,0.389069571897,0.641550000000,0.278718376716,0.960372878876
2024-01-03T23:18:00Z,fourier-demo,0.460914697895,0.641700000000,0.280192321065,0.959943885452
2024-01-03T23:19:00Z,fourier-demo,0.524700636656,0.641850000000,0.281665605129,0.959512629874
2024-01-03T23:20:00Z,fourier-demo,0.574690814195,0.642000000000,0.283138225434,0.959079113159
2024-01-03T23:21:00Z,fourier-demo,0.605748122406,0.642150000000,0.284610178510,0.958643336329
2024-01-03T23:22:00Z,fourier-demo,0.613601849025,0.642300000000,0.286081460890,0.958205300411
2024-01-03T23:23:00Z,fourier-demo,0.595078617957,0.642450000000,0.287552069104,0.957765006436
2024-01-03T23:24:00Z,fourier-demo,0.548286985874,0.642600000000,0.289021999689,0.957322455443
2024-01-03T23:25:00Z,fourier-demo,0.472747258353,0.642750000000,0.290491249179,0.956877648475
2024-01-03T23:26:00Z,fourier-demo,0.369460366347,0.642900000000,0.291959814114,0.956430586578
2024-01-03T23:27:00Z,fourier-demo,0.240912187562,0.643050000000,0.293427691031,0.955981270808
2024-01-03T23:28:00Z,fourier-demo,0.091012402529,0.643200000000,0.294894876472,0.955529702223
2024-01-03T23:29:00Z,fourier-demo,-0.075030270216,0.643350000000,0.296361366979,0.955075881887
2024-01-03T23:30:00Z,fourier-demo,-0.250891925202,0.643500000000,0.297827159096,0.954619810870
2024-01-03T23:31:00Z,fourier-demo,-0.429369358700,0.643650000000,0.299292249370,0.954161490245
2024-01-03T23:32:00Z,fourier-demo,-0.602658712949,0.643800000000,0.300756634347,0.953700921094
2024-01-03T23:33:00Z,fourier-demo,-0.762665734384,0.643950000000,0.302220310578,0.953238104502
2024-01-03T23:34:00Z,fourier-demo,-0.901335096659,0.644100000000,0.303683274611,0.952773041559
2024-01-03T23:35:00Z,fourier-demo,-1.010985343034,0.644250000000,0.305145523001,0.952305733361
2024-01-03T23:36:00Z,fourier-demo,-1.084635656596,0.644400000000,0.306607052301,0.951836181010
2024-01-03T23:37:00Z,fourier-demo,-1.116310886875,0.644550000000,0.308067859067,0.951364385612
2024-01-03T23:38:00Z,fourier-demo,-1.101312040776,0.644700000000,0.309527939856,0.950890348278
2024-01-03T23:39:00Z,fourier-demo,-1.036440754177,0.644850000000,0.310987291228,0.950414070127
2024-01-03T23:40:00Z,fourier-demo,-0.920168046443,0.645000000000,0.312445909744,0.949935552279
2024-01-03T23:41:00Z,fourier-demo,-0.752739851829,0.645150000000,0.313903791966,0.949454795864
2024-01-03T23:42:00Z,fourier-demo,-0.536214331275,0.645300000000,0.315360934460,0.948971802014
2024-01-03T23:43:00Z,fourier-demo,-0.274428693742,0.645450000000,0.316817333790,0.948486571866
2024-01-03T23:44:00Z,fourier-demo,0.027103912201,0.645600000000,0.318272986525,0.947999106565
2024-01-03T23:45:00Z,fourier-demo,0.361364053627,0.645750000000,0.319727889235,0.947509407260
2024-01-03T23:46:00Z,fourier-demo,0.720056134375,0.645900000000,0.321182038491,0.947017475103
2024-01-03T23:47:00Z,fourier-demo,1.093890437230,0.646050000000,0.322635430866,0.946523311255
2024-01-03T23:48:00Z,fourier-demo,1.472906413557,0.646200000000,0.324088062935,0.946026916881
2024-01-03T23:49:00Z,fourier-demo,1.846824840181,0.646350000000,0.325539931276,0.945528293149
2024-01-03T23:50:00Z,fourier-demo,2.205415249278,0.646500000000,0.326991032467,0.945027441235
2024-01-03T23:51:00Z,fourier-demo,2.538864365889,0.646650000000,0.328441363087,0.944524362319
2024-01-03T23:52:00Z,fourier-demo,2.838131187660,0.646800000000,0.329890919720,0.944019057586
2024-01-03T23:53:00Z,fourier-demo,3.095274817909,0.646950000000,0.331339698950,0.943511528228
2024-01-03T23:54:00Z,fourier-demo,3.303742197737,0.647100000000,0.332787697362,0.943001775441
2024-01-03T23:55:00Z,fourier-demo,3.458604434855,0.647250000000,0.334234911544,0.942489800425
2024-01-03T23:56:00Z,fourier-demo,3.556732434187,0.647400000000,0.335681338085,0.941975604388
2024-01-03T23:57:00Z,fourier-demo,3.596904917629,0.647550000000,0.337126973578,0.941459188540
2024-01-03T23:58:00Z,fourier-demo,3.579844581958,0.647700000000,0.338571814615,0.940940554099
2024-01-03T23:59:00Z,fourier-demo,3.508180977720,0.647850000000,0.340015857791,0.940419702288
2024-01-04T00:00:00Z,fourier-demo,3.386341583874,0.648000000000,0.341459099704,0.939896634332
2024-01-04T00:01:00Z,fourier-demo,3.220375386514,0.648150000000,0.342901536952,0.939371351466
2024-01-04T00:02:00Z,fourier-demo,3.017715931096,0.648300000000,0.344343166137,0.938843854927
2024-01-04T00:03:00Z,fourier-demo,2.786893198947,0.648450000000,0.345783983861,0.938314145958
2024-01-04T00:04:00Z,fourier-demo,2.537205664805,0.648600000000,0.347223986728,0.937782225808
2024-01-04T00:05:00Z,fourier-demo,2.278365441946,0.648750000000,0.348663171346,0.937248095729
2024-01-04T00:06:00Z,fourier-demo,2.020130453222,0.648900000000,0.350101534322,0.936711756980
2024-01-04T00:07:00Z,fourier-demo,1.771938038844,0.649050000000,0.351539072268,0.936173210826
2024-01-04T00:08:00Z,fourier-demo,1.542554306726,0.649200000000,0.352975781795,0.935632458536
2024-01-04T00:09:00Z,fourier-demo,1.339752853646,0.649350000000,0.354411659518,0.935089501384
2024-01-04T00:10:00Z,fourier-demo,1.170035263687,0.649500000000,0.355846702053,0.934544340648
2024-01-04T00:11:00Z,fourier-demo,1.038404074591,0.649650000000,0.357280906019,0.933996977615
2024-01-04T00:12:00Z,fourier-demo,0.948196763102,0.649800000000,0.358714268035,0.933447413574
2024-01-04T00:13:00Z,fourier-demo,0.900986824413,0.649950000000,0.360146784724,0.932895649820
2024-01-04T00:14:00Z,fourier-demo,0.896555309354,0.650100000000,0.361578452710,0.932341687653
2024-01-04T00:15:00Z,fourier-demo,0.932933346178,0.650250000000,0.363009268620,0.931785528379
2024-01-04T00:16:00Z,fourier-demo,1.006513326979,0.650400000000,0.364439229081,0.931227173308
2024-01-04T00:17:00Z,fourier-demo,1.112223697261,0.650550000000,0.365868330723,0.930666623756
2024-01-04T00:18:00Z,fourier-demo,1.243759761820,0.650700000000,0.367296570180,0.930103881045
2024-01-04T00:19:00Z,fourier-demo,1.393860712836,0.650850000000,0.368723944085,0.929538946499
2024-01-04T00:20:00Z,fourier-demo,1.554621285635,0.651000000000,0.370150449074,0.928971821451
2024-01-04T00:21:00Z,fourier-demo,1.717825125825,0.651150000000,0.371576081787,0.928402507237
2024-01-04T00:22:00Z,fourier-demo,1.875286160921,0.651300000000,0.373000838862,0.927831005199
2024-01-04T00:23:00Z,fourier-demo,2.019184040471,0.651450000000,0.374424716944,0.927257316683
2024-01-04T00:24:00Z,fourier-demo,2.142380048765,0.651600000000,0.375847712676,0.926681443041
2024-01-04T00:25:00Z,fourier-demo,2.238700787587,0.651750000000,0.377269822705,0.926103385630
2024-01-04T00:26:00Z,fourier-demo,2.303178334903,0.651900000000,0.378691043680,0.925523145813
2024-01-04T00:27:00Z,fourier-demo,2.332237449503,0.652050000000,0.380111372252,0.924940724957
2024-01-04T00:28:00Z,fourier-demo,2.323822633563,0.652200000000,0.381530805073,0.924356124435
2024-01-04T00:29:00Z,fourier-demo,2.277460391719,0.652350000000,0.382949338799,0.923769345623
2024-01-04T00:30:00Z,fourier-demo,2.194254731919,0.652500000000,0.384366970087,0.923180389906
2024-01-04T00:31:00Z,fourier-demo,2.076816728145,0.652650000000,0.385783695595,0.922589258670
2024-01-04T00:32:00Z,fourier-demo,1.929131693794,0.652800000000,0.387199511986,0.921995953309
2024-01-04T00:33:00Z,fourier-demo,1.756370084714,0.652950000000,0.388614415924,0.921400475220
2024-01-04T00:34:00Z,fourier-demo,1.564650557152,0.653100000000,0.390028404072,0.920802825808
2024-01-04T00:35:00Z,fourier-demo,1.360765553629,0.653250000000,0.391441473101,0.920203006481
2024-01-04T00:36:00Z,fourier-demo,1.151881299540,0.653400000000,0.392853619679,0.919601018652
2024-01-04T00:37:00Z,fourier-demo,0.945225103641,0.653550000000,0.394264840479,0.918996863739
2024-01-04T00:38:00Z,fourier-demo,0.747773325904,0.653700000000,0.395675132175,0.918390543167
2024-01-04T00:39:00Z,fourier-demo,0.565953288092,0.653850000000,0.397084491445,0.917782058364
2024-01-04T00:40:00Z,fourier-demo,0.405371760580,0.654000000000,0.398492914965,0.917171410764
2024-01-04T00:41:00Z,fourier-demo,0.270581490989,0.654150000000,0.399900399419,0.916558601806
2024-01-04T00:42:00Z,fourier-demo,0.164895595449,0.654300000000,0.401306941488,0.915943632935
2024-01-04T00:43:00Z,fourier-demo,0.090257580605,0.654450000000,0.402712537858,0.915326505599
2024-01-04T00:44:00Z,fourier-demo,0.047172389705,0.654600000000,0.404117185217,0.914707221253
2024-01-04T00:45:00Z,fourier-demo,0.034701268235,0.654750000000,0.405520880255,0.914085781356
2024-01-04T00:46:00Z,fourier-demo,0.050520531774,0.654900000000,0.406923619664,0.913462187373
2024-01-04T00:47:00Z,fourier-demo,0.091041604023,0.655050000000,0.408325400138,0.912836440772
2024-01-04T00:48:00Z,fourier-demo,0.151587089274,0.655200000000,0.409726218374,0.912208543030
2024-01-04T00:49:00Z,fourier-demo,0.226615259276,0.655350000000,0.411126071071,0.911578495625
2024-01-04T00:50:00Z,fourier-demo,0.309983268926,0.655500000000,0.412524954929,0.910946300042
2024-01-04T00:51:00Z,fourier-demo,0.395237754552,0.655650000000,0.413922866653,0.910311957771
2024-01-04T00:52:00Z,fourier-demo,0.475920282199,0.655800000000,0.415319802949,0.909675470307
2024-01-04T00:53:00Z,fourier-demo,0.545874451167,0.655950000000,0.416715760523,0.909036839150
2024-01-04T00:54:00Z,fourier-demo,0.599541348187,0.656100000000,0.418110736087,0.908396065804
2024-01-04T00:55:00Z,fourier-demo,0.632230495487,0.656250000000,0.419504726354,0.907753151780
2024-01-04T00:56:00Z,fourier-demo,0.640354423820,0.656400000000,0.420897728037,0.907108098593
2024-01-04T00:57:00Z,fourier-demo,0.621616489324,0.656550000000,0.422289737855,0.906460907763
2024-01-04T00:58:00Z,fourier-demo,0.575143479936,0.656700000000,0.423680752528,0.905811580814
2024-01-04T00:59:00Z,fourier-demo,0.501556844186,0.656850000000,0.425070768777,0.905160119278
2024-01-04T01:00:00Z,fourier-demo,0.402978928307,0.657000000000,0.426459783326,0.904506524689
2024-01-04T01:01:00Z,fourier-demo,0.282973321757,0.657150000000,0.427847792903,0.903850798588
2024-01-04T01:02:00Z,fourier-demo,0.146421174386,0.657300000000,0.429234794236,0.903192942520
2024-01-04T01:03:00Z,fourier-demo,-0.000661953633,0.657450000000,0.430620784057,0.902532958034
2024-01-04T01:04:00Z,fourier-demo,-0.151361627007,0.657600000000,0.432005759100,0.901870846687
2024-01-04T01:05:00Z,fourier-demo,-0.298143134222,0.657750000000,0.433389716101,0.901206610039
2024-01-04T01:06:00Z,fourier-demo,-0.433161964316,0.657900000000,0.434772651798,0.900540249655
2024-01-04T01:07:00Z,fourier-demo,-0.548593564288,0.658050000000,0.436154562933,0.899871767105
2024-01-04T01:08:00Z,fourier-demo,-0.636968881129,0.658200000000,0.437535446249,0.899201163965
2024-01-04T01:09:00Z,fourier-demo,-0.691501845060,0.658350000000,0.438915298493,0.898528441814
2024-01-04T01:10:00Z,fourier-demo,-0.706395170603,0.658500000000,0.440294116411,0.897853602239
2024-01-04T01:11:00Z,fourier-demo,-0.677111632593,0.658650000000,0.441671896756,0.897176646829
2024-01-04T01:12:00Z,fourier-demo,-0.600599285109,0.658800000000,0.443048636280,0.896497577180
2024-01-04T01:13:00Z,fourier-demo,-0.475460880595,0.658950000000,0.444424331739,0.895816394893
2024-01-04T01:14:00Z,fourier-demo,-0.302059942840,0.659100000000,0.445798979891,0.895133101571
2024-01-04T01:15:00Z,fourier-demo,-0.082558462350,0.659250000000,0.447172577496,0.894447698826
2024-01-04T01:16:00Z,fourier-demo,0.179116085258,0.659400000000,0.448545121319,0.893760188273
2024-01-04T01:17:00Z,fourier-demo,0.477373858773,0.659550000000,0.449916608123,0.893070571531
2024-01-04T01:18:00Z,fourier-demo,0.805132539987,0.659700000000,0.451287034678,0.892378850227
2024-01-04T01:19:00Z,fourier-demo,1.154047916611,0.659850000000,0.452656397753,0.891685025989
2024-01-04T01:20:00Z,fourier-demo,1.514796612870,0.660000000000,0.454024694122,0.890989100454
2024-01-04T01:21:00Z,fourier-demo,1.877400284215,0.660150000000,0.455391920561,0.890291075260
2024-01-04T01:22:00Z,fourier-demo,2.231578878109,0.660300000000,0.456758073847,0.889590952054
2024-01-04T01:23:00Z,fourier-demo,2.567119341184,0.660450000000,0.458123150761,0.888888732484
2024-01-04T01:24:00Z,fourier-demo,2.874245474831,0.660600000000,0.459487148086,0.888184418206
2024-01-04T01:25:00Z,fourier-demo,3.143974534852,0.660750000000,0.460850062608,0.887478010879
2024-01-04T01:26:00Z,fourier-demo,3.368446641625,0.660900000000,0.462211891115,0.886769512169
2024-01-04T01:27:00Z,fourier-demo,3.541214097158,0.661050000000,0.463572630397,0.886058923744
2024-01-04T01:28:00Z,fourier-demo,3.657479253712,0.661200000000,0.464932277249,0.885346247279
2024-01-04T01:29:00Z,fourier-demo,3.714271583507,0.661350000000,0.466290828466,0.884631484455
2024-01-04T01:30:00Z,fourier-demo,3.710556980027,0.661500000000,0.467648280847,0.883914636954
2024-01-04T01:31:00Z,fourier-demo,3.647274982994,0.661650000000,0.469004631192,0.883195706466
2024-01-04T01:32:00Z,fourier-demo,3.527302454151,0.661800000000,0.470359876306,0.882474694686
2024-01-04T01:33:00Z,fourier-demo,3.355345125373,0.661950000000,0.471714012994,0.881751603313
2024-01-04T01:34:00Z,fourier-demo,3.137761277989,0.662100000000,0.473067038066,0.881026434050
2024-01-04T01:35:00Z,fourier-demo,2.882324478177,0.662250000000,0.474418948333,0.880299188607
2024-01-04T01:36:00Z,fourier-demo,2.597934680782,0.662400000000,0.475769740610,0.879569868697
2024-01-04T01:37:00Z,fourier-demo,2.294289026913,0.662550000000,0.477119411712,0.878838476040
2024-01-04T01:38:00Z,fourier-demo,1.981525218561,0.662700000000,0.478467958460,0.878105012357
2024-01-04T01:39:00Z,fourier-demo,1.669851393989,0.662850000000,0.479815377676,0.877369479379
2024-01-04T01:40:00Z,fourier-demo,1.369176909579,0.663000000000,0.481161666184,0.876631878838
2024-01-04T01:41:00Z,fourier-demo,1.088758338673,0.663150000000,0.482506820812,0.875892212473
2024-01-04T01:42:00Z,fourier-demo,0.836874330514,0.663300000000,0.483850838389,0.875150482026
2024-01-04T01:43:00Z,fourier-demo,0.620541760834,0.663450000000,0.485193715750,0.874406689245
2024-01-04T01:44:00Z,fourier-demo,0.445283899918,0.663600000000,0.486535449728,0.873660835884
2024-01-04T01:45:00Z,fourier-demo,0.314959194280,0.663750000000,0.487876037163,0.872912923700
2024-01-04T01:46:00Z,fourier-demo,0.231656791463,0.663900000000,0.489215474894,0.872162954455
2024-01-04T01:47:00Z,fourier-demo,0.195662234668,0.664050000000,0.490553759766,0.871410929917
2024-01-04T01:48:00Z,fourier-demo,0.205493925058,0.664200000000,0.491890888625,0.870656851858
2024-01-04T01:49:00Z,fourier-demo,0.258008109569,0.664350000000,0.493226858320,0.869900722055
2024-01-04T01:50:00Z,fourier-demo,0.348567416272,0.664500000000,0.494561665703,0.869142542289
2024-01-04T01:51:00Z,fourier-demo,0.471265438481,0.664650000000,0.495895307627,0.868382314349
2024-01-04T01:52:00Z,fourier-demo,0.619197664559,0.664800000000,0.497227780951,0.867620040024
2024-01-04T01:53:00Z,fourier-demo,0.784767251614,0.664950000000,0.498559082534,0.866855721111
2024-01-04T01:54:00Z,fourier-demo,0.960012819656,0.665100000000,0.499889209239,0.866089359412
2024-01-04T01:55:00Z,fourier-demo,1.136944650718,0.665250000000,0.501218157931,0.865320956732
2024-01-04T01:56:00Z,fourier-demo,1.307875445453,0.665400000000,0.502545925479,0.864550514883
2024-01-04T01:57:00Z,fourier-demo,1.465732125240,0.665550000000,0.503872508754,0.863778035679
2024-01-04T01:58:00Z,fourier-demo,1.604336055266,0.665700000000,0.505197904629,0.863003520942
2024-01-04T01:59:00Z,fourier-demo,1.718640465103,0.665850000000,0.506522109982,0.862226972496
2024-01-04T02:00:00Z,fourier-demo,1.804915698756,0.666000000000,0.507845121691,0.861448392171
2024-01-04T02:01:00Z,fourier-demo,1.860875158234,0.666150000000,0.509166936640,0.860667781803
2024-01-04T02:02:00Z,fourier-demo,1.885737320452,0.666300000000,0.510487551712,0.859885143230
2024-01-04T02:03:00Z,fourier-demo,1.880221902166,0.666450000000,0.511806963796,0.859100478297
2024-01-04T02:04:00Z,fourier-demo,1.846481010008,0.666600000000,0.513125169783,0.858313788853
2024-01-04T02:05:00Z,fourier-demo,1.787968828458,0.666750000000,0.514442166566,0.857525076752
2024-01-04T02:06:00Z,fourier-demo,1.709255955539,0.666900000000,0.515757951042,0.856734343853
2024-01-04T02:07:00Z,fourier-demo,1.615796788932,0.667050000000,0.517072520110,0.855941592018
2024-01-04T02:08:00Z,fourier-demo,1.513660299810,0.667200000000,0.518385870672,0.855146823117
2024-01-04T02:09:00Z,fourier-demo,1.409236028595,0.667350000000,0.519697999633,0.854350039022
2024-01-04T02:10:00Z,fourier-demo,1.308928134936,0.667500000000,0.521008903901,0.853551241611
2024-01-04T02:11:00Z,fourier-demo,1.218850792948,0.667650000000,0.522318580388,0.852750432766
2024-01-04T02:12:00Z,fourier-demo,1.144538124095,0.667800000000,0.523627026005,0.851947614374
2024-01-04T02:13:00Z,fourier-demo,1.090681208748,0.667950000000,0.524934237671,0.851142788327
2024-01-04T02:14:00Z,fourier-demo,1.060903541383,0.668100000000,0.526240212304,0.850335956522
2024-01-04T02:15:00Z,fourier-demo,1.057584642805,0.668250000000,0.527544946828,0.849527120860
2024-01-04T02:16:00Z,fourier-demo,1.081739484924,0.668400000000,0.528848438167,0.848716283247
2024-01-04T02:17:00Z,fourier-demo,1.132959005247,0.668550000000,0.530150683249,0.847903445594
2024-01-04T02:18:00Z,fourier-demo,1.209414388434,0.668700000000,0.531451679007,0.847088609817
2024-01-04T02:19:00Z,fourier-demo,1.307925079404,0.668850000000,0.532751422373,0.846271777835
2024-01-04T02:20:00Z,fourier-demo,1.424087779296,0.669000000000,0.534049910286,0.845452951573
2024-01-04T02:21:00Z,fourier-demo,1.552461075207,0.669150000000,0.535347139684,0.844632132962
2024-01-04T02:22:00Z,fourier-demo,1.686797975376,0.669300000000,0.536643107512,0.843809323935
2024-01-04T02:23:00Z,fourier-demo,1.820316562476,0.669450000000,0.537937810715,0.842984526432
2024-01-04T02:24:00Z,fourier-demo,1.945997325172,0.669600000000,0.539231246241,0.842157742396
2024-01-04T02:25:00Z,fourier-demo,2.056894551185,0.669750000000,0.540523411044,0.841328973775
2024-01-04T02:26:00Z,fourier-demo,2.146448513676,0.669900000000,0.541814302078,0.840498222522
2024-01-04T02:27:00Z,fourier-demo,2.208785084650,0.670050000000,0.543103916301,0.839665490596
2024-01-04T02:28:00Z,fourier-demo,2.238989869590,0.670200000000,0.544392250674,0.838830779959
2024-01-04T02:29:00Z,fourier-demo,2.233344958732,0.670350000000,0.545679302161,0.837994092576
2024-01-04T02:30:00Z,fourier-demo,2.189517891879,0.670500000000,0.546965067729,0.837155430422
2024-01-04T02:31:00Z,fourier-demo,2.106694374700,0.670650000000,0.548249544347,0.836314795471
2024-01-04T02:32:00Z,fourier-demo,1.985648585508,0.670800000000,0.549532728990,0.835472189704
2024-01-04T02:33:00Z,fourier-demo,1.828747478638,0.670950000000,0.550814618633,0.834627615108
2024-01-04T02:34:00Z,fourier-demo,1.639888218151,0.671100000000,0.552095210255,0.833781073672
2024-01-04T02:35:00Z,fourier-demo,1.424370651615,0.671250000000,0.553374500838,0.832932567392
2024-01-04T02:36:00Z,fourier-demo,1.188709443729,0.671400000000,0.554652487369,0.832082098266
2024-01-04T02:37:00Z,fourier-demo,0.940393021593,0.671550000000,0.555929166834,0.831229668300
2024-01-04T02:38:00Z,fourier-demo,0.687598732748,0.671700000000,0.557204536227,0.830375279502
2024-01-04T02:39:00Z,fourier-demo,0.438875490096,0.671850000000,0.558478592540,0.829518933885
2024-01-04T02:40:00Z,fourier-demo,0.202806596500,0.672000000000,0.559751332772,0.828660633468
2024-01-04T02:41:00Z,fourier-demo,-0.012333653727,0.672150000000,0.561022753924,0.827800380273
2024-01-04T02:42:00Z,fourier-demo,-0.198915647666,0.672300000000,0.562292852999,0.826938176327
2024-01-04T02:43:00Z,fourier-demo,-0.350268669813,0.672450000000,0.563561627004,0.826074023662
2024-01-04T02:44:00Z,fourier-demo,-0.460960709792,0.672600000000,0.564829072950,0.825207924314
2024-01-04T02:45:00Z,fourier-demo,-0.527032221969,0.672750000000,0.566095187849,0.824339880325
2024-01-04T02:46:00Z,fourier-demo,-0.546173989001,0.672900000000,0.567359968718,0.823469893740
2024-01-04T02:47:00Z,fourier-demo,-0.517841441659,0.673050000000,0.568623412577,0.822597966609
2024-01-04T02:48:00Z,fourier-demo,-0.443300307732,0.673200000000,0.569885516447,0.821724100988
2024-01-04T02:49:00Z,fourier-demo,-0.325601201624,0.673350000000,0.571146277355,0.820848298934
2024-01-04T02:50:00Z,fourier-demo,-0.169483612843,0.673500000000,0.572405692331,0.819970562513
2024-01-04T02:51:00Z,fourier-demo,0.018787409626,0.673650000000,0.573663758405,0.819090893792
2024-01-04T02:52:00Z,fourier-demo,0.231645864093,0.673800000000,0.574920472613,0.818209294845
2024-01-04T02:53:00Z,fourier-demo,0.460502198522,0.673950000000,0.576175831994,0.817325767749
2024-01-04T02:54:00Z,fourier-demo,0.696062864765,0.674100000000,0.577429833589,0.816440314586
2024-01-04T02:55:00Z,fourier-demo,0.928679654896,0.674250000000,0.578682474444,0.815552937443
2024-01-04T02:56:00Z,fourier-demo,1.148715216574,0.674400000000,0.579933751606,0.814663638410
2024-01-04T02:57:00Z,fourier-demo,1.346910454454,0.674550000000,0.581183662127,0.813772419585
2024-01-04T02:58:00Z,fourier-demo,1.514739406970,0.674700000000,0.582432203061,0.812879283066
2024-01-04T02:59:00Z,fourier-demo,1.644737647737,0.674850000000,0.583679371466,0.811984230959
2024-01-04T03:00:00Z,fourier-demo,1.730791280537,0.675000000000,0.584925164402,0.811087265372
2024-01-04T03:01:00Z,fourier-demo,1.768375135755,0.675150000000,0.586169578935,0.810188388420
2024-01-04T03:02:00Z,fourier-demo,1.754730772478,0.675300000000,0.587412612132,0.809287602221
2024-01-04T03:03:00Z,fourier-demo,1.688977264143,0.675450000000,0.588654261063,0.808384908897
2024-01-04T03:04:00Z,fourier-demo,1.572150400976,0.675600000000,0.589894522803,0.807480310576
2024-01-04T03:05:00Z,fourier-demo,1.407168772596,0.675750000000,0.591133394428,0.806573809389
2024-01-04T03:06:00Z,fourier-demo,1.198728085020,0.675900000000,0.592370873019,0.805665407473
2024-01-04T03:07:00Z,fourier-demo,0.953127901432,0.676050000000,0.593606955660,0.804755106968
2024-01-04T03:08:00Z,fourier-demo,0.678037661226,0.676200000000,0.594841639439,0.803842910020
2024-01-04T03:09:00Z,fourier-demo,0.382211219881,0.676350000000,0.596074921445,0.802928818778
2024-01-04T03:10:00Z,fourier-demo,0.075161167064,0.676500000000,0.597306798772,0.802012835397
2024-01-04T03:11:00Z,fourier-demo,-0.233194258640,0.676650000000,0.598537268517,0.801094962034
2024-01-04T03:12:00Z,fourier-demo,-0.532897795206,0.676800000000,0.599766327782,0.800175200853
2024-01-04T03:13:00Z,fourier-demo,-0.814318972413,0.676950000000,0.600993973668,0.799253554021
2024-01-04T03:14:00Z,fourier-demo,-1.068504855332,0.677100000000,0.602220203284,0.798330023710
2024-01-04T03:15:00Z,fourier-demo,-1.287502114907,0.677250000000,0.603445013739,0.797404612097
2024-01-04T03:16:00Z,fourier-demo,-1.464638028406,0.677400000000,0.604668402147,0.796477321362
2024-01-04T03:17:00Z,fourier-demo,-1.594749710096,0.677550000000,0.605890365626,0.795548153691
2024-01-04T03:18:00Z,fourier-demo,-1.674352993807,0.677700000000,0.607110901296,0.794617111273
2024-01-04T03:19:00Z,fourier-demo,-1.701744847165,0.677850000000,0.608330006280,0.793684196302
2024-01-04T03:20:00Z,fourier-demo,-1.677035891631,0.678000000000,0.609547677705,0.792749410977
2024-01-04T03:21:00Z,fourier-demo,-1.602112423203,0.678150000000,0.610763912703,0.791812757500
2024-01-04T03:22:00Z,fourier-demo,-1.480530160850,0.678300000000,0.611978708407,0.790874238079
2024-01-04T03:23:00Z,fourier-demo,-1.317344678361,0.678450000000,0.613192061953,0.789933854925
2024-01-04T03:24:00Z,fourier-demo,-1.118885989716,0.678600000000,0.614403970484,0.788991610255
2024-01-04T03:25:00Z,fourier-demo,-0.892486956649,0.678750000000,0.615614431143,0.788047506289
2024-01-04T03:26:00Z,fourier-demo,-0.646176981300,0.678900000000,0.616823441077,0.787101545252
2024-01-04T03:27:00Z,fourier-demo,-0.388353764830,0.679050000000,0.618030997437,0.786153729373
2024-01-04T03:28:00Z,fourier-demo,-0.127446702537,0.679200000000,0.619237097379,0.785204060885
2024-01-04T03:29:00Z,fourier-demo,0.128414283230,0.679350000000,0.620441738058,0.784252542027
2024-01-04T03:30:00Z,fourier-demo,0.371711006629,0.679500000000,0.621644916638,0.783299175040
2024-01-04T03:31:00Z,fourier-demo,0.595817798885,0.679650000000,0.622846630281,0.782343962172
2024-01-04T03:32:00Z,fourier-demo,0.795239625067,0.679800000000,0.624046876158,0.781386905673
2024-01-04T03:33:00Z,fourier-demo,0.965798208221,0.679950000000,0.625245651438,0.780428007800
2024-01-04T03:34:00Z,fourier-demo,1.104759059537,0.680100000000,0.626442953297,0.779467270810
2024-01-04T03:35:00Z,fourier-demo,1.210894823410,0.680250000000,0.627638778914,0.778504696969
2024-01-04T03:36:00Z,fourier-demo,1.284483034710,0.680400000000,0.628833125470,0.777540288545
2024-01-04T03:37:00Z,fourier-demo,1.327239140845,0.680550000000,0.630025990152,0.776574047811
2024-01-04T03:38:00Z,fourier-demo,1.342188349176,0.680700000000,0.631217370147,0.775605977043
2024-01-04T03:39:00Z,fourier-demo,1.333482409134,0.680850000000,0.632407262649,0.774636078523
2024-01-04T03:40:00Z,fourier-demo,1.306169722912,0.681000000000,0.633595664853,0.773664354536
2024-01-04T03:41:00Z,fourier-demo,1.265929104635,0.681150000000,0.634782573959,0.772690807373
2024-01-04T03:42:00Z,fourier-demo,1.218778996435,0.681300000000,0.635967987169,0.771715439327
2024-01-04T03:43:00Z,fourier-demo,1.170774939775,0.681450000000,0.637151901692,0.770738252697
2024-01-04T03:44:00Z,fourier-demo,1.127708551439,0.681600000000,0.638334314735,0.769759249786
2024-01-04T03:45:00Z,fourier-demo,1.094821147803,0.681750000000,0.639515223514,0.768778432901
2024-01-04T03:46:00Z,fourier-demo,1.076544503406,0.681900000000,0.640694625244,0.767795804354
2024-01-04T03:47:00Z,fourier-demo,1.076280048293,0.682050000000,0.641872517148,0.766811366459
2024-01-04T03:48:00Z,fourier-demo,1.096226152731,0.682200000000,0.643048896448,0.765825121537
2024-01-04T03:49:00Z,fourier-demo,1.137261086821,0.682350000000,0.644223760373,0.764837071912
2024-01-04T03:50:00Z,fourier-demo,1.198886862171,0.682500000000,0.645397106155,0.763847219912
2024-01-04T03:51:00Z,fourier-demo,1.279236562433,0.682650000000,0.646568931028,0.762855567870
2024-01-04T03:52:00Z,fourier-demo,1.375145057257,0.682800000000,0.647739232230,0.761862118122
2024-01-04T03:53:00Z,fourier-demo,1.482280283185,0.682950000000,0.648908007005,0.760866873011
2024-01-04T03:54:00Z,fourier-demo,1.595329678093,0.683100000000,0.650075252596,0.759869834881
2024-01-04T03:55:00Z,fourier-demo,1.708233981268,0.683250000000,0.651240966255,0.758871006081
2024-01-04T03:56:00Z,fourier-demo,1.814458558337,0.683400000000,0.652405145234,0.757870388966
2024-01-04T03:57:00Z,fourier-demo,1.907290764970,0.683550000000,0.653567786789,0.756867985894
2024-01-04T03:58:00Z,fourier-demo,1.980150694762,0.683700000000,0.654728888181,0.755863799227
2024-01-04T03:59:00Z,fourier-demo,2.026902014531,0.683850000000,0.655888446673,0.754857831330
2024-01-04T04:00:00Z,fourier-demo,2.042149502326,0.684000000000,0.657046459533,0.753850084576
2024-01-04T04:01:00Z,fourier-demo,2.021510374728,0.684150000000,0.658202924032,0.752840561338
2024-01-04T04:02:00Z,fourier-demo,1.961847502434,0.684300000000,0.659357837444,0.751829263996
2024-01-04T04:03:00Z,fourier-demo,1.861454126214,0.684450000000,0.660511197049,0.750816194932
2024-01-04T04:04:00Z,fourier-demo,1.720181637948,0.684600000000,0.661663000128,0.749801356535
2024-01-04T04:05:00Z,fourier-demo,1.539504304072,0.684750000000,0.662813243966,0.748784751195
2024-01-04T04:06:00Z,fourier-demo,1.322517387054,0.684900000000,0.663961925854,0.747766381309
2024-01-04T04:07:00Z,fourier-demo,1.073867858864,0.685050000000,0.665109043084,0.746746249276
2024-01-04T04:08:00Z,fourier-demo,0.799619686427,0.685200000000,0.666254592954,0.745724357500
2024-01-04T04:09:00Z,fourier-demo,0.507058388155,0.685350000000,0.667398572762,0.744700708389
2024-01-04T04:10:00Z,fourier-demo,0.204442100804,0.685500000000,0.668540979815,0.743675304356
2024-01-04T04:11:00Z,fourier-demo,-0.099291347972,0.685650000000,0.669681811419,0.742648147816
2024-01-04T04:12:00Z,fourier-demo,-0.394849987411,0.685800000000,0.670821064886,0.741619241191
2024-01-04T04:13:00Z,fourier-demo,-0.672933075145,0.685950000000,0.671958737531,0.740588586906
2024-01-04T04:14:00Z,fourier-demo,-0.924582588772,0.686100000000,0.673094826674,0.739556187388
2024-01-04T04:15:00Z,fourier-demo,-1.141526781395,0.686250000000,0.674229329638,0.738522045071
2024-01-04T04:16:00Z,fourier-demo,-1.316501963371,0.686400000000,0.675362243748,0.737486162392
2024-01-04T04:17:00Z,fourier-demo,-1.443539454535,0.686550000000,0.676493566334,0.736448541792
2024-01-04T04:18:00Z,fourier-demo,-1.518205966894,0.686700000000,0.677623294732,0.735409185717
2024-01-04T04:19:00Z,fourier-demo,-1.537787475181,0.686850000000,0.678751426279,0.734368096614
2024-01-04T04:20:00Z,fourier-demo,-1.501408840122,0.687000000000,0.679877958315,0.733325276939
2024-01-04T04:21:00Z,fourier-demo,-1.410083978235,0.687150000000,0.681002888187,0.732280729148
2024-01-04T04:22:00Z,fourier-demo,-1.266694120684,0.687300000000,0.682126213243,0.731234455702
2024-01-04T04:23:00Z,fourier-demo,-1.075894561212,0.687450000000,0.683247930837,0.730186459068
2024-01-04T04:24:00Z,fourier-demo,-0.843953144055,0.687600000000,0.684368038325,0.729136741715
2024-01-04T04:25:00Z,fourier-demo,-0.578526471430,0.687750000000,0.685486533067,0.728085306117
2024-01-04T04:26:00Z,fourier-demo,-0.288382306226,0.687900000000,0.686603412428,0.727032154752
2024-01-04T04:27:00Z,fourier-demo,0.016921192512,0.688050000000,0.687718673775,0.725977290100
2024-01-04T04:28:00Z,fourier-demo,0.327387023668,0.688200000000,0.688832314480,0.724920714649
2024-01-04T04:29:00Z,fourier-demo,0.632948062791,0.688350000000,0.689944331920,0.723862430888
2024-01-04T04:30:00Z,fourier-demo,0.923838616929,0.688500000000,0.691054723473,0.722802441311
2024-01-04T04:31:00Z,fourier-demo,1.190954356075,0.688650000000,0.692163486523,0.721740748416
2024-01-04T04:32:00Z,fourier-demo,1.426186609070,0.688800000000,0.693270618457,0.720677354705
2024-01-04T04:33:00Z,fourier-demo,1.622718019802,0.688950000000,0.694376116666,0.719612262683
2024-01-04T04:34:00Z,fourier-demo,1.775268087820,0.689100000000,0.695479978545,0.718545474861
2024-01-04T04:35:00Z,fourier-demo,1.880279104381,0.689250000000,0.696582201493,0.717476993752
2024-01-04T04:36:00Z,fourier-demo,1.936035360571,0.689400000000,0.697682782911,0.716406821875
2024-01-04T04:37:00Z,fourier-demo,1.942711152948,0.689550000000,0.698781720207,0.715334961752
2024-01-04T04:38:00Z,fourier-demo,1.902345937329,0.689700000000,0.699879010791,0.714261415908
2024-01-04T04:39:00Z,fourier-demo,1.818747868925,0.689850000000,0.700974652077,0.713186186873
2024-01-04T04:40:00Z,fourier-demo,1.697329800588,0.690000000000,0.702068641483,0.712109277181
2024-01-04T04:41:00Z,fourier-demo,1.544884476296,0.690150000000,0.703160976431,0.711030689369
2024-01-04T04:42:00Z,fourier-demo,1.369308046912,0.690300000000,0.704251654346,0.709950425981
2024-01-04T04:43:00Z,fourier-demo,1.179283053769,0.690450000000,0.705340672660,0.708868489560
2024-01-04T04:44:00Z,fourier-demo,0.983933591827,0.690600000000,0.706428028805,0.707784882658
2024-01-04T04:45:00Z,fourier-demo,0.792466415726,0.690750000000,0.707513720219,0.706699607827
2024-01-04T04:46:00Z,fourier-demo,0.613812247550,0.690900000000,0.708597744343,0.705612667625
2024-01-04T04:47:00Z,fourier-demo,0.456281465671,0.691050000000,0.709680098623,0.704524064613
2024-01-04T04:48:00Z,fourier-demo,0.327247704315,0.691200000000,0.710760780508,0.703433801357
2024-01-04T04:49:00Z,fourier-demo,0.232871701136,0.691350000000,0.711839787452,0.702341880426
2024-01-04T04:50:00Z,fourier-demo,0.177876044827,0.691500000000,0.712917116912,0.701248304393
2024-01-04T04:51:00Z,fourier-demo,0.165379366412,0.691650000000,0.713992766349,0.700153075835
2024-01-04T04:52:00Z,fourier-demo,0.196796072945,0.691800000000,0.715066733228,0.699056197333
2024-01-04T04:53:00Z,fourier-demo,0.271805041413,0.691950000000,0.716139015019,0.697957671473
2024-01-04T04:54:00Z,fourier-demo,0.388387883161,0.692100000000,0.717209609194,0.696857500842
2024-01-04T04:55:00Z,fourier-demo,0.542934569993,0.692250000000,0.718278513231,0.695755688033
2024-01-04T04:56:00Z,fourier-demo,0.730411496980,0.692400000000,0.719345724610,0.694652235644
2024-01-04T04:57:00Z,fourier-demo,0.944584554374,0.692550000000,0.720411240818,0.693547146273
2024-01-04T04:58:00Z,fourier-demo,1.178287593443,0.692700000000,0.721475059342,0.692440422526
2024-01-04T04:59:00Z,fourier-demo,1.423724886701,0.692850000000,0.722537177676,0.691332067010
2024-01-04T05:00:00Z,fourier-demo,1.672794873730,0.693000000000,0.723597593317,0.690222082337
2024-01-04T05:01:00Z,fourier-demo,1.917421701585,0.693150000000,0.724656303766,0.689110471124
2024-01-04T05:02:00Z,fourier-demo,2.149880843973,0.693300000000,0.725713306528,0.687997235989
2024-01-04T05:03:00Z,fourier-demo,2.363105423510,0.693450000000,0.726768599112,0.686882379556
2024-01-04T05:04:00Z,fourier-demo,2.550960750600,0.693600000000,0.727822179032,0.685765904452
2024-01-04T05:05:00Z,fourier-demo,2.708475992587,0.693750000000,0.728874043805,0.684647813308
2024-01-04T05:06:00Z,fourier-demo,2.832023738644,0.693900000000,0.729924190951,0.683528108760
2024-01-04T05:07:00Z,fourier-demo,2.919440451758,0.694050000000,0.730972617996,0.682406793445
2024-01-04T05:08:00Z,fourier-demo,2.970083306230,0.694200000000,0.732019322470,0.681283870006
2024-01-04T05:09:00Z,fourier-demo,2.984821593095,0.694350000000,0.733064301906,0.680159341090
2024-01-04T05:10:00Z,fourier-demo,2.965963625354,0.694500000000,0.734107553841,0.679033209345
2024-01-04T05:11:00Z,fourier-demo,2.917122775970,0.694650000000,0.735149075817,0.677905477427
2024-01-04T05:12:00Z,fourier-demo,2.843028822446,0.694800000000,0.736188865379,0.676776147993
2024-01-04T05:13:00Z,fourier-demo,2.749293047537,0.694950000000,0.737226920077,0.675645223704
2024-01-04T05:14:00Z,fourier-demo,2.642137462260,0.695100000000,0.738263237465,0.674512707224
2024-01-04T05:15:00Z,fourier-demo,2.528099995892,0.695250000000,0.739297815101,0.673378601224
2024-01-04T05:16:00Z,fourier-demo,2.413728477375,0.695400000000,0.740330650547,0.672242908375
2024-01-04T05:17:00Z,fourier-demo,2.305276673231,0.695550000000,0.741361741368,0.671105631354
2024-01-04T05:18:00Z,fourier-demo,2.208415530994,0.695700000000,0.742391085136,0.669966772841
2024-01-04T05:19:00Z,fourier-demo,2.127972109601,0.695850000000,0.743418679424,0.668826335519
2024-01-04T05:20:00Z,fourier-demo,2.067707487014,0.696000000000,0.744444521810,0.667684322077
2024-01-04T05:21:00Z,fourier-demo,2.030143270584,0.696150000000,0.745468609878,0.666540735204
2024-01-04T05:22:00Z,fourier-demo,2.016444266324,0.696300000000,0.746490941214,0.665395577597
2024-01-04T05:23:00Z,fourier-demo,2.026362475713,0.696450000000,0.747511513408,0.664248851954
2024-01-04T05:24:00Z,fourier-demo,2.058244981961,0.696600000000,0.748530324056,0.663100560977
2024-01-04T05:25:00Z,fourier-demo,2.109105570344,0.696750000000,0.749547370758,0.661950707372
2024-01-04T05:26:00Z,fourier-demo,2.174757212256,0.696900000000,0.750562651115,0.660799293849
2024-01-04T05:27:00Z,fourier-demo,2.249999943011,0.697050000000,0.751576162736,0.659646323121
2024-01-04T05:28:00Z,fourier-demo,2.328856287585,0.697200000000,0.752587903232,0.658491797906
2024-01-04T05:29:00Z,fourier-demo,2.404844335464,0.697350000000,0.753597870219,0.657335720923
2024-01-04T05:30:00Z,fourier-demo,2.471276921677,0.697500000000,0.754606061317,0.656178094898
2024-01-04T05:31:00Z,fourier-demo,2.521574204932,0.697650000000,0.755612474150,0.655018922558
2024-01-04T05:32:00Z,fourier-demo,2.549576295160,0.697800000000,0.756617106347,0.653858206634
2024-01-04T05:33:00Z,fourier-demo,2.549842499408,0.697950000000,0.757619955540,0.652695949863
2024-01-04T05:34:00Z,fourier-demo,2.517924231851,0.698100000000,0.758621019365,0.651532154984
2024-01-04T05:35:00Z,fourier-demo,2.450599652429,0.698250000000,0.759620295464,0.650366824737
2024-01-04T05:36:00Z,fourier-demo,2.346059618796,0.698400000000,0.760617781482,0.649199961871
2024-01-04T05:37:00Z,fourier-demo,2.204036496342,0.698550000000,0.761613475068,0.648031569134
2024-01-04T05:38:00Z,fourier-demo,2.025869691619,0.698700000000,0.762607373876,0.646861649280
2024-01-04T05:39:00Z,fourier-demo,1.814504360834,0.698850000000,0.763599475564,0.645690205066
2024-01-04T05:40:00Z,fourier-demo,1.574422491477,0.699000000000,0.764589777793,0.644517239253
2024-01-04T05:41:00Z,fourier-demo,1.311508349045,0.699150000000,0.765578278231,0.643342754604
2024-01-04T05:42:00Z,fourier-demo,1.032853007522,0.699300000000,0.766564974547,0.642166753888
2024-01-04T05:43:00Z,fourier-demo,0.746505229399,0.699450000000,0.767549864416,0.640989239875
2024-01-04T05:44:00Z,fourier-demo,0.461178223552,0.699600000000,0.768532945518,0.639810215341
2024-01-04T05:45:00Z,fourier-demo,0.185923693426,0.699750000000,0.769514215535,0.638629683063
2024-01-04T05:46:00Z,fourier-demo,-0.070213984713,0.699900000000,0.770493672156,0.637447645825
2024-01-04T05:47:00Z,fourier-demo,-0.298549703071,0.700050000000,0.771471313072,0.636264106411
2024-01-04T05:48:00Z,fourier-demo,-0.491101577866,0.700200000000,0.772447135979,0.635079067611
2024-01-04T05:49:00Z,fourier-demo,-0.640913030841,0.700350000000,0.773421138579,0.633892532217
2024-01-04T05:50:00Z,fourier-demo,-0.742339890443,0.700500000000,0.774393318574,0.632704503025
2024-01-04T05:51:00Z,fourier-demo,-0.791290723248,0.700650000000,0.775363673675,0.631514982835
2024-01-04T05:52:00Z,fourier-demo,-0.785410406026,0.700800000000,0.776332201595,0.630323974450
2024-01-04T05:53:00Z,fourier-demo,-0.724199159900,0.700950000000,0.777298900052,0.629131480676
2024-01-04T05:54:00Z,fourier-demo,-0.609061801752,0.701100000000,0.778263766767,0.627937504325
2024-01-04T05:55:00Z,fourier-demo,-0.443284722546,0.701250000000,0.779226799466,0.626742048209
2024-01-04T05:56:00Z,fourier-demo,-0.231940966532,0.701400000000,0.780187995881,0.625545115146
2024-01-04T05:57:00Z,fourier-demo,0.018273356291,0.701550000000,0.781147353746,0.624346707957
2024-01-04T05:58:00Z,fourier-demo,0.299265354992,0.701700000000,0.782104870800,0.623146829464
2024-01-04T05:59:00Z,fourier-demo,0.601825865548,0.701850000000,0.783060544787,0.621945482497
2024-01-04T06:00:00Z,fourier-demo,0.915953536206,0.702000000000,0.784014373454,0.620742669886
2024-01-04T06:01:00Z,fourier-demo,1.231210095435,0.702150000000,0.784966354555,0.619538394465
2024-01-04T06:02:00Z,fourier-demo,1.537093150787,0.702300000000,0.785916485845,0.618332659073
2024-01-04T06:03:00Z,fourier-demo,1.823412154124,0.702450000000,0.786864765086,0.617125466551
2024-01-04T06:04:00Z,fourier-demo,2.080653028774,0.702600000000,0.787811190043,0.615916819743
2024-01-04T06:05:00Z,fourier-demo,2.300317393149,0.702750000000,0.788755758486,0.614706721498
2024-01-04T06:06:00Z,fourier-demo,2.475223315703,0.702900000000,0.789698468188,0.613495174668
2024-01-04T06:07:00Z,fourier-demo,2.599756057527,0.703050000000,0.790639316929,0.612282182107
2024-01-04T06:08:00Z,fourier-demo,2.670059240045,0.703200000000,0.791578302491,0.611067746675
2024-01-04T06:09:00Z,fourier-demo,2.684159236230,0.703350000000,0.792515422661,0.609851871232
2024-01-04T06:10:00Z,fourier-demo,2.642018229206,0.703500000000,0.793450675230,0.608634558644
2024-01-04T06:11:00Z,fourier-demo,2.545514205245,0.703650000000,0.794384057996,0.607415811781
2024-01-04T06:12:00Z,fourier-demo,2.398349035171,0.703800000000,0.795315568758,0.606195633513
2024-01-04T06:13:00Z,fourier-demo,2.205888632567,0.703950000000,0.796245205322,0.604974026717
2024-01-04T06:14:00Z,fourier-demo,1.974941844954,0.704100000000,0.797172965496,0.603750994271
2024-01-04T06:15:00Z,fourier-demo,1.713487127772,0.704250000000,0.798098847094,0.602526539057
2024-01-04T06:16:00Z,fourier-demo,1.430358074811,0.704400000000,0.799022847934,0.601300663960
2024-01-04T06:17:00Z,fourier-demo,1.134900451540,0.704550000000,0.799944965840,0.600073371870
2024-01-04T06:18:00Z,fourier-demo,0.836614437306,0.704700000000,0.800865198637,0.598844665679
2024-01-04T06:19:00Z,fourier-demo,0.544796286916,0.704850000000,0.801783544157,0.597614548282
2024-01-04T06:20:00Z,fourier-demo,0.268193552862,0.705000000000,0.802700000237,0.596383022579
2024-01-04T06:21:00Z,fourier-demo,0.014687370738,0.705150000000,0.803614564716,0.595150091470
2024-01-04T06:22:00Z,fourier-demo,-0.208985870238,0.705300000000,0.804527235439,0.593915757862
2024-01-04T06:23:00Z,fourier-demo,-0.397462822565,0.705450000000,0.805438010256,0.592680024663
2024-01-04T06:24:00Z,fourier-demo,-0.546922888479,0.705600000000,0.806346887020,0.591442894786
2024-01-04T06:25:00Z,fourier-demo,-0.655193219514,0.705750000000,0.807253863589,0.590204371146
2024-01-04T06:26:00Z,fourier-demo,-0.721785554773,0.705900000000,0.808158937827,0.588964456661
2024-01-04T06:27:00Z,fourier-demo,-0.747864240092,0.706050000000,0.809062107600,0.587723154254
2024-01-04T06:28:00Z,fourier-demo,-0.736147577508,0.706200000000,0.809963370779,0.586480466849
2024-01-04T06:29:00Z,fourier-demo,-0.690747359368,0.706350000000,0.810862725242,0.585236397376
2024-01-04T06:30:00Z,fourier-demo,-0.616953933626,0.706500000000,0.811760168868,0.583990948765
2024-01-04T06:31:00Z,fourier-demo,-0.520976325208,0.706650000000,0.812655699543,0.582744123951
2024-01-04T06:32:00Z,fourier-demo,-0.409648714585,0.706800000000,0.813549315157,0.581495925874
2024-01-04T06:33:00Z,fourier-demo,-0.290115877221,0.706950000000,0.814441013603,0.580246357474
2024-01-04T06:34:00Z,fourier-demo,-0.169510964612,0.707100000000,0.815330792780,0.578995421696
2024-01-04T06:35:00Z,fourier-demo,-0.054639228748,0.707250000000,0.816218650592,0.577743121488
2024-01-04T06:36:00Z,fourier-demo,0.048319050227,0.707400000000,0.817104584945,0.576489459801
2024-01-04T06:37:00Z,fourier-demo,0.134074062911,0.707550000000,0.817988593754,0.575234439589
2024-01-04T06:38:00Z,fourier-demo,0.198449424466,0.707700000000,0.818870674933,0.573978063810
2024-01-04T06:39:00Z,fourier-demo,0.238553460429,0.707850000000,0.819750826405,0.572720335424
2024-01-04T06:40:00Z,fourier-demo,0.252891922565,0.708000000000,0.820629046095,0.571461257396
2024-01-04T06:41:00Z,fourier-demo,0.241417733486,0.708150000000,0.821505331934,0.570200832693
2024-01-04T06:42:00Z,fourier-demo,0.205516034708,0.708300000000,0.822379681857,0.568939064284
2024-01-04T06:43:00Z,fourier-demo,0.147925553001,0.708450000000,0.823252093803,0.567675955144
2024-01-04T06:44:00Z,fourier-demo,0.072599990247,0.708600000000,0.824122565717,0.566411508248
2024-01-04T06:45:00Z,fourier-demo,-0.015484328764,0.708750000000,0.824991095547,0.565145726577
2024-01-04T06:46:00Z,fourier-demo,-0.110566053127,0.708900000000,0.825857681247,0.563878613113
2024-01-04T06:47:00Z,fourier-demo,-0.206371246505,0.709050000000,0.826722320773,0.562610170842
2024-01-04T06:48:00Z,fourier-demo,-0.296408806261,0.709200000000,0.827585012090,0.561340402754
2024-01-04T06:49:00Z,fourier-demo,-0.374276030174,0.709350000000,0.828445753163,0.560069311841
2024-01-04T06:50:00Z,fourier-demo,-0.433961073369,0.709500000000,0.829304541965,0.558796901098
2024-01-04T06:51:00Z,fourier-demo,-0.470129168312,0.709650000000,0.830161376471,0.557523173523
2024-01-04T06:52:00Z,fourier-demo,-0.478380162103,0.709800000000,0.831016254663,0.556248132119
2024-01-04T06:53:00Z,fourier-demo,-0.455466129581,0.709950000000,0.831869174525,0.554971779890
2024-01-04T06:54:00Z,fourier-demo,-0.399459497999,0.710100000000,0.832720134049,0.553694119844
2024-01-04T06:55:00Z,fourier-demo,-0.309864199762,0.710250000000,0.833569131228,0.552415154991
2024-01-04T06:56:00Z,fourier-demo,-0.187664767633,0.710400000000,0.834416164062,0.551134888346
2024-01-04T06:57:00Z,fourier-demo,-0.035310902458,0.710550000000,0.835261230555,0.549853322925
2024-01-04T06:58:00Z,fourier-demo,0.143362231554,0.710700000000,0.836104328715,0.548570461749
2024-01-04T06:59:00Z,fourier-demo,0.343275007990,0.710850000000,0.836945456556,0.547286307841
2024-01-04T07:00:00Z,fourier-demo,0.558300055752,0.711000000000,0.837784612096,0.546000864226
2024-01-04T07:01:00Z,fourier-demo,0.781506734217,0.711150000000,0.838621793356,0.544714133935
2024-01-04T07:02:00Z,fourier-demo,1.005443353258,0.711300000000,0.839456998364,0.543426119999
2024-01-04T07:03:00Z,fourier-demo,1.222445481873,0.711450000000,0.840290225152,0.542136825454
2024-01-04T07:04:00Z,fourier-demo,1.424957525296,0.711600000000,0.841121471757,0.540846253338
2024-01-04T07:05:00Z,fourier-demo,1.605854115806,0.711750000000,0.841950736219,0.539554406692
2024-01-04T07:06:00Z,fourier-demo,1.758747784513,0.711900000000,0.842778016584,0.538261288560
2024-01-04T07:07:00Z,fourier-demo,1.878269865124,0.712050000000,0.843603310903,0.536966901990
2024-01-04T07:08:00Z,fourier-demo,1.960312607660,0.712200000000,0.844426617231,0.535671250033
2024-01-04T07:09:00Z,fourier-demo,2.002222009548,0.712350000000,0.845247933628,0.534374335740
2024-01-04T07:10:00Z,fourier-demo,2.002932841997,0.712500000000,0.846067258158,0.533076162170
2024-01-04T07:11:00Z,fourier-demo,1.963039681224,0.712650000000,0.846884588890,0.531776732380
2024-01-04T07:12:00Z,fourier-demo,1.884800352199,0.712800000000,0.847699923899,0.530476049433
2024-01-04T07:13:00Z,fourier-demo,1.772070951140,0.712950000000,0.848513261263,0.529174116394
2024-01-04T07:14:00Z,fourier-demo,1.630174419247,0.713100000000,0.849324599065,0.527870936331
2024-01-04T07:15:00Z,fourier-demo,1.465707379235,0.713250000000,0.850133935393,0.526566512316
2024-01-04T07:16:00Z,fourier-demo,1.286292505479,0.713400000000,0.850941268341,0.525260847421
2024-01-04T07:17:00Z,fourier-demo,1.100285972912,0.713550000000,0.851746596006,0.523953944725
2024-01-04T07:18:00Z,fourier-demo,0.916451425049,0.713700000000,0.852549916489,0.522645807306
2024-01-04T07:19:00Z,fourier-demo,0.743613339272,0.713850000000,0.853351227898,0.521336438248
2024-01-04T07:20:00Z,fourier-demo,0.590303587534,0.714000000000,0.854150528344,0.520025840636
2024-01-04T07:21:00Z,fourier-demo,0.464415353961,0.714150000000,0.854947815945,0.518714017558
2024-01-04T07:22:00Z,fourier-demo,0.372878361010,0.714300000000,0.855743088820,0.517400972106
2024-01-04T07:23:00Z,fourier-demo,0.321368579721,0.714450000000,0.856536345096,0.516086707375
2024-01-04T07:24:00Z,fourier-demo,0.314064287289,0.714600000000,0.857327582904,0.514771226460
2024-01-04T07:25:00Z,fourier-demo,0.353458538442,0.714750000000,0.858116800379,0.513454532463
2024-01-04T07:26:00Z,fourier-demo,0.440235907764,0.714900000000,0.858903995661,0.512136628486
2024-01-04T07:27:00Z,fourier-demo,0.573218826562,0.715050000000,0.859689166896,0.510817517635
2024-01-04T07:28:00Z,fourier-demo,0.749386082260,0.715200000000,0.860472312232,0.509497203018
2024-01-04T07:29:00Z,fourier-demo,0.963963181446,0.715350000000,0.861253429824,0.508175687747
2024-01-04T07:30:00Z,fourier-demo,1.210581415431,0.715500000000,0.862032517832,0.506852974935
2024-01-04T07:31:00Z,fourier-demo,1.481499725215,0.715650000000,0.862809574419,0.505529067701
2024-01-04T07:32:00Z,fourier-demo,1.767880951791,0.715800000000,0.863584597755,0.504203969164
2024-01-04T07:33:00Z,fourier-demo,2.060111879614,0.715950000000,0.864357586013,0.502877682446
2024-01-04T07:34:00Z,fourier-demo,2.348154723846,0.716100000000,0.865128537371,0.501550210673
2024-01-04T07:35:00Z,fourier-demo,2.621916446931,0.716250000000,0.865897450013,0.500221556973
2024-01-04T07:36:00Z,fourier-demo,2.871621568436,0.716400000000,0.866664322127,0.498891724478
2024-01-04T07:37:00Z,fourier-demo,3.088173983204,0.716550000000,0.867429151905,0.497560716320
2024-01-04T07:38:00Z,fourier-demo,3.263493732770,0.716700000000,0.868191937546,0.496228535637
2024-01-04T07:39:00Z,fourier-demo,3.390815666401,0.716850000000,0.868952677251,0.494895185568
2024-01-04T07:40:00Z,fourier-demo,3.464938440893,0.717000000000,0.869711369228,0.493560669256
2024-01-04T07:41:00Z,fourier-demo,3.482414281240,0.717150000000,0.870468011689,0.492224989844
2024-01-04T07:42:00Z,fourier-demo,3.441672277719,0.717300000000,0.871222602851,0.490888150480
2024-01-04T07:43:00Z,fourier-demo,3.343070633560,0.717450000000,0.871975140935,0.489550154316
2024-01-04T07:44:00Z,fourier-demo,3.188876094670,0.717600000000,0.872725624169,0.488211004504
2024-01-04T07:45:00Z,fourier-demo,2.983171674973,0.717750000000,0.873474050784,0.486870704199
2024-01-04T07:46:00Z,fourier-demo,2.731696621581,0.717900000000,0.874220419016,0.485529256560
2024-01-04T07:47:00Z,fourier-demo,2.441625229099,0.718050000000,0.874964727106,0.484186664749
2024-01-04T07:48:00Z,fourier-demo,2.121293504718,0.718200000000,0.875706973300,0.482842931928
2024-01-04T07:49:00Z,fourier-demo,1.779884709290,0.718350000000,0.876447155850,0.481498061266
2024-01-04T07:50:00Z,fourier-demo,1.427086373502,0.718500000000,0.877185273010,0.480152055931
2024-01-04T07:51:00Z,fourier-demo,1.072732449963,0.718650000000,0.877921323042,0.478804919094
2024-01-04T07:52:00Z,fourier-demo,0.726444769962,0.718800000000,0.878655304210,0.477456653932
2024-01-04T07:53:00Z,fourier-demo,0.397287908820,0.718950000000,0.879387214786,0.476107263620
2024-01-04T07:54:00Z,fourier-demo,0.093450930402,0.719100000000,0.880117053044,0.474756751338
2024-01-04T07:55:00Z,fourier-demo,-0.178031692968,0.719250000000,0.880844817265,0.473405120270
2024-01-04T07:56:00Z,fourier-demo,-0.411509354983,0.719400000000,0.881570505733,0.472052373601
2024-01-04T07:57:00Z,fourier-demo,-0.602886242283,0.719550000000,0.882294116738,0.470698514517
2024-01-04T07:58:00Z,fourier-demo,-0.749727796068,0.719700000000,0.883015648576,0.469343546211
2024-01-04T07:59:00Z,fourier-demo,-0.851299250813,0.719850000000,0.883735099546,0.467987471874
2024-01-04T08:00:00Z,fourier-demo,-0.908535579278,0.720000000000,0.884452467952,0.466630294702
2024-01-04T08:01:00Z,fourier-demo,-0.923944972202,0.720150000000,0.885167752104,0.465272017894
2024-01-04T08:02:00Z,fourier-demo,-0.901450678189,0.720300000000,0.885880950316,0.463912644651
2024-01-04T08:03:00Z,fourier-demo,-0.846178514187,0.720450000000,0.886592060908,0.462552178175
2024-01-04T08:04:00Z,fourier-demo,-0.764199528611,0.720600000000,0.887301082204,0.461190621674
2024-01-04T08:05:00Z,fourier-demo,-0.662239069503,0.720750000000,0.888008012533,0.459827978355
2024-01-04T08:06:00Z,fourier-demo,-0.547364807642,0.720900000000,0.888712850229,0.458464251429
2024-01-04T08:07:00Z,fourier-demo,-0.426667037618,0.721050000000,0.889415593631,0.457099444111
2024-01-04T08:08:00Z,fourier-demo,-0.306944798165,0.721200000000,0.890116241083,0.455733559616
2024-01-04T08:09:00Z,fourier-demo,-0.194411009369,0.721350000000,0.890814790934,0.454366601164
2024-01-04T08:10:00Z,fourier-demo,-0.094428934544,0.721500000000,0.891511241538,0.452998571975
2024-01-04T08:11:00Z,fourier-demo,-0.011290876871,0.721650000000,0.892205591253,0.451629475274
2024-01-04T08:12:00Z,fourier-demo,0.051951825458,0.721800000000,0.892897838444,0.450259314286
2024-01-04T08:13:00Z,fourier-demo,0.093600659281,0.721950000000,0.893587981479,0.448888092241
2024-01-04T08:14:00Z,fourier-demo,0.113359301169,0.722100000000,0.894276018732,0.447515812371
2024-01-04T08:15:00Z,fourier-demo,0.112318806236,0.722250000000,0.894961948580,0.446142477907
2024-01-04T08:16:00Z,fourier-demo,0.092879673448,0.722400000000,0.895645769409,0.444768092089
2024-01-04T08:17:00Z,fourier-demo,0.058614522151,0.722550000000,0.896327479606,0.443392658152
2024-01-04T08:18:00Z,fourier-demo,0.014077634667,0.722700000000,0.897007077565,0.442016179341
2024-01-04T08:19:00Z,fourier-demo,-0.035430126802,0.722850000000,0.897684561684,0.440638658897
2024-01-04T08:20:00Z,fourier-demo,-0.084130627729,0.723000000000,0.898359930367,0.439260100067
2024-01-04T08:21:00Z,fourier-demo,-0.126060138003,0.723150000000,0.899033182022,0.437880506100
2024-01-04T08:22:00Z,fourier-demo,-0.155370567839,0.723300000000,0.899704315064,0.436499880247
2024-01-04T08:23:00Z,fourier-demo,-0.166627037219,0.723450000000,0.900373327909,0.435118225762
2024-01-04T08:24:00Z,fourier-demo,-0.155088693959,0.723600000000,0.901040218982,0.433735545899
2024-01-04T08:25:00Z,fourier-demo,-0.116960387111,0.723750000000,0.901704986711,0.432351843919
2024-01-04T08:26:00Z,fourier-demo,-0.049604016210,0.723900000000,0.902367629530,0.430967123081
2024-01-04T08:27:00Z,fourier-demo,0.048299936989,0.724050000000,0.903028145877,0.429581386648
2024-01-04T08:28:00Z,fourier-demo,0.176648099097,0.724200000000,0.903686534195,0.428194637887
2024-01-04T08:29:00Z,fourier-demo,0.333872118095,0.724350000000,0.904342792933,0.426806880064
2024-01-04T08:30:00Z,fourier-demo,0.516961177674,0.724500000000,0.904996920545,0.425418116451
2024-01-04T08:31:00Z,fourier-demo,0.721548762672,0.724650000000,0.905648915488,0.424028350320
2024-01-04T08:32:00Z,fourier-demo,0.942060601669,0.724800000000,0.906298776227,0.422637584947
2024-01-04T08:33:00Z,fourier-demo,1.171918107523,0.724950000000,0.906946501230,0.421245823607
2024-01-04T08:34:00Z,fourier-demo,1.403789258383,0.725100000000,0.907592088971,0.419853069582
2024-01-04T08:35:00Z,fourier-demo,1.629876809583,0.725250000000,0.908235537928,0.418459326154
2024-01-04T08:36:00Z,fourier-demo,1.842232086939,0.725400000000,0.908876846585,0.417064596606
2024-01-04T08:37:00Z,fourier-demo,2.033081453180,0.725550000000,0.909516013430,0.415668884226
2024-01-04T08:38:00Z,fourier-demo,2.195151911182,0.725700000000,0.910153036959,0.414272192302
2024-01-04T08:39:00Z,fourier-demo,2.321982237755,0.725850000000,0.910787915668,0.412874524127
2024-01-04T08:40:00Z,fourier-demo,2.408206534735,0.726000000000,0.911420648063,0.411475882993
2024-01-04T08:41:00Z,fourier-demo,2.449798121560,0.726150000000,0.912051232652,0.410076272196
2024-01-04T08:42:00Z,fourier-demo,2.444263234430,0.726300000000,0.912679667949,0.408675695036
2024-01-04T08:43:00Z,fourier-demo,2.390775979901,0.726450000000,0.913305952473,0.407274154812
2024-01-04T08:44:00Z,fourier-demo,2.290248335388,0.726600000000,0.913930084748,0.405871654827
2024-01-04T08:45:00Z,fourier-demo,2.145331600479,0.726750000000,0.914552063304,0.404468198386
2024-01-04T08:46:00Z,fourier-demo,1.960348475166,0.726900000000,0.915171886675,0.403063788797
2024-01-04T08:47:00Z,fourier-demo,1.741157760962,0.727050000000,0.915789553400,0.401658429369
2024-01-04T08:48:00Z,fourier-demo,1.494956433333,0.727200000000,0.916405062024,0.400252123414
2024-01-04T08:49:00Z,fourier-demo,1.230026406183,0.727350000000,0.917018411095,0.398844874246
2024-01-04T08:50:00Z,fourier-demo,0.955435595765,0.727500000000,0.917629599170,0.397436685181
2024-01-04T08:51:00Z,fourier-demo,0.680704798237,0.727650000000,0.918238624807,0.396027559538
2024-01-04T08:52:00Z,fourier-demo,0.415453343318,0.727800000000,0.918845486571,0.394617500637
2024-01-04T08:53:00Z,fourier-demo,0.169037415915,0.727950000000,0.919450183032,0.393206511801
2024-01-04T08:54:00Z,fourier-demo,-0.049804691100,0.728100000000,0.920052712765,0.391794596355
2024-01-04T08:55:00Z,fourier-demo,-0.233286333059,0.728250000000,0.920653074351,0.390381757627
2024-01-04T08:56:00Z,fourier-demo,-0.374871989861,0.728400000000,0.921251266374,0.388967998946
2024-01-04T08:57:00Z,fourier-demo,-0.469530482790,0.728550000000,0.921847287425,0.387553323644
2024-01-04T08:58:00Z,fourier-demo,-0.513931747217,0.728700000000,0.922441136099,0.386137735053
2024-01-04T08:59:00Z,fourier-demo,-0.506579186104,0.728850000000,0.923032810997,0.384721236511
2024-01-04T09:00:00Z,fourier-demo,-0.447872164656,0.729000000000,0.923622310725,0.383303831355
2024-01-04T09:01:00Z,fourier-demo,-0.340095965750,0.729150000000,0.924209633893,0.381885522925
2024-01-04T09:02:00Z,fourier-demo,-0.187339397847,0.729300000000,0.924794779117,0.380466314565
2024-01-04T09:03:00Z,fourier-demo,0.004656883788,0.729450000000,0.925377745018,0.379046209617
2024-01-04T09:04:00Z,fourier-demo,0.228715531406,0.729600000000,0.925958530223,0.377625211429
2024-01-04T09:05:00Z,fourier-demo,0.476492802952,0.729750000000,0.926537133363,0.376203323349
2024-01-04T09:06:00Z,fourier-demo,0.738793483450,0.729900000000,0.927113553075,0.374780548728
2024-01-04T09:07:00Z,fourier-demo,1.005918139914,0.730050000000,0.927687787999,0.373356890920
2024-01-04T09:08:00Z,fourier-demo,1.268029142428,0.730200000000,0.928259836784,0.371932353278
2024-01-04T09:09:00Z,fourier-demo,1.515521149158,0.730350000000,0.928829698080,0.370506939159
2024-01-04T09:10:00Z,fourier-demo,1.739381590524,0.730500000000,0.929397370545,0.369080651924
2024-01-04T09:11:00Z,fourier-demo,1.931527103843,0.730650000000,0.929962852841,0.367653494933
2024-01-04T09:12:00Z,fourier-demo,2.085102847342,0.730800000000,0.930526143635,0.366225471549
2024-01-04T09:13:00Z,fourier-demo,2.194733121672,0.730950000000,0.931087241601,0.364796585137
2024-01-04T09:14:00Z,fourier-demo,2.256713686963,0.731100000000,0.931646145416,0.363366839065
2024-01-04T09:15:00Z,fourier-demo,2.269138504426,0.731250000000,0.932202853762,0.361936236702
2024-01-04T09:16:00Z,fourier-demo,2.231956258585,0.731400000000,0.932757365328,0.360504781418
2024-01-04T09:17:00Z,fourier-demo,2.146954822986,0.731550000000,0.933309678808,0.359072476589
2024-01-04T09:18:00Z,fourier-demo,2.017674704929,0.731700000000,0.933859792899,0.357639325588
2024-01-04T09:19:00Z,fourier-demo,1.849255327411,0.731850000000,0.934407706305,0.356205331793
2024-01-04T09:20:00Z,fourier-demo,1.648220664939,0.732000000000,0.934953417736,0.354770498583
2024-01-04T09:21:00Z,fourier-demo,1.422213137120,0.732150000000,0.935496925904,0.353334829340
2024-01-04T09:22:00Z,fourier-demo,1.179686683993,0.732300000000,0.936038229529,0.351898327446
2024-01-04T09:23:00Z,fourier-demo,0.929571519064,0.732450000000,0.936577327337,0.350460996288
2024-01-04T09:24:00Z,fourier-demo,0.680924117465,0.732600000000,0.937114218055,0.349022839251
2024-01-04T09:25:00Z,fourier-demo,0.442576505901,0.732750000000,0.937648900420,0.347583859726
2024-01-04T09:26:00Z,fourier-demo,0.222798859111,0.732900000000,0.938181373170,0.346144061103
2024-01-04T09:27:00Z,fourier-demo,0.028988778594,0.733050000000,0.938711635052,0.344703446775
2024-01-04T09:28:00Z,fourier-demo,-0.132600539279,0.733200000000,0.939239684815,0.343262020137
2024-01-04T09:29:00Z,fourier-demo,-0.257082697603,0.733350000000,0.939765521216,0.341819784586
2024-01-04T09:30:00Z,fourier-demo,-0.341102587741,0.733500000000,0.940289143014,0.340376743520
2024-01-04T09:31:00Z,fourier-demo,-0.382936919682,0.733650000000,0.940810548977,0.338932900341
2024-01-04T09:32:00Z,fourier-demo,-0.382527391280,0.733800000000,0.941329737875,0.337488258450
2024-01-04T09:33:00Z,fourier-demo,-0.341445870055,0.733950000000,0.941846708485,0.336042821252
2024-01-04T09:34:00Z,fourier-demo,-0.262793749434,0.734100000000,0.942361459589,0.334596592153
2024-01-04T09:35:00Z,fourier-demo,-0.151040327339,0.734250000000,0.942873989974,0.333149574562
2024-01-04T09:36:00Z,fourier-demo,-0.011807528720,0.734400000000,0.943384298431,0.331701771888
2024-01-04T09:37:00Z,fourier-demo,0.148389545682,0.734550000000,0.943892383759,0.330253187543
2024-01-04T09:38:00Z,fourier-demo,0.322435002393,0.734700000000,0.944398244759,0.328803824940
2024-01-04T09:39:00Z,fourier-demo,0.502924940655,0.734850000000,0.944901880241,0.327353687496
2024-01-04T09:40:00Z,fourier-demo,0.682487347166,0.735000000000,0.945403289016,0.325902778628
2024-01-04T09:41:00Z,fourier-demo,0.854095597238,0.735150000000,0.945902469904,0.324451101754
2024-01-04T09:42:00Z,fourier-demo,1.011362410672,0.735300000000,0.946399421728,0.322998660296
2024-01-04T09:43:00Z,fourier-demo,1.148802006932,0.735450000000,0.946894143317,0.321545457676
2024-01-04T09:44:00Z,fourier-demo,1.262049607072,0.735600000000,0.947386633505,0.320091497319
2024-01-04T09:45:00Z,fourier-demo,1.348029280156,0.735750000000,0.947876891132,0.318636782651
2024-01-04T09:46:00Z,fourier-demo,1.405063351975,0.735900000000,0.948364915042,0.317181317101
2024-01-04T09:47:00Z,fourier-demo,1.432919090901,0.736050000000,0.948850704085,0.315725104098
2024-01-04T09:48:00Z,fourier-demo,1.432791055631,0.736200000000,0.949334257117,0.314268147073
2024-01-04T09:49:00Z,fourier-demo,1.407220221186,0.736350000000,0.949815572997,0.312810449461
2024-01-04T09:50:00Z,fourier-demo,1.359953679198,0.736500000000,0.950294650592,0.311352014697
2024-01-04T09:51:00Z,fourier-demo,1.295751224916,0.736650000000,0.950771488773,0.309892846216
2024-01-04T09:52:00Z,fourier-demo,1.220147391885,0.736800000000,0.951246086416,0.308432947459
2024-01-04T09:53:00Z,fourier-demo,1.139179382441,0.736950000000,0.951718442403,0.306972321864
2024-01-04T09:54:00Z,fourier-demo,1.059092789611,0.737100000000,0.952188555620,0.305510972875
2024-01-04T09:55:00Z,fourier-demo,0.986037953465,0.737250000000,0.952656424959,0.304048903935
2024-01-04T09:56:00Z,fourier-demo,0.925770202826,0.737400000000,0.953122049319,0.302586118489
2024-01-04T09:57:00Z,fourier-demo,0.883367084374,0.737550000000,0.953585427601,0.301122619985
2024-01-04T09:58:00Z,fourier-demo,0.862974981357,0.737700000000,0.954046558715,0.299658411871
2024-01-04T09:59:00Z,fourier-demo,0.867596302023,0.737850000000,0.954505441572,0.298193497597
2024-01-04T10:00:00Z,fourier-demo,0.898926723755,0.738000000000,0.954962075092,0.296727880617
2024-01-04T10:01:00Z,fourier-demo,0.957249882650,0.738150000000,0.955416458199,0.295261564383
2024-01-04T10:02:00Z,fourier-demo,1.041394486444,0.738300000000,0.955868589822,0.293794552352
2024-01-04T10:03:00Z,fourier-demo,1.148756200988,0.738450000000,0.956318468895,0.292326847980
2024-01-04T10:04:00Z,fourier-demo,1.275383925774,0.738600000000,0.956766094359,0.290858454725
2024-01-04T10:05:00Z,fourier-demo,1.416127345495,0.738750000000,0.957211465158,0.289389376049
2024-01-04T10:06:00Z,fourier-demo,1.564840035758,0.738900000000,0.957654580243,0.287919615414
2024-01-04T10:07:00Z,fourier-demo,1.714630020198,0.739050000000,0.958095438569,0.286449176282
2024-01-04T10:08:00Z,fourier-demo,1.858147622815,0.739200000000,0.958534039099,0.284978062119
2024-01-04T10:09:00Z,fourier-demo,1.987898819202,0.739350000000,0.958970380797,0.283506276391
2024-01-04T10:10:00Z,fourier-demo,2.096571132697,0.739500000000,0.959404462637,0.282033822568
2024-01-04T10:11:00Z,fourier-demo,2.177358495579,0.739650000000,0.959836283594,0.280560704119
2024-01-04T10:12:00Z,fourier-demo,2.224271429011,0.739800000000,0.960265842652,0.279086924515
2024-01-04T10:13:00Z,fourier-demo,2.232419392888,0.739950000000,0.960693138798,0.277612487230
2024-01-04T10:14:00Z,fourier-demo,2.198253199729,0.740100000000,0.961118171026,0.276137395737
2024-01-04T10:15:00Z,fourier-demo,2.119756934113,0.740250000000,0.961540938332,0.274661653514
2024-01-04T10:16:00Z,fourier-demo,1.996580809120,0.740400000000,0.961961439722,0.273185264038
2024-01-04T10:17:00Z,fourier-demo,1.830108743715,0.740550000000,0.962379674205,0.271708230787
2024-01-04T10:18:00Z,fourier-demo,1.623457064818,0.740700000000,0.962795640794,0.270230557244
2024-01-04T10:19:00Z,fourier-demo,1.381403518616,0.740850000000,0.963209338510,0.268752246889
2024-01-04T10:20:00Z,fourier-demo,1.110248604405,0.741000000000,0.963620766377,0.267273303207
2024-01-04T10:21:00Z,fourier-demo,0.817614005425,0.741150000000,0.964029923426,0.265793729682
2024-01-04T10:22:00Z,fourier-demo,0.512185472040,0.741300000000,0.964436808694,0.264313529803
2024-01-04T10:23:00Z,fourier-demo,0.203409807409,0.741450000000,0.964841421220,0.262832707055
2024-01-04T10:24:00Z,fourier-demo,-0.098842479813,0.741600000000,0.965243760052,0.261351264931
2024-01-04T10:25:00Z,fourier-demo,-0.384635836062,0.741750000000,0.965643824241,0.259869206919
2024-01-04T10:26:00Z,fourier-demo,-0.644335681742,0.741900000000,0.966041612845,0.258386536514
2024-01-04T10:27:00Z,fourier-demo,-0.868967457100,0.742050000000,0.966437124926,0.256903257208
2024-01-04T10:28:00Z,fourier-demo,-1.050554563326,0.742200000000,0.966830359553,0.255419372498
2024-01-04T10:29:00Z,fourier-demo,-1.182421835690,0.742350000000,0.967221315798,0.253934885879
2024-01-04T10:30:00Z,fourier-demo,-1.259452493362,0.742500000000,0.967609992740,0.252449800852
2024-01-04T10:31:00Z,fourier-demo,-1.278288305820,0.742650000000,0.967996389463,0.250964120914
2024-01-04T10:32:00Z,fourier-demo,-1.237464926903,0.742800000000,0.968380505057,0.249477849568
2024-01-04T10:33:00Z,fourier-demo,-1.137476885900,0.742950000000,0.968762338617,0.247990990315
2024-01-04T10:34:00Z,fourier-demo,-0.980769488775,0.743100000000,0.969141889242,0.246503546660
2024-01-04T10:35:00Z,fourier-demo,-0.771657760418,0.743250000000,0.969519156039,0.245015522107
2024-01-04T10:36:00Z,fourier-demo,-0.516175434923,0.743400000000,0.969894138118,0.243526920164
2024-01-04T10:37:00Z,fourier-demo,-0.221859759391,0.743550000000,0.970266834595,0.242037744338
2024-01-04T10:38:00Z,fourier-demo,0.102519593468,0.743700000000,0.970637244593,0.240547998138
2024-01-04T10:39:00Z,fourier-demo,0.447277009550,0.743850000000,0.971005367238,0.239057685076
2024-01-04T10:40:00Z,fourier-demo,0.802160540072,0.744000000000,0.971371201664,0.237566808663
2024-01-04T10:41:00Z,fourier-demo,1.156721067295,0.744150000000,0.971734747007,0.236075372413
2024-01-04T10:42:00Z,fourier-demo,1.500686718996,0.744300000000,0.972096002411,0.234583379840
2024-01-04T10:43:00Z,fourier-demo,1.824328046787,0.744450000000,0.972454967024,0.233090834460
2024-01-04T10:44:00Z,fourier-demo,2.118799887376,0.744600000000,0.972811640002,0.231597739791
2024-01-04T10:45:00Z,fourier-demo,2.376446791558,0.744750000000,0.973166020503,0.230104099350
2024-01-04T10:46:00Z,fourier-demo,2.591060393476,0.744900000000,0.973518107693,0.228609916659
2024-01-04T10:47:00Z,fourier-demo,2.758079041697,0.745050000000,0.973867900740,0.227115195237
2024-01-04T10:48:00Z,fourier-demo,2.874722344570,0.745200000000,0.974215398822,0.225619938608
2024-01-04T10:49:00Z,fourier-demo,2.940055900296,0.745350000000,0.974560601120,0.224124150294
2024-01-04T10:50:00Z,fourier-demo,2.954984280912,0.745500000000,0.974903506819,0.222627833821
2024-01-04T10:51:00Z,fourier-demo,2.922173205484,0.745650000000,0.975244115112,0.221130992716
2024-01-04T10:52:00Z,fourier-demo,2.845904655156,0.745800000000,0.975582425196,0.219633630504
2024-01-04T10:53:00Z,fourier-demo,2.731871337441,0.745950000000,0.975918436274,0.218135750716
2024-01-04T10:54:00Z,fourier-demo,2.586919292306,0.746100000000,0.976252147554,0.216637356880
2024-01-04T10:55:00Z,fourier-demo,2.418749452164,0.746250000000,0.976583558250,0.215138452529
2024-01-04T10:56:00Z,fourier-demo,2.235590541119,0.746400000000,0.976912667580,0.213639041193
2024-01-04T10:57:00Z,fourier-demo,2.045856763150,0.746550000000,0.977239474769,0.212139126407
2024-01-04T10:58:00Z,fourier-demo,1.857804242781,0.746700000000,0.977563979048,0.210638711705
2024-01-04T10:59:00Z,fourier-demo,1.679200125917,0.746850000000,0.977886179650,0.209137800622
2024-01-04T11:00:00Z,fourier-demo,1.517017627309,0.747000000000,0.978206075818,0.207636396697
2024-01-04T11:01:00Z,fourier-demo,1.377169151511,0.747150000000,0.978523666796,0.206134503467
2024-01-04T11:02:00Z,fourier-demo,1.264287965586,0.747300000000,0.978838951838,0.204632124471
2024-01-04T11:03:00Z,fourier-demo,1.181566833156,0.747450000000,0.979151930199,0.203129263249
2024-01-04T11:04:00Z,fourier-demo,1.130659616687,0.747600000000,0.979462601142,0.201625923344
2024-01-04T11:05:00Z,fourier-demo,1.111649217851,0.747750000000,0.979770963935,0.200122108298
2024-01-04T11:06:00Z,fourier-demo,1.123082463239,0.747900000000,0.980077017852,0.198617821655
2024-01-04T11:07:00Z,fourier-demo,1.162069768479,0.748050000000,0.980380762170,0.197113066960
2024-01-04T11:08:00Z,fourier-demo,1.224444742074,0.748200000000,0.980682196175,0.195607847758
2024-01-04T11:09:00Z,fourier-demo,1.304976430643,0.748350000000,0.980981319157,0.194102167597
2024-01-04T11:10:00Z,fourier-demo,1.397624760338,0.748500000000,0.981278130409,0.192596030025
2024-01-04T11:11:00Z,fourier-demo,1.495827982844,0.748650000000,0.981572629233,0.191089438591
2024-01-04T11:12:00Z,fourier-demo,1.592809659358,0.748800000000,0.981864814934,0.189582396846
2024-01-04T11:13:00Z,fourier-demo,1.681891963896,0.748950000000,0.982154686825,0.188074908342
2024-01-04T11:14:00Z,fourier-demo,1.756801887958,0.749100000000,0.982442244222,0.186566976630
2024-01-04T11:15:00Z,fourier-demo,1.811957288962,0.749250000000,0.982727486447,0.185058605263
2024-01-04T11:16:00Z,fourier-demo,1.842720628941,0.749400000000,0.983010412828,0.183549797798
2024-01-04T11:17:00Z,fourier-demo,1.845609659124,0.749550000000,0.983291022699,0.182040557789
2024-01-04T11:18:00Z,fourier-demo,1.818456160941,0.749700000000,0.983569315398,0.180530888792
2024-01-04T11:19:00Z,fourier-demo,1.760506077034,0.749850000000,0.983845290269,0.179020794366
2024-01-04T11:20:00Z,fourier-demo,1.672456864112,0.750000000000,0.984118946662,0.177510278070
2024-01-04T11:21:00Z,fourier-demo,1.556430568897,0.750150000000,0.984390283933,0.175999343461
2024-01-04T11:22:00Z,fourier-demo,1.415883857814,0.750300000000,0.984659301441,0.174487994102
2024-01-04T11:23:00Z,fourier-demo,1.255458906873,0.750450000000,0.984925998553,0.172976233554
2024-01-04T11:24:00Z,fourier-demo,1.080781569102,0.750600000000,0.985190374640,0.171464065379
2024-01-04T11:25:00Z,fourier-demo,0.898215478458,0.750750000000,0.985452429080,0.169951493141
2024-01-04T11:26:00Z,fourier-demo,0.714582627984,0.750900000000,0.985712161254,0.168438520404
2024-01-04T11:27:00Z,fourier-demo,0.536862397900,0.751050000000,0.985969570551,0.166925150734
2024-01-04T11:28:00Z,fourier-demo,0.371881946097,0.751200000000,0.986224656364,0.165411387696
2024-01-04T11:29:00Z,fourier-demo,0.226011269914,0.751350000000,0.986477418092,0.163897234859
2024-01-04T11:30:00Z,fourier-demo,0.104876086998,0.751500000000,0.986727855139,0.162382695791
2024-01-04T11:31:00Z,fourier-demo,0.013100970539,0.751650000000,0.986975966916,0.160867774060
2024-01-04T11:32:00Z,fourier-demo,-0.045906060837,0.751800000000,0.987221752836,0.159352473236
2024-01-04T11:33:00Z,fourier-demo,-0.070118005405,0.751950000000,0.987465212323,0.157836796891
2024-01-04T11:34:00Z,fourier-demo,-0.058995008892,0.752100000000,0.987706344800,0.156320748596
2024-01-04T11:35:00Z,fourier-demo,-0.013527203555,0.752250000000,0.987945149701,0.154804331923
2024-01-04T11:36:00Z,fourier-demo,0.063788064260,0.752400000000,0.988181626462,0.153287550447
2024-01-04T11:37:00Z,fourier-demo,0.169034192158,0.752550000000,0.988415774527,0.151770407742
2024-01-04T11:38:00Z,fourier-demo,0.297025300656,0.752700000000,0.988647593343,0.150252907382
2024-01-04T11:39:00Z,fourier-demo,0.441512450260,0.752850000000,0.988877082364,0.148735052944
2024-01-04T11:40:00Z,fourier-demo,0.595437924951,0.753000000000,0.989104241050,0.147216848005
2024-01-04T11:41:00Z,fourier-demo,0.751227350224,0.753150000000,0.989329068865,0.145698296143
2024-01-04T11:42:00Z,fourier-demo,0.901107768352,0.753300000000,0.989551565279,0.144179400936
2024-01-04T11:43:00Z,fourier-demo,1.037438632059,0.753450000000,0.989771729768,0.142660165963
2024-01-04T11:44:00Z,fourier-demo,1.153042049519,0.753600000000,0.989989561813,0.141140594805
2024-01-04T11:45:00Z,fourier-demo,1.241518546317,0.753750000000,0.990205060901,0.139620691042
2024-01-04T11:46:00Z,fourier-demo,1.297535108133,0.753900000000,0.990418226523,0.138100458256
2024-01-04T11:47:00Z,fourier-demo,1.317073312985,0.754050000000,0.990629058179,0.136579900031
2024-01-04T11:48:00Z,fourier-demo,1.297626912709,0.754200000000,0.990837555370,0.135059019948
2024-01-04T11:49:00Z,fourier-demo,1.238340218093,0.754350000000,0.991043717605,0.133537821592
2024-01-04T11:50:00Z,fourier-demo,1.140081000517,0.754500000000,0.991247544399,0.132016308548
2024-01-04T11:51:00Z,fourier-demo,1.005444249763,0.754650000000,0.991449035272,0.130494484401
2024-01-04T11:52:00Z,fourier-demo,0.838685916391,0.754800000000,0.991648189747,0.128972352738
2024-01-04T11:53:00Z,fourier-demo,0.645588604393,0.754950000000,0.991845007357,0.127449917146
2024-01-04T11:54:00Z,fourier-demo,0.433263950294,0.755100000000,0.992039487638,0.125927181211
2024-01-04T11:55:00Z,fourier-demo,0.209899015252,0.755250000000,0.992231630130,0.124404148524
2024-01-04T11:56:00Z,fourier-demo,-0.015543678687,0.755400000000,0.992421434381,0.122880822672
2024-01-04T11:57:00Z,fourier-demo,-0.233660912852,0.755550000000,0.992608899945,0.121357207246
2024-01-04T11:58:00Z,fourier-demo,-0.434965316728,0.755700000000,0.992794026378,0.119833305835
2024-01-04T11:59:00Z,fourier-demo,-0.610249728649,0.755850000000,0.992976813246,0.118309122032
2024-01-04T12:00:00Z,fourier-demo,-0.750945022858,0.756000000000,0.993157260117,0.116784659428
2024-01-04T12:01:00Z,fourier-demo,-0.849457244887,0.756150000000,0.993335366565,0.115259921615
2024-01-04T12:02:00Z,fourier-demo,-0.899470658646,0.756300000000,0.993511132172,0.113734912187
2024-01-04T12:03:00Z,fourier-demo,-0.896204610207,0.756450000000,0.993684556523,0.112209634737
2024-01-04T12:04:00Z,fourier-demo,-0.836613903429,0.756600000000,0.993855639209,0.110684092859
2024-01-04T12:05:00Z,fourier-demo,-0.719524589679,0.756750000000,0.994024379828,0.109158290150
2024-01-04T12:06:00Z,fourier-demo,-0.545699609505,0.756900000000,0.994190777980,0.107632230203
2024-01-04T12:07:00Z,fourier-demo,-0.317831486234,0.757050000000,0.994354833276,0.106105916617
2024-01-04T12:08:00Z,fourier-demo,-0.040462149021,0.757200000000,0.994516545327,0.104579352986
2024-01-04T12:09:00Z,fourier-demo,0.280167160062,0.757350000000,0.994675913753,0.103052542910
2024-01-04T12:10:00Z,fourier-demo,0.636330179659,0.757500000000,0.994832938178,0.101525489985
2024-01-04T12:11:00Z,fourier-demo,1.019085875120,0.757650000000,0.994987618232,0.099998197811
2024-01-04T12:12:00Z,fourier-demo,1.418594185003,0.757800000000,0.995139953551,0.098470669986
2024-01-04T12:13:00Z,fourier-demo,1.824465030979,0.757950000000,0.995289943775,0.096942910110
2024-01-04T12:14:00Z,fourier-demo,2.226127058645,0.758100000000,0.995437588551,0.095414921784
2024-01-04T12:15:00Z,fourier-demo,2.613201823122,0.758250000000,0.995582887532,0.093886708608
2024-01-04T12:16:00Z,fourier-demo,2.975868951245,0.758400000000,0.995725840375,0.092358274184
2024-01-04T12:17:00Z,fourier-demo,3.305208208321,0.758550000000,0.995866446742,0.090829622113
2024-01-04T12:18:00Z,fourier-demo,3.593505355115,0.758700000000,0.996004706303,0.089300755997
2024-01-04T12:19:00Z,fourier-demo,3.834510160387,0.758850000000,0.996140618732,0.087771679440
2024-01-04T12:20:00Z,fourier-demo,4.023636875420,0.759000000000,0.996274183709,0.086242396046
2024-01-04T12:21:00Z,fourier-demo,4.158099800228,0.759150000000,0.996405400918,0.084712909416
2024-01-04T12:22:00Z,fourier-demo,4.236979181989,0.759300000000,0.996534270051,0.083183223157
2024-01-04T12:23:00Z,fourier-demo,4.261215478503,0.759450000000,0.996660790803,0.081653340873
2024-01-04T12:24:00Z,fourier-demo,4.233532879828,0.759600000000,0.996784962877,0.080123266168
2024-01-04T12:25:00Z,fourier-demo,4.158295793775,0.759750000000,0.996906785981,0.078593002650
2024-01-04T12:26:00Z,fourier-demo,4.041304651927,0.759900000000,0.997026259826,0.077062553923
2024-01-04T12:27:00Z,fourier-demo,3.889539775272,0.760050000000,0.997143384132,0.075531923595
2024-01-04T12:28:00Z,fourier-demo,3.710864056669,0.760200000000,0.997258158622,0.074001115272
2024-01-04T12:29:00Z,fourier-demo,3.513696790338,0.760350000000,0.997370583026,0.072470132562
2024-01-04T12:30:00Z,fourier-demo,3.306672043911,0.760500000000,0.997480657080,0.070938979073
2024-01-04T12:31:00Z,fourier-demo,3.098295484730,0.760650000000,0.997588380523,0.069407658412
2024-01-04T12:32:00Z,fourier-demo,2.896613519773,0.760800000000,0.997693753101,0.067876174189
2024-01-04T12:33:00Z,fourier-demo,2.708907992008,0.760950000000,0.997796774568,0.066344530013
2024-01-04T12:34:00Z,fourier-demo,2.541428522311,0.761100000000,0.997897444678,0.064812729493
2024-01-04T12:35:00Z,fourier-demo,2.399172944262,0.761250000000,0.997995763197,0.063280776239
2024-01-04T12:36:00Z,fourier-demo,2.285724218258,0.761400000000,0.998091729891,0.061748673860
2024-01-04T12:37:00Z,fourier-demo,2.203149817250,0.761550000000,0.998185344535,0.060216425968
2024-01-04T12:38:00Z,fourier-demo,2.151966948477,0.761700000000,0.998276606907,0.058684036173
2024-01-04T12:39:00Z,fourier-demo,2.131174222641,0.761850000000,0.998365516794,0.057151508086
2024-01-04T12:40:00Z,fourier-demo,2.138347617648,0.762000000000,0.998452073985,0.055618845319
2024-01-04T12:41:00Z,fourier-demo,2.169795922275,0.762150000000,0.998536278277,0.054086051483
2024-01-04T12:42:00Z,fourier-demo,2.220768395390,0.762300000000,0.998618129470,0.052553130191
2024-01-04T12:43:00Z,fourier-demo,2.285705239074,0.762450000000,0.998697627373,0.051020085055
2024-01-04T12:44:00Z,fourier-demo,2.358519746750,0.762600000000,0.998774771798,0.049486919688
2024-01-04T12:45:00Z,fourier-demo,2.432899720920,0.762750000000,0.998849562562,0.047953637703
2024-01-04T12:46:00Z,fourier-demo,2.502615010743,0.762900000000,0.998921999491,0.046420242713
2024-01-04T12:47:00Z,fourier-demo,2.561817827039,0.763050000000,0.998992082412,0.044886738331
2024-01-04T12:48:00Z,fourier-demo,2.605322858306,0.763200000000,0.999059811161,0.043353128171
2024-01-04T12:49:00Z,fourier-demo,2.628855119683,0.763350000000,0.999125185579,0.041819415848
2024-01-04T12:50:00Z,fourier-demo,2.629254878941,0.763500000000,0.999188205511,0.040285604975
2024-01-04T12:51:00Z,fourier-demo,2.604630860019,0.763650000000,0.999248870808,0.038751699168
2024-01-04T12:52:00Z,fourier-demo,2.554455147726,0.763800000000,0.999307181329,0.037217702040
2024-01-04T12:53:00Z,fourier-demo,2.479595713997,0.763950000000,0.999363136934,0.035683617207
2024-01-04T12:54:00Z,fourier-demo,2.382285152540,0.764100000000,0.999416737493,0.034149448284
2024-01-04T12:55:00Z,fourier-demo,2.266026933569,0.764250000000,0.999467982880,0.032615198886
2024-01-04T12:56:00Z,fourier-demo,2.135443160198,0.764400000000,0.999516872972,0.031080872628
2024-01-04T12:57:00Z,fourier-demo,1.996070311626,0.764550000000,0.999563407656,0.029546473128
2024-01-04T12:58:00Z,fourier-demo,1.854111691188,0.764700000000,0.999607586822,0.028012003999
2024-01-04T12:59:00Z,fourier-demo,1.716157166439,0.764850000000,0.999649410365,0.026477468859
2024-01-04T13:00:00Z,fourier-demo,1.588882215533,0.765000000000,0.999688878187,0.024942871323
2024-01-04T13:01:00Z,fourier-demo,1.478739219323,0.765150000000,0.999725990194,0.023408215009
2024-01-04T13:02:00Z,fourier-demo,1.391654322701,0.765300000000,0.999760746300,0.021873503532
2024-01-04T13:03:00Z,fourier-demo,1.332743014807,0.765450000000,0.999793146423,0.020338740509
2024-01-04T13:04:00Z,fourier-demo,1.306056852213,0.765600000000,0.999823190486,0.018803929556
2024-01-04T13:05:00Z,fourier-demo,1.314372500959,0.765750000000,0.999850878418,0.017269074292
2024-01-04T13:06:00Z,fourier-demo,1.359032553255,0.765900000000,0.999876210154,0.015734178332
2024-01-04T13:07:00Z,fourier-demo,1.439845452890,0.766050000000,0.999899185635,0.014199245293
2024-01-04T13:08:00Z,fourier-demo,1.555049426991,0.766200000000,0.999919804806,0.012664278794
2024-01-04T13:09:00Z,fourier-demo,1.701342670878,0.766350000000,0.999938067618,0.011129282450
2024-01-04T13:10:00Z,fourier-demo,1.873979276447,0.766500000000,0.999953974029,0.009594259880
2024-01-04T13:11:00Z,fourier-demo,2.066927646556,0.766650000000,0.999967524002,0.008059214701
2024-01-04T13:12:00Z,fourier-demo,2.273085511819,0.766800000000,0.999978717503,0.006524150529
2024-01-04T13:13:00Z,fourier-demo,2.484543270898,0.766950000000,0.999987554508,0.004989070983
2024-01-04T13:14:00Z,fourier-demo,2.692885310197,0.767100000000,0.999994034994,0.003453979680
2024-01-04T13:15:00Z,fourier-demo,2.889517310165,0.767250000000,0.999998158948,0.001918880238
2024-01-04T13:16:00Z,fourier-demo,3.066006382215,0.767400000000,0.999999926358,0.000383776274
2024-01-04T13:17:00Z,fourier-demo,3.214420252186,0.767550000000,0.999999337221,-0.001151328595
2024-01-04T13:18:00Z,fourier-demo,3.327651640785,0.767700000000,0.999996391538,-0.002686430751
2024-01-04T13:19:00Z,fourier-demo,3.399714493142,0.767850000000,0.999991089317,-0.004221526575
2024-01-04T13:20:00Z,fourier-demo,3.425999759926,0.768000000000,0.999983430569,-0.005756612452
2024-01-04T13:21:00Z,fourier-demo,3.403479990102,0.768150000000,0.999973415313,-0.007291684763
2024-01-04T13:22:00Z,fourier-demo,3.330853998482,0.768300000000,0.999961043573,-0.008826739890
2024-01-04T13:23:00Z,fourier-demo,3.208625239293,0.768450000000,0.999946315377,-0.010361774218
2024-01-04T13:24:00Z,fourier-demo,3.039110154704,0.768600000000,0.999929230760,-0.011896784127
2024-01-04T13:25:00Z,fourier-demo,2.826375567887,0.768750000000,0.999909789762,-0.013431766000
2024-01-04T13:26:00Z,fourier-demo,2.576107040310,0.768900000000,0.999887992430,-0.014966716221
2024-01-04T13:27:00Z,fourier-demo,2.295412896821,0.769050000000,0.999863838814,-0.016501631173
2024-01-04T13:28:00Z,fourier-demo,1.992571226408,0.769200000000,0.999837328972,-0.018036507237
2024-01-04T13:29:00Z,fourier-demo,1.676729485190,0.769350000000,0.999808462966,-0.019571340798
2024-01-04T13:30:00Z,fourier-demo,1.357568266538,0.769500000000,0.999777240865,-0.021106128237
2024-01-04T13:31:00Z,fourier-demo,1.044942281826,0.769650000000,0.999743662740,-0.022640865940
2024-01-04T13:32:00Z,fourier-demo,0.748512553385,0.769800000000,0.999707728673,-0.024175550288
2024-01-04T13:33:00Z,fourier-demo,0.477384219080,0.769950000000,0.999669438747,-0.025710177665
2024-01-04T13:34:00Z,fourier-demo,0.239764168457,0.770100000000,0.999628793053,-0.027244744454
2024-01-04T13:35:00Z,fourier-demo,0.042651980002,0.770250000000,0.999585791686,-0.028779247041
2024-01-04T13:36:00Z,fourier-demo,-0.108423662694,0.770400000000,0.999540434748,-0.030313681807
2024-01-04T13:37:00Z,fourier-demo,-0.209612679691,0.770550000000,0.999492722345,-0.031848045138
2024-01-04T13:38:00Z,fourier-demo,-0.258887232239,0.770700000000,0.999442654591,-0.033382333418
2024-01-04T13:39:00Z,fourier-demo,-0.256115623014,0.770850000000,0.999390231603,-0.034916543031
2024-01-04T13:40:00Z,fourier-demo,-0.203063551149,0.771000000000,0.999335453504,-0.036450670361
2024-01-04T13:41:00Z,fourier-demo,-0.103322689462,0.771150000000,0.999278320424,-0.037984711793
2024-01-04T13:42:00Z,fourier-demo,0.037830572274,0.771300000000,0.999218832498,-0.039518663713
2024-01-04T13:43:00Z,fourier-demo,0.213640612414,0.771450000000,0.999156989865,-0.041052522505
2024-01-04T13:44:00Z,fourier-demo,0.416134149474,0.771600000000,0.999092792671,-0.042586284554
2024-01-04T13:45:00Z,fourier-demo,0.636427551953,0.771750000000,0.999026241068,-0.044119946247
2024-01-04T13:46:00Z,fourier-demo,0.865067745774,0.771900000000,0.998957335213,-0.045653503970
2024-01-04T13:47:00Z,fourier-demo,1.092393276678,0.772050000000,0.998886075267,-0.047186954108
2024-01-04T13:48:00Z,fourier-demo,1.308901323012,0.772200000000,0.998812461399,-0.048720293047
2024-01-04T13:49:00Z,fourier-demo,1.505606262805,0.772350000000,0.998736493782,-0.050253517175
2024-01-04T13:50:00Z,fourier-demo,1.674375784992,0.772500000000,0.998658172595,-0.051786622878
2024-01-04T13:51:00Z,fourier-demo,1.808231481263,0.772650000000,0.998577498023,-0.053319606543
2024-01-04T13:52:00Z,fourier-demo,1.901602323206,0.772800000000,0.998494470256,-0.054852464559
2024-01-04T13:53:00Z,fourier-demo,1.950521358643,0.772950000000,0.998409089489,-0.056385193311
2024-01-04T13:54:00Z,fourier-demo,1.952758272400,0.773100000000,0.998321355925,-0.057917789190
2024-01-04T13:55:00Z,fourier-demo,1.907883055699,0.773250000000,0.998231269768,-0.059450248582
2024-01-04T13:56:00Z,fourier-demo,1.817258809047,0.773400000000,0.998138831233,-0.060982567877
2024-01-04T13:57:00Z,fourier-demo,1.683964552754,0.773550000000,0.998044040536,-0.062514743464
2024-01-04T13:58:00Z,fourier-demo,1.512651721274,0.773700000000,0.997946897901,-0.064046771732
2024-01-04T13:59:00Z,fourier-demo,1.309340658912,0.773850000000,0.997847403557,-0.065578649071
2024-01-04T14:00:00Z,fourier-demo,1.081165808250,0.774000000000,0.997745557739,-0.067110371870
2024-01-04T14:01:00Z,fourier-demo,0.836080293162,0.774150000000,0.997641360686,-0.068641936521
2024-01-04T14:02:00Z,fourier-demo,0.582532164953,0.774300000000,0.997534812643,-0.070173339413
2024-01-04T14:03:00Z,fourier-demo,0.329125640447,0.774450000000,0.997425913863,-0.071704576939
2024-01-04T14:04:00Z,fourier-demo,0.084281173296,0.774600000000,0.997314664602,-0.073235645490
2024-01-04T14:05:00Z,fourier-demo,-0.144091854844,0.774750000000,0.997201065121,-0.074766541457
2024-01-04T14:06:00Z,fourier-demo,-0.348896654050,0.774900000000,0.997085115689,-0.076297261234
2024-01-04T14:07:00Z,fourier-demo,-0.524112740846,0.775050000000,0.996966816578,-0.077827801212
2024-01-04T14:08:00Z,fourier-demo,-0.665011471851,0.775200000000,0.996846168069,-0.079358157785
2024-01-04T14:09:00Z,fourier-demo,-0.768315078170,0.775350000000,0.996723170443,-0.080888327348
2024-01-04T14:10:00Z,fourier-demo,-0.832293272167,0.775500000000,0.996597823993,-0.082418306293
2024-01-04T14:11:00Z,fourier-demo,-0.856794120803,0.775650000000,0.996470129013,-0.083948091015
2024-01-04T14:12:00Z,fourier-demo,-0.843208626373,0.775800000000,0.996340085804,-0.085477677910
2024-01-04T14:13:00Z,fourier-demo,-0.794371212655,0.775950000000,0.996207694672,-0.087007063373
2024-01-04T14:14:00Z,fourier-demo,-0.714400968477,0.776100000000,0.996072955929,-0.088536243799
2024-01-04T14:15:00Z,fourier-demo,-0.608490942228,0.776250000000,0.995935869894,-0.090065215585
2024-01-04T14:16:00Z,fourier-demo,-0.482654909519,0.776400000000,0.995796436889,-0.091593975129
2024-01-04T14:17:00Z,fourier-demo,-0.343442764817,0.776550000000,0.995654657242,-0.093122518827
2024-01-04T14:18:00Z,fourier-demo,-0.197636945733,0.776700000000,0.995510531288,-0.094650843077
2024-01-04T14:19:00Z,fourier-demo,-0.051943034634,0.776850000000,0.995364059366,-0.096178944278
2024-01-04T14:20:00Z,fourier-demo,0.087312133072,0.777000000000,0.995215241822,-0.097706818829
2024-01-04T14:21:00Z,fourier-demo,0.214461898066,0.777150000000,0.995064079006,-0.099234463130
2024-01-04T14:22:00Z,fourier-demo,0.324748702785,0.777300000000,0.994910571274,-0.100761873579
2024-01-04T14:23:00Z,fourier-demo,0.414529890762,0.777450000000,0.994754718989,-0.102289046579
2024-01-04T14:24:00Z,fourier-demo,0.481431618103,0.777600000000,0.994596522517,-0.103815978529
2024-01-04T14:25:00Z,fourier-demo,0.524444342496,0.777750000000,0.994435982231,-0.105342665832
2024-01-04T14:26:00Z,fourier-demo,0.543955854640,0.777900000000,0.994273098510,-0.106869104890
2024-01-04T14:27:00Z,fourier-demo,0.541720484917,0.778050000000,0.994107871737,-0.108395292106
2024-01-04T14:28:00Z,fourier-demo,0.520765843327,0.778200000000,0.993940302302,-0.109921223884
2024-01-04T14:29:00Z,fourier-demo,0.485241119676,0.778350000000,0.993770390600,-0.111446896627
2024-01-04T14:30:00Z,fourier-demo,0.440213472440,0.778500000000,0.993598137030,-0.112972306740
2024-01-04T14:31:00Z,fourier-demo,0.391421264477,0.778650000000,0.993423542000,-0.114497450628
2024-01-04T14:32:00Z,fourier-demo,0.344994768485,0.778800000000,0.993246605920,-0.116022324698
2024-01-04T14:33:00Z,fourier-demo,0.307156386917,0.778950000000,0.993067329208,-0.117546925355
2024-01-04T14:34:00Z,fourier-demo,0.283913350060,0.779100000000,0.992885712285,-0.119071249008
2024-01-04T14:35:00Z,fourier-demo,0.280756233105,0.779250000000,0.992701755580,-0.120595292064
2024-01-04T14:36:00Z,fourier-demo,0.302376451671,0.779400000000,0.992515459527,-0.122119050931
2024-01-04T14:37:00Z,fourier-demo,0.352415161689,0.779550000000,0.992326824564,-0.123642522019
2024-01-04T14:38:00Z,fourier-demo,0.433254733130,0.779700000000,0.992135851136,-0.125165701738
2024-01-04T14:39:00Z,fourier-demo,0.545862238577,0.779850000000,0.991942539692,-0.126688586497
2024-01-04T14:40:00Z,fourier-demo,0.689692267646,0.780000000000,0.991746890690,-0.128211172709
2024-01-04T14:41:00Z,fourier-demo,0.862653933776,0.780150000000,0.991548904588,-0.129733456785
2024-01-04T14:42:00Z,fourier-demo,1.061144281439,0.780300000000,0.991348581855,-0.131255435138
2024-01-04T14:43:00Z,fourier-demo,1.280147538476,0.780450000000,0.991145922962,-0.132777104182
2024-01-04T14:44:00Z,fourier-demo,1.513396904025,0.780600000000,0.990940928387,-0.134298460330
2024-01-04T14:45:00Z,fourier-demo,1.753592931108,0.780750000000,0.990733598613,-0.135819499997
2024-01-04T14:46:00Z,fourier-demo,1.992670163219,0.780900000000,0.990523934128,-0.137340219599
2024-01-04T14:47:00Z,fourier-demo,2.222101615904,0.781050000000,0.990311935427,-0.138860615553
2024-01-04T14:48:00Z,fourier-demo,2.433229043587,0.781200000000,0.990097603008,-0.140380684275
2024-01-04T14:49:00Z,fourier-demo,2.617605768029,0.781350000000,0.989880937378,-0.141900422183
2024-01-04T14:50:00Z,fourier-demo,2.767338217339,0.781500000000,0.989661939046,-0.143419825696
2024-01-04T14:51:00Z,fourier-demo,2.875412260931,0.781650000000,0.989440608530,-0.144938891234
2024-01-04T14:52:00Z,fourier-demo,2.935990930889,0.781800000000,0.989216946350,-0.146457615216
2024-01-04T14:53:00Z,fourier-demo,2.944671175122,0.781950000000,0.988990953033,-0.147975994064
2024-01-04T14:54:00Z,fourier-demo,2.898688851242,0.782100000000,0.988762629112,-0.149494024199
2024-01-04T14:55:00Z,fourier-demo,2.797063180253,0.782250000000,0.988531975125,-0.151011702045
2024-01-04T14:56:00Z,fourier-demo,2.640674255362,0.782400000000,0.988298991616,-0.152529024025
2024-01-04T14:57:00Z,fourier-demo,2.432269848023,0.782550000000,0.988063679134,-0.154045986562
2024-01-04T14:58:00Z,fourier-demo,2.176400563891,0.782700000000,0.987826038233,-0.155562586083
2024-01-04T14:59:00Z,fourier-demo,1.879285261997,0.782850000000,0.987586069473,-0.157078819014
2024-01-04T15:00:00Z,fourier-demo,1.548611445358,0.783000000000,0.987343773420,-0.158594681780
2024-01-04T15:01:00Z,fourier-demo,1.193277946812,0.783150000000,0.987099150644,-0.160110170811
2024-01-04T15:02:00Z,fourier-demo,0.823089563957,0.783300000000,0.986852201723,-0.161625282535
2024-01-04T15:03:00Z,fourier-demo,0.448415246639,0.783450000000,0.986602927238,-0.163140013381
2024-01-04T15:04:00Z,fourier-demo,0.079822929995,0.783600000000,0.986351327776,-0.164654359780
2024-01-04T15:05:00Z,fourier-demo,-0.272294925400,0.783750000000,0.986097403931,-0.166168318163
2024-01-04T15:06:00Z,fourier-demo,-0.598090617190,0.783900000000,0.985841156300,-0.167681884962
2024-01-04T15:07:00Z,fourier-demo,-0.888611010181,0.784050000000,0.985582585488,-0.169195056612
2024-01-04T15:08:00Z,fourier-demo,-1.136114314649,0.784200000000,0.985321692105,-0.170707829545
2024-01-04T15:09:00Z,fourier-demo,-1.334341563225,0.784350000000,0.985058476764,-0.172220200197
2024-01-04T15:10:00Z,fourier-demo,-1.478732291872,0.784500000000,0.984792940086,-0.173732165004
2024-01-04T15:11:00Z,fourier-demo,-1.566576126695,0.784650000000,0.984525082697,-0.175243720403
2024-01-04T15:12:00Z,fourier-demo,-1.597094505999,0.784800000000,0.984254905228,-0.176754862832
2024-01-04T15:13:00Z,fourier-demo,-1.571449524512,0.784950000000,0.983982408316,-0.178265588729
2024-01-04T15:14:00Z,fourier-demo,-1.492679762855,0.785100000000,0.983707592603,-0.179775894536
2024-01-04T15:15:00Z,fourier-demo,-1.365565844315,0.785250000000,0.983430458736,-0.181285776692
2024-01-04T15:16:00Z,fourier-demo,-1.196431226917,0.785400000000,0.983151007369,-0.182795231639
2024-01-04T15:17:00Z,fourier-demo,-0.992886280255,0.785550000000,0.982869239160,-0.184304255821
2024-01-04T15:18:00Z,fourier-demo,-0.763525911570,0.785700000000,0.982585154773,-0.185812845681
2024-01-04T15:19:00Z,fourier-demo,-0.517592805163,0.785850000000,0.982298754878,-0.187320997664
2024-01-04T15:20:00Z,fourier-demo,-0.264619651610,0.786000000000,0.982010040149,-0.188828708217
2024-01-04T15:21:00Z,fourier-demo,-0.014064516211,0.786150000000,0.981719011267,-0.190335973786
2024-01-04T15:22:00Z,fourier-demo,0.225046300395,0.786300000000,0.981425668918,-0.191842790819
2024-01-04T15:23:00Z,fourier-demo,0.444453929682,0.786450000000,0.981130013793,-0.193349155765
2024-01-04T15:24:00Z,fourier-demo,0.636968084233,0.786600000000,0.980832046588,-0.194855065075
2024-01-04T15:25:00Z,fourier-demo,0.796722096207,0.786750000000,0.980531768007,-0.196360515200
2024-01-04T15:26:00Z,fourier-demo,0.919372168501,0.786900000000,0.980229178756,-0.197865502592
2024-01-04T15:27:00Z,fourier-demo,1.002233459306,0.787050000000,0.979924279548,-0.199370023705
2024-01-04T15:28:00Z,fourier-demo,1.044348206112,0.787200000000,0.979617071103,-0.200874074993
2024-01-04T15:29:00Z,fourier-demo,1.046483862783,0.787350000000,0.979307554143,-0.202377652911
2024-01-04T15:30:00Z,fourier-demo,1.011062060139,0.787500000000,0.978995729399,-0.203880753917
2024-01-04T15:31:00Z,fourier-demo,0.942021991049,0.787650000000,0.978681597606,-0.205383374468
2024-01-04T15:32:00Z,fourier-demo,0.844624451887,0.787800000000,0.978365159503,-0.206885511024
2024-01-04T15:33:00Z,fourier-demo,0.725205136830,0.787950000000,0.978046415836,-0.208387160044
2024-01-04T15:34:00Z,fourier-demo,0.590887784126,0.788100000000,0.977725367356,-0.209888317990
2024-01-04T15:35:00Z,fourier-demo,0.449269333830,0.788250000000,0.977402014820,-0.211388981324
2024-01-04T15:36:00Z,fourier-demo,0.308090312059,0.788400000000,0.977076358991,-0.212889146510
2024-01-04T15:37:00Z,fourier-demo,0.174904166245,0.788550000000,0.976748400634,-0.214388810013
2024-01-04T15:38:00Z,fourier-demo,0.056759219923,0.788700000000,0.976418140524,-0.215887968298
2024-01-04T15:39:00Z,fourier-demo,-0.040093701382,0.788850000000,0.976085579438,-0.217386617833
2024-01-04T15:40:00Z,fourier-demo,-0.110456072720,0.789000000000,0.975750718160,-0.218884755087
2024-01-04T15:41:00Z,fourier-demo,-0.150388636312,0.789150000000,0.975413557480,-0.220382376528
2024-01-04T15:42:00Z,fourier-demo,-0.157362320084,0.789300000000,0.975074098192,-0.221879478627
2024-01-04T15:43:00Z,fourier-demo,-0.130347278860,0.789450000000,0.974732341095,-0.223376057857
2024-01-04T15:44:00Z,fourier-demo,-0.069836843013,0.789600000000,0.974388286995,-0.224872110691
2024-01-04T15:45:00Z,fourier-demo,0.022194103721,0.789750000000,0.974041936703,-0.226367633603
2024-01-04T15:46:00Z,fourier-demo,0.142394049219,0.789900000000,0.973693291036,-0.227862623069
2024-01-04T15:47:00Z,fourier-demo,0.286198170510,0.790050000000,0.973342350814,-0.229357075566
2024-01-04T15:48:00Z,fourier-demo,0.448042704666,0.790200000000,0.972989116865,-0.230850987572
2024-01-04T15:49:00Z,fourier-demo,0.621620918230,0.790350000000,0.972633590021,-0.232344355567
2024-01-04T15:50:00Z,fourier-demo,0.800169505183,0.790500000000,0.972275771119,-0.233837176031
2024-01-04T15:51:00Z,fourier-demo,0.976772999129,0.790650000000,0.971915661004,-0.235329445447
2024-01-04T15:52:00Z,fourier-demo,1.144673062804,0.790800000000,0.971553260524,-0.236821160298
2024-01-04T15:53:00Z,fourier-demo,1.297569346505,0.790950000000,0.971188570533,-0.238312317069
2024-01-04T15:54:00Z,fourier-demo,1.429898993011,0.791100000000,0.970821591889,-0.239802912246
2024-01-04T15:55:00Z,fourier-demo,1.537082793591,0.791250000000,0.970452325459,-0.241292942315
2024-01-04T15:56:00Z,fourier-demo,1.615727428602,0.791400000000,0.970080772112,-0.242782403767
2024-01-04T15:57:00Z,fourier-demo,1.663775097556,0.791550000000,0.969706932724,-0.244271293090
2024-01-04T15:58:00Z,fourier-demo,1.680594079113,0.791700000000,0.969330808175,-0.245759606776
2024-01-04T15:59:00Z,fourier-demo,1.667006268409,0.791850000000,0.968952399352,-0.247247341318
2024-01-04T16:00:00Z,fourier-demo,1.625250413016,0.792000000000,0.968571707148,-0.248734493211
2024-01-04T16:01:00Z,fourier-demo,1.558882498512,0.792150000000,0.968188732458,-0.250221058948
2024-01-04T16:02:00Z,fourier-demo,1.472617406480,0.792300000000,0.967803476186,-0.251707035028
2024-01-04T16:03:00Z,fourier-demo,1.372118470599,0.792450000000,0.967415939239,-0.253192417948
2024-01-04T16:04:00Z,fourier-demo,1.263743785923,0.792600000000,0.967026122531,-0.254677204208
2024-01-04T16:05:00Z,fourier-demo,1.154259989433,0.792750000000,0.966634026979,-0.256161390310
2024-01-04T16:06:00Z,fourier-demo,1.050535648514,0.792900000000,0.966239653509,-0.257644972755
2024-01-04T16:07:00Z,fourier-demo,0.959227308296,0.793050000000,0.965843003050,-0.259127948047
2024-01-04T16:08:00Z,fourier-demo,0.886471620009,0.793200000000,0.965444076536,-0.260610312692
2024-01-04T16:09:00Z,fourier-demo,0.837596784003,0.793350000000,0.965042874907,-0.262092063197
2024-01-04T16:10:00Z,fourier-demo,0.816865799364,0.793500000000,0.964639399109,-0.263573196069
2024-01-04T16:11:00Z,fourier-demo,0.827262746677,0.793650000000,0.964233650093,-0.265053707819
2024-01-04T16:12:00Z,fourier-demo,0.870331592270,0.793800000000,0.963825628814,-0.266533594957
2024-01-04T16:13:00Z,fourier-demo,0.946074862108,0.793950000000,0.963415336235,-0.268012853996
2024-01-04T16:14:00Z,fourier-demo,1.052917078549,0.794100000000,0.963002773322,-0.269491481450
2024-01-04T16:15:00Z,fourier-demo,1.187735184051,0.794250000000,0.962587941047,-0.270969473835
2024-01-04T16:16:00Z,fourier-demo,1.345955402051,0.794400000000,0.962170840389,-0.272446827667
2024-01-04T16:17:00Z,fourier-demo,1.521713220745,0.794550000000,0.961751472329,-0.273923539465
2024-01-04T16:18:00Z,fourier-demo,1.708070544249,0.794700000000,0.961329837856,-0.275399605750
2024-01-04T16:19:00Z,fourier-demo,1.897281646685,0.794850000000,0.960905937965,-0.276875023042
2024-01-04T16:20:00Z,fourier-demo,2.081097487987,0.795000000000,0.960479773652,-0.278349787865
2024-01-04T16:21:00Z,fourier-demo,2.251096291931,0.795150000000,0.960051345924,-0.279823896744
2024-01-04T16:22:00Z,fourier-demo,2.399027116546,0.795300000000,0.959620655790,-0.281297346205
2024-01-04T16:23:00Z,fourier-demo,2.517152514279,0.795450000000,0.959187704264,-0.282770132775
2024-01-04T16:24:00Z,fourier-demo,2.598576311591,0.795600000000,0.958752492366,-0.284242252984
2024-01-04T16:25:00Z,fourier-demo,2.637543039914,0.795750000000,0.958315021124,-0.285713703362
2024-01-04T16:26:00Z,fourier-demo,2.629696603204,0.795900000000,0.957875291566,-0.287184480443
2024-01-04T16:27:00Z,fourier-demo,2.572287330663,0.796050000000,0.957433304730,-0.288654580760
2024-01-04T16:28:00Z,fourier-demo,2.464318574350,0.796200000000,0.956989061657,-0.290124000849
2024-01-04T16:29:00Z,fourier-demo,2.306626389893,0.796350000000,0.956542563394,-0.291592737247
2024-01-04T16:30:00Z,fourier-demo,2.101888488747,0.796500000000,0.956093810994,-0.293060786492
2024-01-04T16:31:00Z,fourier-demo,1.854561465488,0.796650000000,0.955642805513,-0.294528145126
2024-01-04T16:32:00Z,fourier-demo,1.570748169775,0.796800000000,0.955189548014,-0.295994809691
2024-01-04T16:33:00Z,fourier-demo,1.257999893788,0.796950000000,0.954734039567,-0.297460776730
2024-01-04T16:34:00Z,fourier-demo,0.925060668554,0.797100000000,0.954276281243,-0.298926042788
2024-01-04T16:35:00Z,fourier-demo,0.581563300183,0.797250000000,0.953816274122,-0.300390604413
2024-01-04T16:36:00Z,fourier-demo,0.237688734522,0.797400000000,0.953354019288,-0.301854458154
2024-01-04T16:37:00Z,fourier-demo,-0.096198163589,0.797550000000,0.952889517830,-0.303317600560
2024-01-04T16:38:00Z,fourier-demo,-0.409922353626,0.797700000000,0.952422770843,-0.304780028184
2024-01-04T16:39:00Z,fourier-demo,-0.693867406866,0.797850000000,0.951953779427,-0.306241737579
2024-01-04T16:40:00Z,fourier-demo,-0.939325022625,0.798000000000,0.951482544686,-0.307702725301
2024-01-04T16:41:00Z,fourier-demo,-1.138811693212,0.798150000000,0.951009067732,-0.309162987907
2024-01-04T16:42:00Z,fourier-demo,-1.286340216216,0.798300000000,0.950533349680,-0.310622521956
2024-01-04T16:43:00Z,fourier-demo,-1.377635523294,0.798450000000,0.950055391651,-0.312081324008
2024-01-04T16:44:00Z,fourier-demo,-1.410286486044,0.798600000000,0.949575194772,-0.313539390626
2024-01-04T16:45:00Z,fourier-demo,-1.383827883412,0.798750000000,0.949092760174,-0.314996718374
2024-01-04T16:46:00Z,fourier-demo,-1.299749469903,0.798900000000,0.948608088993,-0.316453303816
2024-01-04T16:47:00Z,fourier-demo,-1.161431958489,0.799050000000,0.948121182373,-0.317909143522
2024-01-04T16:48:00Z,fourier-demo,-0.974012610811,0.799200000000,0.947632041461,-0.319364234060
2024-01-04T16:49:00Z,fourier-demo,-0.744185894094,0.799350000000,0.947140667409,-0.320818572000
2024-01-04T16:50:00Z,fourier-demo,-0.479947207854,0.799500000000,0.946647061375,-0.322272153917
2024-01-04T16:51:00Z,fourier-demo,-0.190289901802,0.799650000000,0.946151224522,-0.323724976384
2024-01-04T16:52:00Z,fourier-demo,0.115132389506,0.799800000000,0.945653158020,-0.325177035978
2024-01-04T16:53:00Z,fourier-demo,0.426364751869,0.799950000000,0.945152863041,-0.326628329276
2024-01-04T16:54:00Z,fourier-demo,0.733517213538,0.800100000000,0.944650340764,-0.328078852860
2024-01-04T16:55:00Z,fourier-demo,1.027123850495,0.800250000000,0.944145592375,-0.329528603310
2024-01-04T16:56:00Z,fourier-demo,1.298480806227,0.800400000000,0.943638619061,-0.330977577211
2024-01-04T16:57:00Z,fourier-demo,1.539950182023,0.800550000000,0.943129422019,-0.332425771147
2024-01-04T16:58:00Z,fourier-demo,1.745218199244,0.800700000000,0.942618002447,-0.333873181706
2024-01-04T16:59:00Z,fourier-demo,1.909497941146,0.800850000000,0.942104361552,-0.335319805477
2024-01-04T17:00:00Z,fourier-demo,2.029669270057,0.801000000000,0.941588500543,-0.336765639052
2024-01-04T17:01:00Z,fourier-demo,2.104351092036,0.801150000000,0.941070420636,-0.338210679022
2024-01-04T17:02:00Z,fourier-demo,2.133903899933,0.801300000000,0.940550123052,-0.339654921982
2024-01-04T17:03:00Z,fourier-demo,2.120363354425,0.801450000000,0.940027609017,-0.341098364530
2024-01-04T17:04:00Z,fourier-demo,2.067308445586,0.801600000000,0.939502879763,-0.342541003263
2024-01-04T17:05:00Z,fourier-demo,1.979670401794,0.801750000000,0.938975936526,-0.343982834783
2024-01-04T17:06:00Z,fourier-demo,1.863490871643,0.801900000000,0.938446780548,-0.345423855690
2024-01-04T17:07:00Z,fourier-demo,1.725639902740,0.802050000000,0.937915413075,-0.346864062590
2024-01-04T17:08:00Z,fourier-demo,1.573505798222,0.802200000000,0.937381835360,-0.348303452088
2024-01-04T17:09:00Z,fourier-demo,1.414669985486,0.802350000000,0.936846048661,-0.349742020792
2024-01-04T17:10:00Z,fourier-demo,1.256580540441,0.802500000000,0.936308054240,-0.351179765313
2024-01-04T17:11:00Z,fourier-demo,1.106237955533,0.802650000000,0.935767853364,-0.352616682263
2024-01-04T17:12:00Z,fourier-demo,0.969906125107,0.802800000000,0.935225447308,-0.354052768254
2024-01-04T17:13:00Z,fourier-demo,0.852860374405,0.802950000000,0.934680837348,-0.355488019903
2024-01-04T17:14:00Z,fourier-demo,0.759182727569,0.803100000000,0.934134024769,-0.356922433828
2024-01-04T17:15:00Z,fourier-demo,0.691612564293,0.803250000000,0.933585010858,-0.358356006648
2024-01-04T17:16:00Z,fourier-demo,0.651458439740,0.803400000000,0.933033796911,-0.359788734986
2024-01-04T17:17:00Z,fourier-demo,0.638574237228,0.803550000000,0.932480384225,-0.361220615464
2024-01-04T17:18:00Z,fourier-demo,0.651400096266,0.803700000000,0.931924774105,-0.362651644709
2024-01-04T17:19:00Z,fourier-demo,0.687065823056,0.803850000000,0.931366967860,-0.364081819348
2024-01-04T17:20:00Z,fourier-demo,0.741551859956,0.804000000000,0.930806966805,-0.365511136011
2024-01-04T17:21:00Z,fourier-demo,0.809900473505,0.804150000000,0.930244772259,-0.366939591330
2024-01-04T17:22:00Z,fourier-demo,0.886467717428,0.804300000000,0.929680385547,-0.368367181938
2024-01-04T17:23:00Z,fourier-demo,0.965205024392,0.804450000000,0.929113808000,-0.369793904471
2024-01-04T17:24:00Z,fourier-demo,1.039958048421,0.804600000000,0.928545040952,-0.371219755568
2024-01-04T17:25:00Z,fourier-demo,1.104769669485,0.804750000000,0.927974085743,-0.372644731868
2024-01-04T17:26:00Z,fourier-demo,1.154173911888,0.804900000000,0.927400943720,-0.374068830013
2024-01-04T17:27:00Z,fourier-demo,1.183467925130,0.805050000000,0.926825616233,-0.375492046647
2024-01-04T17:28:00Z,fourier-demo,1.188950112890,0.805200000000,0.926248104637,-0.376914378416
2024-01-04T17:29:00Z,fourier-demo,1.168113933853,0.805350000000,0.925668410294,-0.378335821969
2024-01-04T17:30:00Z,fourier-demo,1.119788777161,0.805500000000,0.925086534569,-0.379756373955
2024-01-04T17:31:00Z,fourier-demo,1.044221557367,0.805650000000,0.924502478834,-0.381176031027
2024-01-04T17:32:00Z,fourier-demo,0.943095185624,0.805800000000,0.923916244465,-0.382594789841
2024-01-04T17:33:00Z,fourier-demo,0.819482751129,0.805950000000,0.923327832844,-0.384012647051
2024-01-04T17:34:00Z,fourier-demo,0.677738978203,0.806100000000,0.922737245357,-0.385429599318
2024-01-04T17:35:00Z,fourier-demo,0.523333196318,0.806250000000,0.922144483397,-0.386845643301
2024-01-04T17:36:00Z,fourier-demo,0.362630561449,0.806400000000,0.921549548359,-0.388260775664
2024-01-04T17:37:00Z,fourier-demo,0.202630493238,0.806550000000,0.920952441646,-0.389674993073
2024-01-04T17:38:00Z,fourier-demo,0.050673150387,0.806700000000,0.920353164665,-0.391088292194
2024-01-04T17:39:00Z,fourier-demo,-0.085873821435,0.806850000000,0.919751718828,-0.392500669696
2024-01-04T17:40:00Z,fourier-demo,-0.199935128656,0.807000000000,0.919148105553,-0.393912122253
2024-01-04T17:41:00Z,fourier-demo,-0.285040753698,0.807150000000,0.918542326262,-0.395322646537
2024-01-04T17:42:00Z,fourier-demo,-0.335618660820,0.807300000000,0.917934382383,-0.396732239224
2024-01-04T17:43:00Z,fourier-demo,-0.347254734526,0.807450000000,0.917324275347,-0.398140896993
2024-01-04T17:44:00Z,fourier-demo,-0.316908679359,0.807600000000,0.916712006594,-0.399548616524
2024-01-04T17:45:00Z,fourier-demo,-0.243076361452,0.807750000000,0.916097577565,-0.400955394500
2024-01-04T17:46:00Z,fourier-demo,-0.125891226368,0.807900000000,0.915480989709,-0.402361227606
2024-01-04T17:47:00Z,fourier-demo,0.032840103113,0.808050000000,0.914862244479,-0.403766112528
2024-01-04T17:48:00Z,fourier-demo,0.229670262215,0.808200000000,0.914241343333,-0.405170045957
2024-01-04T17:49:00Z,fourier-demo,0.459611037390,0.808350000000,0.913618287734,-0.406573024583
2024-01-04T17:50:00Z,fourier-demo,0.716297364352,0.808500000000,0.912993079150,-0.407975045100
2024-01-04T17:51:00Z,fourier-demo,0.992209423334,0.808650000000,0.912365719054,-0.409376104205
2024-01-04T17:52:00Z,fourier-demo,1.278944402766,0.808800000000,0.911736208926,-0.410776198596
2024-01-04T17:53:00Z,fourier-demo,1.567527414477,0.808950000000,0.911104550248,-0.412175324973
2024-01-04T17:54:00Z,fourier-demo,1.848749375044,0.809100000000,0.910470744509,-0.413573480040
2024-01-04T17:55:00Z,fourier-demo,2.113518488769,0.809250000000,0.909834793203,-0.414970660501
2024-01-04T17:56:00Z,fourier-demo,2.353211327471,0.809400000000,0.909196697828,-0.416366863064
2024-01-04T17:57:00Z,fourier-demo,2.560009428833,0.809550000000,0.908556459888,-0.417762084439
2024-01-04T17:58:00Z,fourier-demo,2.727207832958,0.809700000000,0.907914080892,-0.419156321338
2024-01-04T17:59:00Z,fourier-demo,2.849483027641,0.809850000000,0.907269562353,-0.420549570475
2024-01-04T18:00:00Z,fourier-demo,2.923109335320,0.810000000000,0.906622905791,-0.421941828568
2024-01-04T18:01:00Z,fourier-demo,2.946114786707,0.810150000000,0.905974112729,-0.423333092334
2024-01-04T18:02:00Z,fourier-demo,2.918369907188,0.810300000000,0.905323184696,-0.424723358496
2024-01-04T18:03:00Z,fourier-demo,2.841605496467,0.810450000000,0.904670123226,-0.426112623777
2024-01-04T18:04:00Z,fourier-demo,2.719358302747,0.810600000000,0.904014929858,-0.427500884904
2024-01-04T18:05:00Z,fourier-demo,2.556846366040,0.810750000000,0.903357606136,-0.428888138604
2024-01-04T18:06:00Z,fourier-demo,2.360778614835,0.810900000000,0.902698153610,-0.430274381610
2024-01-04T18:07:00Z,fourier-demo,2.139105932634,0.811050000000,0.902036573832,-0.431659610653
2024-01-04T18:08:00Z,fourier-demo,1.900723259043,0.811200000000,0.901372868363,-0.433043822470
2024-01-04T18:09:00Z,fourier-demo,1.655134259038,0.811350000000,0.900707038765,-0.434427013799
2024-01-04T18:10:00Z,fourier-demo,1.412091603714,0.811500000000,0.900039086609,-0.435809181380
2024-01-04T18:11:00Z,fourier-demo,1.181226894904,0.811650000000,0.899369013469,-0.437190321956
2024-01-04T18:12:00Z,fourier-demo,0.971684694225,0.811800000000,0.898696820922,-0.438570432273
2024-01-04T18:13:00Z,fourier-demo,0.791774966760,0.811950000000,0.898022510555,-0.439949509077
2024-01-04T18:14:00Z,fourier-demo,0.648657526565,0.812100000000,0.897346083954,-0.441327549120
2024-01-04T18:15:00Z,fourier-demo,0.548070804532,0.812250000000,0.896667542715,-0.442704549153
2024-01-04T18:16:00Z,fourier-demo,0.494115499892,0.812400000000,0.895986888437,-0.444080505933
2024-01-04T18:17:00Z,fourier-demo,0.489101495870,0.812550000000,0.895304122723,-0.445455416215
2024-01-04T18:18:00Z,fourier-demo,0.533463905670,0.812700000000,0.894619247183,-0.446829276761
2024-01-04T18:19:00Z,fourier-demo,0.625751368722,0.812850000000,0.893932263430,-0.448202084332
2024-01-04T18:20:00Z,fourier-demo,0.762686849810,0.813000000000,0.893243173083,-0.449573835694
2024-01-04T18:21:00Z,fourier-demo,0.939298320946,0.813150000000,0.892551977766,-0.450944527614
2024-01-04T18:22:00Z,fourier-demo,1.149113943688,0.813300000000,0.891858679109,-0.452314156862
2024-01-04T18:23:00Z,fourier-demo,1.384413829066,0.813450000000,0.891163278745,-0.453682720210
2024-01-04T18:24:00Z,fourier-demo,1.636528235639,0.813600000000,0.890465778312,-0.455050214434
2024-01-04T18:25:00Z,fourier-demo,1.896170262371,0.813750000000,0.889766179454,-0.456416636310
2024-01-04T18:26:00Z,fourier-demo,2.153789773855,0.813900000000,0.889064483820,-0.457781982618
2024-01-04T18:27:00Z,fourier-demo,2.399934513397,0.814050000000,0.888360693064,-0.459146250142
2024-01-04T18:28:00Z,fourier-demo,2.625604144753,0.814200000000,0.887654808843,-0.460509435666
2024-01-04T18:29:00Z,fourier-demo,2.822583323328,0.814350000000,0.886946832823,-0.461871535977
2024-01-04T18:30:00Z,fourier-demo,2.983740816163,0.814500000000,0.886236766670,-0.463232547867
2024-01-04T18:31:00Z,fourier-demo,3.103283128389,0.814650000000,0.885524612058,-0.464592468127
2024-01-04T18:32:00Z,fourier-demo,3.176952992077,0.814800000000,0.884810370665,-0.465951293553
2024-01-04T18:33:00Z,fourier-demo,3.202165353135,0.814950000000,0.884094044175,-0.467309020942
2024-01-04T18:34:00Z,fourier-demo,3.178076059278,0.815100000000,0.883375634276,-0.468665647096
2024-01-04T18:35:00Z,fourier-demo,3.105581201710,0.815250000000,0.882655142660,-0.470021168817
2024-01-04T18:36:00Z,fourier-demo,2.987247882512,0.815400000000,0.881932571025,-0.471375582911
2024-01-04T18:37:00Z,fourier-demo,2.827179953566,0.815550000000,0.881207921075,-0.472728886186
2024-01-04T18:38:00Z,fourier-demo,2.630824888167,0.815700000000,0.880481194516,-0.474081075454
2024-01-04T18:39:00Z,fourier-demo,2.404730296969,0.815850000000,0.879752393062,-0.475432147526
2024-01-04T18:40:00Z,fourier-demo,2.156260590238,0.816000000000,0.879021518430,-0.476782099220
2024-01-04T18:41:00Z,fourier-demo,1.893285838359,0.816150000000,0.878288572342,-0.478130927355
2024-01-04T18:42:00Z,fourier-demo,1.623855930023,0.816300000000,0.877553556525,-0.479478628752
2024-01-04T18:43:00Z,fourier-demo,1.355873631177,0.816450000000,0.876816472712,-0.480825200234
2024-01-04T18:44:00Z,fourier-demo,1.096780088735,0.816600000000,0.876077322640,-0.482170638629
2024-01-04T18:45:00Z,fourier-demo,0.853265705501,0.816750000000,0.875336108050,-0.483514940767
2024-01-04T18:46:00Z,fourier-demo,0.631018163742,0.816900000000,0.874592830688,-0.484858103478
2024-01-04T18:47:00Z,fourier-demo,0.434517743594,0.817050000000,0.873847492308,-0.486200123598
2024-01-04T18:48:00Z,fourier-demo,0.266888037447,0.817200000000,0.873100094664,-0.487540997965
2024-01-04T18:49:00Z,fourier-demo,0.129807788486,0.817350000000,0.872350639519,-0.488880723419
2024-01-04T18:50:00Z,fourier-demo,0.023486979557,0.817500000000,0.871599128639,-0.490219296801
2024-01-04T18:51:00Z,fourier-demo,-0.053292424172,0.817650000000,0.870845563793,-0.491556714959
2024-01-04T18:52:00Z,fourier-demo,-0.103073405556,0.817800000000,0.870089946759,-0.492892974740
2024-01-04T18:53:00Z,fourier-demo,-0.129563450231,0.817950000000,0.869332279317,-0.494228072996
2024-01-04T18:54:00Z,fourier-demo,-0.137424087252,0.818100000000,0.868572563252,-0.495562006580
2024-01-04T18:55:00Z,fourier-demo,-0.132019872981,0.818250000000,0.867810800355,-0.496894772348
2024-01-04T18:56:00Z,fourier-demo,-0.119137970382,0.818400000000,0.867046992421,-0.498226367161
2024-01-04T18:57:00Z,fourier-demo,-0.104690699791,0.818550000000,0.866281141249,-0.499556787879
2024-01-04T18:58:00Z,fourier-demo,-0.094414139477,0.818700000000,0.865513248645,-0.500886031368
2024-01-04T18:59:00Z,fourier-demo,-0.093576006160,0.818850000000,0.864743316418,-0.502214094496
2024-01-04T19:00:00Z,fourier-demo,-0.106705640950,0.819000000000,0.863971346383,-0.503540974132
2024-01-04T19:01:00Z,fourier-demo,-0.137357981801,0.819150000000,0.863197340358,-0.504866667150
2024-01-04T19:02:00Z,fourier-demo,-0.187921958878,0.819300000000,0.862421300168,-0.506191170426
2024-01-04T19:03:00Z,fourier-demo,-0.259481864201,0.819450000000,0.861643227641,-0.507514480839
2024-01-04T19:04:00Z,fourier-demo,-0.351737999811,0.819600000000,0.860863124611,-0.508836595269
2024-01-04T19:05:00Z,fourier-demo,-0.462990392786,0.819750000000,0.860080992916,-0.510157510602
2024-01-04T19:06:00Z,fourier-demo,-0.590186685281,0.819900000000,0.859296834400,-0.511477223725
2024-01-04T19:07:00Z,fourier-demo,-0.729032574623,0.820050000000,0.858510650911,-0.512795731528
2024-01-04T19:08:00Z,fourier-demo,-0.874160506174,0.820200000000,0.857722444300,-0.514113030903
2024-01-04T19:09:00Z,fourier-demo,-1.019349821350,0.820350000000,0.856932216426,-0.515429118747
2024-01-04T19:10:00Z,fourier-demo,-1.157789339288,0.820500000000,0.856139969150,-0.516743991957
2024-01-04T19:11:00Z,fourier-demo,-1.282371496065,0.820650000000,0.855345704340,-0.518057647436
2024-01-04T19:12:00Z,fourier-demo,-1.386005758184,0.820800000000,0.854549423868,-0.519370082087
2024-01-04T19:13:00Z,fourier-demo,-1.461938126677,0.820950000000,0.853751129609,-0.520681292818
2024-01-04T19:14:00Z,fourier-demo,-1.504063193403,0.821100000000,0.852950823446,-0.521991276539
2024-01-04T19:15:00Z,fourier-demo,-1.507215418361,0.821250000000,0.852148507263,-0.523300030163
2024-01-04T19:16:00Z,fourier-demo,-1.467427059038,0.821400000000,0.851344182953,-0.524607550606
2024-01-04T19:17:00Z,fourier-demo,-1.382141470499,0.821550000000,0.850537852409,-0.525913834786
2024-01-04T19:18:00Z,fourier-demo,-1.250372256491,0.821700000000,0.849729517533,-0.527218879626
2024-01-04T19:19:00Z,fourier-demo,-1.072800916338,0.821850000000,0.848919180229,-0.528522682049
2024-01-04T19:20:00Z,fourier-demo,-0.851808112078,0.822000000000,0.848106842406,-0.529825238983
2024-01-04T19:21:00Z,fourier-demo,-0.591436374243,0.822150000000,0.847292505980,-0.531126547359
2024-01-04T19:22:00Z,fourier-demo,-0.297284862946,0.822300000000,0.846476172869,-0.532426604111
2024-01-04T19:23:00Z,fourier-demo,0.023660410917,0.822450000000,0.845657844997,-0.533725406174
2024-01-04T19:24:00Z,fourier-demo,0.363254835797,0.822600000000,0.844837524292,-0.535022950487
2024-01-04T19:25:00Z,fourier-demo,0.712473422603,0.822750000000,0.844015212688,-0.536319233994
2024-01-04T19:26:00Z,fourier-demo,1.061728406665,0.822900000000,0.843190912121,-0.537614253639
2024-01-04T19:27:00Z,fourier-demo,1.401213959402,0.823050000000,0.842364624536,-0.538908006371
2024-01-04T19:28:00Z,fourier-demo,1.721264556016,0.823200000000,0.841536351878,-0.540200489141
2024-01-04T19:29:00Z,fourier-demo,2.012712901276,0.823350000000,0.840706096100,-0.541491698902
2024-01-04T19:30:00Z,fourier-demo,2.267233239384,0.823500000000,0.839873859159,-0.542781632613
2024-01-04T19:31:00Z,fourier-demo,2.477656370817,0.823650000000,0.839039643015,-0.544070287233
2024-01-04T19:32:00Z,fourier-demo,2.638243750344,0.823800000000,0.838203449634,-0.545357659726
2024-01-04T19:33:00Z,fourier-demo,2.744909604950,0.823950000000,0.837365280987,-0.546643747057
2024-01-04T19:34:00Z,fourier-demo,2.795382026069,0.824100000000,0.836525139050,-0.547928546197
2024-01-04T19:35:00Z,fourier-demo,2.789296376769,0.824250000000,0.835683025801,-0.549212054118
2024-01-04T19:36:00Z,fourier-demo,2.728217015550,0.824400000000,0.834838943226,-0.550494267794
2024-01-04T19:37:00Z,fourier-demo,2.615586167254,0.824550000000,0.833992893313,-0.551775184204
2024-01-04T19:38:00Z,fourier-demo,2.456601654150,0.824700000000,0.833144878057,-0.553054800330
2024-01-04T19:39:00Z,fourier-demo,2.258028020354,0.824850000000,0.832294899455,-0.554333113156
2024-01-04T19:40:00Z,fourier-demo,2.027948226383,0.825000000000,0.831442959511,-0.555610119670
2024-01-04T19:41:00Z,fourier-demo,1.775465451072,0.825150000000,0.830589060232,-0.556885816862
2024-01-04T19:42:00Z,fourier-demo,1.510366519820,0.825300000000,0.829733203631,-0.558160201727
2024-01-04T19:43:00Z,fourier-demo,1.242760001108,0.825450000000,0.828875391724,-0.559433271261
2024-01-04T19:44:00Z,fourier-demo,0.982703015739,0.825600000000,0.828015626534,-0.560705022464
2024-01-04T19:45:00Z,fourier-demo,0.739831244914,0.825750000000,0.827153910085,-0.561975452338
2024-01-04T19:46:00Z,fourier-demo,0.523006486154,0.825900000000,0.826290244409,-0.563244557892
2024-01-04T19:47:00Z,fourier-demo,0.339995395840,0.826050000000,0.825424631541,-0.564512336132
2024-01-04T19:48:00Z,fourier-demo,0.197191802711,0.826200000000,0.824557073521,-0.565778784073
2024-01-04T19:49:00Z,fourier-demo,0.099393228706,0.826350000000,0.823687572393,-0.567043898729
2024-01-04T19:50:00Z,fourier-demo,0.049640083077,0.826500000000,0.822816130206,-0.568307677120
2024-01-04T19:51:00Z,fourier-demo,0.049123490513,0.826650000000,0.821942749014,-0.569570116266
2024-01-04T19:52:00Z,fourier-demo,0.097164975516,0.826800000000,0.821067430875,-0.570831213194
2024-01-04T19:53:00Z,fourier-demo,0.191268364219,0.826950000000,0.820190177852,-0.572090964930
2024-01-04T19:54:00Z,fourier-demo,0.327241396879,0.827100000000,0.819310992012,-0.573349368508
2024-01-04T19:55:00Z,fourier-demo,0.499381785061,0.827250000000,0.818429875427,-0.574606420960
2024-01-04T19:56:00Z,fourier-demo,0.700719908385,0.827400000000,0.817546830173,-0.575862119326
2024-01-04T19:57:00Z,fourier-demo,0.923308128665,0.827550000000,0.816661858331,-0.577116460645
2024-01-04T19:58:00Z,fourier-demo,1.158544893227,0.827700000000,0.815774961987,-0.578369441961
2024-01-04T19:59:00Z,fourier-demo,1.397520476245,0.827850000000,0.814886143231,-0.579621060323
2024-01-04T20:00:00Z,fourier-demo,1.631370419352,0.828000000000,0.813995404157,-0.580871312780
2024-01-04T20:01:00Z,fourier-demo,1.851622511038,0.828150000000,0.813102746864,-0.582120196387
2024-01-04T20:02:00Z,fourier-demo,2.050523495788,0.828300000000,0.812208173457,-0.583367708200
2024-01-04T20:03:00Z,fourier-demo,2.221332612649,0.828450000000,0.811311686042,-0.584613845279
2024-01-04T20:04:00Z,fourier-demo,2.358570490198,0.828600000000,0.810413286733,-0.585858604688
2024-01-04T20:05:00Z,fourier-demo,2.458213811190,0.828750000000,0.809512977646,-0.587101983493
2024-01-04T20:06:00Z,fourier-demo,2.517828427061,0.828900000000,0.808610760905,-0.588343978765
2024-01-04T20:07:00Z,fourier-demo,2.536636156487,0.829050000000,0.807706638633,-0.589584587577
2024-01-04T20:08:00Z,fourier-demo,2.515513238015,0.829200000000,0.806800612963,-0.590823807004
2024-01-04T20:09:00Z,fourier-demo,2.456921212213,0.829350000000,0.805892686028,-0.592061634128
2024-01-04T20:10:00Z,fourier-demo,2.364773768758,0.829500000000,0.804982859970,-0.593298066030
2024-01-04T20:11:00Z,fourier-demo,2.244245695589,0.829650000000,0.804071136931,-0.594533099797
2024-01-04T20:12:00Z,fourier-demo,2.101532404605,0.829800000000,0.803157519061,-0.595766732518
2024-01-04T20:13:00Z,fourier-demo,1.943570486315,0.829950000000,0.802242008512,-0.596998961288
2024-01-04T20:14:00Z,fourier-demo,1.777731284227,0.830100000000,0.801324607442,-0.598229783201
2024-01-04T20:15:00Z,fourier-demo,1.611500516745,0.830250000000,0.800405318012,-0.599459195357
2024-01-04T20:16:00Z,fourier-demo,1.452157468693,0.830400000000,0.799484142390,-0.600687194859
2024-01-04T20:17:00Z,fourier-demo,1.306467207558,0.830550000000,0.798561082745,-0.601913778813
2024-01-04T20:18:00Z,fourier-demo,1.180398655436,0.830700000000,0.797636141253,-0.603138944329
2024-01-04T20:19:00Z,fourier-demo,1.078880193763,0.830850000000,0.796709320094,-0.604362688520
2024-01-04T20:20:00Z,fourier-demo,1.005602843201,0.831000000000,0.795780621452,-0.605585008501
2024-01-04T20:21:00Z,fourier-demo,0.962879014368,0.831150000000,0.794850047515,-0.606805901393
2024-01-04T20:22:00Z,fourier-demo,0.951562451953,0.831300000000,0.793917600476,-0.608025364318
2024-01-04T20:23:00Z,fourier-demo,0.971032394352,0.831450000000,0.792983282533,-0.609243394402
2024-01-04T20:24:00Z,fourier-demo,1.019242251292,0.831600000000,0.792047095888,-0.610459988776
2024-01-04T20:25:00Z,fourier-demo,1.092830376262,0.831750000000,0.791109042746,-0.611675144571
2024-01-04T20:26:00Z,fourier-demo,1.187287891951,0.831900000000,0.790169125318,-0.612888858925
2024-01-04T20:27:00Z,fourier-demo,1.297176124044,0.832050000000,0.789227345819,-0.614101128978
2024-01-04T20:28:00Z,fourier-demo,1.416384111300,0.832200000000,0.788283706468,-0.615311951872
2024-01-04T20:29:00Z,fourier-demo,1.538414974297,0.832350000000,0.787338209490,-0.616521324755
2024-01-04T20:30:00Z,fourier-demo,1.656688711590,0.832500000000,0.786390857112,-0.617729244775
2024-01-04T20:31:00Z,fourier-demo,1.764848300483,0.832650000000,0.785441651567,-0.618935709088
2024-01-04T20:32:00Z,fourier-demo,1.857055838973,0.832800000000,0.784490595091,-0.620140714849
2024-01-04T20:33:00Z,fourier-demo,1.928265881550,0.832950000000,0.783537689926,-0.621344259220
2024-01-04T20:34:00Z,fourier-demo,1.974464077350,0.833100000000,0.782582938317,-0.622546339363
2024-01-04T20:35:00Z,fourier-demo,1.992860675072,0.833250000000,0.781626342515,-0.623746952447
2024-01-04T20:36:00Z,fourier-demo,1.982030355039,0.833400000000,0.780667904773,-0.624946095641
2024-01-04T20:37:00Z,fourier-demo,1.941992106215,0.833550000000,0.779707627351,-0.626143766120
2024-01-04T20:38:00Z,fourier-demo,1.874225391525,0.833700000000,0.778745512510,-0.627339961062
2024-01-04T20:39:00Z,fourier-demo,1.781621533752,0.833850000000,0.777781562519,-0.628534677647
2024-01-04T20:40:00Z,fourier-demo,1.668371995116,0.834000000000,0.776815779649,-0.629727913061
2024-01-04T20:41:00Z,fourier-demo,1.539797902608,0.834150000000,0.775848166176,-0.630919664491
2024-01-04T20:42:00Z,fourier-demo,1.402127676826,0.834300000000,0.774878724380,-0.632109929129
2024-01-04T20:43:00Z,fourier-demo,1.262231850075,0.834450000000,0.773907456545,-0.633298704170
2024-01-04T20:44:00Z,fourier-demo,1.127326016800,0.834600000000,0.772934364961,-0.634485986813
2024-01-04T20:45:00Z,fourier-demo,1.004654268043,0.834750000000,0.771959451921,-0.635671774260
2024-01-04T20:46:00Z,fourier-demo,0.901166361974,0.834900000000,0.770982719721,-0.636856063716
2024-01-04T20:47:00Z,fourier-demo,0.823202236059,0.835050000000,0.770004170664,-0.638038852390
2024-01-04T20:48:00Z,fourier-demo,0.776197256639,0.835200000000,0.769023807056,-0.639220137496
2024-01-04T20:49:00Z,fourier-demo,0.764420835706,0.835350000000,0.768041631208,-0.640399916249
2024-01-04T20:50:00Z,fourier-demo,0.790759752168,0.835500000000,0.767057645432,-0.641578185870
2024-01-04T20:51:00Z,fourier-demo,0.856555747525,0.835650000000,0.766071852049,-0.642754943581
2024-01-04T20:52:00Z,fourier-demo,0.961504794679,0.835800000000,0.765084253382,-0.643930186610
2024-01-04T20:53:00Z,fourier-demo,1.103622951624,0.835950000000,0.764094851757,-0.645103912187
2024-01-04T20:54:00Z,fourier-demo,1.279281009961,0.836100000000,0.763103649506,-0.646276117546
2024-01-04T20:55:00Z,fourier-demo,1.483307341663,0.836250000000,0.762110648966,-0.647446799925
2024-01-04T20:56:00Z,fourier-demo,1.709155551027,0.836400000000,0.761115852476,-0.648615956564
2024-01-04T20:57:00Z,fourier-demo,1.949130866585,0.836550000000,0.760119262380,-0.649783584710
2024-01-04T20:58:00Z,fourier-demo,2.194666769764,0.836700000000,0.759120881028,-0.650949681610
2024-01-04T20:59:00Z,fourier-demo,2.436641253415,0.836850000000,0.758120710771,-0.652114244516
2024-01-04T21:00:00Z,fourier-demo,2.665720421000,0.837000000000,0.757118753967,-0.653277270684
2024-01-04T21:01:00Z,fourier-demo,2.872715945990,0.837150000000,0.756115012976,-0.654438757373
2024-01-04T21:02:00Z,fourier-demo,3.048942260893,0.837300000000,0.755109490165,-0.655598701846
2024-01-04T21:03:00Z,fourier-demo,3.186559264318,0.837450000000,0.754102187903,-0.656757101370
2024-01-04T21:04:00Z,fourier-demo,3.278886827458,0.837600000000,0.753093108563,-0.657913953215
2024-01-04T21:05:00Z,fourier-demo,3.320678429842,0.837750000000,0.752082254524,-0.659069254654
2024-01-04T21:06:00Z,fourier-demo,3.308342817125,0.837900000000,0.751069628167,-0.660223002966
2024-01-04T21:07:00Z,fourier-demo,3.240104588897,0.838050000000,0.750055231879,-0.661375195431
2024-01-04T21:08:00Z,fourier-demo,3.116097011491,0.838200000000,0.749039068050,-0.662525829334
2024-01-04T21:09:00Z,fourier-demo,2.938383013799,0.838350000000,0.748021139076,-0.663674901963
2024-01-04T21:10:00Z,fourier-demo,2.710903156043,0.838500000000,0.747001447354,-0.664822410611
2024-01-04T21:11:00Z,fourier-demo,2.439352248291,0.838650000000,0.745979995288,-0.665968352574
2024-01-04T21:12:00Z,fourier-demo,2.130989120840,0.838800000000,0.744956785285,-0.667112725151
2024-01-04T21:13:00Z,fourier-demo,1.794386698420,0.838950000000,0.743931819756,-0.668255525645
2024-01-04T21:14:00Z,fourier-demo,1.439131897575,0.839100000000,0.742905101116,-0.669396751363
2024-01-04T21:15:00Z,fourier-demo,1.075486855926,0.839250000000,0.741876631786,-0.670536399616
2024-01-04T21:16:00Z,fourier-demo,0.714024533133,0.839400000000,0.740846414188,-0.671674467719
2024-01-04T21:17:00Z,fourier-demo,0.365252734322,0.839550000000,0.739814450750,-0.672810952989
2024-01-04T21:18:00Z,fourier-demo,0.039241057007,0.839700000000,0.738780743905,-0.673945852747
2024-01-04T21:19:00Z,fourier-demo,-0.254734865933,0.839850000000,0.737745296088,-0.675079164321
2024-01-04T21:20:00Z,fourier-demo,-0.508518156557,0.840000000000,0.736708109739,-0.676210885039
2024-01-04T21:21:00Z,fourier-demo,-0.715352091170,0.840150000000,0.735669187303,-0.677341012234
2024-01-04T21:22:00Z,fourier-demo,-0.870107424850,0.840300000000,0.734628531227,-0.678469543242
2024-01-04T21:23:00Z,fourier-demo,-0.969447121108,0.840450000000,0.733586143965,-0.679596475405
2024-01-04T21:24:00Z,fourier-demo,-1.011922465918,0.840600000000,0.732542027972,-0.680721806067
2024-01-04T21:25:00Z,fourier-demo,-0.997997278952,0.840750000000,0.731496185709,-0.681845532576
2024-01-04T21:26:00Z,fourier-demo,-0.929999792116,0.840900000000,0.730448619641,-0.682967652283
2024-01-04T21:27:00Z,fourier-demo,-0.812004630978,0.841050000000,0.729399332236,-0.684088162545
2024-01-04T21:28:00Z,fourier-demo,-0.649650092568,0.841200000000,0.728348325967,-0.685207060721
2024-01-04T21:29:00Z,fourier-demo,-0.449898452349,0.841350000000,0.727295603311,-0.686324344173
2024-01-04T21:30:00Z,fourier-demo,-0.220749251703,0.841500000000,0.726241166748,-0.687440010270
2024-01-04T21:31:00Z,fourier-demo,0.029082673809,0.841650000000,0.725185018763,-0.688554056383
2024-01-04T21:32:00Z,fourier-demo,0.290511337914,0.841800000000,0.724127161846,-0.689666479885
2024-01-04T21:33:00Z,fourier-demo,0.554432038162,0.841950000000,0.723067598489,-0.690777278155
2024-01-04T21:34:00Z,fourier-demo,0.812067972266,0.842100000000,0.722006331189,-0.691886448576
2024-01-04T21:35:00Z,fourier-demo,1.055297270441,0.842250000000,0.720943362447,-0.692993988534
2024-01-04T21:36:00Z,fourier-demo,1.276947577597,0.842400000000,0.719878694768,-0.694099895418
2024-01-04T21:37:00Z,fourier-demo,1.471046736634,0.842550000000,0.718812330660,-0.695204166624
2024-01-04T21:38:00Z,fourier-demo,1.633019999628,0.842700000000,0.717744272637,-0.696306799548
2024-01-04T21:39:00Z,fourier-demo,1.759826449424,0.842850000000,0.716674523216,-0.697407791592
2024-01-04T21:40:00Z,fourier-demo,1.850029856443,0.843000000000,0.715603084918,-0.698507140161
2024-01-04T21:41:00Z,fourier-demo,1.903801919540,0.843150000000,0.714529960267,-0.699604842666
2024-01-04T21:42:00Z,fourier-demo,1.922858633330,0.843300000000,0.713455151792,-0.700700896518
2024-01-04T21:43:00Z,fourier-demo,1.910333272739,0.843450000000,0.712378662026,-0.701795299136
2024-01-04T21:44:00Z,fourier-demo,1.870592076022,0.843600000000,0.711300493507,-0.702888047940
2024-01-04T21:45:00Z,fourier-demo,1.809001034282,0.843750000000,0.710220648774,-0.703979140355
2024-01-04T21:46:00Z,fourier-demo,1.731654163584,0.843900000000,0.709139130373,-0.705068573810
2024-01-04T21:47:00Z,fourier-demo,1.645075165349,0.844050000000,0.708055940852,-0.706156345737
2024-01-04T21:48:00Z,fourier-demo,1.555905410003,0.844200000000,0.706971082763,-0.707242453574
2024-01-04T21:49:00Z,fourier-demo,1.470591666775,0.844350000000,0.705884558664,-0.708326894760
2024-01-04T21:50:00Z,fourier-demo,1.395086930530,0.844500000000,0.704796371114,-0.709409666740
2024-01-04T21:51:00Z,fourier-demo,1.334577068959,0.844650000000,0.703706522678,-0.710490766963
2024-01-04T21:52:00Z,fourier-demo,1.293244857600,0.844800000000,0.702615015925,-0.711570192881
2024-01-04T21:53:00Z,fourier-demo,1.274081335269,0.844950000000,0.701521853426,-0.712647941950
2024-01-04T21:54:00Z,fourier-demo,1.278752367173,0.845100000000,0.700427037758,-0.713724011631
2024-01-04T21:55:00Z,fourier-demo,1.307525932968,0.845250000000,0.699330571500,-0.714798399387
2024-01-04T21:56:00Z,fourier-demo,1.359263061292,0.845400000000,0.698232457236,-0.715871102687
2024-01-04T21:57:00Z,fourier-demo,1.431472619018,0.845550000000,0.697132697555,-0.716942119002
2024-01-04T21:58:00Z,fourier-demo,1.520427445547,0.845700000000,0.696031295048,-0.718011445810
2024-01-04T21:59:00Z,fourier-demo,1.621336713093,0.845850000000,0.694928252310,-0.719079080590
2024-01-04T22:00:00Z,fourier-demo,1.728567001489,0.846000000000,0.693823571940,-0.720145020826
2024-01-04T22:01:00Z,fourier-demo,1.835902500120,0.846150000000,0.692717256543,-0.721209264006
2024-01-04T22:02:00Z,fourier-demo,1.936833076575,0.846300000000,0.691609308724,-0.722271807622
2024-01-04T22:03:00Z,fourier-demo,2.024857751119,0.846450000000,0.690499731096,-0.723332649171
2024-01-04T22:04:00Z,fourier-demo,2.093790438280,0.846600000000,0.689388526272,-0.724391786152
2024-01-04T22:05:00Z,fourier-demo,2.138054690269,0.846750000000,0.688275696872,-0.725449216069
2024-01-04T22:06:00Z,fourier-demo,2.152954607219,0.846900000000,0.687161245517,-0.726504936431
2024-01-04T22:07:00Z,fourier-demo,2.134910049043,0.847050000000,0.686045174835,-0.727558944750
2024-01-04T22:08:00Z,fourier-demo,2.081645753370,0.847200000000,0.684927487454,-0.728611238542
2024-01-04T22:09:00Z,fourier-demo,1.992325873074,0.847350000000,0.683808186009,-0.729661815327
2024-01-04T22:10:00Z,fourier-demo,1.867627716762,0.847500000000,0.682687273138,-0.730710672630
2024-01-04T22:11:00Z,fourier-demo,1.709751012528,0.847650000000,0.681564751483,-0.731757807978
2024-01-04T22:12:00Z,fourier-demo,1.522361714515,0.847800000000,0.680440623687,-0.732803218904
2024-01-04T22:13:00Z,fourier-demo,1.310472121684,0.847950000000,0.679314892402,-0.733846902945
2024-01-04T22:14:00Z,fourier-demo,1.080261764706,0.848100000000,0.678187560278,-0.734888857641
2024-01-04T22:15:00Z,fourier-demo,0.838846028643,0.848250000000,0.677058629973,-0.735929080536
2024-01-04T22:16:00Z,fourier-demo,0.594001711493,0.848400000000,0.675928104148,-0.736967569180
2024-01-04T22:17:00Z,fourier-demo,0.353860578676,0.848550000000,0.674795985466,-0.738004321125
2024-01-04T22:18:00Z,fourier-demo,0.126583383169,0.848700000000,0.673662276596,-0.739039333927
2024-01-04T22:19:00Z,fourier-demo,-0.079972279425,0.848850000000,0.672526980208,-0.740072605149
2024-01-04T22:20:00Z,fourier-demo,-0.258576560559,0.849000000000,0.671390098979,-0.741104132355
2024-01-04T22:21:00Z,fourier-demo,-0.402930886779,0.849150000000,0.670251635587,-0.742133913113
2024-01-04T22:22:00Z,fourier-demo,-0.507937691477,0.849300000000,0.669111592716,-0.743161944998
2024-01-04T22:23:00Z,fourier-demo,-0.569924915415,0.849450000000,0.667969973051,-0.744188225587
2024-01-04T22:24:00Z,fourier-demo,-0.586815617117,0.849600000000,0.666826779284,-0.745212752460
2024-01-04T22:25:00Z,fourier-demo,-0.558235215145,0.849750000000,0.665682014108,-0.746235523205
2024-01-04T22:26:00Z,fourier-demo,-0.485551382233,0.849900000000,0.664535680221,-0.747256535411
2024-01-04T22:27:00Z,fourier-demo,-0.371844324752,0.850050000000,0.663387780323,-0.748275786671
2024-01-04T22:28:00Z,fourier-demo,-0.221807999908,0.850200000000,0.662238317122,-0.749293274583
2024-01-04T22:29:00Z,fourier-demo,-0.041585632519,0.850350000000,0.661087293324,-0.750308996751
2024-01-04T22:30:00Z,fourier-demo,0.161454421525,0.850500000000,0.659934711643,-0.751322950780
2024-01-04T22:31:00Z,fourier-demo,0.378993966760,0.850650000000,0.658780574794,-0.752335134281
2024-01-04T22:32:00Z,fourier-demo,0.602080799611,0.850800000000,0.657624885498,-0.753345544869
2024-01-04T22:33:00Z,fourier-demo,0.821472769754,0.850950000000,0.656467646478,-0.754354180162
2024-01-04T22:34:00Z,fourier-demo,1.027996558026,0.851100000000,0.655308860460,-0.755361037784
2024-01-04T22:35:00Z,fourier-demo,1.212906996050,0.851250000000,0.654148530177,-0.756366115362
2024-01-04T22:36:00Z,fourier-demo,1.368232661323,0.851400000000,0.652986658361,-0.757369410527
2024-01-04T22:37:00Z,fourier-demo,1.487093965166,0.851550000000,0.651823247751,-0.758370920916
2024-01-04T22:38:00Z,fourier-demo,1.563980991339,0.851700000000,0.650658301089,-0.759370644168
2024-01-04T22:39:00Z,fourier-demo,1.594979899250,0.851850000000,0.649491821120,-0.760368577926
2024-01-04T22:40:00Z,fourier-demo,1.577938715577,0.852000000000,0.648323810593,-0.761364719841
2024-01-04T22:41:00Z,fourier-demo,1.512565721300,0.852150000000,0.647154272260,-0.762359067563
2024-01-04T22:42:00Z,fourier-demo,1.400456301782,0.852300000000,0.645983208878,-0.763351618750
2024-01-04T22:43:00Z,fourier-demo,1.245046958764,0.852450000000,0.644810623205,-0.764342371063
2024-01-04T22:44:00Z,fourier-demo,1.051498070633,0.852600000000,0.643636518006,-0.765331322167
2024-01-04T22:45:00Z,fourier-demo,0.826509814908,0.852750000000,0.642460896047,-0.766318469731
2024-01-04T22:46:00Z,fourier-demo,0.578078320286,0.852900000000,0.641283760098,-0.767303811430
2024-01-04T22:47:00Z,fourier-demo,0.315201487929,0.853050000000,0.640105112934,-0.768287344941
2024-01-04T22:48:00Z,fourier-demo,0.047545917147,0.853200000000,0.638924957331,-0.769269067946
2024-01-04T22:49:00Z,fourier-demo,-0.214912091135,0.853350000000,0.637743296072,-0.770248978133
2024-01-04T22:50:00Z,fourier-demo,-0.462257460604,0.853500000000,0.636560131941,-0.771227073191
2024-01-04T22:51:00Z,fourier-demo,-0.685004743921,0.853650000000,0.635375467726,-0.772203350817
2024-01-04T22:52:00Z,fourier-demo,-0.874449672695,0.853800000000,0.634189306218,-0.773177808708
2024-01-04T22:53:00Z,fourier-demo,-1.022990212622,0.853950000000,0.633001650213,-0.774150444570
2024-01-04T22:54:00Z,fourier-demo,-1.124404719725,0.854100000000,0.631812502510,-0.775121256109
2024-01-04T22:55:00Z,fourier-demo,-1.174076524132,0.854250000000,0.630621865911,-0.776090241039
2024-01-04T22:56:00Z,fourier-demo,-1.169156421660,0.854400000000,0.629429743221,-0.777057397075
2024-01-04T22:57:00Z,fourier-demo,-1.108657043322,0.854550000000,0.628236137251,-0.778022721938
2024-01-04T22:58:00Z,fourier-demo,-0.993475797518,0.854700000000,0.627041050812,-0.778986213355
2024-01-04T22:59:00Z,fourier-demo,-0.826345928698,0.854850000000,0.625844486722,-0.779947869053
2024-01-04T23:00:00Z,fourier-demo,-0.611718094295,0.855000000000,0.624646447799,-0.780907686767
2024-01-04T23:01:00Z,fourier-demo,-0.355577613217,0.855150000000,0.623446936867,-0.781865664236
2024-01-04T23:02:00Z,fourier-demo,-0.065205073070,0.855300000000,0.622245956754,-0.782821799201
2024-01-04T23:03:00Z,fourier-demo,0.251109802400,0.855450000000,0.621043510288,-0.783776089409
2024-01-04T23:04:00Z,fourier-demo,0.584389318250,0.855600000000,0.619839600304,-0.784728532612
2024-01-04T23:05:00Z,fourier-demo,0.925310972813,0.855750000000,0.618634229638,-0.785679126565
2024-01-04T23:06:00Z,fourier-demo,1.264558796162,0.855900000000,0.617427401132,-0.786627869028
2024-01-04T23:07:00Z,fourier-demo,1.593168807655,0.856050000000,0.616219117628,-0.787574757765
2024-01-04T23:08:00Z,fourier-demo,1.902854879151,0.856200000000,0.615009381976,-0.788519790545
2024-01-04T23:09:00Z,fourier-demo,2.186302186935,0.856350000000,0.613798197024,-0.789462965141
2024-01-04T23:10:00Z,fourier-demo,2.437416848592,0.856500000000,0.612585565628,-0.790404279330
2024-01-04T23:11:00Z,fourier-demo,2.651522211395,0.856650000000,0.611371490646,-0.791343730894
2024-01-04T23:12:00Z,fourier-demo,2.825494508388,0.856800000000,0.610155974937,-0.792281317619
2024-01-04T23:13:00Z,fourier-demo,2.957833133880,0.856950000000,0.608939021367,-0.793217037296
2024-01-04T23:14:00Z,fourier-demo,3.048663506723,0.857100000000,0.607720632803,-0.794150887719
2024-01-04T23:15:00Z,fourier-demo,3.099673275553,0.857250000000,0.606500812117,-0.795082866688
2024-01-04T23:16:00Z,fourier-demo,3.113985360504,0.857400000000,0.605279562183,-0.796012972007
2024-01-04T23:17:00Z,fourier-demo,3.095973908358,0.857550000000,0.604056885879,-0.796941201483
2024-01-04T23:18:00Z,fourier-demo,3.051031556883,0.857700000000,0.602832786087,-0.797867552930
2024-01-04T23:19:00Z,fourier-demo,2.985298364551,0.857850000000,0.601607265690,-0.798792024164
2024-01-04T23:20:00Z,fourier-demo,2.905364284201,0.858000000000,0.600380327578,-0.799714613007
2024-01-04T23:21:00Z,fourier-demo,2.817958081865,0.858150000000,0.599151974641,-0.800635317285
2024-01-04T23:22:00Z,fourier-demo,2.729636084126,0.858300000000,0.597922209774,-0.801554134828
2024-01-04T23:23:00Z,fourier-demo,2.646484060370,0.858450000000,0.596691035875,-0.802471063470
2024-01-04T23:24:00Z,fourier-demo,2.573844914799,0.858600000000,0.595458455845,-0.803386101051
2024-01-04T23:25:00Z,fourier-demo,2.516083704411,0.858750000000,0.594224472589,-0.804299245416
2024-01-04T23:26:00Z,fourier-demo,2.476399862572,0.858900000000,0.592989089016,-0.805210494410
2024-01-04T23:27:00Z,fourier-demo,2.456694462047,0.859050000000,0.591752308035,-0.806119845889
2024-01-04T23:28:00Z,fourier-demo,2.457497982203,0.859200000000,0.590514132562,-0.807027297707
2024-01-04T23:29:00Z,fourier-demo,2.477961451400,0.859350000000,0.589274565515,-0.807932847728
2024-01-04T23:30:00Z,fourier-demo,2.515911125574,0.859500000000,0.588033609814,-0.808836493817
2024-01-04T23:31:00Z,fourier-demo,2.567964150653,0.859650000000,0.586791268384,-0.809738233844
2024-01-04T23:32:00Z,fourier-demo,2.629700052577,0.859800000000,0.585547544153,-0.810638065685
2024-01-04T23:33:00Z,fourier-demo,2.695880512945,0.859950000000,0.584302440051,-0.811535987218
2024-01-04T23:34:00Z,fourier-demo,2.760707819898,0.860100000000,0.583055959013,-0.812431996329
2024-01-04T23:35:00Z,fourier-demo,2.818110719095,0.860250000000,0.581808103976,-0.813326090906
2024-01-04T23:36:00Z,fourier-demo,2.862045198092,0.860400000000,0.580558877881,-0.814218268841
2024-01-04T23:37:00Z,fourier-demo,2.886797068983,0.860550000000,0.579308283671,-0.815108528032
2024-01-04T23:38:00Z,fourier-demo,2.887273097240,0.860700000000,0.578056324294,-0.815996866381
2024-01-04T23:39:00Z,fourier-demo,2.859267864705,0.860850000000,0.576803002700,-0.816883281795
2024-01-04T23:40:00Z,fourier-demo,2.799694534204,0.861000000000,0.575548321842,-0.817767772185
2024-01-04T23:41:00Z,fourier-demo,2.706769162259,0.861150000000,0.574292284677,-0.818650335467
2024-01-04T23:42:00Z,fourier-demo,2.580140124429,0.861300000000,0.573034894166,-0.819530969560
2024-01-04T23:43:00Z,fourier-demo,2.420956495929,0.861450000000,0.571776153270,-0.820409672390
2024-01-04T23:44:00Z,fourier-demo,2.231871774625,0.861600000000,0.570516064957,-0.821286441886
2024-01-04T23:45:00Z,fourier-demo,2.016982039298,0.861750000000,0.569254632196,-0.822161275981
2024-01-04T23:46:00Z,fourier-demo,1.781700391326,0.861900000000,0.567991857960,-0.823034172615
2024-01-04T23:47:00Z,fourier-demo,1.532572218672,0.862050000000,0.566727745224,-0.823905129729
2024-01-04T23:48:00Z,fourier-demo,1.277038335706,0.862200000000,0.565462296967,-0.824774145272
2024-01-04T23:49:00Z,fourier-demo,1.023155286199,0.862350000000,0.564195516171,-0.825641217196
2024-01-04T23:50:00Z,fourier-demo,0.779283956909,0.862500000000,0.562927405822,-0.826506343457
2024-01-04T23:51:00Z,fourier-demo,0.553759057198,0.862650000000,0.561657968908,-0.827369522017
2024-01-04T23:52:00Z,fourier-demo,0.354552916781,0.862800000000,0.560387208420,-0.828230750841
2024-01-04T23:53:00Z,fourier-demo,0.188947400179,0.862950000000,0.559115127354,-0.829090027901
2024-01-04T23:54:00Z,fourier-demo,0.063227516618,0.863100000000,0.557841728706,-0.829947351170
2024-01-04T23:55:00Z,fourier-demo,-0.017590474903,0.863250000000,0.556567015478,-0.830802718630
2024-01-04T23:56:00Z,fourier-demo,-0.049984973927,0.863400000000,0.555290990673,-0.831656128263
2024-01-04T23:57:00Z,fourier-demo,-0.032099254483,0.863550000000,0.554013657299,-0.832507578060
2024-01-04T23:58:00Z,fourier-demo,0.036151525466,0.863700000000,0.552735018365,-0.833357066013
2024-01-04T23:59:00Z,fourier-demo,0.153041525768,0.863850000000,0.551455076885,-0.834204590120
2024-01-05T00:00:00Z,fourier-demo,0.315065916033,0.864000000000,0.550173835875,-0.835050148385
2024-01-05T00:01:00Z,fourier-demo,0.517042505249,0.864150000000,0.548891298355,-0.835893738815
2024-01-05T00:02:00Z,fourier-demo,0.752279934215,0.864300000000,0.547607467346,-0.836735359422
2024-01-05T00:03:00Z,fourier-demo,1.012806357731,0.864450000000,0.546322345874,-0.837575008222
2024-01-05T00:04:00Z,fourier-demo,1.289650079498,0.864600000000,0.545035936968,-0.838412683237
2024-01-05T00:05:00Z,fourier-demo,1.573161473571,0.864750000000,0.543748243659,-0.839248382493
2024-01-05T00:06:00Z,fourier-demo,1.853363819414,0.864900000000,0.542459268981,-0.840082104021
2024-01-05T00:07:00Z,fourier-demo,2.120319463184,0.865050000000,0.541169015973,-0.840913845855
2024-01-05T00:08:00Z,fourier-demo,2.364497046360,0.865200000000,0.539877487674,-0.841743606036
2024-01-05T00:09:00Z,fourier-demo,2.577125442449,0.865350000000,0.538584687128,-0.842571382609
2024-01-05T00:10:00Z,fourier-demo,2.750520518504,0.865500000000,0.537290617382,-0.843397173622
2024-01-05T00:11:00Z,fourier-demo,2.878371872363,0.865650000000,0.535995281485,-0.844220977130
2024-01-05T00:12:00Z,fourier-demo,2.955978247954,0.865800000000,0.534698682490,-0.845042791191
2024-01-05T00:13:00Z,fourier-demo,2.980422337854,0.865950000000,0.533400823452,-0.845862613868
2024-01-05T00:14:00Z,fourier-demo,2.950678064070,0.866100000000,0.532101707430,-0.846680443231
2024-01-05T00:15:00Z,fourier-demo,2.867646089040,0.866250000000,0.530801337485,-0.847496277351
2024-01-05T00:16:00Z,fourier-demo,2.734116142096,0.866400000000,0.529499716682,-0.848310114306
2024-01-05T00:17:00Z,fourier-demo,2.554657637985,0.866550000000,0.528196848088,-0.849121952178
2024-01-05T00:18:00Z,fourier-demo,2.335442896983,0.866700000000,0.526892734772,-0.849931789054
2024-01-05T00:19:00Z,fourier-demo,2.084009936623,0.866850000000,0.525587379809,-0.850739623025
2024-01-05T00:20:00Z,fourier-demo,1.808974185821,0.867000000000,0.524280786275,-0.851545452189
2024-01-05T00:21:00Z,fourier-demo,1.519700477530,0.867150000000,0.522972957248,-0.852349274645
2024-01-05T00:22:00Z,fourier-demo,1.225948225299,0.867300000000,0.521663895810,-0.853151088500
2024-01-05T00:23:00Z,fourier-demo,0.937503720291,0.867450000000,0.520353605047,-0.853950891864
2024-01-05T00:24:00Z,fourier-demo,0.663813957249,0.867600000000,0.519042088046,-0.854748682852
2024-01-05T00:25:00Z,fourier-demo,0.413636292388,0.867750000000,0.517729347898,-0.855544459584
2024-01-05T00:26:00Z,fourier-demo,0.194717558084,0.867900000000,0.516415387696,-0.856338220186
2024-01-05T00:27:00Z,fourier-demo,0.013515036963,0.868050000000,0.515100210536,-0.857129962786
2024-01-05T00:28:00Z,fourier-demo,-0.125030018273,0.868200000000,0.513783819519,-0.857919685519
2024-01-05T00:29:00Z,fourier-demo,-0.217657772937,0.868350000000,0.512466217746,-0.858707386523
2024-01-05T00:30:00Z,fourier-demo,-0.262888036340,0.868500000000,0.511147408322,-0.859493063943
2024-01-05T00:31:00Z,fourier-demo,-0.261047967488,0.868650000000,0.509827394355,-0.860276715927
2024-01-05T00:32:00Z,fourier-demo,-0.214228739363,0.868800000000,0.508506178955,-0.861058340628
2024-01-05T00:33:00Z,fourier-demo,-0.126173487747,0.868950000000,0.507183765237,-0.861837936204
2024-01-05T00:34:00Z,fourier-demo,-0.002101612292,0.869100000000,0.505860156316,-0.862615500818
2024-01-05T00:35:00Z,fourier-demo,0.151522976963,0.869250000000,0.504535355312,-0.863391032638
2024-01-05T00:36:00Z,fourier-demo,0.327269867043,0.869400000000,0.503209365346,-0.864164529837
2024-01-05T00:37:00Z,fourier-demo,0.517054802311,0.869550000000,0.501882189544,-0.864935990590
2024-01-05T00:38:00Z,fourier-demo,0.712474074724,0.869700000000,0.500553831032,-0.865705413082
2024-01-05T00:39:00Z,fourier-demo,0.905146930581,0.869850000000,0.499224292942,-0.866472795497
2024-01-05T00:40:00Z,fourier-demo,1.087052051262,0.870000000000,0.497893578406,-0.867238136028
2024-01-05T00:41:00Z,fourier-demo,1.250844505664,0.870150000000,0.496561690561,-0.868001432872
2024-01-05T00:42:00Z,fourier-demo,1.390140465514,0.870300000000,0.495228632544,-0.868762684229
2024-01-05T00:43:00Z,fourier-demo,1.499758383432,0.870450000000,0.493894407497,-0.869521888306
2024-01-05T00:44:00Z,fourier-demo,1.575907197911,0.870600000000,0.492559018565,-0.870279043313
2024-01-05T00:45:00Z,fourier-demo,1.616314371643,0.870750000000,0.491222468895,-0.871034147467
2024-01-05T00:46:00Z,fourier-demo,1.620289096554,0.870900000000,0.489884761635,-0.871787198987
2024-01-05T00:47:00Z,fourier-demo,1.588718705889,0.871050000000,0.488545899939,-0.872538196100
2024-01-05T00:48:00Z,fourier-demo,1.523999108920,0.871200000000,0.487205886961,-0.873287137035
2024-01-05T00:49:00Z,fourier-demo,1.429902792926,0.871350000000,0.485864725859,-0.874034020028
2024-01-05T00:50:00Z,fourier-demo,1.311390507720,0.871500000000,0.484522419795,-0.874778843318
2024-01-05T00:51:00Z,fourier-demo,1.174375054700,0.871650000000,0.483178971930,-0.875521605150
2024-01-05T00:52:00Z,fourier-demo,1.025447550613,0.871800000000,0.481834385431,-0.876262303775
2024-01-05T00:53:00Z,fourier-demo,0.871578046476,0.871950000000,0.480488663467,-0.877000937445
2024-01-05T00:54:00Z,fourier-demo,0.719803392940,0.872100000000,0.479141809208,-0.877737504422
2024-01-05T00:55:00Z,fourier-demo,0.576915714162,0.872250000000,0.477793825829,-0.878472002969
2024-01-05T00:56:00Z,fourier-demo,0.449164764652,0.872400000000,0.476444716506,-0.879204431354
2024-01-05T00:57:00Z,fourier-demo,0.341986802155,0.872550000000,0.475094484419,-0.879934787853
2024-01-05T00:58:00Z,fourier-demo,0.259771442215,0.872700000000,0.473743132749,-0.880663070744
2024-01-05T00:59:00Z,fourier-demo,0.205676315713,0.872850000000,0.472390664681,-0.881389278311
2024-01-05T01:00:00Z,fourier-demo,0.181497298477,0.873000000000,0.471037083402,-0.882113408842
2024-01-05T01:01:00Z,fourier-demo,0.187599707701,0.873150000000,0.469682392102,-0.882835460632
2024-01-05T01:02:00Z,fourier-demo,0.222913262447,0.873300000000,0.468326593974,-0.883555431978
2024-01-05T01:03:00Z,fourier-demo,0.284990893123,0.873450000000,0.466969692211,-0.884273321183
2024-01-05T01:04:00Z,fourier-demo,0.370128770471,0.873600000000,0.465611690012,-0.884989126557
2024-01-05T01:05:00Z,fourier-demo,0.473542321253,0.873750000000,0.464252590577,-0.885702846412
2024-01-05T01:06:00Z,fourier-demo,0.589590613825,0.873900000000,0.462892397109,-0.886414479066
2024-01-05T01:07:00Z,fourier-demo,0.712039431537,0.874050000000,0.461531112814,-0.887124022843
2024-01-05T01:08:00Z,fourier-demo,0.834351691484,0.874200000000,0.460168740898,-0.887831476070
2024-01-05T01:09:00Z,fourier-demo,0.949992679972,0.874350000000,0.458805284573,-0.888536837080
2024-01-05T01:10:00Z,fourier-demo,1.052736914088,0.874500000000,0.457440747051,-0.889240104211
2024-01-05T01:11:00Z,fourier-demo,1.136963329012,0.874650000000,0.456075131549,-0.889941275805
2024-01-05T01:12:00Z,fourier-demo,1.197925938678,0.874800000000,0.454708441284,-0.890640350211
2024-01-05T01:13:00Z,fourier-demo,1.231988105270,0.874950000000,0.453340679478,-0.891337325781
2024-01-05T01:14:00Z,fourier-demo,1.236810040817,0.875100000000,0.451971849352,-0.892032200872
2024-01-05T01:15:00Z,fourier-demo,1.211481091034,0.875250000000,0.450601954134,-0.892724973847
2024-01-05T01:16:00Z,fourier-demo,1.156590638518,0.875400000000,0.449230997050,-0.893415643074
2024-01-05T01:17:00Z,fourier-demo,1.074234015485,0.875550000000,0.447858981333,-0.894104206924
2024-01-05T01:18:00Z,fourier-demo,0.967952530221,0.875700000000,0.446485910214,-0.894790663776
2024-01-05T01:19:00Z,fourier-demo,0.842609474368,0.875850000000,0.445111786931,-0.895475012011
2024-01-05T01:20:00Z,fourier-demo,0.704206675872,0.876000000000,0.443736614720,-0.896157250016
2024-01-05T01:21:00Z,fourier-demo,0.559648683150,0.876150000000,0.442360396823,-0.896837376185
2024-01-05T01:22:00Z,fourier-demo,0.416463905084,0.876300000000,0.440983136483,-0.897515388914
2024-01-05T01:23:00Z,fourier-demo,0.282493895566,0.876450000000,0.439604836946,-0.898191286605
2024-01-05T01:24:00Z,fourier-demo,0.165563382395,0.876600000000,0.438225501458,-0.898865067667
2024-01-05T01:25:00Z,fourier-demo,0.073144538752,0.876750000000,0.436845133272,-0.899536730510
2024-01-05T01:26:00Z,fourier-demo,0.012029342542,0.876900000000,0.435463735639,-0.900206273552
2024-01-05T01:27:00Z,fourier-demo,-0.011976351537,0.877050000000,0.434081311816,-0.900873695216
2024-01-05T01:28:00Z,fourier-demo,0.005675816789,0.877200000000,0.432697865059,-0.901538993928
2024-01-05T01:29:00Z,fourier-demo,0.068051431604,0.877350000000,0.431313398630,-0.902202168121
2024-01-05T01:30:00Z,fourier-demo,0.176563851503,0.877500000000,0.429927915790,-0.902863216232
2024-01-05T01:31:00Z,fourier-demo,0.330868139016,0.877650000000,0.428541419804,-0.903522136703
2024-01-05T01:32:00Z,fourier-demo,0.528823399701,0.877800000000,0.427153913940,-0.904178927981
2024-01-05T01:33:00Z,fourier-demo,0.766525829404,0.877950000000,0.425765401468,-0.904833588519
2024-01-05T01:34:00Z,fourier-demo,1.038411929337,0.878100000000,0.424375885660,-0.905486116774
2024-01-05T01:35:00Z,fourier-demo,1.337428518478,0.878250000000,0.422985369790,-0.906136511208
2024-01-05T01:36:00Z,fourier-demo,1.655263466556,0.878400000000,0.421593857135,-0.906784770288
2024-01-05T01:37:00Z,fourier-demo,1.982628598607,0.878550000000,0.420201350973,-0.907430892487
2024-01-05T01:38:00Z,fourier-demo,2.309584084886,0.878700000000,0.418807854588,-0.908074876282
2024-01-05T01:39:00Z,fourier-demo,2.625891915146,0.878850000000,0.417413371262,-0.908716720156
2024-01-05T01:40:00Z,fourier-demo,2.921384834349,0.879000000000,0.416017904282,-0.909356422596
2024-01-05T01:41:00Z,fourier-demo,3.186336438414,0.879150000000,0.414621456935,-0.909993982095
2024-01-05T01:42:00Z,fourier-demo,3.411818021979,0.879300000000,0.413224032514,-0.910629397149
2024-01-05T01:43:00Z,fourier-demo,3.590028240785,0.879450000000,0.411825634311,-0.911262666263
2024-01-05T01:44:00Z,fourier-demo,3.714582681096,0.879600000000,0.410426265621,-0.911893787943
2024-01-05T01:45:00Z,fourier-demo,3.780751976762,0.879750000000,0.409025929742,-0.912522760702
2024-01-05T01:46:00Z,fourier-demo,3.785639119310,0.879900000000,0.407624629974,-0.913149583058
2024-01-05T01:47:00Z,fourier-demo,3.728288987417,0.880050000000,0.406222369620,-0.913774253533
2024-01-05T01:48:00Z,fourier-demo,3.609725783714,0.880200000000,0.404819151983,-0.914396770657
2024-01-05T01:49:00Z,fourier-demo,3.432916901940,0.880350000000,0.403414980371,-0.915017132961
2024-01-05T01:50:00Z,fourier-demo,3.202664642000,0.880500000000,0.402009858092,-0.915635338984
2024-01-05T01:51:00Z,fourier-demo,2.925430027922,0.880650000000,0.400603788458,-0.916251387269
2024-01-05T01:52:00Z,fourier-demo,2.609095649892,0.880800000000,0.399196774783,-0.916865276365
2024-01-05T01:53:00Z,fourier-demo,2.262676839195,0.880950000000,0.397788820381,-0.917477004823
2024-01-05T01:54:00Z,fourier-demo,1.895992498191,0.881100000000,0.396379928571,-0.918086571204
2024-01-05T01:55:00Z,fourier-demo,1.519308465549,0.881250000000,0.394970102673,-0.918693974071
2024-01-05T01:56:00Z,fourier-demo,1.142967337818,0.881400000000,0.393559346009,-0.919299211992
2024-01-05T01:57:00Z,fourier-demo,0.777019150663,0.881550000000,0.392147661904,-0.919902283540
2024-01-05T01:58:00Z,fourier-demo,0.430867228293,0.881700000000,0.390735053685,-0.920503187296
2024-01-05T01:59:00Z,fourier-demo,0.112942842578,0.881850000000,0.389321524680,-0.921101921842
2024-01-05T02:00:00Z,fourier-demo,-0.169578887825,0.882000000000,0.387907078220,-0.921698485768
2024-01-05T02:01:00Z,fourier-demo,-0.411011133308,0.882150000000,0.386491717639,-0.922292877668
2024-01-05T02:02:00Z,fourier-demo,-0.607326928341,0.882300000000,0.385075446272,-0.922885096141
2024-01-05T02:03:00Z,fourier-demo,-0.756264056103,0.882450000000,0.383658267456,-0.923475139791
2024-01-05T02:04:00Z,fourier-demo,-0.857359815484,0.882600000000,0.382240184532,-0.924063007229
2024-01-05T02:05:00Z,fourier-demo,-0.911915071628,0.882750000000,0.380821200841,-0.924648697068
2024-01-05T02:06:00Z,fourier-demo,-0.922889830758,0.882900000000,0.379401319726,-0.925232207930
2024-01-05T02:07:00Z,fourier-demo,-0.894735315316,0.883050000000,0.377980544534,-0.925813538437
2024-01-05T02:08:00Z,fourier-demo,-0.833170035927,0.883200000000,0.376558878613,-0.926392687222
2024-01-05T02:09:00Z,fourier-demo,-0.744909560427,0.883350000000,0.375136325313,-0.926969652918
2024-01-05T02:10:00Z,fourier-demo,-0.637361478585,0.883500000000,0.373712887987,-0.927544434166
2024-01-05T02:11:00Z,fourier-demo,-0.518298382360,0.883650000000,0.372288569989,-0.928117029612
2024-01-05T02:12:00Z,fourier-demo,-0.395522473187,0.883800000000,0.370863374675,-0.928687437906
2024-01-05T02:13:00Z,fourier-demo,-0.276535639465,0.883950000000,0.369437305404,-0.929255657705
2024-01-05T02:14:00Z,fourier-demo,-0.168228511529,0.884100000000,0.368010365537,-0.929821687668
2024-01-05T02:15:00Z,fourier-demo,-0.076601113689,0.884250000000,0.366582558435,-0.930385526463
2024-01-05T02:16:00Z,fourier-demo,-0.006526331552,0.884400000000,0.365153887465,-0.930947172760
2024-01-05T02:17:00Z,fourier-demo,0.038434442795,0.884550000000,0.363724355992,-0.931506625236
2024-01-05T02:18:00Z,fourier-demo,0.056156357466,0.884700000000,0.362293967385,-0.932063882573
2024-01-05T02:19:00Z,fourier-demo,0.046012224964,0.884850000000,0.360862725016,-0.932618943457
2024-01-05T02:20:00Z,fourier-demo,0.008867804480,0.885000000000,0.359430632256,-0.933171806580
2024-01-05T02:21:00Z,fourier-demo,-0.052987914566,0.885150000000,0.357997692482,-0.933722470640
2024-01-05T02:22:00Z,fourier-demo,-0.135973868921,0.885300000000,0.356563909068,-0.934270934339
2024-01-05T02:23:00Z,fourier-demo,-0.235403401996,0.885450000000,0.355129285395,-0.934817196384
2024-01-05T02:24:00Z,fourier-demo,-0.345717659793,0.885600000000,0.353693824844,-0.935361255488
2024-01-05T02:25:00Z,fourier-demo,-0.460755559121,0.885750000000,0.352257530795,-0.935903110369
2024-01-05T02:26:00Z,fourier-demo,-0.574048488178,0.885900000000,0.350820406636,-0.936442759750
2024-01-05T02:27:00Z,fourier-demo,-0.679126901672,0.886050000000,0.349382455751,-0.936980202359
2024-01-05T02:28:00Z,fourier-demo,-0.769825514159,0.886200000000,0.347943681530,-0.937515436931
2024-01-05T02:29:00Z,fourier-demo,-0.840573894212,0.886350000000,0.346504087364,-0.938048462202
2024-01-05T02:30:00Z,fourier-demo,-0.886659913667,0.886500000000,0.345063676644,-0.938579276919
2024-01-05T02:31:00Z,fourier-demo,-0.904454682679,0.886650000000,0.343622452765,-0.939107879828
2024-01-05T02:32:00Z,fourier-demo,-0.891589253206,0.886800000000,0.342180419124,-0.939634269686
2024-01-05T02:33:00Z,fourier-demo,-0.847075431899,0.886950000000,0.340737579118,-0.940158445251
2024-01-05T02:34:00Z,fourier-demo,-0.771365422141,0.887100000000,0.339293936148,-0.940680405288
2024-01-05T02:35:00Z,fourier-demo,-0.666347615287,0.887250000000,0.337849493616,-0.941200148568
2024-01-05T02:36:00Z,fourier-demo,-0.535278564543,0.887400000000,0.336404254925,-0.941717673864
2024-01-05T02:37:00Z,fourier-demo,-0.382653888613,0.887550000000,0.334958223482,-0.942232979958
2024-01-05T02:38:00Z,fourier-demo,-0.214023453158,0.887700000000,0.333511402695,-0.942746065636
2024-01-05T02:39:00Z,fourier-demo,-0.035758557961,0.887850000000,0.332063795971,-0.943256929688
2024-01-05T02:40:00Z,fourier-demo,0.145219082772,0.888000000000,0.330615406724,-0.943765570911
2024-01-05T02:41:00Z,fourier-demo,0.321735126445,0.888150000000,0.329166238366,-0.944271988105
2024-01-05T02:42:00Z,fourier-demo,0.486674536416,0.888300000000,0.327716294312,-0.944776180078
2024-01-05T02:43:00Z,fourier-demo,0.633294394637,0.888450000000,0.326265577979,-0.945278145641
2024-01-05T02:44:00Z,fourier-demo,0.755524223879,0.888600000000,0.324814092786,-0.945777883611
2024-01-05T02:45:00Z,fourier-demo,0.848240910811,0.888750000000,0.323361842153,-0.946275392811
2024-01-05T02:46:00Z,fourier-demo,0.907506321793,0.888900000000,0.321908829502,-0.946770672068
2024-01-05T02:47:00Z,fourier-demo,0.930757204303,0.889050000000,0.320455058259,-0.947263720215
2024-01-05T02:48:00Z,fourier-demo,0.916938907351,0.889200000000,0.319000531847,-0.947754536091
2024-01-05T02:49:00Z,fourier-demo,0.866576754898,0.889350000000,0.317545253696,-0.948243118538
2024-01-05T02:50:00Z,fourier-demo,0.781781472898,0.889500000000,0.316089227235,-0.948729466406
2024-01-05T02:51:00Z,fourier-demo,0.666187797814,0.889650000000,0.314632455894,-0.949213578547
2024-01-05T02:52:00Z,fourier-demo,0.524828170083,0.889800000000,0.313174943107,-0.949695453822
2024-01-05T02:53:00Z,fourier-demo,0.363946125676,0.889950000000,0.311716692308,-0.950175091095
2024-01-05T02:54:00Z,fourier-demo,0.190756530639,0.890100000000,0.310257706934,-0.950652489235
2024-01-05T02:55:00Z,fourier-demo,0.013162052521,0.890250000000,0.308797990424,-0.951127647117
2024-01-05T02:56:00Z,fourier-demo,-0.160562864544,0.890400000000,0.307337546216,-0.951600563622
2024-01-05T02:57:00Z,fourier-demo,-0.322107835933,0.890550000000,0.305876377753,-0.952071237636
2024-01-05T02:58:00Z,fourier-demo,-0.463468594259,0.890700000000,0.304414488477,-0.952539668048
2024-01-05T02:59:00Z,fourier-demo,-0.577281327714,0.890850000000,0.302951881835,-0.953005853756
2024-01-05T03:00:00Z,fourier-demo,-0.657135575668,0.891000000000,0.301488561272,-0.953469793660
2024-01-05T03:01:00Z,fourier-demo,-0.697852737788,0.891150000000,0.300024530236,-0.953931486668
2024-01-05T03:02:00Z,fourier-demo,-0.695718564573,0.891300000000,0.298559792179,-0.954390931691
2024-01-05T03:03:00Z,fourier-demo,-0.648659788861,0.891450000000,0.297094350552,-0.954848127647
2024-01-05T03:04:00Z,fourier-demo,-0.556357258045,0.891600000000,0.295628208808,-0.955303073457
2024-01-05T03:05:00Z,fourier-demo,-0.420290446907,0.891750000000,0.294161370402,-0.955755768051
2024-01-05T03:06:00Z,fourier-demo,-0.243710969572,0.891900000000,0.292693838791,-0.956206210362
2024-01-05T03:07:00Z,fourier-demo,-0.031545555294,0.892050000000,0.291225617432,-0.956654399327
2024-01-05T03:08:00Z,fourier-demo,0.209768208753,0.892200000000,0.289756709787,-0.957100333890
2024-01-05T03:09:00Z,fourier-demo,0.472507348940,0.892350000000,0.288287119317,-0.957544013002
2024-01-05T03:10:00Z,fourier-demo,0.747941690037,0.892500000000,0.286816849484,-0.957985435616
2024-01-05T03:11:00Z,fourier-demo,1.026654104911,0.892650000000,0.285345903754,-0.958424600692
2024-01-05T03:12:00Z,fourier-demo,1.298890454971,0.892800000000,0.283874285593,-0.958861507194
2024-01-05T03:13:00Z,fourier-demo,1.554925614509,0.892950000000,0.282401998468,-0.959296154095
2024-01-05T03:14:00Z,fourier-demo,1.785431282766,0.893100000000,0.280929045850,-0.959728540368
2024-01-05T03:15:00Z,fourier-demo,1.981831170426,0.893250000000,0.279455431209,-0.960158664996
2024-01-05T03:16:00Z,fourier-demo,2.136629607799,0.893400000000,0.277981158019,-0.960586526965
2024-01-05T03:17:00Z,fourier-demo,2.243700642268,0.893550000000,0.276506229752,-0.961012125266
2024-01-05T03:18:00Z,fourier-demo,2.298526232148,0.893700000000,0.275030649886,-0.961435458896
2024-01-05T03:19:00Z,fourier-demo,2.298374141056,0.893850000000,0.273554421897,-0.961856526859
2024-01-05T03:20:00Z,fourier-demo,2.242408511247,0.894000000000,0.272077549263,-0.962275328161
2024-01-05T03:21:00Z,fourier-demo,2.131728750320,0.894150000000,0.270600035467,-0.962691861815
2024-01-05T03:22:00Z,fourier-demo,1.969335196510,0.894300000000,0.269121883988,-0.963106126841
2024-01-05T03:23:00Z,fourier-demo,1.760022919246,0.894450000000,0.267643098311,-0.963518122262
2024-01-05T03:24:00Z,fourier-demo,1.510207847359,0.894600000000,0.266163681921,-0.963927847106
2024-01-05T03:25:00Z,fourier-demo,1.227692083135,0.894750000000,0.264683638303,-0.964335300409
2024-01-05T03:26:00Z,fourier-demo,0.921377648925,0.894900000000,0.263202970945,-0.964740481210
2024-01-05T03:27:00Z,fourier-demo,0.600939928484,0.895050000000,0.261721683338,-0.965143388555
2024-01-05T03:28:00Z,fourier-demo,0.276473626651,0.895200000000,0.260239778970,-0.965544021493
2024-01-05T03:29:00Z,fourier-demo,-0.041874883718,0.895350000000,0.258757261336,-0.965942379082
2024-01-05T03:30:00Z,fourier-demo,-0.344274471003,0.895500000000,0.257274133928,-0.966338460381
2024-01-05T03:31:00Z,fourier-demo,-0.621561142151,0.895650000000,0.255790400241,-0.966732264458
2024-01-05T03:32:00Z,fourier-demo,-0.865561320080,0.895800000000,0.254306063772,-0.967123790385
2024-01-05T03:33:00Z,fourier-demo,-1.069374096688,0.895950000000,0.252821128018,-0.967513037239
2024-01-05T03:34:00Z,fourier-demo,-1.227601754378,0.896100000000,0.251335596480,-0.967900004103
2024-01-05T03:35:00Z,fourier-demo,-1.336519970077,0.896250000000,0.249849472657,-0.968284690064
2024-01-05T03:36:00Z,fourier-demo,-1.394181573686,0.896400000000,0.248362760053,-0.968667094217
2024-01-05T03:37:00Z,fourier-demo,-1.400450427147,0.896550000000,0.246875462169,-0.969047215660
2024-01-05T03:38:00Z,fourier-demo,-1.356964810984,0.896700000000,0.245387582512,-0.969425053498
2024-01-05T03:39:00Z,fourier-demo,-1.267032537349,0.896850000000,0.243899124588,-0.969800606839
2024-01-05T03:40:00Z,fourier-demo,-1.135462737290,0.897000000000,0.242410091904,-0.970173874799
2024-01-05T03:41:00Z,fourier-demo,-0.968341784466,0.897150000000,0.240920487969,-0.970544856499
2024-01-05T03:42:00Z,fourier-demo,-0.772763016248,0.897300000000,0.239430316293,-0.970913551064
2024-01-05T03:43:00Z,fourier-demo,-0.556521707551,0.897450000000,0.237939580389,-0.971279957625
2024-01-05T03:44:00Z,fourier-demo,-0.327788070980,0.897600000000,0.236448283768,-0.971644075319
2024-01-05T03:45:00Z,fourier-demo,-0.094771846824,0.897750000000,0.234956429946,-0.972005903288
2024-01-05T03:46:00Z,fourier-demo,0.134607722498,0.897900000000,0.233464022439,-0.972365440679
2024-01-05T03:47:00Z,fourier-demo,0.353033074100,0.898050000000,0.231971064762,-0.972722686645
2024-01-05T03:48:00Z,fourier-demo,0.554068088824,0.898200000000,0.230477560434,-0.973077640343
2024-01-05T03:49:00Z,fourier-demo,0.732395262625,0.898350000000,0.228983512975,-0.973430300939
2024-01-05T03:50:00Z,fourier-demo,0.884000961252,0.898500000000,0.227488925906,-0.973780667599
2024-01-05T03:51:00Z,fourier-demo,1.006301661347,0.898650000000,0.225993802748,-0.974128739500
2024-01-05T03:52:00Z,fourier-demo,1.098206590728,0.898800000000,0.224498147025,-0.974474515820
2024-01-05T03:53:00Z,fourier-demo,1.160114868557,0.898950000000,0.223001962262,-0.974817995745
2024-01-05T03:54:00Z,fourier-demo,1.193848000720,0.899100000000,0.221505251984,-0.975159178465
2024-01-05T03:55:00Z,fourier-demo,1.202521293196,0.899250000000,0.220008019718,-0.975498063176
2024-01-05T03:56:00Z,fourier-demo,1.190360294346,0.899400000000,0.218510268993,-0.975834649080
2024-01-05T03:57:00Z,fourier-demo,1.162470660986,0.899550000000,0.217012003338,-0.976168935383
2024-01-05T03:58:00Z,fourier-demo,1.124571768512,0.899700000000,0.215513226284,-0.976500921298
2024-01-05T03:59:00Z,fourier-demo,1.082705873294,0.899850000000,0.214013941363,-0.976830606043
2024-01-05T04:00:00Z,fourier-demo,1.042935624854,0.900000000000,0.212514152108,-0.977157988840
2024-01-05T04:01:00Z,fourier-demo,1.011043175824,0.900150000000,0.211013862054,-0.977483068918
2024-01-05T04:02:00Z,fourier-demo,0.992244031333,0.900300000000,0.209513074735,-0.977805845511
2024-01-05T04:03:00Z,fourier-demo,0.990928121291,0.900450000000,0.208011793689,-0.978126317858
2024-01-05T04:04:00Z,fourier-demo,1.010439396975,0.900600000000,0.206510022453,-0.978444485204
2024-01-05T04:05:00Z,fourier-demo,1.052903596952,0.900750000000,0.205007764567,-0.978760346800
2024-01-05T04:06:00Z,fourier-demo,1.119111765796,0.900900000000,0.203505023570,-0.979073901900
2024-01-05T04:07:00Z,fourier-demo,1.208464728282,0.901050000000,0.202001803004,-0.979385149767
2024-01-05T04:08:00Z,fourier-demo,1.318981120939,0.901200000000,0.200498106411,-0.979694089666
2024-01-05T04:09:00Z,fourier-demo,1.447368870242,0.901350000000,0.198993937334,-0.980000720869
2024-01-05T04:10:00Z,fourier-demo,1.589157295361,0.901500000000,0.197489299319,-0.980305042655
2024-01-05T04:11:00Z,fourier-demo,1.738884416156,0.901650000000,0.195984195912,-0.980607054305
2024-01-05T04:12:00Z,fourier-demo,1.890331672360,0.901800000000,0.194478630658,-0.980906755108
2024-01-05T04:13:00Z,fourier-demo,2.036796206827,0.901950000000,0.192972607106,-0.981204144359
2024-01-05T04:14:00Z,fourier-demo,2.171389220235,0.902100000000,0.191466128805,-0.981499221355
2024-01-05T04:15:00Z,fourier-demo,2.287347736035,0.902250000000,0.189959199305,-0.981791985402
2024-01-05T04:16:00Z,fourier-demo,2.378346472206,0.902400000000,0.188451822157,-0.982082435810
2024-01-05T04:17:00Z,fourier-demo,2.438796428405,0.902550000000,0.186944000914,-0.982370571893
2024-01-05T04:18:00Z,fourier-demo,2.464117268408,0.902700000000,0.185435739128,-0.982656392975
2024-01-05T04:19:00Z,fourier-demo,2.450971590255,0.902850000000,0.183927040354,-0.982939898380
2024-01-05T04:20:00Z,fourier-demo,2.397450689707,0.903000000000,0.182417908148,-0.983221087440
2024-01-05T04:21:00Z,fourier-demo,2.303203375406,0.903150000000,0.180908346065,-0.983499959494
2024-01-05T04:22:00Z,fourier-demo,2.169501706963,0.903300000000,0.179398357662,-0.983776513883
2024-01-05T04:23:00Z,fourier-demo,1.999240105735,0.903450000000,0.177887946500,-0.984050749957
2024-01-05T04:24:00Z,fourier-demo,1.796867026688,0.903600000000,0.176377116135,-0.984322667068
2024-01-05T04:25:00Z,fourier-demo,1.568251166062,0.903750000000,0.174865870130,-0.984592264576
2024-01-05T04:26:00Z,fourier-demo,1.320486899040,0.903900000000,0.173354212045,-0.984859541847
2024-01-05T04:27:00Z,fourier-demo,1.061646182151,0.904050000000,0.171842145443,-0.985124498249
2024-01-05T04:28:00Z,fourier-demo,0.800486411657,0.904200000000,0.170329673886,-0.985387133158
2024-01-05T04:29:00Z,fourier-demo,0.546125608189,0.904350000000,0.168816800940,-0.985647445956
2024-01-05T04:30:00Z,fourier-demo,0.307697721066,0.904500000000,0.167303530169,-0.985905436030
2024-01-05T04:31:00Z,fourier-demo,0.094001753150,0.904650000000,0.165789865139,-0.986161102770
2024-01-05T04:32:00Z,fourier-demo,-0.086841239930,0.904800000000,0.164275809417,-0.986414445576
2024-01-05T04:33:00Z,fourier-demo,-0.227709440215,0.904950000000,0.162761366572,-0.986665463849
2024-01-05T04:34:00Z,fourier-demo,-0.322766793085,0.905100000000,0.161246540172,-0.986914156998
2024-01-05T04:35:00Z,fourier-demo,-0.367703028938,0.905250000000,0.159731333787,-0.987160524437
2024-01-05T04:36:00Z,fourier-demo,-0.359917238583,0.905400000000,0.158215750987,-0.987404565586
2024-01-05T04:37:00Z,fourier-demo,-0.298637267017,0.905550000000,0.156699795344,-0.987646279869
2024-01-05T04:38:00Z,fourier-demo,-0.184969718734,0.905700000000,0.155183470431,-0.987885666717
2024-01-05T04:39:00Z,fourier-demo,-0.021878115959,0.905850000000,0.153666779821,-0.988122725566
2024-01-05T04:40:00Z,fourier-demo,0.185910391737,0.906000000000,0.152149727088,-0.988357455856
2024-01-05T04:41:00Z,fourier-demo,0.432066517548,0.906150000000,0.150632315806,-0.988589857036
2024-01-05T04:42:00Z,fourier-demo,0.708882550109,0.906300000000,0.149114549553,-0.988819928557
2024-01-05T04:43:00Z,fourier-demo,1.007549815867,0.906450000000,0.147596431904,-0.989047669877
2024-01-05T04:44:00Z,fourier-demo,1.318479256729,0.906600000000,0.146077966437,-0.989273080459
2024-01-05T04:45:00Z,fourier-demo,1.631652748817,0.906750000000,0.144559156730,-0.989496159773
2024-01-05T04:46:00Z,fourier-demo,1.936991541123,0.906900000000,0.143040006363,-0.989716907292
2024-01-05T04:47:00Z,fourier-demo,2.224727489579,0.907050000000,0.141520518916,-0.989935322496
2024-01-05T04:48:00Z,fourier-demo,2.485762631223,0.907200000000,0.140000697968,-0.990151404871
2024-01-05T04:49:00Z,fourier-demo,2.712003090725,0.907350000000,0.138480547103,-0.990365153907
2024-01-05T04:50:00Z,fourier-demo,2.896654319658,0.907500000000,0.136960069901,-0.990576569101
2024-01-05T04:51:00Z,fourier-demo,3.034466197241,0.907650000000,0.135439269947,-0.990785649955
2024-01-05T04:52:00Z,fourier-demo,3.121918508297,0.907800000000,0.133918150823,-0.990992395975
2024-01-05T04:53:00Z,fourier-demo,3.157339679752,0.907950000000,0.132396716115,-0.991196806675
2024-01-05T04:54:00Z,fourier-demo,3.140954305828,0.908100000000,0.130874969408,-0.991398881572
2024-01-05T04:55:00Z,fourier-demo,3.074857817171,0.908250000000,0.129352914288,-0.991598620191
2024-01-05T04:56:00Z,fourier-demo,2.962919536663,0.908400000000,0.127830554341,-0.991796022061
2024-01-05T04:57:00Z,fourier-demo,2.810618198052,0.908550000000,0.126307893156,-0.991991086717
2024-01-05T04:58:00Z,fourier-demo,2.624816668754,0.908700000000,0.124784934320,-0.992183813699
2024-01-05T04:59:00Z,fourier-demo,2.413485007883,0.908850000000,0.123261681423,-0.992374202553
2024-01-05T05:00:00Z,fourier-demo,2.185383008818,0.909000000000,0.121738138053,-0.992562252830
2024-01-05T05:01:00Z,fourier-demo,1.949714941552,0.909150000000,0.120214307802,-0.992747964087
2024-01-05T05:02:00Z,fourier-demo,1.715770261382,0.909300000000,0.118690194261,-0.992931335887
2024-01-05T05:03:00Z,fourier-demo,1.492564545585,0.909450000000,0.117165801020,-0.993112367797
2024-01-05T05:04:00Z,fourier-demo,1.288494840036,0.909600000000,0.115641131672,-0.993291059391
2024-01-05T05:05:00Z,fourier-demo,1.111022947565,0.909750000000,0.114116189811,-0.993467410247
2024-01-05T05:06:00Z,fourier-demo,0.966398997123,0.909900000000,0.112590979030,-0.993641419950
2024-01-05T05:07:00Z,fourier-demo,0.859435947225,0.910050000000,0.111065502922,-0.993813088091
2024-01-05T05:08:00Z,fourier-demo,0.793343568278,0.910200000000,0.109539765083,-0.993982414264
2024-01-05T05:09:00Z,fourier-demo,0.769628003169,0.910350000000,0.108013769109,-0.994149398070
2024-01-05T05:10:00Z,fourier-demo,0.788060324047,0.910500000000,0.106487518595,-0.994314039116
2024-01-05T05:11:00Z,fourier-demo,0.846714695455,0.910650000000,0.104961017139,-0.994476337014
2024-01-05T05:12:00Z,fourier-demo,0.942073934323,0.910800000000,0.103434268336,-0.994636291382
2024-01-05T05:13:00Z,fourier-demo,1.069197540837,0.910950000000,0.101907275786,-0.994793901842
2024-01-05T05:14:00Z,fourier-demo,1.221944771229,0.911100000000,0.100380043087,-0.994949168023
2024-01-05T05:15:00Z,fourier-demo,1.393243135506,0.911250000000,0.098852573837,-0.995102089560
2024-01-05T05:16:00Z,fourier-demo,1.575390918513,0.911400000000,0.097324871637,-0.995252666091
2024-01-05T05:17:00Z,fourier-demo,1.760381013098,0.911550000000,0.095796940086,-0.995400897262
2024-01-05T05:18:00Z,fourier-demo,1.940232571612,0.911700000000,0.094268782785,-0.995546782724
2024-01-05T05:19:00Z,fourier-demo,2.107316756947,0.911850000000,0.092740403335,-0.995690322133
2024-01-05T05:20:00Z,fourier-demo,2.254663214148,0.912000000000,0.091211805338,-0.995831515151
2024-01-05T05:21:00Z,fourier-demo,2.376234772661,0.912150000000,0.089682992396,-0.995970361444
2024-01-05T05:22:00Z,fourier-demo,2.467159289216,0.912300000000,0.088153968112,-0.996106860686
2024-01-05T05:23:00Z,fourier-demo,2.523909393000,0.912450000000,0.086624736088,-0.996241012556
2024-01-05T05:24:00Z,fourier-demo,2.544423120546,0.912600000000,0.085095299930,-0.996372816736
2024-01-05T05:25:00Z,fourier-demo,2.528160934768,0.912750000000,0.083565663240,-0.996502272916
2024-01-05T05:26:00Z,fourier-demo,2.476097306508,0.912900000000,0.082035829624,-0.996629380792
2024-01-05T05:27:00Z,fourier-demo,2.390647786446,0.913050000000,0.080505802687,-0.996754140064
2024-01-05T05:28:00Z,fourier-demo,2.275535196328,0.913200000000,0.078975586034,-0.996876550437
2024-01-05T05:29:00Z,fourier-demo,2.135601109411,0.913350000000,0.077445183271,-0.996996611623
2024-01-05T05:30:00Z,fourier-demo,1.976571065865,0.913500000000,0.075914598005,-0.997114323340
2024-01-05T05:31:00Z,fourier-demo,1.804783885645,0.913650000000,0.074383833842,-0.997229685310
2024-01-05T05:32:00Z,fourier-demo,1.626896920049,0.913800000000,0.072852894391,-0.997342697261
2024-01-05T05:33:00Z,fourier-demo,1.449580063141,0.913950000000,0.071321783258,-0.997453358926
2024-01-05T05:34:00Z,fourier-demo,1.279211785149,0.914100000000,0.069790504052,-0.997561670046
2024-01-05T05:35:00Z,fourier-demo,1.121590334146,0.914250000000,0.068259060382,-0.997667630364
2024-01-05T05:36:00Z,fourier-demo,0.981672585050,0.914400000000,0.066727455856,-0.997771239631
2024-01-05T05:37:00Z,fourier-demo,0.863351824200,0.914550000000,0.065195694083,-0.997872497603
2024-01-05T05:38:00Z,fourier-demo,0.769284093293,0.914700000000,0.063663778674,-0.997971404042
2024-01-05T05:39:00Z,fourier-demo,0.700770647600,0.914850000000,0.062131713238,-0.998067958713
2024-01-05T05:40:00Z,fourier-demo,0.657701696156,0.915000000000,0.060599501385,-0.998162161391
2024-01-05T05:41:00Z,fourier-demo,0.638563985391,0.915150000000,0.059067146727,-0.998254011851
2024-01-05T05:42:00Z,fourier-demo,0.640512070776,0.915300000000,0.057534652875,-0.998343509880
2024-01-05T05:43:00Z,fourier-demo,0.659500406511,0.915450000000,0.056002023439,-0.998430655264
2024-01-05T05:44:00Z,fourier-demo,0.690470784140,0.915600000000,0.054469262032,-0.998515447799
2024-01-05T05:45:00Z,fourier-demo,0.727587275542,0.915750000000,0.052936372266,-0.998597887286
2024-01-05T05:46:00Z,fourier-demo,0.764508783202,0.915900000000,0.051403357752,-0.998677973529
2024-01-05T05:47:00Z,fourier-demo,0.794687656980,0.916050000000,0.049870222104,-0.998755706340
2024-01-05T05:48:00Z,fourier-demo,0.811681670876,0.916200000000,0.048336968935,-0.998831085537
2024-01-05T05:49:00Z,fourier-demo,0.809466015082,0.916350000000,0.046803601857,-0.998904110940
2024-01-05T05:50:00Z,fourier-demo,0.782731875633,0.916500000000,0.045270124484,-0.998974782379
2024-01-05T05:51:00Z,fourier-demo,0.727158651177,0.916650000000,0.043736540430,-0.999043099686
2024-01-05T05:52:00Z,fourier-demo,0.639647875484,0.916800000000,0.042202853309,-0.999109062702
2024-01-05T05:53:00Z,fourier-demo,0.518508434769,0.916950000000,0.040669066735,-0.999172671269
2024-01-05T05:54:00Z,fourier-demo,0.363584629327,0.917100000000,0.039135184322,-0.999233925239
2024-01-05T05:55:00Z,fourier-demo,0.176320949776,0.917250000000,0.037601209686,-0.999292824466
2024-01-05T05:56:00Z,fourier-demo,-0.040239975243,0.917400000000,0.036067146440,-0.999349368813
2024-01-05T05:57:00Z,fourier-demo,-0.281527056443,0.917550000000,0.034532998200,-0.999403558146
2024-01-05T05:58:00Z,fourier-demo,-0.541576048852,0.917700000000,0.032998768582,-0.999455392337
2024-01-05T05:59:00Z,fourier-demo,-0.813225760061,0.917850000000,0.031464461201,-0.999504871264
2024-01-05T06:00:00Z,fourier-demo,-1.088367890249,0.918000000000,0.029930079672,-0.999551994811
2024-01-05T06:01:00Z,fourier-demo,-1.358240969949,0.918150000000,0.028395627611,-0.999596762866
2024-01-05T06:02:00Z,fourier-demo,-1.613756977367,0.918300000000,0.026861108635,-0.999639175324
2024-01-05T06:03:00Z,fourier-demo,-1.845847789841,0.918450000000,0.025326526359,-0.999679232085
2024-01-05T06:04:00Z,fourier-demo,-2.045817713513,0.918600000000,0.023791884400,-0.999716933055
2024-01-05T06:05:00Z,fourier-demo,-2.205687980497,0.918750000000,0.022257186375,-0.999752278144
2024-01-05T06:06:00Z,fourier-demo,-2.318519320068,0.918900000000,0.020722435899,-0.999785267270
2024-01-05T06:07:00Z,fourier-demo,-2.378699492581,0.919050000000,0.019187636590,-0.999815900355
2024-01-05T06:08:00Z,fourier-demo,-2.382183992016,0.919200000000,0.017652792064,-0.999844177326
2024-01-05T06:09:00Z,fourier-demo,-2.326679923129,0.919350000000,0.016117905939,-0.999870098117
2024-01-05T06:10:00Z,fourier-demo,-2.211765270656,0.919500000000,0.014582981831,-0.999893662667
2024-01-05T06:11:00Z,fourier-demo,-2.038938312046,0.919650000000,0.013048023358,-0.999914870920
2024-01-05T06:12:00Z,fourier-demo,-1.811594680198,0.919800000000,0.011513034136,-0.999933722826
2024-01-05T06:13:00Z,fourier-demo,-1.534932447337,0.919950000000,0.009978017784,-0.999950218341
2024-01-05T06:14:00Z,fourier-demo,-1.215788460166,0.920100000000,0.008442977917,-0.999964357427
2024-01-05T06:15:00Z,fourier-demo,-0.862411893881,0.920250000000,0.006907918155,-0.999976140049
2024-01-05T06:16:00Z,fourier-demo,-0.484183498092,0.920400000000,0.005372842113,-0.999985566180
2024-01-05T06:17:00Z,fourier-demo,-0.091291179350,0.920550000000,0.003837753410,-0.999992635797
2024-01-05T06:18:00Z,fourier-demo,0.305625684952,0.920700000000,0.002302655664,-0.999997348885
2024-01-05T06:19:00Z,fourier-demo,0.695849549248,0.920850000000,0.000767552491,-0.999999705432
2024-01-05T06:20:00Z,fourier-demo,1.068961253599,0.921000000000,-0.000767552491,-0.999999705432
2024-01-05T06:21:00Z,fourier-demo,1.415205322642,0.921150000000,-0.002302655664,-0.999997348885
2024-01-05T06:22:00Z,fourier-demo,1.725829942179,0.921300000000,-0.003837753410,-0.999992635797
2024-01-05T06:23:00Z,fourier-demo,1.993388545659,0.921450000000,-0.005372842113,-0.999985566180
2024-01-05T06:24:00Z,fourier-demo,2.211991463653,0.921600000000,-0.006907918155,-0.999976140049
2024-01-05T06:25:00Z,fourier-demo,2.377498070103,0.921750000000,-0.008442977917,-0.999964357427
2024-01-05T06:26:00Z,fourier-demo,2.487642219519,0.921900000000,-0.009978017784,-0.999950218341
2024-01-05T06:27:00Z,fourier-demo,2.542086414270,0.922050000000,-0.011513034136,-0.999933722826
2024-01-05T06:28:00Z,fourier-demo,2.542402963808,0.922200000000,-0.013048023358,-0.999914870920
2024-01-05T06:29:00Z,fourier-demo,2.491983284169,0.922350000000,-0.014582981831,-0.999893662667
2024-01-05T06:30:00Z,fourier-demo,2.395879320172,0.922500000000,-0.016117905939,-0.999870098117
2024-01-05T06:31:00Z,fourier-demo,2.260583740000,0.922650000000,-0.017652792064,-0.999844177326
2024-01-05T06:32:00Z,fourier-demo,2.093757945324,0.922800000000,-0.019187636590,-0.999815900355
2024-01-05T06:33:00Z,fourier-demo,1.903918963541,0.922950000000,-0.020722435899,-0.999785267270
2024-01-05T06:34:00Z,fourier-demo,1.700097861305,0.923100000000,-0.022257186375,-0.999752278144
2024-01-05T06:35:00Z,fourier-demo,1.491483377835,0.923250000000,-0.023791884400,-0.999716933055
2024-01-05T06:36:00Z,fourier-demo,1.287064980876,0.923400000000,-0.025326526359,-0.999679232085
2024-01-05T06:37:00Z,fourier-demo,1.095289478820,0.923550000000,-0.026861108635,-0.999639175324
2024-01-05T06:38:00Z,fourier-demo,0.923744683707,0.923700000000,-0.028395627611,-0.999596762866
2024-01-05T06:39:00Z,fourier-demo,0.778882439238,0.923850000000,-0.029930079672,-0.999551994811
2024-01-05T06:40:00Z,fourier-demo,0.665791655018,0.924000000000,-0.031464461201,-0.999504871264
2024-01-05T06:41:00Z,fourier-demo,0.588029892555,0.924150000000,-0.032998768582,-0.999455392337
2024-01-05T06:42:00Z,fourier-demo,0.547519616599,0.924300000000,-0.034532998200,-0.999403558146
2024-01-05T06:43:00Z,fourier-demo,0.544512557298,0.924450000000,-0.036067146440,-0.999349368813
2024-01-05T06:44:00Z,fourier-demo,0.577622833908,0.924600000000,-0.037601209686,-0.999292824466
2024-01-05T06:45:00Z,fourier-demo,0.643926683789,0.924750000000,-0.039135184322,-0.999233925239
2024-01-05T06:46:00Z,fourier-demo,0.739123935894,0.924900000000,-0.040669066735,-0.999172671269
2024-01-05T06:47:00Z,fourier-demo,0.857753876087,0.925050000000,-0.042202853309,-0.999109062702
2024-01-05T06:48:00Z,fourier-demo,0.993455973713,0.925200000000,-0.043736540430,-0.999043099686
2024-01-05T06:49:00Z,fourier-demo,1.139264163066,0.925350000000,-0.045270124484,-0.998974782379
2024-01-05T06:50:00Z,fourier-demo,1.287922071326,0.925500000000,-0.046803601857,-0.998904110940
2024-01-05T06:51:00Z,fourier-demo,1.432205808062,0.925650000000,-0.048336968935,-0.998831085537
2024-01-05T06:52:00Z,fourier-demo,1.565240710783,0.925800000000,-0.049870222104,-0.998755706340
2024-01-05T06:53:00Z,fourier-demo,1.680798783709,0.925950000000,-0.051403357752,-0.998677973529
2024-01-05T06:54:00Z,fourier-demo,1.773564457013,0.926100000000,-0.052936372266,-0.998597887286
2024-01-05T06:55:00Z,fourier-demo,1.839357693075,0.926250000000,-0.054469262032,-0.998515447799
2024-01-05T06:56:00Z,fourier-demo,1.875305315558,0.926400000000,-0.056002023439,-0.998430655264
2024-01-05T06:57:00Z,fourier-demo,1.879953658811,0.926550000000,-0.057534652875,-0.998343509880
2024-01-05T06:58:00Z,fourier-demo,1.853318136354,0.926700000000,-0.059067146727,-0.998254011851
2024-01-05T06:59:00Z,fourier-demo,1.796868003875,0.926850000000,-0.060599501385,-0.998162161391
2024-01-05T07:00:00Z,fourier-demo,1.713447332919,0.927000000000,-0.062131713238,-0.998067958713
2024-01-05T07:01:00Z,fourier-demo,1.607135902526,0.927150000000,-0.063663778674,-0.997971404042
2024-01-05T07:02:00Z,fourier-demo,1.483056245844,0.927300000000,-0.065195694083,-0.997872497603
2024-01-05T07:03:00Z,fourier-demo,1.347135352449,0.927450000000,-0.066727455856,-0.997771239631
2024-01-05T07:04:00Z,fourier-demo,1.205831430919,0.927600000000,-0.068259060382,-0.997667630364
2024-01-05T07:05:00Z,fourier-demo,1.065837601463,0.927750000000,-0.069790504052,-0.997561670046
2024-01-05T07:06:00Z,fourier-demo,0.933775354454,0.927900000000,-0.071321783258,-0.997453358926
2024-01-05T07:07:00Z,fourier-demo,0.815891037664,0.928050000000,-0.072852894391,-0.997342697261
2024-01-05T07:08:00Z,fourier-demo,0.717768505275,0.928200000000,-0.074383833842,-0.997229685310
2024-01-05T07:09:00Z,fourier-demo,0.644070380796,0.928350000000,-0.075914598005,-0.997114323340
2024-01-05T07:10:00Z,fourier-demo,0.598319182142,0.928500000000,-0.077445183271,-0.996996611623
2024-01-05T07:11:00Z,fourier-demo,0.582727880195,0.928650000000,-0.078975586034,-0.996876550437
2024-01-05T07:12:00Z,fourier-demo,0.598087381811,0.928800000000,-0.080505802687,-0.996754140064
2024-01-05T07:13:00Z,fourier-demo,0.643716030517,0.928950000000,-0.082035829624,-0.996629380792
2024-01-05T07:14:00Z,fourier-demo,0.717473602747,0.929100000000,-0.083565663240,-0.996502272916
2024-01-05T07:15:00Z,fourier-demo,0.815839552633,0.929250000000,-0.085095299930,-0.996372816736
2024-01-05T07:16:00Z,fourier-demo,0.934052537504,0.929400000000,-0.086624736088,-0.996241012556
2024-01-05T07:17:00Z,fourier-demo,1.066305652223,0.929550000000,-0.088153968112,-0.996106860686
2024-01-05T07:18:00Z,fourier-demo,1.205989421878,0.929700000000,-0.089682992396,-0.995970361444
2024-01-05T07:19:00Z,fourier-demo,1.345972548231,0.929850000000,-0.091211805338,-0.995831515151
2024-01-05T07:20:00Z,fourier-demo,1.478908761712,0.930000000000,-0.092740403335,-0.995690322133
2024-01-05T07:21:00Z,fourier-demo,1.597556966822,0.930150000000,-0.094268782785,-0.995546782724
2024-01-05T07:22:00Z,fourier-demo,1.695101233836,0.930300000000,-0.095796940086,-0.995400897262
2024-01-05T07:23:00Z,fourier-demo,1.765457111606,0.930450000000,-0.097324871637,-0.995252666091
2024-01-05T07:24:00Z,fourier-demo,1.803551219652,0.930600000000,-0.098852573837,-0.995102089560
2024-01-05T07:25:00Z,fourier-demo,1.805562104353,0.930750000000,-0.100380043087,-0.994949168023
2024-01-05T07:26:00Z,fourier-demo,1.769111873156,0.930900000000,-0.101907275786,-0.994793901842
2024-01-05T07:27:00Z,fourier-demo,1.693400090764,0.931050000000,-0.103434268336,-0.994636291382
2024-01-05T07:28:00Z,fourier-demo,1.579273752469,0.931200000000,-0.104961017139,-0.994476337014
2024-01-05T07:29:00Z,fourier-demo,1.429229747435,0.931350000000,-0.106487518595,-0.994314039116
2024-01-05T07:30:00Z,fourier-demo,1.247348982730,0.931500000000,-0.108013769109,-0.994149398070
2024-01-05T07:31:00Z,fourier-demo,1.039164144707,0.931650000000,-0.109539765083,-0.993982414264
2024-01-05T07:32:00Z,fourier-demo,0.811465812729,0.931800000000,-0.111065502922,-0.993813088091
2024-01-05T07:33:00Z,fourier-demo,0.572054199026,0.931950000000,-0.112590979030,-0.993641419950
2024-01-05T07:34:00Z,fourier-demo,0.329446062094,0.932100000000,-0.114116189811,-0.993467410247
2024-01-05T07:35:00Z,fourier-demo,0.092548235762,0.932250000000,-0.115641131672,-0.993291059391
2024-01-05T07:36:00Z,fourier-demo,-0.129689346876,0.932400000000,-0.117165801020,-0.993112367797
2024-01-05T07:37:00Z,fourier-demo,-0.328627335989,0.932550000000,-0.118690194261,-0.992931335887
2024-01-05T07:38:00Z,fourier-demo,-0.496283192651,0.932700000000,-0.120214307802,-0.992747964087
2024-01-05T07:39:00Z,fourier-demo,-0.625656010678,0.932850000000,-0.121738138053,-0.992562252830
2024-01-05T07:40:00Z,fourier-demo,-0.711016758423,0.933000000000,-0.123261681423,-0.992374202553
2024-01-05T07:41:00Z,fourier-demo,-0.748152079222,0.933150000000,-0.124784934320,-0.992183813699
2024-01-05T07:42:00Z,fourier-demo,-0.734551586451,0.933300000000,-0.126307893156,-0.991991086717
2024-01-05T07:43:00Z,fourier-demo,-0.669530799070,0.933450000000,-0.127830554341,-0.991796022061
2024-01-05T07:44:00Z,fourier-demo,-0.554284397538,0.933600000000,-0.129352914288,-0.991598620191
2024-01-05T07:45:00Z,fourier-demo,-0.391867236141,0.933750000000,-0.130874969408,-0.991398881572
2024-01-05T07:46:00Z,fourier-demo,-0.187103415027,0.933900000000,-0.132396716115,-0.991196806675
2024-01-05T07:47:00Z,fourier-demo,0.053573422039,0.934050000000,-0.133918150823,-0.990992395975
2024-01-05T07:48:00Z,fourier-demo,0.322342655860,0.934200000000,-0.135439269947,-0.990785649955
2024-01-05T07:49:00Z,fourier-demo,0.610273706291,0.934350000000,-0.136960069901,-0.990576569101
2024-01-05T07:50:00Z,fourier-demo,0.907646894967,0.934500000000,-0.138480547103,-0.990365153907
2024-01-05T07:51:00Z,fourier-demo,1.204305800768,0.934650000000,-0.140000697968,-0.990151404871
2024-01-05T07:52:00Z,fourier-demo,1.490027487241,0.934800000000,-0.141520518916,-0.989935322496
2024-01-05T07:53:00Z,fourier-demo,1.754896259419,0.934950000000,-0.143040006363,-0.989716907292
2024-01-05T07:54:00Z,fourier-demo,1.989666458464,0.935100000000,-0.144559156730,-0.989496159773
2024-01-05T07:55:00Z,fourier-demo,2.186100232426,0.935250000000,-0.146077966437,-0.989273080459
2024-01-05T07:56:00Z,fourier-demo,2.337267212757,0.935400000000,-0.147596431904,-0.989047669877
2024-01-05T07:57:00Z,fourier-demo,2.437794539057,0.935550000000,-0.149114549553,-0.988819928557
2024-01-05T07:58:00Z,fourier-demo,2.484057647550,0.935700000000,-0.150632315806,-0.988589857036
2024-01-05T07:59:00Z,fourier-demo,2.474304592364,0.935850000000,-0.152149727088,-0.988357455856
2024-01-05T08:00:00Z,fourier-demo,2.408709307446,0.936000000000,-0.153666779821,-0.988122725566
2024-01-05T08:01:00Z,fourier-demo,2.289352034458,0.936150000000,-0.155183470431,-0.987885666717
2024-01-05T08:02:00Z,fourier-demo,2.120128024356,0.936300000000,-0.156699795344,-0.987646279869
2024-01-05T08:03:00Z,fourier-demo,1.906588451242,0.936450000000,-0.158215750987,-0.987404565586
2024-01-05T08:04:00Z,fourier-demo,1.655720142535,0.936600000000,-0.159731333787,-0.987160524437
2024-01-05T08:05:00Z,fourier-demo,1.375673122153,0.936750000000,-0.161246540172,-0.986914156998
2024-01-05T08:06:00Z,fourier-demo,1.075446987393,0.936900000000,-0.162761366572,-0.986665463849
2024-01-05T08:07:00Z,fourier-demo,0.764548714432,0.937050000000,-0.164275809417,-0.986414445576
2024-01-05T08:08:00Z,fourier-demo,0.452635549569,0.937200000000,-0.165789865139,-0.986161102770
2024-01-05T08:09:00Z,fourier-demo,0.149157151719,0.937350000000,-0.167303530169,-0.985905436030
2024-01-05T08:10:00Z,fourier-demo,-0.136988912771,0.937500000000,-0.168816800940,-0.985647445956
2024-01-05T08:11:00Z,fourier-demo,-0.397774854669,0.937650000000,-0.170329673886,-0.985387133158
2024-01-05T08:12:00Z,fourier-demo,-0.626321231425,0.937800000000,-0.171842145443,-0.985124498249
2024-01-05T08:13:00Z,fourier-demo,-0.817125772836,0.937950000000,-0.173354212045,-0.984859541847
2024-01-05T08:14:00Z,fourier-demo,-0.966233921737,0.938100000000,-0.174865870130,-0.984592264576
2024-01-05T08:15:00Z,fourier-demo,-1.071344972311,0.938250000000,-0.176377116135,-0.984322667068
2024-01-05T08:16:00Z,fourier-demo,-1.131850348262,0.938400000000,-0.177887946500,-0.984050749957
2024-01-05T08:17:00Z,fourier-demo,-1.148803349453,0.938550000000,-0.179398357662,-0.983776513883
2024-01-05T08:18:00Z,fourier-demo,-1.124822494322,0.938700000000,-0.180908346065,-0.983499959494
2024-01-05T08:19:00Z,fourier-demo,-1.063933282031,0.938850000000,-0.182417908148,-0.983221087440
2024-01-05T08:20:00Z,fourier-demo,-0.971355682811,0.939000000000,-0.183927040354,-0.982939898380
2024-01-05T08:21:00Z,fourier-demo,-0.853246836189,0.939150000000,-0.185435739128,-0.982656392975
2024-01-05T08:22:00Z,fourier-demo,-0.716410206738,0.939300000000,-0.186944000914,-0.982370571893
2024-01-05T08:23:00Z,fourier-demo,-0.567983744184,0.939450000000,-0.188451822157,-0.982082435810
2024-01-05T08:24:00Z,fourier-demo,-0.415120367467,0.939600000000,-0.189959199305,-0.981791985402
2024-01-05T08:25:00Z,fourier-demo,-0.264674310339,0.939750000000,-0.191466128805,-0.981499221355
2024-01-05T08:26:00Z,fourier-demo,-0.122906522189,0.939900000000,-0.192972607106,-0.981204144359
2024-01-05T08:27:00Z,fourier-demo,0.004778572301,0.940050000000,-0.194478630658,-0.980906755108
2024-01-05T08:28:00Z,fourier-demo,0.114054048899,0.940200000000,-0.195984195912,-0.980607054305
2024-01-05T08:29:00Z,fourier-demo,0.201840135713,0.940350000000,-0.197489299319,-0.980305042655
2024-01-05T08:30:00Z,fourier-demo,0.266415699493,0.940500000000,-0.198993937334,-0.980000720869
2024-01-05T08:31:00Z,fourier-demo,0.307467220456,0.940650000000,-0.200498106411,-0.979694089666
2024-01-05T08:32:00Z,fourier-demo,0.326073579728,0.940800000000,-0.202001803004,-0.979385149767
2024-01-05T08:33:00Z,fourier-demo,0.324627716438,0.940950000000,-0.203505023570,-0.979073901900
2024-01-05T08:34:00Z,fourier-demo,0.306698893726,0.941100000000,-0.205007764567,-0.978760346800
2024-01-05T08:35:00Z,fourier-demo,0.276841833014,0.941250000000,-0.206510022453,-0.978444485204
2024-01-05T08:36:00Z,fourier-demo,0.240361229080,0.941400000000,-0.208011793689,-0.978126317858
2024-01-05T08:37:00Z,fourier-demo,0.203042051323,0.941550000000,-0.209513074735,-0.977805845511
2024-01-05T08:38:00Z,fourier-demo,0.170857490463,0.941700000000,-0.211013862054,-0.977483068918
2024-01-05T08:39:00Z,fourier-demo,0.149667364359,0.941850000000,-0.212514152108,-0.977157988840
2024-01-05T08:40:00Z,fourier-demo,0.144920212045,0.942000000000,-0.214013941363,-0.976830606043
2024-01-05T08:41:00Z,fourier-demo,0.161372163995,0.942150000000,-0.215513226284,-0.976500921298
2024-01-05T08:42:00Z,fourier-demo,0.202834984750,0.942300000000,-0.217012003338,-0.976168935383
2024-01-05T08:43:00Z,fourier-demo,0.271964469825,0.942450000000,-0.218510268993,-0.975834649080
2024-01-05T08:44:00Z,fourier-demo,0.370098692371,0.942600000000,-0.220008019718,-0.975498063176
2024-01-05T08:45:00Z,fourier-demo,0.497153506115,0.942750000000,-0.221505251984,-0.975159178465
2024-01-05T08:46:00Z,fourier-demo,0.651580306008,0.942900000000,-0.223001962262,-0.974817995745
2024-01-05T08:47:00Z,fourier-demo,0.830388426394,0.943050000000,-0.224498147025,-0.974474515820
2024-01-05T08:48:00Z,fourier-demo,1.029231827013,0.943200000000,-0.225993802748,-0.974128739500
2024-01-05T08:49:00Z,fourier-demo,1.242556992967,0.943350000000,-0.227488925906,-0.973780667599
2024-01-05T08:50:00Z,fourier-demo,1.463806369157,0.943500000000,-0.228983512975,-0.973430300939
2024-01-05T08:51:00Z,fourier-demo,1.685669270994,0.943650000000,-0.230477560434,-0.973077640343
2024-01-05T08:52:00Z,fourier-demo,1.900370160702,0.943800000000,-0.231971064762,-0.972722686645
2024-01-05T08:53:00Z,fourier-demo,2.099982538239,0.943950000000,-0.233464022439,-0.972365440679
2024-01-05T08:54:00Z,fourier-demo,2.276755536707,0.944100000000,-0.234956429946,-0.972005903288
2024-01-05T08:55:00Z,fourier-demo,2.423439683719,0.944250000000,-0.236448283768,-0.971644075319
2024-01-05T08:56:00Z,fourier-demo,2.533598219937,0.944400000000,-0.237939580389,-0.971279957625
2024-01-05T08:57:00Z,fourier-demo,2.601890858673,0.944550000000,-0.239430316293,-0.970913551064
2024-01-05T08:58:00Z,fourier-demo,2.624317907628,0.944700000000,-0.240920487969,-0.970544856499
2024-01-05T08:59:00Z,fourier-demo,2.598414214487,0.944850000000,-0.242410091904,-0.970173874799
2024-01-05T09:00:00Z,fourier-demo,2.523384380627,0.945000000000,-0.243899124588,-0.969800606839
2024-01-05T09:01:00Z,fourier-demo,2.400173031625,0.945150000000,-0.245387582512,-0.969425053498
2024-01-05T09:02:00Z,fourier-demo,2.231466544563,0.945300000000,-0.246875462169,-0.969047215660
2024-01-05T09:03:00Z,fourier-demo,2.021625404154,0.945450000000,-0.248362760053,-0.968667094217
2024-01-05T09:04:00Z,fourier-demo,1.776549179559,0.945600000000,-0.249849472657,-0.968284690064
2024-01-05T09:05:00Z,fourier-demo,1.503478866150,0.945750000000,-0.251335596480,-0.967900004103
2024-01-05T09:06:00Z,fourier-demo,1.210743908790,0.945900000000,-0.252821128018,-0.967513037239
2024-01-05T09:07:00Z,fourier-demo,0.907463509867,0.946050000000,-0.254306063772,-0.967123790385
2024-01-05T09:08:00Z,fourier-demo,0.603213732259,0.946200000000,-0.255790400241,-0.966732264458
2024-01-05T09:09:00Z,fourier-demo,0.307673355722,0.946350000000,-0.257274133928,-0.966338460381
2024-01-05T09:10:00Z,fourier-demo,0.030262374804,0.946500000000,-0.258757261336,-0.965942379082
2024-01-05T09:11:00Z,fourier-demo,-0.220212602165,0.946650000000,-0.260239778970,-0.965544021493
2024-01-05T09:12:00Z,fourier-demo,-0.435891996467,0.946800000000,-0.261721683338,-0.965143388555
2024-01-05T09:13:00Z,fourier-demo,-0.610162659165,0.946950000000,-0.263202970945,-0.964740481210
2024-01-05T09:14:00Z,fourier-demo,-0.737911051147,0.947100000000,-0.264683638303,-0.964335300409
2024-01-05T09:15:00Z,fourier-demo,-0.815720020999,0.947250000000,-0.266163681921,-0.963927847106
2024-01-05T09:16:00Z,fourier-demo,-0.842001207816,0.947400000000,-0.267643098311,-0.963518122262
2024-01-05T09:17:00Z,fourier-demo,-0.817057631124,0.947550000000,-0.269121883988,-0.963106126841
2024-01-05T09:18:00Z,fourier-demo,-0.743073788954,0.947700000000,-0.270600035467,-0.962691861815
2024-01-05T09:19:00Z,fourier-demo,-0.624033456833,0.947850000000,-0.272077549263,-0.962275328161
2024-01-05T09:20:00Z,fourier-demo,-0.465568249108,0.948000000000,-0.273554421897,-0.961856526859
2024-01-05T09:21:00Z,fourier-demo,-0.274742753935,0.948150000000,-0.275030649886,-0.961435458896
2024-01-05T09:22:00Z,fourier-demo,-0.059784573353,0.948300000000,-0.276506229752,-0.961012125266
2024-01-05T09:23:00Z,fourier-demo,0.170230211598,0.948450000000,-0.277981158019,-0.960586526965
2024-01-05T09:24:00Z,fourier-demo,0.405723862214,0.948600000000,-0.279455431209,-0.960158664996
2024-01-05T09:25:00Z,fourier-demo,0.636982524122,0.948750000000,-0.280929045850,-0.959728540368
2024-01-05T09:26:00Z,fourier-demo,0.854526189754,0.948900000000,-0.282401998468,-0.959296154095
2024-01-05T09:27:00Z,fourier-demo,1.049468618976,0.949050000000,-0.283874285593,-0.958861507194
2024-01-05T09:28:00Z,fourier-demo,1.213853172046,0.949200000000,-0.285345903754,-0.958424600692
2024-01-05T09:29:00Z,fourier-demo,1.340951487079,0.949350000000,-0.286816849484,-0.957985435616
2024-01-05T09:30:00Z,fourier-demo,1.425513433798,0.949500000000,-0.288287119317,-0.957544013002
2024-01-05T09:31:00Z,fourier-demo,1.463958735588,0.949650000000,-0.289756709787,-0.957100333890
2024-01-05T09:32:00Z,fourier-demo,1.454502993211,0.949800000000,-0.291225617432,-0.956654399327
2024-01-05T09:33:00Z,fourier-demo,1.397213470875,0.949950000000,-0.292693838791,-0.956206210362
2024-01-05T09:34:00Z,fourier-demo,1.293992812384,0.950100000000,-0.294161370402,-0.955755768051
2024-01-05T09:35:00Z,fourier-demo,1.148491728061,0.950250000000,-0.295628208808,-0.955303073457
2024-01-05T09:36:00Z,fourier-demo,0.965954515926,0.950400000000,-0.297094350552,-0.954848127647
2024-01-05T09:37:00Z,fourier-demo,0.753003939275,0.950550000000,-0.298559792179,-0.954390931691
2024-01-05T09:38:00Z,fourier-demo,0.517374370146,0.950700000000,-0.300024530236,-0.953931486668
2024-01-05T09:39:00Z,fourier-demo,0.267604128315,0.950850000000,-0.301488561272,-0.953469793660
2024-01-05T09:40:00Z,fourier-demo,0.012699517485,0.951000000000,-0.302951881835,-0.953005853756
2024-01-05T09:41:00Z,fourier-demo,-0.238215878246,0.951150000000,-0.304414488477,-0.952539668048
2024-01-05T09:42:00Z,fourier-demo,-0.476252565305,0.951300000000,-0.305876377753,-0.952071237636
2024-01-05T09:43:00Z,fourier-demo,-0.693093168703,0.951450000000,-0.307337546216,-0.951600563622
2024-01-05T09:44:00Z,fourier-demo,-0.881303736098,0.951600000000,-0.308797990424,-0.951127647117
2024-01-05T09:45:00Z,fourier-demo,-1.034606105479,0.951750000000,-0.310257706934,-0.950652489235
2024-01-05T09:46:00Z,fourier-demo,-1.148100783376,0.951900000000,-0.311716692308,-0.950175091095
2024-01-05T09:47:00Z,fourier-demo,-1.218431860833,0.952050000000,-0.313174943107,-0.949695453822
2024-01-05T09:48:00Z,fourier-demo,-1.243887909835,0.952200000000,-0.314632455894,-0.949213578547
2024-01-05T09:49:00Z,fourier-demo,-1.224435453453,0.952350000000,-0.316089227235,-0.948729466406
2024-01-05T09:50:00Z,fourier-demo,-1.161684379634,0.952500000000,-0.317545253696,-0.948243118538
2024-01-05T09:51:00Z,fourier-demo,-1.058787457282,0.952650000000,-0.319000531847,-0.947754536091
2024-01-05T09:52:00Z,fourier-demo,-0.920278799628,0.952800000000,-0.320455058259,-0.947263720215
2024-01-05T09:53:00Z,fourier-demo,-0.751858594135,0.952950000000,-0.321908829502,-0.946770672068
2024-01-05T09:54:00Z,fourier-demo,-0.560133579308,0.953100000000,-0.323361842153,-0.946275392811
2024-01-05T09:55:00Z,fourier-demo,-0.352324508972,0.953250000000,-0.324814092786,-0.945777883611
2024-01-05T09:56:00Z,fourier-demo,-0.135953132595,0.953400000000,-0.326265577979,-0.945278145641
2024-01-05T09:57:00Z,fourier-demo,0.081478015578,0.953550000000,-0.327716294312,-0.944776180078
2024-01-05T09:58:00Z,fourier-demo,0.292799515446,0.953700000000,-0.329166238366,-0.944271988105
2024-01-05T09:59:00Z,fourier-demo,0.491469495571,0.953850000000,-0.330615406724,-0.943765570911
2024-01-05T10:00:00Z,fourier-demo,0.671836346508,0.954000000000,-0.332063795971,-0.943256929688
2024-01-05T10:01:00Z,fourier-demo,0.829358858504,0.954150000000,-0.333511402695,-0.942746065636
2024-01-05T10:02:00Z,fourier-demo,0.960774778853,0.954300000000,-0.334958223482,-0.942232979958
2024-01-05T10:03:00Z,fourier-demo,1.064211003707,0.954450000000,-0.336404254925,-0.941717673864
2024-01-05T10:04:00Z,fourier-demo,1.139231115685,0.954600000000,-0.337849493616,-0.941200148568
2024-01-05T10:05:00Z,fourier-demo,1.186818647987,0.954750000000,-0.339293936148,-0.940680405288
2024-01-05T10:06:00Z,fourier-demo,1.209297186866,0.954900000000,-0.340737579118,-0.940158445251
2024-01-05T10:07:00Z,fourier-demo,1.210191103527,0.955050000000,-0.342180419124,-0.939634269686
2024-01-05T10:08:00Z,fourier-demo,1.194033222479,0.955200000000,-0.343622452765,-0.939107879828
2024-01-05T10:09:00Z,fourier-demo,1.166127981471,0.955350000000,-0.345063676644,-0.938579276919
2024-01-05T10:10:00Z,fourier-demo,1.132280524993,0.955500000000,-0.346504087364,-0.938048462202
2024-01-05T10:11:00Z,fourier-demo,1.098503620448,0.955650000000,-0.347943681530,-0.937515436931
2024-01-05T10:12:00Z,fourier-demo,1.070715233234,0.955800000000,-0.349382455751,-0.936980202359
2024-01-05T10:13:00Z,fourier-demo,1.054440004622,0.955950000000,-0.350820406636,-0.936442759750
2024-01-05T10:14:00Z,fourier-demo,1.054527727241,0.956100000000,-0.352257530795,-0.935903110369
2024-01-05T10:15:00Z,fourier-demo,1.074901213012,0.956250000000,-0.353693824844,-0.935361255488
2024-01-05T10:16:00Z,fourier-demo,1.118344726134,0.956400000000,-0.355129285395,-0.934817196384
2024-01-05T10:17:00Z,fourier-demo,1.186342459603,0.956550000000,-0.356563909068,-0.934270934339
2024-01-05T10:18:00Z,fourier-demo,1.278974437418,0.956700000000,-0.357997692482,-0.933722470640
2024-01-05T10:19:00Z,fourier-demo,1.394874812902,0.956850000000,-0.359430632256,-0.933171806580
2024-01-05T10:20:00Z,fourier-demo,1.531254905939,0.957000000000,-0.360862725016,-0.932618943457
2024-01-05T10:21:00Z,fourier-demo,1.683990587335,0.957150000000,-0.362293967385,-0.932063882573
2024-01-05T10:22:00Z,fourier-demo,1.847770890246,0.957300000000,-0.363724355992,-0.931506625236
2024-01-05T10:23:00Z,fourier-demo,2.016302119940,0.957450000000,-0.365153887465,-0.930947172760
2024-01-05T10:24:00Z,fourier-demo,2.182559352621,0.957600000000,-0.366582558435,-0.930385526463
2024-01-05T10:25:00Z,fourier-demo,2.339075160903,0.957750000000,-0.368010365537,-0.929821687668
2024-01-05T10:26:00Z,fourier-demo,2.478253763793,0.957900000000,-0.369437305404,-0.929255657705
2024-01-05T10:27:00Z,fourier-demo,2.592697641767,0.958050000000,-0.370863374675,-0.928687437906
2024-01-05T10:28:00Z,fourier-demo,2.675533032131,0.958200000000,-0.372288569989,-0.928117029612
2024-01-05T10:29:00Z,fourier-demo,2.720720653861,0.958350000000,-0.373712887987,-0.927544434166
2024-01-05T10:30:00Z,fourier-demo,2.723338509143,0.958500000000,-0.375136325313,-0.926969652918
2024-01-05T10:31:00Z,fourier-demo,2.679824652349,0.958650000000,-0.376558878613,-0.926392687222
2024-01-05T10:32:00Z,fourier-demo,2.588169365097,0.958800000000,-0.377980544534,-0.925813538437
2024-01-05T10:33:00Z,fourier-demo,2.448048166649,0.958950000000,-0.379401319726,-0.925232207930
2024-01-05T10:34:00Z,fourier-demo,2.260889441934,0.959100000000,-0.380821200841,-0.924648697068
2024-01-05T10:35:00Z,fourier-demo,2.029873089960,0.959250000000,-0.382240184532,-0.924063007229
2024-01-05T10:36:00Z,fourier-demo,1.759859376808,0.959400000000,-0.383658267456,-0.923475139791
2024-01-05T10:37:00Z,fourier-demo,1.457250006753,0.959550000000,-0.385075446272,-0.922885096141
2024-01-05T10:38:00Z,fourier-demo,1.129786186922,0.959700000000,-0.386491717639,-0.922292877668
2024-01-05T10:39:00Z,fourier-demo,0.786291042376,0.959850000000,-0.387907078220,-0.921698485768
2024-01-05T10:40:00Z,fourier-demo,0.436366033945,0.960000000000,-0.389321524680,-0.921101921842
2024-01-05T10:41:00Z,fourier-demo,0.090052946170,0.960150000000,-0.390735053685,-0.920503187296
2024-01-05T10:42:00Z,fourier-demo,-0.242525531593,0.960300000000,-0.392147661904,-0.919902283540
2024-01-05T10:43:00Z,fourier-demo,-0.551532671896,0.960450000000,-0.393559346009,-0.919299211992
2024-01-05T10:44:00Z,fourier-demo,-0.827777687959,0.960600000000,-0.394970102673,-0.918693974071
2024-01-05T10:45:00Z,fourier-demo,-1.063054687598,0.960750000000,-0.396379928571,-0.918086571204
2024-01-05T10:46:00Z,fourier-demo,-1.250447233605,0.960900000000,-0.397788820381,-0.917477004823
2024-01-05T10:47:00Z,fourier-demo,-1.384586449180,0.961050000000,-0.399196774783,-0.916865276365
2024-01-05T10:48:00Z,fourier-demo,-1.461852401898,0.961200000000,-0.400603788458,-0.916251387269
2024-01-05T10:49:00Z,fourier-demo,-1.480510710434,0.961350000000,-0.402009858092,-0.915635338984
2024-01-05T10:50:00Z,fourier-demo,-1.440778856275,0.961500000000,-0.403414980371,-0.915017132961
2024-01-05T10:51:00Z,fourier-demo,-1.344819446065,0.961650000000,-0.404819151983,-0.914396770657
2024-01-05T10:52:00Z,fourier-demo,-1.196660547758,0.961800000000,-0.406222369620,-0.913774253533
2024-01-05T10:53:00Z,fourier-demo,-1.002046099703,0.961950000000,-0.407624629974,-0.913149583058
2024-01-05T10:54:00Z,fourier-demo,-0.768222150086,0.962100000000,-0.409025929742,-0.912522760702
2024-01-05T10:55:00Z,fourier-demo,-0.503667213888,0.962250000000,-0.410426265621,-0.911893787943
2024-01-05T10:56:00Z,fourier-demo,-0.217777233538,0.962400000000,-0.411825634311,-0.911262666263
2024-01-05T10:57:00Z,fourier-demo,0.079482590589,0.962550000000,-0.413224032514,-0.910629397149
2024-01-05T10:58:00Z,fourier-demo,0.377945544446,0.962700000000,-0.414621456935,-0.909993982095
2024-01-05T10:59:00Z,fourier-demo,0.667616417111,0.962850000000,-0.416017904282,-0.909356422596
2024-01-05T11:00:00Z,fourier-demo,0.939035313032,0.963000000000,-0.417413371262,-0.908716720156
2024-01-05T11:01:00Z,fourier-demo,1.183618186460,0.963150000000,-0.418807854588,-0.908074876282
2024-01-05T11:02:00Z,fourier-demo,1.393960990196,0.963300000000,-0.420201350973,-0.907430892487
2024-01-05T11:03:00Z,fourier-demo,1.564095818268,0.963450000000,-0.421593857135,-0.906784770288
2024-01-05T11:04:00Z,fourier-demo,1.689689370791,0.963600000000,-0.422985369790,-0.906136511208
2024-01-05T11:05:00Z,fourier-demo,1.768176399775,0.963750000000,-0.424375885660,-0.905486116774
2024-01-05T11:06:00Z,fourier-demo,1.798823412215,0.963900000000,-0.425765401468,-0.904833588519
2024-01-05T11:07:00Z,fourier-demo,1.782720705064,0.964050000000,-0.427153913940,-0.904178927981
2024-01-05T11:08:00Z,fourier-demo,1.722703672320,0.964200000000,-0.428541419804,-0.903522136703
2024-01-05T11:09:00Z,fourier-demo,1.623207141242,0.964350000000,-0.429927915790,-0.902863216232
2024-01-05T11:10:00Z,fourier-demo,1.490059148943,0.964500000000,-0.431313398630,-0.902202168121
2024-01-05T11:11:00Z,fourier-demo,1.330222955151,0.964650000000,-0.432697865059,-0.901538993928
2024-01-05T11:12:00Z,fourier-demo,1.151498105933,0.964800000000,-0.434081311816,-0.900873695216
2024-01-05T11:13:00Z,fourier-demo,0.962192935785,0.964950000000,-0.435463735639,-0.900206273552
2024-01-05T11:14:00Z,fourier-demo,0.770781959229,0.965100000000,-0.436845133272,-0.899536730510
2024-01-05T11:15:00Z,fourier-demo,0.585562116270,0.965250000000,-0.438225501458,-0.898865067667
2024-01-05T11:16:00Z,fourier-demo,0.414321779635,0.965400000000,-0.439604836946,-0.898191286605
2024-01-05T11:17:00Z,fourier-demo,0.264035809799,0.965550000000,-0.440983136483,-0.897515388914
2024-01-05T11:18:00Z,fourier-demo,0.140598783665,0.965700000000,-0.442360396823,-0.896837376185
2024-01-05T11:19:00Z,fourier-demo,0.048606873532,0.965850000000,-0.443736614720,-0.896157250016
2024-01-05T11:20:00Z,fourier-demo,-0.008803216294,0.966000000000,-0.445111786931,-0.895475012011
2024-01-05T11:21:00Z,fourier-demo,-0.030052251092,0.966150000000,-0.446485910214,-0.894790663776
2024-01-05T11:22:00Z,fourier-demo,-0.015150039016,0.966300000000,-0.447858981333,-0.894104206924
2024-01-05T11:23:00Z,fourier-demo,0.034340027350,0.966450000000,-0.449230997050,-0.893415643074
2024-01-05T11:24:00Z,fourier-demo,0.115401289929,0.966600000000,-0.450601954134,-0.892724973847
2024-01-05T11:25:00Z,fourier-demo,0.223724161110,0.966750000000,-0.451971849352,-0.892032200872
2024-01-05T11:26:00Z,fourier-demo,0.353919173220,0.966900000000,-0.453340679478,-0.891337325781
2024-01-05T11:27:00Z,fourier-demo,0.499773290722,0.967050000000,-0.454708441284,-0.890640350211
2024-01-05T11:28:00Z,fourier-demo,0.654538287640,0.967200000000,-0.456075131549,-0.889941275805
2024-01-05T11:29:00Z,fourier-demo,0.811238717394,0.967350000000,-0.457440747051,-0.889240104211
2024-01-05T11:30:00Z,fourier-demo,0.962986249953,0.967500000000,-0.458805284573,-0.888536837080
2024-01-05T11:31:00Z,fourier-demo,1.103286951664,0.967650000000,-0.460168740898,-0.887831476070
2024-01-05T11:32:00Z,fourier-demo,1.226328443369,0.967800000000,-0.461531112814,-0.887124022843
2024-01-05T11:33:00Z,fourier-demo,1.327234776352,0.967950000000,-0.462892397109,-0.886414479066
2024-01-05T11:34:00Z,fourier-demo,1.402278274756,0.968100000000,-0.464252590577,-0.885702846412
2024-01-05T11:35:00Z,fourier-demo,1.449039448006,0.968250000000,-0.465611690012,-0.884989126557
2024-01-05T11:36:00Z,fourier-demo,1.466508299822,0.968400000000,-0.466969692211,-0.884273321183
2024-01-05T11:37:00Z,fourier-demo,1.455122858778,0.968550000000,-0.468326593974,-0.883555431978
2024-01-05T11:38:00Z,fourier-demo,1.416743424875,0.968700000000,-0.469682392102,-0.882835460632
2024-01-05T11:39:00Z,fourier-demo,1.354563756163,0.968850000000,-0.471037083402,-0.882113408842
2024-01-05T11:40:00Z,fourier-demo,1.272963095474,0.969000000000,-0.472390664681,-0.881389278311
2024-01-05T11:41:00Z,fourier-demo,1.177305448472,0.969150000000,-0.473743132749,-0.880663070744
2024-01-05T11:42:00Z,fourier-demo,1.073694766097,0.969300000000,-0.475094484419,-0.879934787853
2024-01-05T11:43:00Z,fourier-demo,0.968696563646,0.969450000000,-0.476444716506,-0.879204431354
2024-01-05T11:44:00Z,fourier-demo,0.869037947001,0.969600000000,-0.477793825829,-0.878472002969
2024-01-05T11:45:00Z,fourier-demo,0.781298953701,0.969750000000,-0.479141809208,-0.877737504422
2024-01-05T11:46:00Z,fourier-demo,0.711608513390,0.969900000000,-0.480488663467,-0.877000937445
2024-01-05T11:47:00Z,fourier-demo,0.665358171499,0.970050000000,-0.481834385431,-0.876262303775
2024-01-05T11:48:00Z,fourier-demo,0.646946008023,0.970200000000,-0.483178971930,-0.875521605150
2024-01-05T11:49:00Z,fourier-demo,0.659561948685,0.970350000000,-0.484522419795,-0.874778843318
2024-01-05T11:50:00Z,fourier-demo,0.705023959118,0.970500000000,-0.485864725859,-0.874034020028
2024-01-05T11:51:00Z,fourier-demo,0.783672504116,0.970650000000,-0.487205886961,-0.873287137035
2024-01-05T11:52:00Z,fourier-demo,0.894328230139,0.970800000000,-0.488545899939,-0.872538196100
2024-01-05T11:53:00Z,fourier-demo,1.034315190171,0.970950000000,-0.489884761635,-0.871787198987
2024-01-05T11:54:00Z,fourier-demo,1.199549184562,0.971100000000,-0.491222468895,-0.871034147467
2024-01-05T11:55:00Z,fourier-demo,1.384688053204,0.971250000000,-0.492559018565,-0.870279043313
2024-01-05T11:56:00Z,fourier-demo,1.583338136780,0.971400000000,-0.493894407497,-0.869521888306
2024-01-05T11:57:00Z,fourier-demo,1.788308736399,0.971550000000,-0.495228632544,-0.868762684229
2024-01-05T11:58:00Z,fourier-demo,1.991904341237,0.971700000000,-0.496561690561,-0.868001432872
2024-01-05T11:59:00Z,fourier-demo,2.186242748776,0.971850000000,-0.497893578406,-0.867238136028
2024-01-05T12:00:00Z,fourier-demo,2.363586041178,0.972000000000,-0.499224292942,-0.866472795497
2024-01-05T12:01:00Z,fourier-demo,2.516670753428,0.972150000000,-0.500553831032,-0.865705413082
2024-01-05T12:02:00Z,fourier-demo,2.639023502002,0.972300000000,-0.501882189544,-0.864935990590
2024-01-05T12:03:00Z,fourier-demo,2.725248841250,0.972450000000,-0.503209365346,-0.864164529837
2024-01-05T12:04:00Z,fourier-demo,2.771277160070,0.972600000000,-0.504535355312,-0.863391032638
2024-01-05T12:05:00Z,fourier-demo,2.774561982539,0.972750000000,-0.505860156316,-0.862615500818
2024-01-05T12:06:00Z,fourier-demo,2.734218031177,0.972900000000,-0.507183765237,-0.861837936204
2024-01-05T12:07:00Z,fourier-demo,2.651093770096,0.973050000000,-0.508506178955,-0.861058340628
2024-01-05T12:08:00Z,fourier-demo,2.527774772280,0.973200000000,-0.509827394355,-0.860276715927
2024-01-05T12:09:00Z,fourier-demo,2.368517044073,0.973350000000,-0.511147408322,-0.859493063943
2024-01-05T12:10:00Z,fourier-demo,2.179112277351,0.973500000000,-0.512466217746,-0.858707386523
2024-01-05T12:11:00Z,fourier-demo,1.966689770315,0.973650000000,-0.513783819519,-0.857919685519
2024-01-05T12:12:00Z,fourier-demo,1.739462348253,0.973800000000,-0.515100210536,-0.857129962786
2024-01-05T12:13:00Z,fourier-demo,1.506425920131,0.973950000000,-0.516415387696,-0.856338220186
2024-01-05T12:14:00Z,fourier-demo,1.277024230982,0.974100000000,-0.517729347898,-0.855544459584
2024-01-05T12:15:00Z,fourier-demo,1.060791834600,0.974250000000,-0.519042088046,-0.854748682852
2024-01-05T12:16:00Z,fourier-demo,0.866989255491,0.974400000000,-0.520353605047,-0.853950891864
2024-01-05T12:17:00Z,fourier-demo,0.704244693756,0.974550000000,-0.521663895810,-0.853151088500
2024-01-05T12:18:00Z,fourier-demo,0.580216434878,0.974700000000,-0.522972957248,-0.852349274645
2024-01-05T12:19:00Z,fourier-demo,0.501289364660,0.974850000000,-0.524280786275,-0.851545452189
2024-01-05T12:20:00Z,fourier-demo,0.472317687702,0.975000000000,-0.525587379809,-0.850739623025
2024-01-05T12:21:00Z,fourier-demo,0.496424157297,0.975150000000,-0.526892734772,-0.849931789054
2024-01-05T12:22:00Z,fourier-demo,0.574863917201,0.975300000000,-0.528196848088,-0.849121952178
2024-01-05T12:23:00Z,fourier-demo,0.706958519772,0.975450000000,-0.529499716682,-0.848310114306
2024-01-05T12:24:00Z,fourier-demo,0.890102922460,0.975600000000,-0.530801337485,-0.847496277351
2024-01-05T12:25:00Z,fourier-demo,1.119845386718,0.975750000000,-0.532101707430,-0.846680443231
2024-01-05T12:26:00Z,fourier-demo,1.390037325926,0.975900000000,-0.533400823452,-0.845862613868
2024-01-05T12:27:00Z,fourier-demo,1.693047387865,0.976050000000,-0.534698682490,-0.845042791191
2024-01-05T12:28:00Z,fourier-demo,2.020031523756,0.976200000000,-0.535995281485,-0.844220977130
2024-01-05T12:29:00Z,fourier-demo,2.361248591989,0.976350000000,-0.537290617382,-0.843397173622
2024-01-05T12:30:00Z,fourier-demo,2.706409258993,0.976500000000,-0.538584687128,-0.842571382609
2024-01-05T12:31:00Z,fourier-demo,3.045044663927,0.976650000000,-0.539877487674,-0.841743606036
2024-01-05T12:32:00Z,fourier-demo,3.366880559865,0.976800000000,-0.541169015973,-0.840913845855
2024-01-05T12:33:00Z,fourier-demo,3.662202461689,0.976950000000,-0.542459268981,-0.840082104021
2024-01-05T12:34:00Z,fourier-demo,3.922197726749,0.977100000000,-0.543748243659,-0.839248382493
2024-01-05T12:35:00Z,fourier-demo,4.139261451680,0.977250000000,-0.545035936968,-0.838412683237
2024-01-05T12:36:00Z,fourier-demo,4.307254548142,0.977400000000,-0.546322345874,-0.837575008222
2024-01-05T12:37:00Z,fourier-demo,4.421704301050,0.977550000000,-0.547607467346,-0.836735359422
2024-01-05T12:38:00Z,fourier-demo,4.479940035901,0.977700000000,-0.548891298355,-0.835893738815
2024-01-05T12:39:00Z,fourier-demo,4.481159132417,0.977850000000,-0.550173835875,-0.835050148385
2024-01-05T12:40:00Z,fourier-demo,4.426421413764,0.978000000000,-0.551455076885,-0.834204590120
2024-01-05T12:41:00Z,fourier-demo,4.318572800857,0.978150000000,-0.552735018365,-0.833357066013
2024-01-05T12:42:00Z,fourier-demo,4.162101933620,0.978300000000,-0.554013657299,-0.832507578060
2024-01-05T12:43:00Z,fourier-demo,3.962936111994,0.978450000000,-0.555290990673,-0.831656128263
2024-01-05T12:44:00Z,fourier-demo,3.728185291870,0.978600000000,-0.556567015478,-0.830802718630
2024-01-05T12:45:00Z,fourier-demo,3.465844889220,0.978750000000,-0.557841728706,-0.829947351170
2024-01-05T12:46:00Z,fourier-demo,3.184469718725,0.978900000000,-0.559115127354,-0.829090027901
2024-01-05T12:47:00Z,fourier-demo,2.892832458604,0.979050000000,-0.560387208420,-0.828230750841
2024-01-05T12:48:00Z,fourier-demo,2.599580549606,0.979200000000,-0.561657968908,-0.827369522017
2024-01-05T12:49:00Z,fourier-demo,2.312905383943,0.979350000000,-0.562927405822,-0.826506343457
2024-01-05T12:50:00Z,fourier-demo,2.040237023593,0.979500000000,-0.564195516171,-0.825641217196
2024-01-05T12:51:00Z,fourier-demo,1.787976533877,0.979650000000,-0.565462296967,-0.824774145272
2024-01-05T12:52:00Z,fourier-demo,1.561276376702,0.979800000000,-0.566727745224,-0.823905129729
2024-01-05T12:53:00Z,fourier-demo,1.363877247238,0.979950000000,-0.567991857960,-0.823034172615
2024-01-05T12:54:00Z,fourier-demo,1.198007343953,0.980100000000,-0.569254632196,-0.822161275981
2024-01-05T12:55:00Z,fourier-demo,1.064347434371,0.980250000000,-0.570516064957,-0.821286441886
2024-01-05T12:56:00Z,fourier-demo,0.962062326299,0.980400000000,-0.571776153270,-0.820409672390
2024-01-05T12:57:00Z,fourier-demo,0.888896590362,0.980550000000,-0.573034894166,-0.819530969560
2024-01-05T12:58:00Z,fourier-demo,0.841329718306,0.980700000000,-0.574292284677,-0.818650335467
2024-01-05T12:59:00Z,fourier-demo,0.814783452177,0.980850000000,-0.575548321842,-0.817767772185
2024-01-05T13:00:00Z,fourier-demo,0.803871882690,0.981000000000,-0.576803002700,-0.816883281795
2024-01-05T13:01:00Z,fourier-demo,0.802683178208,0.981150000000,-0.578056324294,-0.815996866381
2024-01-05T13:02:00Z,fourier-demo,0.805080539763,0.981300000000,-0.579308283671,-0.815108528032
2024-01-05T13:03:00Z,fourier-demo,0.805009233541,0.981450000000,-0.580558877881,-0.814218268841
2024-01-05T13:04:00Z,fourier-demo,0.796796360110,0.981600000000,-0.581808103976,-0.813326090906
2024-01-05T13:05:00Z,fourier-demo,0.775430386027,0.981750000000,-0.583055959013,-0.812431996329
2024-01-05T13:06:00Z,fourier-demo,0.736808372298,0.981900000000,-0.584302440051,-0.811535987218
2024-01-05T13:07:00Z,fourier-demo,0.677940246634,0.982050000000,-0.585547544153,-0.810638065685
2024-01-05T13:08:00Z,fourier-demo,0.597101323366,0.982200000000,-0.586791268384,-0.809738233844
2024-01-05T13:09:00Z,fourier-demo,0.493926498244,0.982350000000,-0.588033609814,-0.808836493817
2024-01-05T13:10:00Z,fourier-demo,0.369442042563,0.982500000000,-0.589274565515,-0.807932847728
2024-01-05T13:11:00Z,fourier-demo,0.226033587734,0.982650000000,-0.590514132562,-0.807027297707
2024-01-05T13:12:00Z,fourier-demo,0.067351616638,0.982800000000,-0.591752308035,-0.806119845889
2024-01-05T13:13:00Z,fourier-demo,-0.101841551822,0.982950000000,-0.592989089016,-0.805210494410
2024-01-05T13:14:00Z,fourier-demo,-0.275876794721,0.983100000000,-0.594224472589,-0.804299245416
2024-01-05T13:15:00Z,fourier-demo,-0.448426510333,0.983250000000,-0.595458455845,-0.803386101051
2024-01-05T13:16:00Z,fourier-demo,-0.612785643970,0.983400000000,-0.596691035875,-0.802471063470
2024-01-05T13:17:00Z,fourier-demo,-0.762173394635,0.983550000000,-0.597922209774,-0.801554134828
2024-01-05T13:18:00Z,fourier-demo,-0.890042657471,0.983700000000,-0.599151974641,-0.800635317285
2024-01-05T13:19:00Z,fourier-demo,-0.990383872838,0.983850000000,-0.600380327578,-0.799714613007
2024-01-05T13:20:00Z,fourier-demo,-1.058010126791,0.984000000000,-0.601607265690,-0.798792024164
2024-01-05T13:21:00Z,fourier-demo,-1.088811073295,0.984150000000,-0.602832786087,-0.797867552930
2024-01-05T13:22:00Z,fourier-demo,-1.079964496831,0.984300000000,-0.604056885879,-0.796941201483
2024-01-05T13:23:00Z,fourier-demo,-1.030096054307,0.984450000000,-0.605279562183,-0.796012972007
2024-01-05T13:24:00Z,fourier-demo,-0.939379857081,0.984600000000,-0.606500812117,-0.795082866688
2024-01-05T13:25:00Z,fourier-demo,-0.809574990594,0.984750000000,-0.607720632803,-0.794150887719
2024-01-05T13:26:00Z,fourier-demo,-0.643995720220,0.984900000000,-0.608939021367,-0.793217037296
2024-01-05T13:27:00Z,fourier-demo,-0.447415888635,0.985050000000,-0.610155974937,-0.792281317619
2024-01-05T13:28:00Z,fourier-demo,-0.225910758226,0.985200000000,-0.611371490646,-0.791343730894
2024-01-05T13:29:00Z,fourier-demo,0.013357821436,0.985350000000,-0.612585565628,-0.790404279330
2024-01-05T13:30:00Z,fourier-demo,0.262404645285,0.985500000000,-0.613798197024,-0.789462965141
2024-01-05T13:31:00Z,fourier-demo,0.512722442306,0.985650000000,-0.615009381976,-0.788519790545
2024-01-05T13:32:00Z,fourier-demo,0.755609232335,0.985800000000,-0.616219117628,-0.787574757765
2024-01-05T13:33:00Z,fourier-demo,0.982508595940,0.985950000000,-0.617427401132,-0.786627869028
2024-01-05T13:34:00Z,fourier-demo,1.185349074536,0.986100000000,-0.618634229638,-0.785679126565
2024-01-05T13:35:00Z,fourier-demo,1.356868851886,0.986250000000,-0.619839600304,-0.784728532612
2024-01-05T13:36:00Z,fourier-demo,1.490912369344,0.986400000000,-0.621043510288,-0.783776089409
2024-01-05T13:37:00Z,fourier-demo,1.582686576863,0.986550000000,-0.622245956754,-0.782821799201
2024-01-05T13:38:00Z,fourier-demo,1.628966078962,0.986700000000,-0.623446936867,-0.781865664236
2024-01-05T13:39:00Z,fourier-demo,1.628238437297,0.986850000000,-0.624646447799,-0.780907686767
2024-01-05T13:40:00Z,fourier-demo,1.580783259024,0.987000000000,-0.625844486722,-0.779947869053
2024-01-05T13:41:00Z,fourier-demo,1.488681337300,0.987150000000,-0.627041050812,-0.778986213355
2024-01-05T13:42:00Z,fourier-demo,1.355752910367,0.987300000000,-0.628236137251,-0.778022721938
2024-01-05T13:43:00Z,fourier-demo,1.187426955252,0.987450000000,-0.629429743221,-0.777057397075
2024-01-05T13:44:00Z,fourier-demo,0.990546215496,0.987600000000,-0.630621865911,-0.776090241039
2024-01-05T13:45:00Z,fourier-demo,0.773115266118,0.987750000000,-0.631812502510,-0.775121256109
2024-01-05T13:46:00Z,fourier-demo,0.544001237292,0.987900000000,-0.633001650213,-0.774150444570
2024-01-05T13:47:00Z,fourier-demo,0.312598756081,0.988050000000,-0.634189306218,-0.773177808708
2024-01-05T13:48:00Z,fourier-demo,0.088472143771,0.988200000000,-0.635375467726,-0.772203350817
2024-01-05T13:49:00Z,fourier-demo,-0.119011135875,0.988350000000,-0.636560131941,-0.771227073191
2024-01-05T13:50:00Z,fourier-demo,-0.301041384696,0.988500000000,-0.637743296072,-0.770248978133
2024-01-05T13:51:00Z,fourier-demo,-0.449707721483,0.988650000000,-0.638924957331,-0.769269067946
2024-01-05T13:52:00Z,fourier-demo,-0.558305814217,0.988800000000,-0.640105112934,-0.768287344941
2024-01-05T13:53:00Z,fourier-demo,-0.621600122750,0.988950000000,-0.641283760098,-0.767303811430
2024-01-05T13:54:00Z,fourier-demo,-0.636030263248,0.989100000000,-0.642460896047,-0.766318469731
2024-01-05T13:55:00Z,fourier-demo,-0.599853305874,0.989250000000,-0.643636518006,-0.765331322167
2024-01-05T13:56:00Z,fourier-demo,-0.513216347247,0.989400000000,-0.644810623205,-0.764342371063
2024-01-05T13:57:00Z,fourier-demo,-0.378156457478,0.989550000000,-0.645983208878,-0.763351618750
2024-01-05T13:58:00Z,fourier-demo,-0.198527976746,0.989700000000,-0.647154272260,-0.762359067563
2024-01-05T13:59:00Z,fourier-demo,0.020139987193,0.989850000000,-0.648323810593,-0.761364719841
2024-01-05T14:00:00Z,fourier-demo,0.270850247613,0.990000000000,-0.649491821120,-0.760368577926
2024-01-05T14:01:00Z,fourier-demo,0.545400264951,0.990150000000,-0.650658301089,-0.759370644168
2024-01-05T14:02:00Z,fourier-demo,0.834690554399,0.990300000000,-0.651823247751,-0.758370920916
2024-01-05T14:03:00Z,fourier-demo,1.129066628119,0.990450000000,-0.652986658361,-0.757369410527
2024-01-05T14:04:00Z,fourier-demo,1.418681023151,0.990600000000,-0.654148530177,-0.756366115362
2024-01-05T14:05:00Z,fourier-demo,1.693861204490,0.990750000000,-0.655308860460,-0.755361037784
2024-01-05T14:06:00Z,fourier-demo,1.945468941753,0.990900000000,-0.656467646478,-0.754354180162
2024-01-05T14:07:00Z,fourier-demo,2.165237144226,0.991050000000,-0.657624885498,-0.753345544869
2024-01-05T14:08:00Z,fourier-demo,2.346071086224,0.991200000000,-0.658780574794,-0.752335134281
2024-01-05T14:09:00Z,fourier-demo,2.482302423386,0.991350000000,-0.659934711643,-0.751322950780
2024-01-05T14:10:00Z,fourier-demo,2.569886330332,0.991500000000,-0.661087293324,-0.750308996751
2024-01-05T14:11:00Z,fourier-demo,2.606534402001,0.991650000000,-0.662238317122,-0.749293274583
2024-01-05T14:12:00Z,fourier-demo,2.591778560568,0.991800000000,-0.663387780323,-0.748275786671
2024-01-05T14:13:00Z,fourier-demo,2.526963991101,0.991950000000,-0.664535680221,-0.747256535411
2024-01-05T14:14:00Z,fourier-demo,2.415171979037,0.992100000000,-0.665682014108,-0.746235523205
2024-01-05T14:15:00Z,fourier-demo,2.261076325230,0.992250000000,-0.666826779284,-0.745212752460
2024-01-05T14:16:00Z,fourier-demo,2.070739656335,0.992400000000,-0.667969973051,-0.744188225587
2024-01-05T14:17:00Z,fourier-demo,1.851358322722,0.992550000000,-0.669111592716,-0.743161944998
2024-01-05T14:18:00Z,fourier-demo,1.610966587297,0.992700000000,-0.670251635587,-0.742133913113
2024-01-05T14:19:00Z,fourier-demo,1.358112375865,0.992850000000,-0.671390098979,-0.741104132355
2024-01-05T14:20:00Z,fourier-demo,1.101517920625,0.993000000000,-0.672526980208,-0.740072605149
2024-01-05T14:21:00Z,fourier-demo,0.849739141380,0.993150000000,-0.673662276596,-0.739039333927
2024-01-05T14:22:00Z,fourier-demo,0.610837555057,0.993300000000,-0.674795985466,-0.738004321125
2024-01-05T14:23:00Z,fourier-demo,0.392077887211,0.993450000000,-0.675928104148,-0.736967569180
2024-01-05T14:24:00Z,fourier-demo,0.199663406473,0.993600000000,-0.677058629973,-0.735929080536
2024-01-05T14:25:00Z,fourier-demo,0.038519363474,0.993750000000,-0.678187560278,-0.734888857641
2024-01-05T14:26:00Z,fourier-demo,-0.087867141591,0.993900000000,-0.679314892402,-0.733846902945
2024-01-05T14:27:00Z,fourier-demo,-0.177544928007,0.994050000000,-0.680440623687,-0.732803218904
2024-01-05T14:28:00Z,fourier-demo,-0.230130827611,0.994200000000,-0.681564751483,-0.731757807978
2024-01-05T14:29:00Z,fourier-demo,-0.246775535611,0.994350000000,-0.682687273138,-0.730710672630
2024-01-05T14:30:00Z,fourier-demo,-0.230065409750,0.994500000000,-0.683808186009,-0.729661815327
2024-01-05T14:31:00Z,fourier-demo,-0.183865062187,0.994650000000,-0.684927487454,-0.728611238542
2024-01-05T14:32:00Z,fourier-demo,-0.113108029752,0.994800000000,-0.686045174835,-0.727558944750
2024-01-05T14:33:00Z,fourier-demo,-0.023544936791,0.994950000000,-0.687161245517,-0.726504936431
2024-01-05T14:34:00Z,fourier-demo,0.078539706653,0.995100000000,-0.688275696872,-0.725449216069
2024-01-05T14:35:00Z,fourier-demo,0.186629670818,0.995250000000,-0.689388526272,-0.724391786152
2024-01-05T14:36:00Z,fourier-demo,0.294284999762,0.995400000000,-0.690499731096,-0.723332649171
2024-01-05T14:37:00Z,fourier-demo,0.395442511246,0.995550000000,-0.691609308724,-0.722271807622
2024-01-05T14:38:00Z,fourier-demo,0.484695854943,0.995700000000,-0.692717256543,-0.721209264006
2024-01-05T14:39:00Z,fourier-demo,0.557543095941,0.995850000000,-0.693823571940,-0.720145020826
2024-01-05T14:40:00Z,fourier-demo,0.610591208214,0.996000000000,-0.694928252310,-0.719079080590
2024-01-05T14:41:00Z,fourier-demo,0.641708723891,0.996150000000,-0.696031295048,-0.718011445810
2024-01-05T14:42:00Z,fourier-demo,0.650120010695,0.996300000000,-0.697132697555,-0.716942119002
2024-01-05T14:43:00Z,fourier-demo,0.636437149133,0.996450000000,-0.698232457236,-0.715871102687
2024-01-05T14:44:00Z,fourier-demo,0.602628048527,0.996600000000,-0.699330571500,-0.714798399387
2024-01-05T14:45:00Z,fourier-demo,0.551922165757,0.996750000000,-0.700427037758,-0.713724011631
2024-01-05T14:46:00Z,fourier-demo,0.488657859079,0.996900000000,-0.701521853426,-0.712647941950
2024-01-05T14:47:00Z,fourier-demo,0.418077910350,0.997050000000,-0.702615015925,-0.711570192881
2024-01-05T14:48:00Z,fourier-demo,0.346081978152,0.997200000000,-0.703706522678,-0.710490766963
2024-01-05T14:49:00Z,fourier-demo,0.278946608563,0.997350000000,-0.704796371114,-0.709409666740
2024-01-05T14:50:00Z,fourier-demo,0.223024851494,0.997500000000,-0.705884558664,-0.708326894760
2024-01-05T14:51:00Z,fourier-demo,0.184438448954,0.997650000000,-0.706971082763,-0.707242453574
2024-01-05T14:52:00Z,fourier-demo,0.168775938103,0.997800000000,-0.708055940852,-0.706156345737
2024-01-05T14:53:00Z,fourier-demo,0.180809830005,0.997950000000,-0.709139130373,-0.705068573810
2024-01-05T14:54:00Z,fourier-demo,0.224245290772,0.998100000000,-0.710220648774,-0.703979140355
2024-01-05T14:55:00Z,fourier-demo,0.301511494794,0.998250000000,-0.711300493507,-0.702888047940
2024-01-05T14:56:00Z,fourier-demo,0.413605090638,0.998400000000,-0.712378662026,-0.701795299136
2024-01-05T14:57:00Z,fourier-demo,0.559993089556,0.998550000000,-0.713455151792,-0.700700896518
2024-01-05T14:58:00Z,fourier-demo,0.738580041545,0.998700000000,-0.714529960267,-0.699604842666
2024-01-05T14:59:00Z,fourier-demo,0.945741704770,0.998850000000,-0.715603084918,-0.698507140161
2024-01-05T15:00:00Z,fourier-demo,1.176424650288,0.999000000000,-0.716674523216,-0.697407791592
2024-01-05T15:01:00Z,fourier-demo,1.424308489260,0.999150000000,-0.717744272637,-0.696306799548
2024-01-05T15:02:00Z,fourier-demo,1.682024777875,0.999300000000,-0.718812330660,-0.695204166624
2024-01-05T15:03:00Z,fourier-demo,1.941424255037,0.999450000000,-0.719878694768,-0.694099895418
2024-01-05T15:04:00Z,fourier-demo,2.193881999067,0.999600000000,-0.720943362447,-0.692993988534
2024-01-05T15:05:00Z,fourier-demo,2.430628438511,0.999750000000,-0.722006331189,-0.691886448576
2024-01-05T15:06:00Z,fourier-demo,2.643092987912,0.999900000000,-0.723067598489,-0.690777278155
2024-01-05T15:07:00Z,fourier-demo,2.823246451586,1.000050000000,-0.724127161846,-0.689666479885
2024-01-05T15:08:00Z,fourier-demo,2.963928274668,1.000200000000,-0.725185018763,-0.688554056383
2024-01-05T15:09:00Z,fourier-demo,3.059145225463,1.000350000000,-0.726241166748,-0.687440010270
2024-01-05T15:10:00Z,fourier-demo,3.104329147898,1.000500000000,-0.727295603311,-0.686324344173
2024-01-05T15:11:00Z,fourier-demo,3.096542986252,1.000650000000,-0.728348325967,-0.685207060721
2024-01-05T15:12:00Z,fourier-demo,3.034626294385,1.000800000000,-0.729399332236,-0.684088162545
2024-01-05T15:13:00Z,fourier-demo,2.919273817879,1.000950000000,-0.730448619641,-0.682967652283
2024-01-05T15:14:00Z,fourier-demo,2.753043384251,1.001100000000,-0.731496185709,-0.681845532576
2024-01-05T15:15:00Z,fourier-demo,2.540292147038,1.001250000000,-0.732542027972,-0.680721806067
2024-01-05T15:16:00Z,fourier-demo,2.287043090271,1.001400000000,-0.733586143965,-0.679596475405
2024-01-05T15:17:00Z,fourier-demo,2.000786494853,1.001550000000,-0.734628531227,-0.678469543242
2024-01-05T15:18:00Z,fourier-demo,1.690223684146,1.001700000000,-0.735669187303,-0.677341012234
2024-01-05T15:19:00Z,fourier-demo,1.364962696370,1.001850000000,-0.736708109739,-0.676210885039
2024-01-05T15:20:00Z,fourier-demo,1.035177481208,1.002000000000,-0.737745296088,-0.675079164321
2024-01-05T15:21:00Z,fourier-demo,0.711243707925,1.002150000000,-0.738780743905,-0.673945852747
2024-01-05T15:22:00Z,fourier-demo,0.403365241134,1.002300000000,-0.739814450750,-0.672810952989
2024-01-05T15:23:00Z,fourier-demo,0.121205748284,1.002450000000,-0.740846414188,-0.671674467719
2024-01-05T15:24:00Z,fourier-demo,-0.126460267265,1.002600000000,-0.741876631786,-0.670536399616
2024-01-05T15:25:00Z,fourier-demo,-0.332063455837,1.002750000000,-0.742905101116,-0.669396751363
2024-01-05T15:26:00Z,fourier-demo,-0.489510366706,1.002900000000,-0.743931819756,-0.668255525645
2024-01-05T15:27:00Z,fourier-demo,-0.594398457831,1.003050000000,-0.744956785285,-0.667112725151
2024-01-05T15:28:00Z,fourier-demo,-0.644167074607,1.003200000000,-0.745979995288,-0.665968352574
2024-01-05T15:29:00Z,fourier-demo,-0.638178629374,1.003350000000,-0.747001447354,-0.664822410611
2024-01-05T15:30:00Z,fourier-demo,-0.577726970385,1.003500000000,-0.748021139076,-0.663674901963
2024-01-05T15:31:00Z,fourier-demo,-0.465972804619,1.003650000000,-0.749039068050,-0.662525829334
2024-01-05T15:32:00Z,fourier-demo,-0.307808917290,1.003800000000,-0.750055231879,-0.661375195431
2024-01-05T15:33:00Z,fourier-demo,-0.109660696272,1.003950000000,-0.751069628167,-0.660223002966
2024-01-05T15:34:00Z,fourier-demo,0.120769989282,1.004100000000,-0.752082254524,-0.659069254654
2024-01-05T15:35:00Z,fourier-demo,0.374807292420,1.004250000000,-0.753093108563,-0.657913953215
2024-01-05T15:36:00Z,fourier-demo,0.643138211066,1.004400000000,-0.754102187903,-0.656757101370
2024-01-05T15:37:00Z,fourier-demo,0.916170355126,1.004550000000,-0.755109490165,-0.655598701846
2024-01-05T15:38:00Z,fourier-demo,1.184396510695,1.004700000000,-0.756115012976,-0.654438757373
2024-01-05T15:39:00Z,fourier-demo,1.438751651010,1.004850000000,-0.757118753967,-0.653277270684
2024-01-05T15:40:00Z,fourier-demo,1.670948417301,1.005000000000,-0.758120710771,-0.652114244516
2024-01-05T15:41:00Z,fourier-demo,1.873778026336,1.005150000000,-0.759120881028,-0.650949681610
2024-01-05T15:42:00Z,fourier-demo,2.041365016235,1.005300000000,-0.760119262380,-0.649783584710
2024-01-05T15:43:00Z,fourier-demo,2.169366157724,1.005450000000,-0.761115852476,-0.648615956564
2024-01-05T15:44:00Z,fourier-demo,2.255106155730,1.005600000000,-0.762110648966,-0.647446799925
2024-01-05T15:45:00Z,fourier-demo,2.297645351820,1.005750000000,-0.763103649506,-0.646276117546
2024-01-05T15:46:00Z,fourier-demo,2.297777405736,1.005900000000,-0.764094851757,-0.645103912187
2024-01-05T15:47:00Z,fourier-demo,2.257957771236,1.006050000000,-0.765084253382,-0.643930186610
2024-01-05T15:48:00Z,fourier-demo,2.182166572130,1.006200000000,-0.766071852049,-0.642754943581
2024-01-05T15:49:00Z,fourier-demo,2.075712115338,1.006350000000,-0.767057645432,-0.641578185870
2024-01-05T15:50:00Z,fourier-demo,1.944983642395,1.006500000000,-0.768041631208,-0.640399916249
2024-01-05T15:51:00Z,fourier-demo,1.797163923537,1.006650000000,-0.769023807056,-0.639220137496
2024-01-05T15:52:00Z,fourier-demo,1.639913858758,1.006800000000,-0.770004170664,-0.638038852390
2024-01-05T15:53:00Z,fourier-demo,1.481042305706,1.006950000000,-0.770982719721,-0.636856063716
2024-01-05T15:54:00Z,fourier-demo,1.328174863594,1.007100000000,-0.771959451921,-0.635671774260
2024-01-05T15:55:00Z,fourier-demo,1.188435286178,1.007250000000,-0.772934364961,-0.634485986813
2024-01-05T15:56:00Z,fourier-demo,1.068152579657,1.007400000000,-0.773907456545,-0.633298704170
2024-01-05T15:57:00Z,fourier-demo,0.972605690053,1.007550000000,-0.774878724380,-0.632109929129
2024-01-05T15:58:00Z,fourier-demo,0.905816048264,1.007700000000,-0.775848166176,-0.630919664491
2024-01-05T15:59:00Z,fourier-demo,0.870396188394,1.007850000000,-0.776815779649,-0.629727913061
2024-01-05T16:00:00Z,fourier-demo,0.867460271836,1.008000000000,-0.777781562519,-0.628534677647
2024-01-05T16:01:00Z,fourier-demo,0.896599735123,1.008150000000,-0.778745512510,-0.627339961062
2024-01-05T16:02:00Z,fourier-demo,0.955924542321,1.008300000000,-0.779707627351,-0.626143766120
2024-01-05T16:03:00Z,fourier-demo,1.042167775993,1.008450000000,-0.780667904773,-0.624946095641
2024-01-05T16:04:00Z,fourier-demo,1.150848658197,1.008600000000,-0.781626342515,-0.623746952447
2024-01-05T16:05:00Z,fourier-demo,1.276486663585,1.008750000000,-0.782582938317,-0.622546339363
2024-01-05T16:06:00Z,fourier-demo,1.412857270640,1.008900000000,-0.783537689926,-0.621344259220
2024-01-05T16:07:00Z,fourier-demo,1.553278181522,1.009050000000,-0.784490595091,-0.620140714849
2024-01-05T16:08:00Z,fourier-demo,1.690913596205,1.009200000000,-0.785441651567,-0.618935709088
2024-01-05T16:09:00Z,fourier-demo,1.819083403656,1.009350000000,-0.786390857112,-0.617729244775
2024-01-05T16:10:00Z,fourier-demo,1.931563980823,1.009500000000,-0.787338209490,-0.616521324755
2024-01-05T16:11:00Z,fourier-demo,2.022867675872,1.009650000000,-0.788283706468,-0.615311951872
2024-01-05T16:12:00Z,fourier-demo,2.088488978657,1.009800000000,-0.789227345819,-0.614101128978
2024-01-05T16:13:00Z,fourier-demo,2.125106810025,1.009950000000,-0.790169125318,-0.612888858925
2024-01-05T16:14:00Z,fourier-demo,2.130734232552,1.010100000000,-0.791109042746,-0.611675144571
2024-01-05T16:15:00Z,fourier-demo,2.104809120582,1.010250000000,-0.792047095888,-0.610459988776
2024-01-05T16:16:00Z,fourier-demo,2.048221834094,1.010400000000,-0.792983282533,-0.609243394402
2024-01-05T16:17:00Z,fourier-demo,1.963278614528,1.010550000000,-0.793917600476,-0.608025364318
2024-01-05T16:18:00Z,fourier-demo,1.853602150189,1.010700000000,-0.794850047515,-0.606805901393
2024-01-05T16:19:00Z,fourier-demo,1.723973430431,1.010850000000,-0.795780621452,-0.605585008501
2024-01-05T16:20:00Z,fourier-demo,1.580121510549,1.011000000000,-0.796709320094,-0.604362688520
2024-01-05T16:21:00Z,fourier-demo,1.428470038559,1.011150000000,-0.797636141253,-0.603138944329
2024-01-05T16:22:00Z,fourier-demo,1.275851258002,1.011300000000,-0.798561082745,-0.601913778813
2024-01-05T16:23:00Z,fourier-demo,1.129199619331,1.011450000000,-0.799484142390,-0.600687194859
2024-01-05T16:24:00Z,fourier-demo,0.995238046795,1.011600000000,-0.800405318012,-0.599459195357
2024-01-05T16:25:00Z,fourier-demo,0.880170278903,1.011750000000,-0.801324607442,-0.598229783201
2024-01-05T16:26:00Z,fourier-demo,0.789392512122,1.011900000000,-0.802242008512,-0.596998961288
2024-01-05T16:27:00Z,fourier-demo,0.727236835864,1.012050000000,-0.803157519061,-0.595766732518
2024-01-05T16:28:00Z,fourier-demo,0.696757681513,1.012200000000,-0.804071136931,-0.594533099797
2024-01-05T16:29:00Z,fourier-demo,0.699570770262,1.012350000000,-0.804982859970,-0.593298066030
2024-01-05T16:30:00Z,fourier-demo,0.735751904510,1.012500000000,-0.805892686028,-0.592061634128
2024-01-05T16:31:00Z,fourier-demo,0.803800492875,1.012650000000,-0.806800612963,-0.590823807004
2024-01-05T16:32:00Z,fourier-demo,0.900670030017,1.012800000000,-0.807706638633,-0.589584587577
2024-01-05T16:33:00Z,fourier-demo,1.021864978895,1.012950000000,-0.808610760905,-0.588343978765
2024-01-05T16:34:00Z,fourier-demo,1.161600738910,1.013100000000,-0.809512977646,-0.587101983493
2024-01-05T16:35:00Z,fourier-demo,1.313020742487,1.013250000000,-0.810413286733,-0.585858604688
2024-01-05T16:36:00Z,fourier-demo,1.468462314082,1.013400000000,-0.811311686042,-0.584613845279
2024-01-05T16:37:00Z,fourier-demo,1.619760849233,1.013550000000,-0.812208173457,-0.583367708200
2024-01-05T16:38:00Z,fourier-demo,1.758580213387,1.013700000000,-0.813102746864,-0.582120196387
2024-01-05T16:39:00Z,fourier-demo,1.876756090328,1.013850000000,-0.813995404157,-0.580871312780
2024-01-05T16:40:00Z,fourier-demo,1.966638377611,1.014000000000,-0.814886143231,-0.579621060323
2024-01-05T16:41:00Z,fourier-demo,2.021418659213,1.014150000000,-0.815774961987,-0.578369441961
2024-01-05T16:42:00Z,fourier-demo,2.035429288235,1.014300000000,-0.816661858331,-0.577116460645
2024-01-05T16:43:00Z,fourier-demo,2.004401666261,1.014450000000,-0.817546830173,-0.575862119326
2024-01-05T16:44:00Z,fourier-demo,1.925672869722,1.014600000000,-0.818429875427,-0.574606420960
2024-01-05T16:45:00Z,fourier-demo,1.798331785177,1.014750000000,-0.819310992012,-0.573349368508
2024-01-05T16:46:00Z,fourier-demo,1.623298294322,1.014900000000,-0.820190177852,-0.572090964930
2024-01-05T16:47:00Z,fourier-demo,1.403331700159,1.015050000000,-0.821067430875,-0.570831213194
2024-01-05T16:48:00Z,fourier-demo,1.142967401144,1.015200000000,-0.821942749014,-0.569570116266
2024-01-05T16:49:00Z,fourier-demo,0.848383686667,1.015350000000,-0.822816130206,-0.568307677120
2024-01-05T16:50:00Z,fourier-demo,0.527203328653,1.015500000000,-0.823687572393,-0.567043898729
2024-01-05T16:51:00Z,fourier-demo,0.188237267015,1.015650000000,-0.824557073521,-0.565778784073
2024-01-05T16:52:00Z,fourier-demo,-0.158819975464,1.015800000000,-0.825424631541,-0.564512336132
2024-01-05T16:53:00Z,fourier-demo,-0.503731555526,1.015950000000,-0.826290244409,-0.563244557892
2024-01-05T16:54:00Z,fourier-demo,-0.836083157954,1.016100000000,-0.827153910085,-0.561975452338
2024-01-05T16:55:00Z,fourier-demo,-1.145657362233,1.016250000000,-0.828015626534,-0.560705022464
2024-01-05T16:56:00Z,fourier-demo,-1.422803043745,1.016400000000,-0.828875391724,-0.559433271261
2024-01-05T16:57:00Z,fourier-demo,-1.658785488733,1.016550000000,-0.829733203631,-0.558160201727
2024-01-05T16:58:00Z,fourier-demo,-1.846103637666,1.016700000000,-0.830589060232,-0.556885816862
2024-01-05T16:59:00Z,fourier-demo,-1.978762150272,1.016850000000,-0.831442959511,-0.555610119670
2024-01-05T17:00:00Z,fourier-demo,-2.052487756130,1.017000000000,-0.832294899455,-0.554333113156
2024-01-05T17:01:00Z,fourier-demo,-2.064881546198,1.017150000000,-0.833144878057,-0.553054800330
2024-01-05T17:02:00Z,fourier-demo,-2.015501384679,1.017300000000,-0.833992893313,-0.551775184204
2024-01-05T17:03:00Z,fourier-demo,-1.905871375621,1.017450000000,-0.834838943226,-0.550494267794
2024-01-05T17:04:00Z,fourier-demo,-1.739418193489,1.017600000000,-0.835683025801,-0.549212054118
2024-01-05T17:05:00Z,fourier-demo,-1.521336965900,1.017750000000,-0.836525139050,-0.547928546197
2024-01-05T17:06:00Z,fourier-demo,-1.258392163850,1.017900000000,-0.837365280987,-0.546643747057
2024-01-05T17:07:00Z,fourier-demo,-0.958661498746,1.018050000000,-0.838203449634,-0.545357659726
2024-01-05T17:08:00Z,fourier-demo,-0.631233044254,1.018200000000,-0.839039643015,-0.544070287233
2024-01-05T17:09:00Z,fourier-demo,-0.285867605509,1.018350000000,-0.839873859159,-0.542781632613
2024-01-05T17:10:00Z,fourier-demo,0.067360323464,1.018500000000,-0.840706096100,-0.541491698902
2024-01-05T17:11:00Z,fourier-demo,0.418428893289,1.018650000000,-0.841536351878,-0.540200489141
2024-01-05T17:12:00Z,fourier-demo,0.757728191635,1.018800000000,-0.842364624536,-0.538908006371
2024-01-05T17:13:00Z,fourier-demo,1.076398526941,1.018950000000,-0.843190912121,-0.537614253639
2024-01-05T17:14:00Z,fourier-demo,1.366634660093,1.019100000000,-0.844015212687,-0.536319233994
2024-01-05T17:15:00Z,fourier-demo,1.621944385600,1.019250000000,-0.844837524292,-0.535022950487
2024-01-05T17:16:00Z,fourier-demo,1.837351769405,1.019400000000,-0.845657844997,-0.533725406174
2024-01-05T17:17:00Z,fourier-demo,2.009537638141,1.019550000000,-0.846476172869,-0.532426604111
2024-01-05T17:18:00Z,fourier-demo,2.136912490417,1.019700000000,-0.847292505980,-0.531126547359
2024-01-05T17:19:00Z,fourier-demo,2.219619758993,1.019850000000,-0.848106842406,-0.529825238983
2024-01-05T17:20:00Z,fourier-demo,2.259470180794,1.020000000000,-0.848919180229,-0.528522682049
2024-01-05T17:21:00Z,fourier-demo,2.259810814201,1.020150000000,-0.849729517533,-0.527218879626
2024-01-05T17:22:00Z,fourier-demo,2.225334866762,1.020300000000,-0.850537852409,-0.525913834786
2024-01-05T17:23:00Z,fourier-demo,2.161840854885,1.020450000000,-0.851344182953,-0.524607550606
2024-01-05T17:24:00Z,fourier-demo,2.075951614745,1.020600000000,-0.852148507263,-0.523300030163
2024-01-05T17:25:00Z,fourier-demo,1.974805240229,1.020750000000,-0.852950823446,-0.521991276539
2024-01-05T17:26:00Z,fourier-demo,1.865731076936,1.020900000000,-0.853751129609,-0.520681292818
2024-01-05T17:27:00Z,fourier-demo,1.755924409672,1.021050000000,-0.854549423868,-0.519370082087
2024-01-05T17:28:00Z,fourier-demo,1.652133425528,1.021200000000,-0.855345704340,-0.518057647436
2024-01-05T17:29:00Z,fourier-demo,1.560371419577,1.021350000000,-0.856139969150,-0.516743991957
2024-01-05T17:30:00Z,fourier-demo,1.485666062708,1.021500000000,-0.856932216426,-0.515429118747
2024-01-05T17:31:00Z,fourier-demo,1.431855919978,1.021650000000,-0.857722444300,-0.514113030903
2024-01-05T17:32:00Z,fourier-demo,1.401442361918,1.021800000000,-0.858510650911,-0.512795731528
2024-01-05T17:33:00Z,fourier-demo,1.395502636106,1.021950000000,-0.859296834400,-0.511477223725
2024-01-05T17:34:00Z,fourier-demo,1.413667261066,1.022100000000,-0.860080992916,-0.510157510602
2024-01-05T17:35:00Z,fourier-demo,1.454162177657,1.022250000000,-0.860863124611,-0.508836595269
2024-01-05T17:36:00Z,fourier-demo,1.513913357583,1.022400000000,-0.861643227641,-0.507514480839
2024-01-05T17:37:00Z,fourier-demo,1.588708938166,1.022550000000,-0.862421300168,-0.506191170426
2024-01-05T17:38:00Z,fourier-demo,1.673411535666,1.022700000000,-0.863197340358,-0.504866667150
2024-01-05T17:39:00Z,fourier-demo,1.762211286479,1.022850000000,-0.863971346383,-0.503540974132
2024-01-05T17:40:00Z,fourier-demo,1.848908463033,1.023000000000,-0.864743316418,-0.502214094496
2024-01-05T17:41:00Z,fourier-demo,1.927213279652,1.023150000000,-0.865513248645,-0.500886031368
2024-01-05T17:42:00Z,fourier-demo,1.991049793502,1.023300000000,-0.866281141249,-0.499556787879
2024-01-05T17:43:00Z,fourier-demo,2.034850646271,1.023450000000,-0.867046992421,-0.498226367161
2024-01-05T17:44:00Z,fourier-demo,2.053829789549,1.023600000000,-0.867810800355,-0.496894772348
2024-01-05T17:45:00Z,fourier-demo,2.044221274414,1.023750000000,-0.868572563252,-0.495562006580
2024-01-05T17:46:00Z,fourier-demo,2.003473624137,1.023900000000,-0.869332279317,-0.494228072996
2024-01-05T17:47:00Z,fourier-demo,1.930391188568,1.024050000000,-0.870089946759,-0.492892974740
2024-01-05T17:48:00Z,fourier-demo,1.825216121330,1.024200000000,-0.870845563793,-0.491556714959
2024-01-05T17:49:00Z,fourier-demo,1.689647133399,1.024350000000,-0.871599128639,-0.490219296801
2024-01-05T17:50:00Z,fourier-demo,1.526793854480,1.024500000000,-0.872350639519,-0.488880723419
2024-01-05T17:51:00Z,fourier-demo,1.341068365588,1.024650000000,-0.873100094664,-0.487540997965
2024-01-05T17:52:00Z,fourier-demo,1.138018138740,1.024800000000,-0.873847492308,-0.486200123598
2024-01-05T17:53:00Z,fourier-demo,0.924107121423,1.024950000000,-0.874592830688,-0.484858103478
2024-01-05T17:54:00Z,fourier-demo,0.706453930181,1.025100000000,-0.875336108050,-0.483514940767
2024-01-05T17:55:00Z,fourier-demo,0.492537976288,1.025250000000,-0.876077322640,-0.482170638629
2024-01-05T17:56:00Z,fourier-demo,0.289885758966,1.025400000000,-0.876816472712,-0.480825200234
2024-01-05T17:57:00Z,fourier-demo,0.105750468449,1.025550000000,-0.877553556525,-0.479478628752
2024-01-05T17:58:00Z,fourier-demo,-0.053201596508,1.025700000000,-0.878288572342,-0.478130927355
2024-01-05T17:59:00Z,fourier-demo,-0.181184490756,1.025850000000,-0.879021518430,-0.476782099220
2024-01-05T18:00:00Z,fourier-demo,-0.273553411484,1.026000000000,-0.879752393062,-0.475432147526
2024-01-05T18:01:00Z,fourier-demo,-0.327021538148,1.026150000000,-0.880481194516,-0.474081075454
2024-01-05T18:02:00Z,fourier-demo,-0.339823399191,1.026300000000,-0.881207921075,-0.472728886186
2024-01-05T18:03:00Z,fourier-demo,-0.311817394812,1.026450000000,-0.881932571025,-0.471375582911
2024-01-05T18:04:00Z,fourier-demo,-0.244522573617,1.026600000000,-0.882655142660,-0.470021168817
2024-01-05T18:05:00Z,fourier-demo,-0.141087443989,1.026750000000,-0.883375634276,-0.468665647096
2024-01-05T18:06:00Z,fourier-demo,-0.006191388496,1.026900000000,-0.884094044175,-0.467309020942
2024-01-05T18:07:00Z,fourier-demo,0.154117972482,1.027050000000,-0.884810370665,-0.465951293553
2024-01-05T18:08:00Z,fourier-demo,0.332645467697,1.027200000000,-0.885524612058,-0.464592468127
2024-01-05T18:09:00Z,fourier-demo,0.521318691405,1.027350000000,-0.886236766670,-0.463232547867
2024-01-05T18:10:00Z,fourier-demo,0.711497440130,1.027500000000,-0.886946832823,-0.461871535977
2024-01-05T18:11:00Z,fourier-demo,0.894310092547,1.027650000000,-0.887654808843,-0.460509435666
2024-01-05T18:12:00Z,fourier-demo,1.061003576151,1.027800000000,-0.888360693064,-0.459146250142
2024-01-05T18:13:00Z,fourier-demo,1.203292924220,1.027950000000,-0.889064483820,-0.457781982618
2024-01-05T18:14:00Z,fourier-demo,1.313696353109,1.028100000000,-0.889766179454,-0.456416636310
2024-01-05T18:15:00Z,fourier-demo,1.385842287875,1.028250000000,-0.890465778312,-0.455050214434
2024-01-05T18:16:00Z,fourier-demo,1.414735814946,1.028400000000,-0.891163278745,-0.453682720210
2024-01-05T18:17:00Z,fourier-demo,1.396973602918,1.028550000000,-0.891858679109,-0.452314156862
2024-01-05T18:18:00Z,fourier-demo,1.330898344430,1.028700000000,-0.892551977766,-0.450944527614
2024-01-05T18:19:00Z,fourier-demo,1.216686152907,1.028850000000,-0.893243173083,-0.449573835694
2024-01-05T18:20:00Z,fourier-demo,1.056363002088,1.029000000000,-0.893932263430,-0.448202084332
2024-01-05T18:21:00Z,fourier-demo,0.853749116764,1.029150000000,-0.894619247183,-0.446829276761
2024-01-05T18:22:00Z,fourier-demo,0.614333096061,1.029300000000,-0.895304122723,-0.445455416215
2024-01-05T18:23:00Z,fourier-demo,0.345080359874,1.029450000000,-0.895986888437,-0.444080505933
2024-01-05T18:24:00Z,fourier-demo,0.054183140859,1.029600000000,-0.896667542715,-0.442704549153
2024-01-05T18:25:00Z,fourier-demo,-0.249238407887,1.029750000000,-0.897346083954,-0.441327549120
2024-01-05T18:26:00Z,fourier-demo,-0.555472450919,1.029900000000,-0.898022510555,-0.439949509077
2024-01-05T18:27:00Z,fourier-demo,-0.854576006602,1.030050000000,-0.898696820922,-0.438570432273
2024-01-05T18:28:00Z,fourier-demo,-1.136745745144,1.030200000000,-0.899369013469,-0.437190321956
2024-01-05T18:29:00Z,fourier-demo,-1.392684584705,1.030350000000,-0.900039086609,-0.435809181380
2024-01-05T18:30:00Z,fourier-demo,-1.613949772720,1.030500000000,-0.900707038765,-0.434427013799
2024-01-05T18:31:00Z,fourier-demo,-1.793268863271,1.030650000000,-0.901372868363,-0.433043822470
2024-01-05T18:32:00Z,fourier-demo,-1.924811268543,1.030800000000,-0.902036573832,-0.431659610653
2024-01-05T18:33:00Z,fourier-demo,-2.004404822342,1.030950000000,-0.902698153610,-0.430274381610
2024-01-05T18:34:00Z,fourier-demo,-2.029688975033,1.031100000000,-0.903357606136,-0.428888138604
2024-01-05T18:35:00Z,fourier-demo,-2.000198754196,1.031250000000,-0.904014929858,-0.427500884904
2024-01-05T18:36:00Z,fourier-demo,-1.917376372200,1.031400000000,-0.904670123226,-0.426112623777
2024-01-05T18:37:00Z,fourier-demo,-1.784510229798,1.031550000000,-0.905323184696,-0.424723358496
2024-01-05T18:38:00Z,fourier-demo,-1.606603938173,1.031700000000,-0.905974112729,-0.423333092334
2024-01-05T18:39:00Z,fourier-demo,-1.390180744636,1.031850000000,-0.906622905791,-0.421941828568
2024-01-05T18:40:00Z,fourier-demo,-1.143031288256,1.032000000000,-0.907269562353,-0.420549570475
2024-01-05T18:41:00Z,fourier-demo,-0.873914828802,1.032150000000,-0.907914080892,-0.419156321338
2024-01-05T18:42:00Z,fourier-demo,-0.592225896827,1.032300000000,-0.908556459888,-0.417762084439
2024-01-05T18:43:00Z,fourier-demo,-0.307639632186,1.032450000000,-0.909196697828,-0.416366863064
2024-01-05T18:44:00Z,fourier-demo,-0.029749860858,1.032600000000,-0.909834793203,-0.414970660501
2024-01-05T18:45:00Z,fourier-demo,0.232285825055,1.032750000000,-0.910470744509,-0.413573480040
2024-01-05T18:46:00Z,fourier-demo,0.470080078903,1.032900000000,-0.911104550248,-0.412175324973
2024-01-05T18:47:00Z,fourier-demo,0.676315915635,1.033050000000,-0.911736208926,-0.410776198596
2024-01-05T18:48:00Z,fourier-demo,0.845001383602,1.033200000000,-0.912365719054,-0.409376104205
2024-01-05T18:49:00Z,fourier-demo,0.971669141139,1.033350000000,-0.912993079150,-0.407975045100
2024-01-05T18:50:00Z,fourier-demo,1.053513566642,1.033500000000,-0.913618287734,-0.406573024583
2024-01-05T18:51:00Z,fourier-demo,1.089460598085,1.033650000000,-0.914241343333,-0.405170045957
2024-01-05T18:52:00Z,fourier-demo,1.080168247497,1.033800000000,-0.914862244479,-0.403766112528
2024-01-05T18:53:00Z,fourier-demo,1.027958555255,1.033950000000,-0.915480989709,-0.402361227606
2024-01-05T18:54:00Z,fourier-demo,0.936684522901,1.034100000000,-0.916097577565,-0.400955394500
2024-01-05T18:55:00Z,fourier-demo,0.811538178637,1.034250000000,-0.916712006594,-0.399548616524
2024-01-05T18:56:00Z,fourier-demo,0.658808280226,1.034400000000,-0.917324275347,-0.398140896993
2024-01-05T18:57:00Z,fourier-demo,0.485598150555,1.034550000000,-0.917934382383,-0.396732239224
2024-01-05T18:58:00Z,fourier-demo,0.299515691304,1.034700000000,-0.918542326262,-0.395322646537
2024-01-05T18:59:00Z,fourier-demo,0.108348667901,1.034850000000,-0.919148105553,-0.393912122253
2024-01-05T19:00:00Z,fourier-demo,-0.080261137138,1.035000000000,-0.919751718828,-0.392500669696
2024-01-05T19:01:00Z,fourier-demo,-0.259131364043,1.035150000000,-0.920353164665,-0.391088292194
2024-01-05T19:02:00Z,fourier-demo,-0.421827187679,1.035300000000,-0.920952441646,-0.389674993073
2024-01-05T19:03:00Z,fourier-demo,-0.562912328838,1.035450000000,-0.921549548359,-0.388260775664
2024-01-05T19:04:00Z,fourier-demo,-0.678152823224,1.035600000000,-0.922144483397,-0.386845643301
2024-01-05T19:05:00Z,fourier-demo,-0.764665450950,1.035750000000,-0.922737245357,-0.385429599318
2024-01-05T19:06:00Z,fourier-demo,-0.821005101876,1.035900000000,-0.923327832844,-0.384012647051
2024-01-05T19:07:00Z,fourier-demo,-0.847187953654,1.036050000000,-0.923916244465,-0.382594789841
2024-01-05T19:08:00Z,fourier-demo,-0.844650061513,1.036200000000,-0.924502478834,-0.381176031027
2024-01-05T19:09:00Z,fourier-demo,-0.816143688624,1.036350000000,-0.925086534569,-0.379756373955
2024-01-05T19:10:00Z,fourier-demo,-0.765576329909,1.036500000000,-0.925668410294,-0.378335821969
2024-01-05T19:11:00Z,fourier-demo,-0.697799791777,1.036650000000,-0.926248104637,-0.376914378416
2024-01-05T19:12:00Z,fourier-demo,-0.618358785576,1.036800000000,-0.926825616233,-0.375492046647
2024-01-05T19:13:00Z,fourier-demo,-0.533210186916,1.036950000000,-0.927400943720,-0.374068830013
2024-01-05T19:14:00Z,fourier-demo,-0.448425336328,1.037100000000,-0.927974085743,-0.372644731868
2024-01-05T19:15:00Z,fourier-demo,-0.369888458575,1.037250000000,-0.928545040952,-0.371219755568
2024-01-05T19:16:00Z,fourier-demo,-0.303004429256,1.037400000000,-0.929113808000,-0.369793904471
2024-01-05T19:17:00Z,fourier-demo,-0.252428712205,1.037550000000,-0.929680385547,-0.368367181938
2024-01-05T19:18:00Z,fourier-demo,-0.221831346385,1.037700000000,-0.930244772259,-0.366939591330
2024-01-05T19:19:00Z,fourier-demo,-0.213705415902,1.037850000000,-0.930806966805,-0.365511136011
2024-01-05T19:20:00Z,fourier-demo,-0.229228551318,1.038000000000,-0.931366967860,-0.364081819348
2024-01-05T19:21:00Z,fourier-demo,-0.268183763009,1.038150000000,-0.931924774105,-0.362651644709
2024-01-05T19:22:00Z,fourier-demo,-0.328943391090,1.038300000000,-0.932480384225,-0.361220615464
2024-01-05T19:23:00Z,fourier-demo,-0.408517275983,1.038450000000,-0.933033796911,-0.359788734986
2024-01-05T19:24:00Z,fourier-demo,-0.502663520341,1.038600000000,-0.933585010858,-0.358356006648
2024-01-05T19:25:00Z,fourier-demo,-0.606057540530,1.038750000000,-0.934134024769,-0.356922433828
2024-01-05T19:26:00Z,fourier-demo,-0.712512605379,1.038900000000,-0.934680837348,-0.355488019903
2024-01-05T19:27:00Z,fourier-demo,-0.815242835890,1.039050000000,-0.935225447308,-0.354052768254
2024-01-05T19:28:00Z,fourier-demo,-0.907157784964,1.039200000000,-0.935767853364,-0.352616682263
2024-01-05T19:29:00Z,fourier-demo,-0.981176308955,1.039350000000,-0.936308054240,-0.351179765313
2024-01-05T19:30:00Z,fourier-demo,-1.030546542500,1.039500000000,-0.936846048661,-0.349742020792
2024-01-05T19:31:00Z,fourier-demo,-1.049158433377,1.039650000000,-0.937381835360,-0.348303452088
2024-01-05T19:32:00Z,fourier-demo,-1.031835501440,1.039800000000,-0.937915413075,-0.346864062590
2024-01-05T19:33:00Z,fourier-demo,-0.974593248041,1.039950000000,-0.938446780548,-0.345423855690
2024-01-05T19:34:00Z,fourier-demo,-0.874852930157,1.040100000000,-0.938975936526,-0.343982834783
2024-01-05T19:35:00Z,fourier-demo,-0.731601175246,1.040250000000,-0.939502879763,-0.342541003263
2024-01-05T19:36:00Z,fourier-demo,-0.545488077565,1.040400000000,-0.940027609017,-0.341098364530
2024-01-05T19:37:00Z,fourier-demo,-0.318858896634,1.040550000000,-0.940550123052,-0.339654921982
2024-01-05T19:38:00Z,fourier-demo,-0.055717172766,1.040700000000,-0.941070420636,-0.338210679022
2024-01-05T19:39:00Z,fourier-demo,0.238380126840,1.040850000000,-0.941588500543,-0.336765639052
2024-01-05T19:40:00Z,fourier-demo,0.556492029442,1.041000000000,-0.942104361552,-0.335319805477
2024-01-05T19:41:00Z,fourier-demo,0.890521479443,1.041150000000,-0.942618002447,-0.333873181706
2024-01-05T19:42:00Z,fourier-demo,1.231493266162,1.041300000000,-0.943129422019,-0.332425771147
2024-01-05T19:43:00Z,fourier-demo,1.569871364229,1.041450000000,-0.943638619061,-0.330977577211
2024-01-05T19:44:00Z,fourier-demo,1.895903418753,1.041600000000,-0.944145592375,-0.329528603310
2024-01-05T19:45:00Z,fourier-demo,2.199978922451,1.041750000000,-0.944650340764,-0.328078852860
2024-01-05T19:46:00Z,fourier-demo,2.472986987267,1.041900000000,-0.945152863041,-0.326628329276
2024-01-05T19:47:00Z,fourier-demo,2.706659536517,1.042050000000,-0.945653158020,-0.325177035978
2024-01-05T19:48:00Z,fourier-demo,2.893886240100,1.042200000000,-0.946151224522,-0.323724976384
2024-01-05T19:49:00Z,fourier-demo,3.028988566207,1.042350000000,-0.946647061375,-0.322272153917
2024-01-05T19:50:00Z,fourier-demo,3.107941887102,1.042500000000,-0.947140667409,-0.320818572000
2024-01-05T19:51:00Z,fourier-demo,3.128536591854,1.042650000000,-0.947632041461,-0.319364234060
2024-01-05T19:52:00Z,fourier-demo,3.090471544771,1.042800000000,-0.948121182373,-0.317909143522
2024-01-05T19:53:00Z,fourier-demo,2.995375888956,1.042950000000,-0.948608088993,-0.316453303816
2024-01-05T19:54:00Z,fourier-demo,2.846758022943,1.043100000000,-0.949092760174,-0.314996718374
2024-01-05T19:55:00Z,fourier-demo,2.649883460638,1.043250000000,-0.949575194772,-0.313539390626
2024-01-05T19:56:00Z,fourier-demo,2.411586104612,1.043400000000,-0.950055391651,-0.312081324008
2024-01-05T19:57:00Z,fourier-demo,2.140020106210,1.043550000000,-0.950533349680,-0.310622521956
2024-01-05T19:58:00Z,fourier-demo,1.844361846172,1.043700000000,-0.951009067732,-0.309162987907
2024-01-05T19:59:00Z,fourier-demo,1.534473551028,1.043850000000,-0.951482544686,-0.307702725301
2024-01-05T20:00:00Z,fourier-demo,1.220541583358,1.044000000000,-0.951953779427,-0.306241737579
2024-01-05T20:01:00Z,fourier-demo,0.912703446454,1.044150000000,-0.952422770843,-0.304780028184
2024-01-05T20:02:00Z,fourier-demo,0.620677985505,1.044300000000,-0.952889517830,-0.303317600560
2024-01-05T20:03:00Z,fourier-demo,0.353413130293,1.044450000000,-0.953354019288,-0.301854458154
2024-01-05T20:04:00Z,fourier-demo,0.118764814206,1.044600000000,-0.953816274122,-0.300390604413
2024-01-05T20:05:00Z,fourier-demo,-0.076780550042,1.044750000000,-0.954276281243,-0.298926042788
2024-01-05T20:06:00Z,fourier-demo,-0.228329405427,1.044900000000,-0.954734039567,-0.297460776730
2024-01-05T20:07:00Z,fourier-demo,-0.332741734149,1.045050000000,-0.955189548014,-0.295994809691
2024-01-05T20:08:00Z,fourier-demo,-0.388723132472,1.045200000000,-0.955642805513,-0.294528145126
2024-01-05T20:09:00Z,fourier-demo,-0.396845057983,1.045350000000,-0.956093810994,-0.293060786492
2024-01-05T20:10:00Z,fourier-demo,-0.359492891145,1.045500000000,-0.956542563394,-0.291592737247
2024-01-05T20:11:00Z,fourier-demo,-0.280744320783,1.045650000000,-0.956989061657,-0.290124000849
2024-01-05T20:12:00Z,fourier-demo,-0.166183321987,1.045800000000,-0.957433304730,-0.288654580760
2024-01-05T20:13:00Z,fourier-demo,-0.022657533785,1.045950000000,-0.957875291566,-0.287184480443
2024-01-05T20:14:00Z,fourier-demo,0.142010939380,1.046100000000,-0.958315021124,-0.285713703362
2024-01-05T20:15:00Z,fourier-demo,0.319349472663,1.046250000000,-0.958752492366,-0.284242252984
2024-01-05T20:16:00Z,fourier-demo,0.500580460057,1.046400000000,-0.959187704264,-0.282770132775
2024-01-05T20:17:00Z,fourier-demo,0.676974508414,1.046550000000,-0.959620655790,-0.281297346205
2024-01-05T20:18:00Z,fourier-demo,0.840197125462,1.046700000000,-0.960051345924,-0.279823896744
2024-01-05T20:19:00Z,fourier-demo,0.982635092924,1.046850000000,-0.960479773652,-0.278349787865
2024-01-05T20:20:00Z,fourier-demo,1.097689624984,1.047000000000,-0.960905937965,-0.276875023042
2024-01-05T20:21:00Z,fourier-demo,1.180024840063,1.047150000000,-0.961329837856,-0.275399605750
2024-01-05T20:22:00Z,fourier-demo,1.225761960632,1.047300000000,-0.961751472329,-0.273923539465
2024-01-05T20:23:00Z,fourier-demo,1.232611923065,1.047450000000,-0.962170840389,-0.272446827667
2024-01-05T20:24:00Z,fourier-demo,1.199941634003,1.047600000000,-0.962587941047,-0.270969473835
2024-01-05T20:25:00Z,fourier-demo,1.128771845925,1.047750000000,-0.963002773322,-0.269491481450
2024-01-05T20:26:00Z,fourier-demo,1.021707430416,1.047900000000,-0.963415336235,-0.268012853996
2024-01-05T20:27:00Z,fourier-demo,0.882803587964,1.048050000000,-0.963825628814,-0.266533594957
2024-01-05T20:28:00Z,fourier-demo,0.717374135205,1.048200000000,-0.964233650093,-0.265053707819
2024-01-05T20:29:00Z,fourier-demo,0.531750348157,1.048350000000,-0.964639399109,-0.263573196069
2024-01-05T20:30:00Z,fourier-demo,0.333000818239,1.048500000000,-0.965042874907,-0.262092063197
2024-01-05T20:31:00Z,fourier-demo,0.128624316499,1.048650000000,-0.965444076536,-0.260610312692
2024-01-05T20:32:00Z,fourier-demo,-0.073771301311,1.048800000000,-0.965843003050,-0.259127948047
2024-01-05T20:33:00Z,fourier-demo,-0.266790621645,1.048950000000,-0.966239653509,-0.257644972755
2024-01-05T20:34:00Z,fourier-demo,-0.443559171744,1.049100000000,-0.966634026979,-0.256161390310
2024-01-05T20:35:00Z,fourier-demo,-0.598006053585,1.049250000000,-0.967026122531,-0.254677204208
2024-01-05T20:36:00Z,fourier-demo,-0.725109030703,1.049400000000,-0.967415939239,-0.253192417948
2024-01-05T20:37:00Z,fourier-demo,-0.821092020082,1.049550000000,-0.967803476186,-0.251707035028
2024-01-05T20:38:00Z,fourier-demo,-0.883566988008,1.049700000000,-0.968188732458,-0.250221058948
2024-01-05T20:39:00Z,fourier-demo,-0.911614621936,1.049850000000,-0.968571707148,-0.248734493211
2024-01-05T20:40:00Z,fourier-demo,-0.905800750981,1.050000000000,-0.968952399352,-0.247247341318
2024-01-05T20:41:00Z,fourier-demo,-0.868128207392,1.050150000000,-0.969330808175,-0.245759606776
2024-01-05T20:42:00Z,fourier-demo,-0.801926547228,1.050300000000,-0.969706932724,-0.244271293090
2024-01-05T20:43:00Z,fourier-demo,-0.711684667274,1.050450000000,-0.970080772112,-0.242782403767
2024-01-05T20:44:00Z,fourier-demo,-0.602833758351,1.050600000000,-0.970452325459,-0.241292942315
2024-01-05T20:45:00Z,fourier-demo,-0.481490122896,1.050750000000,-0.970821591889,-0.239802912246
2024-01-05T20:46:00Z,fourier-demo,-0.354169070547,1.050900000000,-0.971188570533,-0.238312317069
2024-01-05T20:47:00Z,fourier-demo,-0.227482319498,1.051050000000,-0.971553260524,-0.236821160298
2024-01-05T20:48:00Z,fourier-demo,-0.107832023301,1.051200000000,-0.971915661004,-0.235329445447
2024-01-05T20:49:00Z,fourier-demo,-0.001114683896,1.051350000000,-0.972275771119,-0.233837176031
2024-01-05T20:50:00Z,fourier-demo,0.087552204062,1.051500000000,-0.972633590021,-0.232344355567
2024-01-05T20:51:00Z,fourier-demo,0.154068887799,1.051650000000,-0.972989116865,-0.230850987572
2024-01-05T20:52:00Z,fourier-demo,0.195547035615,1.051800000000,-0.973342350814,-0.229357075566
2024-01-05T20:53:00Z,fourier-demo,0.210449821798,1.051950000000,-0.973693291036,-0.227862623069
2024-01-05T20:54:00Z,fourier-demo,0.198672135266,1.052100000000,-0.974041936703,-0.226367633603
2024-01-05T20:55:00Z,fourier-demo,0.161557154966,1.052250000000,-0.974388286995,-0.224872110691
2024-01-05T20:56:00Z,fourier-demo,0.101848223437,1.052400000000,-0.974732341095,-0.223376057857
2024-01-05T20:57:00Z,fourier-demo,0.023577690239,1.052550000000,-0.975074098192,-0.221879478627
2024-01-05T20:58:00Z,fourier-demo,-0.068102924640,1.052700000000,-0.975413557480,-0.220382376528
2024-01-05T20:59:00Z,fourier-demo,-0.167144592129,1.052850000000,-0.975750718160,-0.218884755087
2024-01-05T21:00:00Z,fourier-demo,-0.266865177413,1.053000000000,-0.976085579438,-0.217386617833
2024-01-05T21:01:00Z,fourier-demo,-0.360245645711,1.053150000000,-0.976418140524,-0.215887968298
2024-01-05T21:02:00Z,fourier-demo,-0.440245722832,1.053300000000,-0.976748400634,-0.214388810013
2024-01-05T21:03:00Z,fourier-demo,-0.500125762890,1.053450000000,-0.977076358991,-0.212889146510
2024-01-05T21:04:00Z,fourier-demo,-0.533761222591,1.053600000000,-0.977402014820,-0.211388981324
2024-01-05T21:05:00Z,fourier-demo,-0.535936351610,1.053750000000,-0.977725367356,-0.209888317990
2024-01-05T21:06:00Z,fourier-demo,-0.502604475033,1.053900000000,-0.978046415836,-0.208387160044
2024-01-05T21:07:00Z,fourier-demo,-0.431103536602,1.054050000000,-0.978365159503,-0.206885511024
2024-01-05T21:08:00Z,fourier-demo,-0.320317339266,1.054200000000,-0.978681597606,-0.205383374468
2024-01-05T21:09:00Z,fourier-demo,-0.170775090945,1.054350000000,-0.978995729399,-0.203880753917
2024-01-05T21:10:00Z,fourier-demo,0.015315649354,1.054500000000,-0.979307554143,-0.202377652911
2024-01-05T21:11:00Z,fourier-demo,0.234104827919,1.054650000000,-0.979617071103,-0.200874074993
2024-01-05T21:12:00Z,fourier-demo,0.480203951471,1.054800000000,-0.979924279548,-0.199370023705
2024-01-05T21:13:00Z,fourier-demo,0.746854940642,1.054950000000,-0.980229178756,-0.197865502592
2024-01-05T21:14:00Z,fourier-demo,1.026157709267,1.055100000000,-0.980531768007,-0.196360515200
2024-01-05T21:15:00Z,fourier-demo,1.309347958898,1.055250000000,-0.980832046588,-0.194855065075
2024-01-05T21:16:00Z,fourier-demo,1.587114574406,1.055400000000,-0.981130013793,-0.193349155765
2024-01-05T21:17:00Z,fourier-demo,1.849944324263,1.055550000000,-0.981425668918,-0.191842790819
2024-01-05T21:18:00Z,fourier-demo,2.088480378012,1.055700000000,-0.981719011267,-0.190335973786
2024-01-05T21:19:00Z,fourier-demo,2.293880503547,1.055850000000,-0.982010040149,-0.188828708217
2024-01-05T21:20:00Z,fourier-demo,2.458160725995,1.056000000000,-0.982298754878,-0.187320997664
2024-01-05T21:21:00Z,fourier-demo,2.574510723302,1.056150000000,-0.982585154773,-0.185812845681
2024-01-05T21:22:00Z,fourier-demo,2.637568282441,1.056300000000,-0.982869239160,-0.184304255821
2024-01-05T21:23:00Z,fourier-demo,2.643641703401,1.056450000000,-0.983151007369,-0.182795231639
2024-01-05T21:24:00Z,fourier-demo,2.590871053807,1.056600000000,-0.983430458736,-0.181285776692
2024-01-05T21:25:00Z,fourier-demo,2.479321564455,1.056750000000,-0.983707592603,-0.179775894536
2024-01-05T21:26:00Z,fourier-demo,2.311005119539,1.056900000000,-0.983982408316,-0.178265588729
2024-01-05T21:27:00Z,fourier-demo,2.089828627844,1.057050000000,-0.984254905228,-0.176754862832
2024-01-05T21:28:00Z,fourier-demo,1.821470948556,1.057200000000,-0.984525082697,-0.175243720403
2024-01-05T21:29:00Z,fourier-demo,1.513192871221,1.057350000000,-0.984792940086,-0.173732165004
2024-01-05T21:30:00Z,fourier-demo,1.173587299846,1.057500000000,-0.985058476764,-0.172220200197
2024-01-05T21:31:00Z,fourier-demo,0.812279159125,1.057650000000,-0.985321692105,-0.170707829545
2024-01-05T21:32:00Z,fourier-demo,0.439586530737,1.057800000000,-0.985582585488,-0.169195056612
2024-01-05T21:33:00Z,fourier-demo,0.066156059417,1.057950000000,-0.985841156300,-0.167681884962
2024-01-05T21:34:00Z,fourier-demo,-0.297413319932,1.058100000000,-0.986097403931,-0.166168318163
2024-01-05T21:35:00Z,fourier-demo,-0.640943831889,1.058250000000,-0.986351327776,-0.164654359780
2024-01-05T21:36:00Z,fourier-demo,-0.955035112640,1.058400000000,-0.986602927238,-0.163140013381
2024-01-05T21:37:00Z,fourier-demo,-1.231389591490,1.058550000000,-0.986852201723,-0.161625282535
2024-01-05T21:38:00Z,fourier-demo,-1.463094574508,1.058700000000,-0.987099150644,-0.160110170811
2024-01-05T21:39:00Z,fourier-demo,-1.644850342942,1.058850000000,-0.987343773420,-0.158594681780
2024-01-05T21:40:00Z,fourier-demo,-1.773135742169,1.059000000000,-0.987586069473,-0.157078819014
2024-01-05T21:41:00Z,fourier-demo,-1.846305235725,1.059150000000,-0.987826038233,-0.155562586083
2024-01-05T21:42:00Z,fourier-demo,-1.864614132051,1.059300000000,-0.988063679134,-0.154045986562
2024-01-05T21:43:00Z,fourier-demo,-1.830171548373,1.059450000000,-0.988298991616,-0.152529024025
2024-01-05T21:44:00Z,fourier-demo,-1.746823541170,1.059600000000,-0.988531975125,-0.151011702045
2024-01-05T21:45:00Z,fourier-demo,-1.619971590178,1.059750000000,-0.988762629112,-0.149494024199
2024-01-05T21:46:00Z,fourier-demo,-1.456334161844,1.059900000000,-0.988990953033,-0.147975994064
2024-01-05T21:47:00Z,fourier-demo,-1.263661296322,1.060050000000,-0.989216946350,-0.146457615216
2024-01-05T21:48:00Z,fourier-demo,-1.050413970801,1.060200000000,-0.989440608530,-0.144938891234
2024-01-05T21:49:00Z,fourier-demo,-0.825421318918,1.060350000000,-0.989661939046,-0.143419825696
2024-01-05T21:50:00Z,fourier-demo,-0.597529579026,1.060500000000,-0.989880937378,-0.141900422183
2024-01-05T21:51:00Z,fourier-demo,-0.375256872531,1.060650000000,-0.990097603008,-0.140380684275
2024-01-05T21:52:00Z,fourier-demo,-0.166467570010,1.060800000000,-0.990311935427,-0.138860615553
2024-01-05T21:53:00Z,fourier-demo,0.021920896889,1.060950000000,-0.990523934128,-0.137340219600
2024-01-05T21:54:00Z,fourier-demo,0.184187337114,1.061100000000,-0.990733598613,-0.135819499997
2024-01-05T21:55:00Z,fourier-demo,0.316002650257,1.061250000000,-0.990940928387,-0.134298460330
2024-01-05T21:56:00Z,fourier-demo,0.414564915407,1.061400000000,-0.991145922962,-0.132777104182
2024-01-05T21:57:00Z,fourier-demo,0.478668951301,1.061550000000,-0.991348581855,-0.131255435138
2024-01-05T21:58:00Z,fourier-demo,0.508708304135,1.061700000000,-0.991548904588,-0.129733456785
2024-01-05T21:59:00Z,fourier-demo,0.506610412616,1.061850000000,-0.991746890690,-0.128211172709
2024-01-05T22:00:00Z,fourier-demo,0.475708447909,1.062000000000,-0.991942539692,-0.126688586497
2024-01-05T22:01:00Z,fourier-demo,0.420555916257,1.062150000000,-0.992135851136,-0.125165701738
2024-01-05T22:02:00Z,fourier-demo,0.346692438368,1.062300000000,-0.992326824564,-0.123642522019
2024-01-05T22:03:00Z,fourier-demo,0.260371087358,1.062450000000,-0.992515459527,-0.122119050931
2024-01-05T22:04:00Z,fourier-demo,0.168259196103,1.062600000000,-0.992701755580,-0.120595292064
2024-01-05T22:05:00Z,fourier-demo,0.077125573623,1.062750000000,-0.992885712285,-0.119071249008
2024-01-05T22:06:00Z,fourier-demo,-0.006472442465,1.062900000000,-0.993067329208,-0.117546925355
2024-01-05T22:07:00Z,fourier-demo,-0.076488742985,1.063050000000,-0.993246605920,-0.116022324698
2024-01-05T22:08:00Z,fourier-demo,-0.127662287471,1.063200000000,-0.993423542000,-0.114497450628
2024-01-05T22:09:00Z,fourier-demo,-0.155753457778,1.063350000000,-0.993598137030,-0.112972306740
2024-01-05T22:10:00Z,fourier-demo,-0.157732990749,1.063500000000,-0.993770390600,-0.111446896627
2024-01-05T22:11:00Z,fourier-demo,-0.131915601524,1.063650000000,-0.993940302302,-0.109921223884
2024-01-05T22:12:00Z,fourier-demo,-0.078032779732,1.063800000000,-0.994107871737,-0.108395292106
2024-01-05T22:13:00Z,fourier-demo,0.002758162829,1.063950000000,-0.994273098510,-0.106869104890
2024-01-05T22:14:00Z,fourier-demo,0.107929000498,1.064100000000,-0.994435982231,-0.105342665832
2024-01-05T22:15:00Z,fourier-demo,0.233696947017,1.064250000000,-0.994596522517,-0.103815978529
2024-01-05T22:16:00Z,fourier-demo,0.375197332704,1.064400000000,-0.994754718989,-0.102289046579
2024-01-05T22:17:00Z,fourier-demo,0.526705091501,1.064550000000,-0.994910571274,-0.100761873579
2024-01-05T22:18:00Z,fourier-demo,0.681895467395,1.064700000000,-0.995064079006,-0.099234463130
2024-01-05T22:19:00Z,fourier-demo,0.834132676096,1.064850000000,-0.995215241822,-0.097706818829
2024-01-05T22:20:00Z,fourier-demo,0.976774056905,1.065000000000,-0.995364059366,-0.096178944278
2024-01-05T22:21:00Z,fourier-demo,1.103476571393,1.065150000000,-0.995510531288,-0.094650843077
2024-01-05T22:22:00Z,fourier-demo,1.208492378478,1.065300000000,-0.995654657242,-0.093122518827
2024-01-05T22:23:00Z,fourier-demo,1.286940645354,1.065450000000,-0.995796436889,-0.091593975129
2024-01-05T22:24:00Z,fourier-demo,1.335043723174,1.065600000000,-0.995935869894,-0.090065215585
2024-01-05T22:25:00Z,fourier-demo,1.350317285676,1.065750000000,-0.996072955929,-0.088536243799
2024-01-05T22:26:00Z,fourier-demo,1.331705937780,1.065900000000,-0.996207694672,-0.087007063373
2024-01-05T22:27:00Z,fourier-demo,1.279658070724,1.066050000000,-0.996340085804,-0.085477677910
2024-01-05T22:28:00Z,fourier-demo,1.196136277078,1.066200000000,-0.996470129013,-0.083948091015
2024-01-05T22:29:00Z,fourier-demo,1.084562338090,1.066350000000,-0.996597823993,-0.082418306293
2024-01-05T22:30:00Z,fourier-demo,0.949698545521,1.066500000000,-0.996723170443,-0.080888327348
2024-01-05T22:31:00Z,fourier-demo,0.797469806652,1.066650000000,-0.996846168069,-0.079358157785
2024-01-05T22:32:00Z,fourier-demo,0.634733492830,1.066800000000,-0.996966816578,-0.077827801212
2024-01-05T22:33:00Z,fourier-demo,0.469006224449,1.066950000000,-0.997085115689,-0.076297261234
2024-01-05T22:34:00Z,fourier-demo,0.308158645291,1.067100000000,-0.997201065121,-0.074766541457
2024-01-05T22:35:00Z,fourier-demo,0.160090648958,1.067250000000,-0.997314664602,-0.073235645490
2024-01-05T22:36:00Z,fourier-demo,0.032400419905,1.067400000000,-0.997425913863,-0.071704576939
2024-01-05T22:37:00Z,fourier-demo,-0.067938997215,1.067550000000,-0.997534812643,-0.070173339413
2024-01-05T22:38:00Z,fourier-demo,-0.134882099751,1.067700000000,-0.997641360686,-0.068641936521
2024-01-05T22:39:00Z,fourier-demo,-0.163579572179,1.067850000000,-0.997745557739,-0.067110371870
2024-01-05T22:40:00Z,fourier-demo,-0.150601744832,1.068000000000,-0.997847403557,-0.065578649071
2024-01-05T22:41:00Z,fourier-demo,-0.094107212563,1.068150000000,-0.997946897901,-0.064046771732
2024-01-05T22:42:00Z,fourier-demo,0.006050859741,1.068300000000,-0.998044040536,-0.062514743464
2024-01-05T22:43:00Z,fourier-demo,0.148285720478,1.068450000000,-0.998138831233,-0.060982567877
2024-01-05T22:44:00Z,fourier-demo,0.329307566030,1.068600000000,-0.998231269768,-0.059450248582
2024-01-05T22:45:00Z,fourier-demo,0.544223070999,1.068750000000,-0.998321355925,-0.057917789190
2024-01-05T22:46:00Z,fourier-demo,0.786700549186,1.068900000000,-0.998409089489,-0.056385193311
2024-01-05T22:47:00Z,fourier-demo,1.049194695748,1.069050000000,-0.998494470256,-0.054852464559
2024-01-05T22:48:00Z,fourier-demo,1.323222410296,1.069200000000,-0.998577498023,-0.053319606543
2024-01-05T22:49:00Z,fourier-demo,1.599679084527,1.069350000000,-0.998658172595,-0.051786622878
2024-01-05T22:50:00Z,fourier-demo,1.869183043487,1.069500000000,-0.998736493782,-0.050253517175
2024-01-05T22:51:00Z,fourier-demo,2.122434626793,1.069650000000,-0.998812461399,-0.048720293047
2024-01-05T22:52:00Z,fourier-demo,2.350575735183,1.069800000000,-0.998886075267,-0.047186954108
2024-01-05T22:53:00Z,fourier-demo,2.545535576850,1.069950000000,-0.998957335213,-0.045653503970
2024-01-05T22:54:00Z,fourier-demo,2.700348832199,1.070100000000,-0.999026241068,-0.044119946247
2024-01-05T22:55:00Z,fourier-demo,2.809433496498,1.070250000000,-0.999092792671,-0.042586284554
2024-01-05T22:56:00Z,fourier-demo,2.868817216551,1.070400000000,-0.999156989865,-0.041052522505
2024-01-05T22:57:00Z,fourier-demo,2.876302947792,1.070550000000,-0.999218832498,-0.039518663713
2024-01-05T22:58:00Z,fourier-demo,2.831567141816,1.070700000000,-0.999278320424,-0.037984711793
2024-01-05T22:59:00Z,fourier-demo,2.736186335413,1.070850000000,-0.999335453504,-0.036450670361
2024-01-05T23:00:00Z,fourier-demo,2.593590843678,1.071000000000,-0.999390231603,-0.034916543031
2024-01-05T23:01:00Z,fourier-demo,2.408947147671,1.071150000000,-0.999442654591,-0.033382333418
2024-01-05T23:02:00Z,fourier-demo,2.188973394896,1.071300000000,-0.999492722345,-0.031848045138
2024-01-05T23:03:00Z,fourier-demo,1.941695084546,1.071450000000,-0.999540434748,-0.030313681807
2024-01-05T23:04:00Z,fourier-demo,1.676150381999,1.071600000000,-0.999585791686,-0.028779247041
2024-01-05T23:05:00Z,fourier-demo,1.402056502668,1.071750000000,-0.999628793053,-0.027244744454
2024-01-05T23:06:00Z,fourier-demo,1.129450143709,1.071900000000,-0.999669438747,-0.025710177665
2024-01-05T23:07:00Z,fourier-demo,0.868315961238,1.072050000000,-0.999707728673,-0.024175550288
2024-01-05T23:08:00Z,fourier-demo,0.628217549858,1.072200000000,-0.999743662740,-0.022640865940
2024-01-05T23:09:00Z,fourier-demo,0.417945262195,1.072350000000,-0.999777240865,-0.021106128237
2024-01-05T23:10:00Z,fourier-demo,0.245194514071,1.072500000000,-0.999808462966,-0.019571340798
2024-01-05T23:11:00Z,fourier-demo,0.116286984437,1.072650000000,-0.999837328972,-0.018036507237
2024-01-05T23:12:00Z,fourier-demo,0.035945388590,1.072800000000,-0.999863838814,-0.016501631173
2024-01-05T23:13:00Z,fourier-demo,0.007130349196,1.072950000000,-0.999887992430,-0.014966716221
2024-01-05T23:14:00Z,fourier-demo,0.030945399597,1.073100000000,-0.999909789762,-0.013431766000
2024-01-05T23:15:00Z,fourier-demo,0.106613428984,1.073250000000,-0.999929230760,-0.011896784127
2024-01-05T23:16:00Z,fourier-demo,0.231525029780,1.073400000000,-0.999946315377,-0.010361774218
2024-01-05T23:17:00Z,fourier-demo,0.401356349206,1.073550000000,-0.999961043573,-0.008826739890
2024-01-05T23:18:00Z,fourier-demo,0.610251295247,1.073700000000,-0.999973415313,-0.007291684763
2024-01-05T23:19:00Z,fourier-demo,0.851060412969,1.073850000000,-0.999983430569,-0.005756612452
2024-01-05T23:20:00Z,fourier-demo,1.115626532496,1.074000000000,-0.999991089317,-0.004221526575
2024-01-05T23:21:00Z,fourier-demo,1.395105483623,1.074150000000,-0.999996391538,-0.002686430751
2024-01-05T23:22:00Z,fourier-demo,1.680308846214,1.074300000000,-0.999999337221,-0.001151328595
2024-01-05T23:23:00Z,fourier-demo,1.962054912433,1.074450000000,-0.999999926358,0.000383776274
2024-01-05T23:24:00Z,fourier-demo,2.231513807083,1.074600000000,-0.999998158948,0.001918880238
2024-01-05T23:25:00Z,fourier-demo,2.480533053362,1.074750000000,-0.999994034994,0.003453979680
2024-01-05T23:26:00Z,fourier-demo,2.701930767442,1.074900000000,-0.999987554508,0.004989070983
2024-01-05T23:27:00Z,fourier-demo,2.889745078007,1.075050000000,-0.999978717503,0.006524150529
2024-01-05T23:28:00Z,fourier-demo,3.039430236823,1.075200000000,-0.999967524002,0.008059214701
2024-01-05T23:29:00Z,fourier-demo,3.147992135631,1.075350000000,-0.999953974029,0.009594259880
2024-01-05T23:30:00Z,fourier-demo,3.214058479786,1.075500000000,-0.999938067618,0.011129282450
2024-01-05T23:31:00Z,fourier-demo,3.237881585374,1.075650000000,-0.999919804806,0.012664278794
2024-01-05T23:32:00Z,fourier-demo,3.221274551975,1.075800000000,-0.999899185635,0.014199245293
2024-01-05T23:33:00Z,fourier-demo,3.167484303244,1.075950000000,-0.999876210154,0.015734178332
2024-01-05T23:34:00Z,fourier-demo,3.081007569653,1.076100000000,-0.999850878418,0.017269074292
2024-01-05T23:35:00Z,fourier-demo,2.967358206215,1.076250000000,-0.999823190486,0.018803929556
2024-01-05T23:36:00Z,fourier-demo,2.832796198241,1.076400000000,-0.999793146423,0.020338740509
2024-01-05T23:37:00Z,fourier-demo,2.684030230311,1.076550000000,-0.999760746300,0.021873503532
2024-01-05T23:38:00Z,fourier-demo,2.527906716132,1.076700000000,-0.999725990194,0.023408215009
2024-01-05T23:39:00Z,fourier-demo,2.371098668953,1.076850000000,-0.999688878187,0.024942871323
2024-01-05T23:40:00Z,fourier-demo,2.219807715101,1.077000000000,-0.999649410365,0.026477468859
2024-01-05T23:41:00Z,fourier-demo,2.079491921609,1.077150000000,-0.999607586822,0.028012003999
2024-01-05T23:42:00Z,fourier-demo,1.954630950256,1.077300000000,-0.999563407656,0.029546473128
2024-01-05T23:43:00Z,fourier-demo,1.848538413722,1.077450000000,-0.999516872972,0.031080872628
2024-01-05T23:44:00Z,fourier-demo,1.763229263861,1.077600000000,-0.999467982880,0.032615198886
2024-01-05T23:45:00Z,fourier-demo,1.699347673040,1.077750000000,-0.999416737493,0.034149448284
2024-01-05T23:46:00Z,fourier-demo,1.656158275860,1.077900000000,-0.999363136934,0.035683617207
2024-01-05T23:47:00Z,fourier-demo,1.631600928790,1.078050000000,-0.999307181329,0.037217702040
2024-01-05T23:48:00Z,fourier-demo,1.622406431995,1.078200000000,-0.999248870808,0.038751699168
2024-01-05T23:49:00Z,fourier-demo,1.624268054049,1.078350000000,-0.999188205511,0.040285604975
2024-01-05T23:50:00Z,fourier-demo,1.632061314694,1.078500000000,-0.999125185579,0.041819415848
2024-01-05T23:51:00Z,fourier-demo,1.640102412676,1.078650000000,-0.999059811161,0.043353128171
2024-01-05T23:52:00Z,fourier-demo,1.642434021289,1.078800000000,-0.998992082412,0.044886738331
2024-01-05T23:53:00Z,fourier-demo,1.633125982958,1.078950000000,-0.998921999491,0.046420242713
2024-01-05T23:54:00Z,fourier-demo,1.606577766199,1.079100000000,-0.998849562562,0.047953637703
2024-01-05T23:55:00Z,fourier-demo,1.557809431664,1.079250000000,-0.998774771798,0.049486919688
2024-01-05T23:56:00Z,fourier-demo,1.482728294429,1.079400000000,-0.998697627373,0.051020085055
2024-01-05T23:57:00Z,fourier-demo,1.378359449578,1.079550000000,-0.998618129470,0.052553130191
2024-01-05T23:58:00Z,fourier-demo,1.243029807588,1.079700000000,-0.998536278277,0.054086051483
2024-01-05T23:59:00Z,fourier-demo,1.076497204438,1.079850000000,-0.998452073985,0.055618845319
2024-01-06T00:00:00Z,fourier-demo,0.880018429949,1.080000000000,-0.998365516794,0.057151508086
2024-01-06T00:01:00Z,fourier-demo,0.656352562717,1.080150000000,-0.998276606907,0.058684036173
2024-01-06T00:02:00Z,fourier-demo,0.409698706187,1.080300000000,-0.998185344535,0.060216425968
2024-01-06T00:03:00Z,fourier-demo,0.145569976094,1.080450000000,-0.998091729891,0.061748673860
2024-01-06T00:04:00Z,fourier-demo,-0.129391719344,1.080600000000,-0.997995763197,0.063280776239
2024-01-06T00:05:00Z,fourier-demo,-0.407653050168,1.080750000000,-0.997897444678,0.064812729493
2024-01-06T00:06:00Z,fourier-demo,-0.681069495749,1.080900000000,-0.997796774568,0.066344530013
2024-01-06T00:07:00Z,fourier-demo,-0.941197285280,1.081050000000,-0.997693753101,0.067876174189
2024-01-06T00:08:00Z,fourier-demo,-1.179624488372,1.081200000000,-0.997588380523,0.069407658412
2024-01-06T00:09:00Z,fourier-demo,-1.388307799533,1.081350000000,-0.997480657080,0.070938979073
2024-01-06T00:10:00Z,fourier-demo,-1.559901213562,1.081500000000,-0.997370583026,0.072470132562
2024-01-06T00:11:00Z,fourier-demo,-1.688063008511,1.081650000000,-0.997258158622,0.074001115272
2024-01-06T00:12:00Z,fourier-demo,-1.767728231696,1.081800000000,-0.997143384132,0.075531923595
2024-01-06T00:13:00Z,fourier-demo,-1.795335192371,1.081950000000,-0.997026259826,0.077062553923
2024-01-06T00:14:00Z,fourier-demo,-1.768996250239,1.082100000000,-0.996906785981,0.078593002650
2024-01-06T00:15:00Z,fourier-demo,-1.688605380563,1.082250000000,-0.996784962877,0.080123266168
2024-01-06T00:16:00Z,fourier-demo,-1.555877506016,1.082400000000,-0.996660790803,0.081653340873
2024-01-06T00:17:00Z,fourier-demo,-1.374317311111,1.082550000000,-0.996534270051,0.083183223157
2024-01-06T00:18:00Z,fourier-demo,-1.149118086648,1.082700000000,-0.996405400918,0.084712909416
2024-01-06T00:19:00Z,fourier-demo,-0.886993974033,1.082850000000,-0.996274183709,0.086242396046
2024-01-06T00:20:00Z,fourier-demo,-0.595951677664,1.083000000000,-0.996140618732,0.087771679440
2024-01-06T00:21:00Z,fourier-demo,-0.285010177743,1.083150000000,-0.996004706303,0.089300755997
2024-01-06T00:22:00Z,fourier-demo,0.036120894819,1.083300000000,-0.995866446742,0.090829622113
2024-01-06T00:23:00Z,fourier-demo,0.357391852632,1.083450000000,-0.995725840375,0.092358274184
2024-01-06T00:24:00Z,fourier-demo,0.668778931778,1.083600000000,-0.995582887532,0.093886708608
2024-01-06T00:25:00Z,fourier-demo,0.960651402161,1.083750000000,-0.995437588551,0.095414921784
2024-01-06T00:26:00Z,fourier-demo,1.224125452236,1.083900000000,-0.995289943775,0.096942910110
2024-01-06T00:27:00Z,fourier-demo,1.451390967680,1.084050000000,-0.995139953551,0.098470669986
2024-01-06T00:28:00Z,fourier-demo,1.635998357312,1.084200000000,-0.994987618232,0.099998197811
2024-01-06T00:29:00Z,fourier-demo,1.773094130594,1.084350000000,-0.994832938178,0.101525489985
2024-01-06T00:30:00Z,fourier-demo,1.859595937368,1.084500000000,-0.994675913753,0.103052542910
2024-01-06T00:31:00Z,fourier-demo,1.894300161807,1.084650000000,-0.994516545327,0.104579352986
2024-01-06T00:32:00Z,fourier-demo,1.877917823066,1.084800000000,-0.994354833276,0.106105916617
2024-01-06T00:33:00Z,fourier-demo,1.813037367855,1.084950000000,-0.994190777980,0.107632230203
2024-01-06T00:34:00Z,fourier-demo,1.704015830953,1.085100000000,-0.994024379828,0.109158290150
2024-01-06T00:35:00Z,fourier-demo,1.556802672137,1.085250000000,-0.993855639209,0.110684092859
2024-01-06T00:36:00Z,fourier-demo,1.378703257891,1.085400000000,-0.993684556523,0.112209634737
2024-01-06T00:37:00Z,fourier-demo,1.178091336550,1.085550000000,-0.993511132172,0.113734912187
2024-01-06T00:38:00Z,fourier-demo,0.964081860308,1.085700000000,-0.993335366565,0.115259921615
2024-01-06T00:39:00Z,fourier-demo,0.746177056284,1.085850000000,-0.993157260117,0.116784659428
2024-01-06T00:40:00Z,fourier-demo,0.533899679488,1.086000000000,-0.992976813246,0.118309122032
2024-01-06T00:41:00Z,fourier-demo,0.336427852027,1.086150000000,-0.992794026378,0.119833305835
2024-01-06T00:42:00Z,fourier-demo,0.162245786851,1.086300000000,-0.992608899945,0.121357207246
2024-01-06T00:43:00Z,fourier-demo,0.018824015874,1.086450000000,-0.992421434381,0.122880822672
2024-01-06T00:44:00Z,fourier-demo,-0.087658480423,1.086600000000,-0.992231630130,0.124404148524
2024-01-06T00:45:00Z,fourier-demo,-0.152539561425,1.086750000000,-0.992039487638,0.125927181211
2024-01-06T00:46:00Z,fourier-demo,-0.172838092684,1.086900000000,-0.991845007357,0.127449917146
2024-01-06T00:47:00Z,fourier-demo,-0.147350926567,1.087050000000,-0.991648189747,0.128972352738
2024-01-06T00:48:00Z,fourier-demo,-0.076679345819,1.087200000000,-0.991449035272,0.130494484401
2024-01-06T00:49:00Z,fourier-demo,0.036815544105,1.087350000000,-0.991247544399,0.132016308548
2024-01-06T00:50:00Z,fourier-demo,0.189126140852,1.087500000000,-0.991043717605,0.133537821592
2024-01-06T00:51:00Z,fourier-demo,0.374775314128,1.087650000000,-0.990837555370,0.135059019948
2024-01-06T00:52:00Z,fourier-demo,0.587049417256,1.087800000000,-0.990629058179,0.136579900030
2024-01-06T00:53:00Z,fourier-demo,0.818277533344,1.087950000000,-0.990418226523,0.138100458256
2024-01-06T00:54:00Z,fourier-demo,1.060145347571,1.088100000000,-0.990205060901,0.139620691042
2024-01-06T00:55:00Z,fourier-demo,1.304030715407,1.088250000000,-0.989989561813,0.141140594805
2024-01-06T00:56:00Z,fourier-demo,1.541347206090,1.088400000000,-0.989771729768,0.142660165963
2024-01-06T00:57:00Z,fourier-demo,1.763881671854,1.088550000000,-0.989551565279,0.144179400936
2024-01-06T00:58:00Z,fourier-demo,1.964112233738,1.088700000000,-0.989329068865,0.145698296143
2024-01-06T00:59:00Z,fourier-demo,2.135493968638,1.088850000000,-0.989104241050,0.147216848005
2024-01-06T01:00:00Z,fourier-demo,2.272700991176,1.089000000000,-0.988877082364,0.148735052944
2024-01-06T01:01:00Z,fourier-demo,2.371815488657,1.089150000000,-0.988647593343,0.150252907382
2024-01-06T01:02:00Z,fourier-demo,2.430456510011,1.089300000000,-0.988415774527,0.151770407742
2024-01-06T01:03:00Z,fourier-demo,2.447843836967,1.089450000000,-0.988181626462,0.153287550447
2024-01-06T01:04:00Z,fourier-demo,2.424794973172,1.089600000000,-0.987945149701,0.154804331923
2024-01-06T01:05:00Z,fourier-demo,2.363656062696,1.089750000000,-0.987706344800,0.156320748596
2024-01-06T01:06:00Z,fourier-demo,2.268170278937,1.089900000000,-0.987465212323,0.157836796891
2024-01-06T01:07:00Z,fourier-demo,2.143289796164,1.090050000000,-0.987221752836,0.159352473236
2024-01-06T01:08:00Z,fourier-demo,1.994939763188,1.090200000000,-0.986975966916,0.160867774060
2024-01-06T01:09:00Z,fourier-demo,1.829744647466,1.090350000000,-0.986727855139,0.162382695791
2024-01-06T01:10:00Z,fourier-demo,1.654728828829,1.090500000000,-0.986477418092,0.163897234859
2024-01-06T01:11:00Z,fourier-demo,1.477004333469,1.090650000000,-0.986224656364,0.165411387696
2024-01-06T01:12:00Z,fourier-demo,1.303459070253,1.090800000000,-0.985969570551,0.166925150734
2024-01-06T01:13:00Z,fourier-demo,1.140458844451,1.090950000000,-0.985712161254,0.168438520404
2024-01-06T01:14:00Z,fourier-demo,0.993575783233,1.091100000000,-0.985452429080,0.169951493141
2024-01-06T01:15:00Z,fourier-demo,0.867354640444,1.091250000000,-0.985190374640,0.171464065379
2024-01-06T01:16:00Z,fourier-demo,0.765126804513,1.091400000000,-0.984925998553,0.172976233554
2024-01-06T01:17:00Z,fourier-demo,0.688879781694,1.091550000000,-0.984659301441,0.174487994102
2024-01-06T01:18:00Z,fourier-demo,0.639187553119,1.091700000000,-0.984390283933,0.175999343461
2024-01-06T01:19:00Z,fourier-demo,0.615204607213,1.091850000000,-0.984118946662,0.177510278070
2024-01-06T01:20:00Z,fourier-demo,0.614723737221,1.092000000000,-0.983845290269,0.179020794366
2024-01-06T01:21:00Z,fourier-demo,0.634294979715,1.092150000000,-0.983569315398,0.180530888792
2024-01-06T01:22:00Z,fourier-demo,0.669400467115,1.092300000000,-0.983291022699,0.182040557789
2024-01-06T01:23:00Z,fourier-demo,0.714677583696,1.092450000000,-0.983010412828,0.183549797798
2024-01-06T01:24:00Z,fourier-demo,0.764180749701,1.092600000000,-0.982727486447,0.185058605263
2024-01-06T01:25:00Z,fourier-demo,0.811670498151,1.092750000000,-0.982442244222,0.186566976630
2024-01-06T01:26:00Z,fourier-demo,0.850917323091,1.092900000000,-0.982154686825,0.188074908342
2024-01-06T01:27:00Z,fourier-demo,0.876007116316,1.093050000000,-0.981864814934,0.189582396846
2024-01-06T01:28:00Z,fourier-demo,0.881634900098,1.093200000000,-0.981572629233,0.191089438591
2024-01-06T01:29:00Z,fourier-demo,0.863374011580,1.093350000000,-0.981278130409,0.192596030025
2024-01-06T01:30:00Z,fourier-demo,0.817908882523,1.093500000000,-0.980981319157,0.194102167597
2024-01-06T01:31:00Z,fourier-demo,0.743221045910,1.093650000000,-0.980682196175,0.195607847758
2024-01-06T01:32:00Z,fourier-demo,0.638719927867,1.093800000000,-0.980380762170,0.197113066960
2024-01-06T01:33:00Z,fourier-demo,0.505312270252,1.093950000000,-0.980077017852,0.198617821655
2024-01-06T01:34:00Z,fourier-demo,0.345406582283,1.094100000000,-0.979770963935,0.200122108298
2024-01-06T01:35:00Z,fourier-demo,0.162851733411,1.094250000000,-0.979462601142,0.201625923344
2024-01-06T01:36:00Z,fourier-demo,-0.037188437567,1.094400000000,-0.979151930199,0.203129263249
2024-01-06T01:37:00Z,fourier-demo,-0.248419924716,1.094550000000,-0.978838951838,0.204632124471
2024-01-06T01:38:00Z,fourier-demo,-0.463655675569,1.094700000000,-0.978523666796,0.206134503467
2024-01-06T01:39:00Z,fourier-demo,-0.675095698532,1.094850000000,-0.978206075818,0.207636396697
2024-01-06T01:40:00Z,fourier-demo,-0.874638961679,1.095000000000,-0.977886179650,0.209137800622
2024-01-06T01:41:00Z,fourier-demo,-1.054214476937,1.095150000000,-0.977563979048,0.210638711705
2024-01-06T01:42:00Z,fourier-demo,-1.206118065616,1.095300000000,-0.977239474769,0.212139126407
2024-01-06T01:43:00Z,fourier-demo,-1.323340954707,1.095450000000,-0.976912667580,0.213639041193
2024-01-06T01:44:00Z,fourier-demo,-1.399876574292,1.095600000000,-0.976583558250,0.215138452529
2024-01-06T01:45:00Z,fourier-demo,-1.430992707854,1.095750000000,-0.976252147554,0.216637356880
2024-01-06T01:46:00Z,fourier-demo,-1.413457459055,1.095900000000,-0.975918436274,0.218135750716
2024-01-06T01:47:00Z,fourier-demo,-1.345709288907,1.096050000000,-0.975582425196,0.219633630504
2024-01-06T01:48:00Z,fourier-demo,-1.227963574582,1.096200000000,-0.975244115112,0.221130992716
2024-01-06T01:49:00Z,fourier-demo,-1.062250657084,1.096350000000,-0.974903506819,0.222627833821
2024-01-06T01:50:00Z,fourier-demo,-0.852383078036,1.096500000000,-0.974560601120,0.224124150294
2024-01-06T01:51:00Z,fourier-demo,-0.603852545359,1.096650000000,-0.974215398822,0.225619938608
2024-01-06T01:52:00Z,fourier-demo,-0.323659998342,1.096800000000,-0.973867900740,0.227115195237
2024-01-06T01:53:00Z,fourier-demo,-0.020084849554,1.096950000000,-0.973518107693,0.228609916659
2024-01-06T01:54:00Z,fourier-demo,0.297598046147,1.097100000000,-0.973166020503,0.230104099350
2024-01-06T01:55:00Z,fourier-demo,0.619443007386,1.097250000000,-0.972811640002,0.231597739791
2024-01-06T01:56:00Z,fourier-demo,0.935187323337,1.097400000000,-0.972454967024,0.233090834460
2024-01-06T01:57:00Z,fourier-demo,1.234620606120,1.097550000000,-0.972096002411,0.234583379840
2024-01-06T01:58:00Z,fourier-demo,1.507955393530,1.097700000000,-0.971734747007,0.236075372413
2024-01-06T01:59:00Z,fourier-demo,1.746184589950,1.097850000000,-0.971371201664,0.237566808663
2024-01-06T02:00:00Z,fourier-demo,1.941411803458,1.098000000000,-0.971005367238,0.239057685076
2024-01-06T02:01:00Z,fourier-demo,2.087141666503,1.098150000000,-0.970637244593,0.240547998138
2024-01-06T02:02:00Z,fourier-demo,2.178518775268,1.098300000000,-0.970266834595,0.242037744338
2024-01-06T02:03:00Z,fourier-demo,2.212505887261,1.098450000000,-0.969894138118,0.243526920164
2024-01-06T02:04:00Z,fourier-demo,2.187994397324,1.098600000000,-0.969519156039,0.245015522107
2024-01-06T02:05:00Z,fourier-demo,2.105842773527,1.098750000000,-0.969141889242,0.246503546660
2024-01-06T02:06:00Z,fourier-demo,1.968841469250,1.098900000000,-0.968762338617,0.247990990315
2024-01-06T02:07:00Z,fourier-demo,1.781605722109,1.099050000000,-0.968380505057,0.249477849568
2024-01-06T02:08:00Z,fourier-demo,1.550400487645,1.099200000000,-0.967996389463,0.250964120914
2024-01-06T02:09:00Z,fourier-demo,1.282904421798,1.099350000000,-0.967609992740,0.252449800852
2024-01-06T02:10:00Z,fourier-demo,0.987922213799,1.099500000000,-0.967221315798,0.253934885879
2024-01-06T02:11:00Z,fourier-demo,0.675056584345,1.099650000000,-0.966830359553,0.255419372498
2024-01-06T02:12:00Z,fourier-demo,0.354352822167,1.099800000000,-0.966437124926,0.256903257208
2024-01-06T02:13:00Z,fourier-demo,0.035929772938,1.099950000000,-0.966041612845,0.258386536514
2024-01-06T02:14:00Z,fourier-demo,-0.270388323054,1.100100000000,-0.965643824241,0.259869206919
2024-01-06T02:15:00Z,fourier-demo,-0.555424842719,1.100250000000,-0.965243760052,0.261351264931
2024-01-06T02:16:00Z,fourier-demo,-0.810975006483,1.100400000000,-0.964841421220,0.262832707055
2024-01-06T02:17:00Z,fourier-demo,-1.030088895047,1.100550000000,-0.964436808694,0.264313529803
2024-01-06T02:18:00Z,fourier-demo,-1.207302537517,1.100700000000,-0.964029923426,0.265793729682
2024-01-06T02:19:00Z,fourier-demo,-1.338808480715,1.100850000000,-0.963620766377,0.267273303207
2024-01-06T02:20:00Z,fourier-demo,-1.422559715327,1.101000000000,-0.963209338510,0.268752246889
2024-01-06T02:21:00Z,fourier-demo,-1.458303536453,1.101150000000,-0.962795640794,0.270230557244
2024-01-06T02:22:00Z,fourier-demo,-1.447544744099,1.101300000000,-0.962379674205,0.271708230787
2024-01-06T02:23:00Z,fourier-demo,-1.393440428265,1.101450000000,-0.961961439722,0.273185264038
2024-01-06T02:24:00Z,fourier-demo,-1.300631318089,1.101600000000,-0.961540938332,0.274661653514
2024-01-06T02:25:00Z,fourier-demo,-1.175017194477,1.101750000000,-0.961118171026,0.276137395737
2024-01-06T02:26:00Z,fourier-demo,-1.023486068862,1.101900000000,-0.960693138798,0.277612487230
2024-01-06T02:27:00Z,fourier-demo,-0.853608628624,1.102050000000,-0.960265842652,0.279086924515
2024-01-06T02:28:00Z,fourier-demo,-0.673310770354,1.102200000000,-0.959836283594,0.280560704119
2024-01-06T02:29:00Z,fourier-demo,-0.490537833288,1.102350000000,-0.959404462637,0.282033822568
2024-01-06T02:30:00Z,fourier-demo,-0.312924376384,1.102500000000,-0.958970380797,0.283506276391
2024-01-06T02:31:00Z,fourier-demo,-0.147483006098,1.102650000000,-0.958534039099,0.284978062119
2024-01-06T02:32:00Z,fourier-demo,-0.000324873697,1.102800000000,-0.958095438569,0.286449176282
2024-01-06T02:33:00Z,fourier-demo,0.123576940895,1.102950000000,-0.957654580243,0.287919615414
2024-01-06T02:34:00Z,fourier-demo,0.220571797876,1.103100000000,-0.957211465158,0.289389376049
2024-01-06T02:35:00Z,fourier-demo,0.288456490862,1.103250000000,-0.956766094359,0.290858454725
2024-01-06T02:36:00Z,fourier-demo,0.326536252966,1.103400000000,-0.956318468895,0.292326847980
2024-01-06T02:37:00Z,fourier-demo,0.335619859297,1.103550000000,-0.955868589822,0.293794552352
2024-01-06T02:38:00Z,fourier-demo,0.317949672402,1.103700000000,-0.955416458199,0.295261564383
2024-01-06T02:39:00Z,fourier-demo,0.277070193255,1.103850000000,-0.954962075092,0.296727880617
2024-01-06T02:40:00Z,fourier-demo,0.217641237698,1.104000000000,-0.954505441572,0.298193497597
2024-01-06T02:41:00Z,fourier-demo,0.145204151337,1.104150000000,-0.954046558715,0.299658411871
2024-01-06T02:42:00Z,fourier-demo,0.065911410661,1.104300000000,-0.953585427601,0.301122619985
2024-01-06T02:43:00Z,fourier-demo,-0.013768544916,1.104450000000,-0.953122049319,0.302586118489
2024-01-06T02:44:00Z,fourier-demo,-0.087358407307,1.104600000000,-0.952656424959,0.304048903935
2024-01-06T02:45:00Z,fourier-demo,-0.148677718890,1.104750000000,-0.952188555620,0.305510972875
2024-01-06T02:46:00Z,fourier-demo,-0.192134014003,1.104900000000,-0.951718442403,0.306972321864
2024-01-06T02:47:00Z,fourier-demo,-0.212986831846,1.105050000000,-0.951246086416,0.308432947459
2024-01-06T02:48:00Z,fourier-demo,-0.207573226344,1.105200000000,-0.950771488773,0.309892846216
2024-01-06T02:49:00Z,fourier-demo,-0.173485050455,1.105350000000,-0.950294650592,0.311352014697
2024-01-06T02:50:00Z,fourier-demo,-0.109690350852,1.105500000000,-0.949815572997,0.312810449461
2024-01-06T02:51:00Z,fourier-demo,-0.016593587810,1.105650000000,-0.949334257117,0.314268147073
2024-01-06T02:52:00Z,fourier-demo,0.103968004414,1.105800000000,-0.948850704085,0.315725104098
2024-01-06T02:53:00Z,fourier-demo,0.248791887805,1.105950000000,-0.948364915042,0.317181317101
2024-01-06T02:54:00Z,fourier-demo,0.413438778614,1.106100000000,-0.947876891132,0.318636782651
2024-01-06T02:55:00Z,fourier-demo,0.592416949185,1.106250000000,-0.947386633505,0.320091497319
2024-01-06T02:56:00Z,fourier-demo,0.779414549422,1.106400000000,-0.946894143317,0.321545457676
2024-01-06T02:57:00Z,fourier-demo,0.967570163914,1.106550000000,-0.946399421728,0.322998660296
2024-01-06T02:58:00Z,fourier-demo,1.149770167226,1.106700000000,-0.945902469904,0.324451101754
2024-01-06T02:59:00Z,fourier-demo,1.318960262077,1.106850000000,-0.945403289016,0.325902778628
2024-01-06T03:00:00Z,fourier-demo,1.468457932667,1.107000000000,-0.944901880241,0.327353687496
2024-01-06T03:01:00Z,fourier-demo,1.592252446371,1.107150000000,-0.944398244759,0.328803824940
2024-01-06T03:02:00Z,fourier-demo,1.685279496572,1.107300000000,-0.943892383759,0.330253187543
2024-01-06T03:03:00Z,fourier-demo,1.743658579556,1.107450000000,-0.943384298431,0.331701771888
2024-01-06T03:04:00Z,fourier-demo,1.764882699053,1.107600000000,-0.942873989974,0.333149574562
2024-01-06T03:05:00Z,fourier-demo,1.747951931993,1.107750000000,-0.942361459589,0.334596592153
2024-01-06T03:06:00Z,fourier-demo,1.693444689307,1.107900000000,-0.941846708485,0.336042821252
2024-01-06T03:07:00Z,fourier-demo,1.603523071773,1.108050000000,-0.941329737875,0.337488258450
2024-01-06T03:08:00Z,fourier-demo,1.481871447741,1.108200000000,-0.940810548977,0.338932900341
2024-01-06T03:09:00Z,fourier-demo,1.333570154806,1.108350000000,-0.940289143014,0.340376743520
2024-01-06T03:10:00Z,fourier-demo,1.164908936770,1.108500000000,-0.939765521216,0.341819784586
2024-01-06T03:11:00Z,fourier-demo,0.983147258657,1.108650000000,-0.939239684815,0.343262020137
2024-01-06T03:12:00Z,fourier-demo,0.796230891209,1.108800000000,-0.938711635052,0.344703446775
2024-01-06T03:13:00Z,fourier-demo,0.612476028810,1.108950000000,-0.938181373170,0.346144061103
2024-01-06T03:14:00Z,fourier-demo,0.440233622983,1.109100000000,-0.937648900420,0.347583859726
2024-01-06T03:15:00Z,fourier-demo,0.287547517674,1.109250000000,-0.937114218055,0.349022839251
2024-01-06T03:16:00Z,fourier-demo,0.161820323783,1.109400000000,-0.936577327337,0.350460996288
2024-01-06T03:17:00Z,fourier-demo,0.069500752605,1.109550000000,-0.936038229529,0.351898327446
2024-01-06T03:18:00Z,fourier-demo,0.015805348037,1.109700000000,-0.935496925904,0.353334829340
2024-01-06T03:19:00Z,fourier-demo,0.004486245676,1.109850000000,-0.934953417736,0.354770498583
2024-01-06T03:20:00Z,fourier-demo,0.037654795185,1.110000000000,-0.934407706305,0.356205331793
2024-01-06T03:21:00Z,fourier-demo,0.115668682109,1.110150000000,-0.933859792899,0.357639325588
2024-01-06T03:22:00Z,fourier-demo,0.237087665126,1.110300000000,-0.933309678808,0.359072476589
2024-01-06T03:23:00Z,fourier-demo,0.398700306180,1.110450000000,-0.932757365328,0.360504781418
2024-01-06T03:24:00Z,fourier-demo,0.595621224814,1.110600000000,-0.932202853762,0.361936236702
2024-01-06T03:25:00Z,fourier-demo,0.821455569654,1.110750000000,-0.931646145416,0.363366839065
2024-01-06T03:26:00Z,fourier-demo,1.068524684609,1.110900000000,-0.931087241601,0.364796585137
2024-01-06T03:27:00Z,fourier-demo,1.328144465390,1.111050000000,-0.930526143635,0.366225471549
2024-01-06T03:28:00Z,fourier-demo,1.590945754483,1.111200000000,-0.929962852841,0.367653494933
2024-01-06T03:29:00Z,fourier-demo,1.847224397467,1.111350000000,-0.929397370545,0.369080651924
2024-01-06T03:30:00Z,fourier-demo,2.087307351003,1.111500000000,-0.928829698080,0.370506939159
2024-01-06T03:31:00Z,fourier-demo,2.301920543909,1.111650000000,-0.928259836784,0.371932353278
2024-01-06T03:32:00Z,fourier-demo,2.482544075870,1.111800000000,-0.927687787999,0.373356890920
2024-01-06T03:33:00Z,fourier-demo,2.621740799264,1.111950000000,-0.927113553075,0.374780548728
2024-01-06T03:34:00Z,fourier-demo,2.713445350329,1.112100000000,-0.926537133363,0.376203323349
2024-01-06T03:35:00Z,fourier-demo,2.753202235746,1.112250000000,-0.925958530223,0.377625211429
2024-01-06T03:36:00Z,fourier-demo,2.738343578207,1.112400000000,-0.925377745018,0.379046209617
2024-01-06T03:37:00Z,fourier-demo,2.668099499182,1.112550000000,-0.924794779117,0.380466314565
2024-01-06T03:38:00Z,fourier-demo,2.543636773557,1.112700000000,-0.924209633893,0.381885522925
2024-01-06T03:39:00Z,fourier-demo,2.368024221999,1.112850000000,-0.923622310725,0.383303831355
2024-01-06T03:40:00Z,fourier-demo,2.146126198808,1.113000000000,-0.923032810997,0.384721236511
2024-01-06T03:41:00Z,fourier-demo,1.884428369151,1.113150000000,-0.922441136099,0.386137735053
2024-01-06T03:42:00Z,fourier-demo,1.590802635746,1.113300000000,-0.921847287425,0.387553323644
2024-01-06T03:43:00Z,fourier-demo,1.274220464046,1.113450000000,-0.921251266374,0.388967998946
2024-01-06T03:44:00Z,fourier-demo,0.944425870754,1.113600000000,-0.920653074351,0.390381757627
2024-01-06T03:45:00Z,fourier-demo,0.611580902350,1.113750000000,-0.920052712765,0.391794596355
2024-01-06T03:46:00Z,fourier-demo,0.285897475908,1.113900000000,-0.919450183032,0.393206511801
2024-01-06T03:47:00Z,fourier-demo,-0.022730057477,1.114050000000,-0.918845486571,0.394617500637
2024-01-06T03:48:00Z,fourier-demo,-0.305077354605,1.114200000000,-0.918238624807,0.396027559538
2024-01-06T03:49:00Z,fourier-demo,-0.552913915089,1.114350000000,-0.917629599170,0.397436685181
2024-01-06T03:50:00Z,fourier-demo,-0.759285900366,1.114500000000,-0.917018411095,0.398844874246
2024-01-06T03:51:00Z,fourier-demo,-0.918747224988,1.114650000000,-0.916405062024,0.400252123414
2024-01-06T03:52:00Z,fourier-demo,-1.027530329343,1.114800000000,-0.915789553400,0.401658429369
2024-01-06T03:53:00Z,fourier-demo,-1.083650500748,1.114950000000,-0.915171886675,0.403063788797
2024-01-06T03:54:00Z,fourier-demo,-1.086940304072,1.115100000000,-0.914552063304,0.404468198386
2024-01-06T03:55:00Z,fourier-demo,-1.039013503630,1.115250000000,-0.913930084748,0.405871654827
2024-01-06T03:56:00Z,fourier-demo,-0.943160690295,1.115400000000,-0.913305952473,0.407274154812
2024-01-06T03:57:00Z,fourier-demo,-0.804181556497,1.115550000000,-0.912679667949,0.408675695036
2024-01-06T03:58:00Z,fourier-demo,-0.628161276348,1.115700000000,-0.912051232652,0.410076272196
2024-01-06T03:59:00Z,fourier-demo,-0.422200646996,1.115850000000,-0.911420648063,0.411475882993
2024-01-06T04:00:00Z,fourier-demo,-0.194111441870,1.116000000000,-0.910787915668,0.412874524127
2024-01-06T04:01:00Z,fourier-demo,0.047910255069,1.116150000000,-0.910153036959,0.414272192302
2024-01-06T04:02:00Z,fourier-demo,0.295619174788,1.116300000000,-0.909516013430,0.415668884226
2024-01-06T04:03:00Z,fourier-demo,0.541050657677,1.116450000000,-0.908876846585,0.417064596606
2024-01-06T04:04:00Z,fourier-demo,0.776831661282,1.116600000000,-0.908235537928,0.418459326154
2024-01-06T04:05:00Z,fourier-demo,0.996460410986,1.116750000000,-0.907592088971,0.419853069582
2024-01-06T04:06:00Z,fourier-demo,1.194543521184,1.116900000000,-0.906946501230,0.421245823607
2024-01-06T04:07:00Z,fourier-demo,1.366981265549,1.117050000000,-0.906298776227,0.422637584947
2024-01-06T04:08:00Z,fourier-demo,1.511093901570,1.117200000000,-0.905648915488,0.424028350320
2024-01-06T04:09:00Z,fourier-demo,1.625684463717,1.117350000000,-0.904996920545,0.425418116451
2024-01-06T04:10:00Z,fourier-demo,1.711036127038,1.117500000000,-0.904342792933,0.426806880064
2024-01-06T04:11:00Z,fourier-demo,1.768844997153,1.117650000000,-0.903686534195,0.428194637887
2024-01-06T04:12:00Z,fourier-demo,1.802091889511,1.117800000000,-0.903028145877,0.429581386648
2024-01-06T04:13:00Z,fourier-demo,1.814859208449,1.117950000000,-0.902367629530,0.430967123081
2024-01-06T04:14:00Z,fourier-demo,1.812101319983,1.118100000000,-0.901704986711,0.432351843919
2024-01-06T04:15:00Z,fourier-demo,1.799378737151,1.118250000000,-0.901040218982,0.433735545899
2024-01-06T04:16:00Z,fourier-demo,1.782567924151,1.118400000000,-0.900373327909,0.435118225762
2024-01-06T04:17:00Z,fourier-demo,1.767559514296,1.118550000000,-0.899704315064,0.436499880247
2024-01-06T04:18:00Z,fourier-demo,1.759958186814,1.118700000000,-0.899033182022,0.437880506100
2024-01-06T04:19:00Z,fourier-demo,1.764797340627,1.118850000000,-0.898359930367,0.439260100067
2024-01-06T04:20:00Z,fourier-demo,1.786281044656,1.119000000000,-0.897684561684,0.440638658897
2024-01-06T04:21:00Z,fourier-demo,1.827564561640,1.119150000000,-0.897007077565,0.442016179341
2024-01-06T04:22:00Z,fourier-demo,1.890583085675,1.119300000000,-0.896327479606,0.443392658152
2024-01-06T04:23:00Z,fourier-demo,1.975936271701,1.119450000000,-0.895645769409,0.444768092089
2024-01-06T04:24:00Z,fourier-demo,2.082833754043,1.119600000000,-0.894961948580,0.446142477907
2024-01-06T04:25:00Z,fourier-demo,2.209104249945,1.119750000000,-0.894276018732,0.447515812371
2024-01-06T04:26:00Z,fourier-demo,2.351268131164,1.119900000000,-0.893587981479,0.448888092241
2024-01-06T04:27:00Z,fourier-demo,2.504670635088,1.120050000000,-0.892897838444,0.450259314286
2024-01-06T04:28:00Z,fourier-demo,2.663670289339,1.120200000000,-0.892205591253,0.451629475274
2024-01-06T04:29:00Z,fourier-demo,2.821874748999,1.120350000000,-0.891511241538,0.452998571975
2024-01-06T04:30:00Z,fourier-demo,2.972414192308,1.120500000000,-0.890814790934,0.454366601164
2024-01-06T04:31:00Z,fourier-demo,3.108240775198,1.120650000000,-0.890116241083,0.455733559616
2024-01-06T04:32:00Z,fourier-demo,3.222441476360,1.120800000000,-0.889415593631,0.457099444111
2024-01-06T04:33:00Z,fourier-demo,3.308551022318,1.120950000000,-0.888712850229,0.458464251429
2024-01-06T04:34:00Z,fourier-demo,3.360851494115,1.121100000000,-0.888008012533,0.459827978355
2024-01-06T04:35:00Z,fourier-demo,3.374645688621,1.121250000000,-0.887301082204,0.461190621674
2024-01-06T04:36:00Z,fourier-demo,3.346492320127,1.121400000000,-0.886592060908,0.462552178175
2024-01-06T04:37:00Z,fourier-demo,3.274392661350,1.121550000000,-0.885880950316,0.463912644651
2024-01-06T04:38:00Z,fourier-demo,3.157920175951,1.121700000000,-0.885167752104,0.465272017894
2024-01-06T04:39:00Z,fourier-demo,2.998287007865,1.121850000000,-0.884452467952,0.466630294702
2024-01-06T04:40:00Z,fourier-demo,2.798343771563,1.122000000000,-0.883735099546,0.467987471874
2024-01-06T04:41:00Z,fourier-demo,2.562511826436,1.122150000000,-0.883015648576,0.469343546211
2024-01-06T04:42:00Z,fourier-demo,2.296650005197,1.122300000000,-0.882294116738,0.470698514517
2024-01-06T04:43:00Z,fourier-demo,2.007860486179,1.122450000000,-0.881570505733,0.472052373601
2024-01-06T04:44:00Z,fourier-demo,1.704241040383,1.122600000000,-0.880844817265,0.473405120270
2024-01-06T04:45:00Z,fourier-demo,1.394593141210,1.122750000000,-0.880117053044,0.474756751338
2024-01-06T04:46:00Z,fourier-demo,1.088097304374,1.122900000000,-0.879387214786,0.476107263620
2024-01-06T04:47:00Z,fourier-demo,0.793968449192,1.123050000000,-0.878655304210,0.477456653932
2024-01-06T04:48:00Z,fourier-demo,0.521104980513,1.123200000000,-0.877921323042,0.478804919094
2024-01-06T04:49:00Z,fourier-demo,0.277745644098,1.123350000000,-0.877185273010,0.480152055931
2024-01-06T04:50:00Z,fourier-demo,0.071147991023,1.123500000000,-0.876447155850,0.481498061266
2024-01-06T04:51:00Z,fourier-demo,-0.092698494219,1.123650000000,-0.875706973300,0.482842931928
2024-01-06T04:52:00Z,fourier-demo,-0.209312861855,1.123800000000,-0.874964727106,0.484186664749
2024-01-06T04:53:00Z,fourier-demo,-0.275906817417,1.123950000000,-0.874220419016,0.485529256560
2024-01-06T04:54:00Z,fourier-demo,-0.291504757340,1.124100000000,-0.873474050784,0.486870704199
2024-01-06T04:55:00Z,fourier-demo,-0.256994509999,1.124250000000,-0.872725624169,0.488211004504
2024-01-06T04:56:00Z,fourier-demo,-0.175106320280,1.124400000000,-0.871975140935,0.489550154316
2024-01-06T04:57:00Z,fourier-demo,-0.050320472245,1.124550000000,-0.871222602851,0.490888150480
2024-01-06T04:58:00Z,fourier-demo,0.111293205693,1.124700000000,-0.870468011689,0.492224989844
2024-01-06T04:59:00Z,fourier-demo,0.302297980856,1.124850000000,-0.869711369228,0.493560669256
2024-01-06T05:00:00Z,fourier-demo,0.514166534297,1.125000000000,-0.868952677251,0.494895185568
2024-01-06T05:01:00Z,fourier-demo,0.737600328231,1.125150000000,-0.868191937546,0.496228535637
2024-01-06T05:02:00Z,fourier-demo,0.962879655099,1.125300000000,-0.867429151905,0.497560716320
2024-01-06T05:03:00Z,fourier-demo,1.180230753857,1.125450000000,-0.866664322127,0.498891724478
2024-01-06T05:04:00Z,fourier-demo,1.380195676123,1.125600000000,-0.865897450013,0.500221556973
2024-01-06T05:05:00Z,fourier-demo,1.553990454291,1.125750000000,-0.865128537371,0.501550210673
2024-01-06T05:06:00Z,fourier-demo,1.693837571597,1.125900000000,-0.864357586013,0.502877682446
2024-01-06T05:07:00Z,fourier-demo,1.793259742403,1.126050000000,-0.863584597755,0.504203969164
2024-01-06T05:08:00Z,fourier-demo,1.847323539530,1.126200000000,-0.862809574419,0.505529067701
2024-01-06T05:09:00Z,fourier-demo,1.852823392537,1.126350000000,-0.862032517832,0.506852974935
2024-01-06T05:10:00Z,fourier-demo,1.808398846545,1.126500000000,-0.861253429824,0.508175687747
2024-01-06T05:11:00Z,fourier-demo,1.714580619990,1.126650000000,-0.860472312232,0.509497203018
2024-01-06T05:12:00Z,fourier-demo,1.573763824780,1.126800000000,-0.859689166896,0.510817517635
2024-01-06T05:13:00Z,fourier-demo,1.390109599684,1.126950000000,-0.858903995661,0.512136628486
2024-01-06T05:14:00Z,fourier-demo,1.169379241084,1.127100000000,-0.858116800379,0.513454532463
2024-01-06T05:15:00Z,fourier-demo,0.918707580198,1.127250000000,-0.857327582904,0.514771226460
2024-01-06T05:16:00Z,fourier-demo,0.646324745340,1.127400000000,-0.856536345096,0.516086707375
2024-01-06T05:17:00Z,fourier-demo,0.361237465765,1.127550000000,-0.855743088820,0.517400972106
2024-01-06T05:18:00Z,fourier-demo,0.072882639221,1.127700000000,-0.854947815945,0.518714017558
2024-01-06T05:19:00Z,fourier-demo,-0.209233063750,1.127850000000,-0.854150528344,0.520025840636
2024-01-06T05:20:00Z,fourier-demo,-0.475893291001,1.128000000000,-0.853351227898,0.521336438248
2024-01-06T05:21:00Z,fourier-demo,-0.718517607941,1.128150000000,-0.852549916489,0.522645807306
2024-01-06T05:22:00Z,fourier-demo,-0.929479067730,1.128300000000,-0.851746596006,0.523953944725
2024-01-06T05:23:00Z,fourier-demo,-1.102381408843,1.128450000000,-0.850941268341,0.525260847421
2024-01-06T05:24:00Z,fourier-demo,-1.232285222539,1.128600000000,-0.850133935393,0.526566512316
2024-01-06T05:25:00Z,fourier-demo,-1.315874542144,1.128750000000,-0.849324599065,0.527870936331
2024-01-06T05:26:00Z,fourier-demo,-1.351557751952,1.128900000000,-0.848513261263,0.529174116394
2024-01-06T05:27:00Z,fourier-demo,-1.339499395567,1.129050000000,-0.847699923899,0.530476049433
2024-01-06T05:28:00Z,fourier-demo,-1.281582271925,1.129200000000,-0.846884588890,0.531776732380
2024-01-06T05:29:00Z,fourier-demo,-1.181302027546,1.129350000000,-0.846067258158,0.533076162170
2024-01-06T05:30:00Z,fourier-demo,-1.043599170647,1.129500000000,-0.845247933628,0.534374335740
2024-01-06T05:31:00Z,fourier-demo,-0.874635936402,1.129650000000,-0.844426617231,0.535671250033
2024-01-06T05:32:00Z,fourier-demo,-0.681527621294,1.129800000000,-0.843603310903,0.536966901990
2024-01-06T05:33:00Z,fourier-demo,-0.472039789722,1.129950000000,-0.842778016584,0.538261288560
2024-01-06T05:34:00Z,fourier-demo,-0.254264066299,1.130100000000,-0.841950736219,0.539554406692
2024-01-06T05:35:00Z,fourier-demo,-0.036286010391,1.130250000000,-0.841121471757,0.540846253338
2024-01-06T05:36:00Z,fourier-demo,0.174141204950,1.130400000000,-0.840290225152,0.542136825454
2024-01-06T05:37:00Z,fourier-demo,0.369903926779,1.130550000000,-0.839456998364,0.543426119999
2024-01-06T05:38:00Z,fourier-demo,0.544803474415,1.130700000000,-0.838621793356,0.544714133935
2024-01-06T05:39:00Z,fourier-demo,0.693788815038,1.130850000000,-0.837784612096,0.546000864226
2024-01-06T05:40:00Z,fourier-demo,0.813137219005,1.131000000000,-0.836945456556,0.547286307841
2024-01-06T05:41:00Z,fourier-demo,0.900575876537,1.131150000000,-0.836104328715,0.548570461749
2024-01-06T05:42:00Z,fourier-demo,0.955339964017,1.131300000000,-0.835261230555,0.549853322925
2024-01-06T05:43:00Z,fourier-demo,0.978165331791,1.131450000000,-0.834416164062,0.551134888346
2024-01-06T05:44:00Z,fourier-demo,0.971216734522,1.131600000000,-0.833569131228,0.552415154991
2024-01-06T05:45:00Z,fourier-demo,0.937955226020,1.131750000000,-0.832720134049,0.553694119844
2024-01-06T05:46:00Z,fourier-demo,0.882950881242,1.131900000000,-0.831869174525,0.554971779890
2024-01-06T05:47:00Z,fourier-demo,0.811649283810,1.132050000000,-0.831016254663,0.556248132119
2024-01-06T05:48:00Z,fourier-demo,0.730102134094,1.132200000000,-0.830161376471,0.557523173523
2024-01-06T05:49:00Z,fourier-demo,0.644673811583,1.132350000000,-0.829304541965,0.558796901098
2024-01-06T05:50:00Z,fourier-demo,0.561736705197,1.132500000000,-0.828445753163,0.560069311841
2024-01-06T05:51:00Z,fourier-demo,0.487368566165,1.132650000000,-0.827585012090,0.561340402754
2024-01-06T05:52:00Z,fourier-demo,0.427065022469,1.132800000000,-0.826722320773,0.562610170842
2024-01-06T05:53:00Z,fourier-demo,0.385479726618,1.132950000000,-0.825857681247,0.563878613113
2024-01-06T05:54:00Z,fourier-demo,0.366203418031,1.133100000000,-0.824991095547,0.565145726577
2024-01-06T05:55:00Z,fourier-demo,0.371591517000,1.133250000000,-0.824122565717,0.566411508248
2024-01-06T05:56:00Z,fourier-demo,0.402647798656,1.133400000000,-0.823252093803,0.567675955144
2024-01-06T05:57:00Z,fourier-demo,0.458969308443,1.133550000000,-0.822379681857,0.568939064284
2024-01-06T05:58:00Z,fourier-demo,0.538755074745,1.133700000000,-0.821505331934,0.570200832693
2024-01-06T05:59:00Z,fourier-demo,0.638878457775,1.133850000000,-0.820629046095,0.571461257396
2024-01-06T06:00:00Z,fourier-demo,0.755020259757,1.134000000000,-0.819750826405,0.572720335424
2024-01-06T06:01:00Z,fourier-demo,0.881857122707,1.134150000000,-0.818870674933,0.573978063810
2024-01-06T06:02:00Z,fourier-demo,1.013297365161,1.134300000000,-0.817988593754,0.575234439589
2024-01-06T06:03:00Z,fourier-demo,1.142754357167,1.134450000000,-0.817104584945,0.576489459801
2024-01-06T06:04:00Z,fourier-demo,1.263445889665,1.134600000000,-0.816218650592,0.577743121488
2024-01-06T06:05:00Z,fourier-demo,1.368706829184,1.134750000000,-0.815330792780,0.578995421696
2024-01-06T06:06:00Z,fourier-demo,1.452301711149,1.134900000000,-0.814441013603,0.580246357474
2024-01-06T06:07:00Z,fourier-demo,1.508723842602,1.135050000000,-0.813549315157,0.581495925874
2024-01-06T06:08:00Z,fourier-demo,1.533467962934,1.135200000000,-0.812655699543,0.582744123951
2024-01-06T06:09:00Z,fourier-demo,1.523264530844,1.135350000000,-0.811760168868,0.583990948765
2024-01-06T06:10:00Z,fourier-demo,1.476265226750,1.135500000000,-0.810862725242,0.585236397376
2024-01-06T06:11:00Z,fourier-demo,1.392171220804,1.135650000000,-0.809963370779,0.586480466849
2024-01-06T06:12:00Z,fourier-demo,1.272298077991,1.135800000000,-0.809062107600,0.587723154254
2024-01-06T06:13:00Z,fourier-demo,1.119573758839,1.135950000000,-0.808158937827,0.588964456661
2024-01-06T06:14:00Z,fourier-demo,0.938468921342,1.136100000000,-0.807253863589,0.590204371146
2024-01-06T06:15:00Z,fourier-demo,0.734861524199,1.136250000000,-0.806346887020,0.591442894786
2024-01-06T06:16:00Z,fourier-demo,0.515840458691,1.136400000000,-0.805438010256,0.592680024663
2024-01-06T06:17:00Z,fourier-demo,0.289455484108,1.136550000000,-0.804527235439,0.593915757862
2024-01-06T06:18:00Z,fourier-demo,0.064423004573,1.136700000000,-0.803614564716,0.595150091470
2024-01-06T06:19:00Z,fourier-demo,-0.150200890471,1.136850000000,-0.802700000237,0.596383022579
2024-01-06T06:20:00Z,fourier-demo,-0.345367272282,1.137000000000,-0.801783544157,0.597614548282
2024-01-06T06:21:00Z,fourier-demo,-0.512387344763,1.137150000000,-0.800865198637,0.598844665679
2024-01-06T06:22:00Z,fourier-demo,-0.643277426756,1.137300000000,-0.799944965840,0.600073371870
2024-01-06T06:23:00Z,fourier-demo,-0.731082046161,1.137450000000,-0.799022847934,0.601300663960
2024-01-06T06:24:00Z,fourier-demo,-0.770162029432,1.137600000000,-0.798098847094,0.602526539057
2024-01-06T06:25:00Z,fourier-demo,-0.756435787061,1.137750000000,-0.797172965496,0.603750994271
2024-01-06T06:26:00Z,fourier-demo,-0.687563795769,1.137900000000,-0.796245205322,0.604974026717
2024-01-06T06:27:00Z,fourier-demo,-0.563068489480,1.138050000000,-0.795315568758,0.606195633513
2024-01-06T06:28:00Z,fourier-demo,-0.384384305352,1.138200000000,-0.794384057996,0.607415811781
2024-01-06T06:29:00Z,fourier-demo,-0.154835386080,1.138350000000,-0.793450675230,0.608634558644
2024-01-06T06:30:00Z,fourier-demo,0.120458695410,1.138500000000,-0.792515422661,0.609851871232
2024-01-06T06:31:00Z,fourier-demo,0.434745963697,1.138650000000,-0.791578302491,0.611067746675
2024-01-06T06:32:00Z,fourier-demo,0.779867858146,1.138800000000,-0.790639316929,0.612282182107
2024-01-06T06:33:00Z,fourier-demo,1.146539371199,1.138950000000,-0.789698468188,0.613495174668
2024-01-06T06:34:00Z,fourier-demo,1.524672867186,1.139100000000,-0.788755758486,0.614706721498
2024-01-06T06:35:00Z,fourier-demo,1.903733190856,1.139250000000,-0.787811190043,0.615916819743
2024-01-06T06:36:00Z,fourier-demo,2.273110417185,1.139400000000,-0.786864765086,0.617125466551
2024-01-06T06:37:00Z,fourier-demo,2.622495880290,1.139550000000,-0.785916485845,0.618332659073
2024-01-06T06:38:00Z,fourier-demo,2.942246978391,1.139700000000,-0.784966354555,0.619538394465
2024-01-06T06:39:00Z,fourier-demo,3.223726689851,1.139850000000,-0.784014373454,0.620742669886
2024-01-06T06:40:00Z,fourier-demo,3.459604734652,1.140000000000,-0.783060544787,0.621945482497
2024-01-06T06:41:00Z,fourier-demo,3.644108836162,1.140150000000,-0.782104870800,0.623146829464
2024-01-06T06:42:00Z,fourier-demo,3.773216518245,1.140300000000,-0.781147353746,0.624346707957
2024-01-06T06:43:00Z,fourier-demo,3.844780232797,1.140450000000,-0.780187995881,0.625545115146
2024-01-06T06:44:00Z,fourier-demo,3.858581257290,1.140600000000,-0.779226799466,0.626742048209
2024-01-06T06:45:00Z,fourier-demo,3.816310624207,1.140750000000,-0.778263766767,0.627937504325
2024-01-06T06:46:00Z,fourier-demo,3.721478230342,1.140900000000,-0.777298900052,0.629131480676
2024-01-06T06:47:00Z,fourier-demo,3.579254107571,1.141050000000,-0.776332201595,0.630323974450
2024-01-06T06:48:00Z,fourier-demo,3.396248503642,1.141200000000,-0.775363673675,0.631514982835
2024-01-06T06:49:00Z,fourier-demo,3.180239814549,1.141350000000,-0.774393318574,0.632704503025
2024-01-06T06:50:00Z,fourier-demo,2.939861433176,1.141500000000,-0.773421138579,0.633892532217
2024-01-06T06:51:00Z,fourier-demo,2.684260151136,1.141650000000,-0.772447135979,0.635079067611
2024-01-06T06:52:00Z,fourier-demo,2.422739809714,1.141800000000,-0.771471313072,0.636264106411
2024-01-06T06:53:00Z,fourier-demo,2.164404399976,1.141950000000,-0.770493672156,0.637447645825
2024-01-06T06:54:00Z,fourier-demo,1.917814742427,1.142100000000,-0.769514215535,0.638629683063
2024-01-06T06:55:00Z,fourier-demo,1.690672237643,1.142250000000,-0.768532945518,0.639810215341
2024-01-06T06:56:00Z,fourier-demo,1.489541998489,1.142400000000,-0.767549864416,0.640989239875
2024-01-06T06:57:00Z,fourier-demo,1.319626001480,1.142550000000,-0.766564974547,0.642166753888
2024-01-06T06:58:00Z,fourier-demo,1.184594799048,1.142700000000,-0.765578278231,0.643342754604
2024-01-06T06:59:00Z,fourier-demo,1.086483902424,1.142850000000,-0.764589777793,0.644517239253
2024-01-06T07:00:00Z,fourier-demo,1.025658276730,1.143000000000,-0.763599475564,0.645690205066
2024-01-06T07:01:00Z,fourier-demo,1.000845595091,1.143150000000,-0.762607373876,0.646861649280
2024-01-06T07:02:00Z,fourier-demo,1.009236091654,1.143300000000,-0.761613475068,0.648031569134
2024-01-06T07:03:00Z,fourier-demo,1.046644148908,1.143450000000,-0.760617781482,0.649199961871
2024-01-06T07:04:00Z,fourier-demo,1.107724262941,1.143600000000,-0.759620295464,0.650366824737
2024-01-06T07:05:00Z,fourier-demo,1.186231852539,1.143750000000,-0.758621019365,0.651532154983
2024-01-06T07:06:00Z,fourier-demo,1.275317602374,1.143900000000,-0.757619955540,0.652695949863
2024-01-06T07:07:00Z,fourier-demo,1.367842728728,1.144050000000,-0.756617106347,0.653858206634
2024-01-06T07:08:00Z,fourier-demo,1.456701779918,1.144200000000,-0.755612474150,0.655018922558
2024-01-06T07:09:00Z,fourier-demo,1.535139363288,1.144350000000,-0.754606061317,0.656178094898
2024-01-06T07:10:00Z,fourier-demo,1.597047533595,1.144500000000,-0.753597870219,0.657335720923
2024-01-06T07:11:00Z,fourier-demo,1.637231468046,1.144650000000,-0.752587903232,0.658491797906
2024-01-06T07:12:00Z,fourier-demo,1.651632452853,1.144800000000,-0.751576162736,0.659646323121
2024-01-06T07:13:00Z,fourier-demo,1.637499055856,1.144950000000,-0.750562651115,0.660799293849
2024-01-06T07:14:00Z,fourier-demo,1.593499581771,1.145100000000,-0.749547370758,0.661950707372
2024-01-06T07:15:00Z,fourier-demo,1.519771408358,1.145250000000,-0.748530324056,0.663100560977
2024-01-06T07:16:00Z,fourier-demo,1.417905478799,1.145400000000,-0.747511513408,0.664248851954
2024-01-06T07:17:00Z,fourier-demo,1.290866966794,1.145550000000,-0.746490941214,0.665395577597
2024-01-06T07:18:00Z,fourier-demo,1.142855822358,1.145700000000,-0.745468609878,0.666540735204
2024-01-06T07:19:00Z,fourier-demo,0.979113436475,1.145850000000,-0.744444521810,0.667684322077
2024-01-06T07:20:00Z,fourier-demo,0.805683926904,1.146000000000,-0.743418679424,0.668826335519
2024-01-06T07:21:00Z,fourier-demo,0.629140451623,1.146150000000,-0.742391085136,0.669966772841
2024-01-06T07:22:00Z,fourier-demo,0.456288422068,1.146300000000,-0.741361741368,0.671105631354
2024-01-06T07:23:00Z,fourier-demo,0.293858454719,1.146450000000,-0.740330650547,0.672242908375
2024-01-06T07:24:00Z,fourier-demo,0.148202326923,1.146600000000,-0.739297815101,0.673378601224
2024-01-06T07:25:00Z,fourier-demo,0.025005073424,1.146750000000,-0.738263237465,0.674512707224
2024-01-06T07:26:00Z,fourier-demo,-0.070974320522,1.146900000000,-0.737226920077,0.675645223704
2024-01-06T07:27:00Z,fourier-demo,-0.136122377207,1.147050000000,-0.736188865379,0.676776147993
2024-01-06T07:28:00Z,fourier-demo,-0.168141160090,1.147200000000,-0.735149075817,0.677905477427
2024-01-06T07:29:00Z,fourier-demo,-0.166161387554,1.147350000000,-0.734107553841,0.679033209345
2024-01-06T07:30:00Z,fourier-demo,-0.130793528830,1.147500000000,-0.733064301906,0.680159341090
2024-01-06T07:31:00Z,fourier-demo,-0.064114399460,1.147650000000,-0.732019322470,0.681283870006
2024-01-06T07:32:00Z,fourier-demo,0.030410501716,1.147800000000,-0.730972617996,0.682406793445
2024-01-06T07:33:00Z,fourier-demo,0.148065951199,1.147950000000,-0.729924190951,0.683528108760
2024-01-06T07:34:00Z,fourier-demo,0.283081688303,1.148100000000,-0.728874043805,0.684647813308
2024-01-06T07:35:00Z,fourier-demo,0.428874886033,1.148250000000,-0.727822179032,0.685765904452
2024-01-06T07:36:00Z,fourier-demo,0.578330405778,1.148400000000,-0.726768599112,0.686882379556
2024-01-06T07:37:00Z,fourier-demo,0.724107192556,1.148550000000,-0.725713306528,0.687997235989
2024-01-06T07:38:00Z,fourier-demo,0.858958003441,1.148700000000,-0.724656303766,0.689110471124
2024-01-06T07:39:00Z,fourier-demo,0.976049026728,1.148850000000,-0.723597593317,0.690222082337
2024-01-06T07:40:00Z,fourier-demo,1.069265871028,1.149000000000,-0.722537177676,0.691332067010
2024-01-06T07:41:00Z,fourier-demo,1.133492886672,1.149150000000,-0.721475059342,0.692440422526
2024-01-06T07:42:00Z,fourier-demo,1.164853808120,1.149300000000,-0.720411240818,0.693547146273
2024-01-06T07:43:00Z,fourier-demo,1.160903234872,1.149450000000,-0.719345724610,0.694652235644
2024-01-06T07:44:00Z,fourier-demo,1.120760438031,1.149600000000,-0.718278513231,0.695755688033
2024-01-06T07:45:00Z,fourier-demo,1.045179310561,1.149750000000,-0.717209609194,0.696857500842
2024-01-06T07:46:00Z,fourier-demo,0.936550876416,1.149900000000,-0.716139015019,0.697957671473
2024-01-06T07:47:00Z,fourier-demo,0.798837531360,1.150050000000,-0.715066733228,0.699056197333
2024-01-06T07:48:00Z,fourier-demo,0.637440993566,1.150200000000,-0.713992766349,0.700153075835
2024-01-06T07:49:00Z,fourier-demo,0.459008680067,1.150350000000,-0.712917116912,0.701248304393
2024-01-06T07:50:00Z,fourier-demo,0.271185783338,1.150500000000,-0.711839787452,0.702341880426
2024-01-06T07:51:00Z,fourier-demo,0.082322595511,1.150650000000,-0.710760780508,0.703433801357
2024-01-06T07:52:00Z,fourier-demo,-0.098851478185,1.150800000000,-0.709680098623,0.704524064613
2024-01-06T07:53:00Z,fourier-demo,-0.263574338522,1.150950000000,-0.708597744343,0.705612667625
2024-01-06T07:54:00Z,fourier-demo,-0.403404246803,1.151100000000,-0.707513720219,0.706699607827
2024-01-06T07:55:00Z,fourier-demo,-0.510565355504,1.151250000000,-0.706428028805,0.707784882658
2024-01-06T07:56:00Z,fourier-demo,-0.578271766679,1.151400000000,-0.705340672660,0.708868489560
2024-01-06T07:57:00Z,fourier-demo,-0.601016946971,1.151550000000,-0.704251654346,0.709950425981
2024-01-06T07:58:00Z,fourier-demo,-0.574816641463,1.151700000000,-0.703160976431,0.711030689369
2024-01-06T07:59:00Z,fourier-demo,-0.497395226376,1.151850000000,-0.702068641483,0.712109277181
2024-01-06T08:00:00Z,fourier-demo,-0.368307650968,1.152000000000,-0.700974652077,0.713186186873
2024-01-06T08:01:00Z,fourier-demo,-0.188991653429,1.152150000000,-0.699879010791,0.714261415908
2024-01-06T08:02:00Z,fourier-demo,0.037252307898,1.152300000000,-0.698781720207,0.715334961752
2024-01-06T08:03:00Z,fourier-demo,0.305353098966,1.152450000000,-0.697682782911,0.716406821875
2024-01-06T08:04:00Z,fourier-demo,0.608629758180,1.152600000000,-0.696582201493,0.717476993752
2024-01-06T08:05:00Z,fourier-demo,0.939015233569,1.152750000000,-0.695479978545,0.718545474861
2024-01-06T08:06:00Z,fourier-demo,1.287334582818,1.152900000000,-0.694376116666,0.719612262683
2024-01-06T08:07:00Z,fourier-demo,1.643627031328,1.153050000000,-0.693270618457,0.720677354705
2024-01-06T08:08:00Z,fourier-demo,1.997499525860,1.153200000000,-0.692163486523,0.721740748416
2024-01-06T08:09:00Z,fourier-demo,2.338498155923,1.153350000000,-0.691054723473,0.722802441311
2024-01-06T08:10:00Z,fourier-demo,2.656483093218,1.153500000000,-0.689944331920,0.723862430888
2024-01-06T08:11:00Z,fourier-demo,2.941992550392,1.153650000000,-0.688832314480,0.724920714649
2024-01-06T08:12:00Z,fourier-demo,3.186581690250,1.153800000000,-0.687718673775,0.725977290100
2024-01-06T08:13:00Z,fourier-demo,3.383123407976,1.153950000000,-0.686603412428,0.727032154752
2024-01-06T08:14:00Z,fourier-demo,3.526059421879,1.154100000000,-0.685486533067,0.728085306117
2024-01-06T08:15:00Z,fourier-demo,3.611592081363,1.154250000000,-0.684368038325,0.729136741715
2024-01-06T08:16:00Z,fourier-demo,3.637809654582,1.154400000000,-0.683247930837,0.730186459068
2024-01-06T08:17:00Z,fourier-demo,3.604740497295,1.154550000000,-0.682126213243,0.731234455702
2024-01-06T08:18:00Z,fourier-demo,3.514334322219,1.154700000000,-0.681002888187,0.732280729148
2024-01-06T08:19:00Z,fourier-demo,3.370371670881,1.154850000000,-0.679877958315,0.733325276939
2024-01-06T08:20:00Z,fourier-demo,3.178305521271,1.155000000000,-0.678751426279,0.734368096614
2024-01-06T08:21:00Z,fourier-demo,2.945041630426,1.155150000000,-0.677623294732,0.735409185717
2024-01-06T08:22:00Z,fourier-demo,2.678666604249,1.155300000000,-0.676493566334,0.736448541792
2024-01-06T08:23:00Z,fourier-demo,2.388134711267,1.155450000000,-0.675362243748,0.737486162392
2024-01-06T08:24:00Z,fourier-demo,2.082926031878,1.155600000000,-0.674229329638,0.738522045071
2024-01-06T08:25:00Z,fourier-demo,1.772689597325,1.155750000000,-0.673094826674,0.739556187388
2024-01-06T08:26:00Z,fourier-demo,1.466885681596,1.155900000000,-0.671958737531,0.740588586906
2024-01-06T08:27:00Z,fourier-demo,1.174441345658,1.156050000000,-0.670821064886,0.741619241191
2024-01-06T08:28:00Z,fourier-demo,0.903432701183,1.156200000000,-0.669681811419,0.742648147816
2024-01-06T08:29:00Z,fourier-demo,0.660806187685,1.156350000000,-0.668540979815,0.743675304356
2024-01-06T08:30:00Z,fourier-demo,0.452149492075,1.156500000000,-0.667398572762,0.744700708389
2024-01-06T08:31:00Z,fourier-demo,0.281520652510,1.156650000000,-0.666254592954,0.745724357500
2024-01-06T08:32:00Z,fourier-demo,0.151341465320,1.156800000000,-0.665109043084,0.746746249276
2024-01-06T08:33:00Z,fourier-demo,0.062358654773,1.156950000000,-0.663961925854,0.747766381309
2024-01-06T08:34:00Z,fourier-demo,0.013673479699,1.157100000000,-0.662813243966,0.748784751195
2024-01-06T08:35:00Z,fourier-demo,0.002837652884,1.157250000000,-0.661663000128,0.749801356535
2024-01-06T08:36:00Z,fourier-demo,0.026010753058,1.157400000000,-0.660511197049,0.750816194932
2024-01-06T08:37:00Z,fourier-demo,0.078171825368,1.157550000000,-0.659357837444,0.751829263996
2024-01-06T08:38:00Z,fourier-demo,0.153375695521,1.157700000000,-0.658202924032,0.752840561338
2024-01-06T08:39:00Z,fourier-demo,0.245042753354,1.157850000000,-0.657046459533,0.753850084576
2024-01-06T08:40:00Z,fourier-demo,0.346269664804,1.158000000000,-0.655888446673,0.754857831330
2024-01-06T08:41:00Z,fourier-demo,0.450147699012,1.158150000000,-0.654728888181,0.755863799227
2024-01-06T08:42:00Z,fourier-demo,0.550075139591,1.158300000000,-0.653567786789,0.756867985894
2024-01-06T08:43:00Z,fourier-demo,0.640050593432,1.158450000000,-0.652405145234,0.757870388966
2024-01-06T08:44:00Z,fourier-demo,0.714934900749,1.158600000000,-0.651240966255,0.758871006081
2024-01-06T08:45:00Z,fourier-demo,0.770670748188,1.158750000000,-0.650075252596,0.759869834881
2024-01-06T08:46:00Z,fourier-demo,0.804450933548,1.158900000000,-0.648908007005,0.760866873011
2024-01-06T08:47:00Z,fourier-demo,0.814828448335,1.159050000000,-0.647739232230,0.761862118122
2024-01-06T08:48:00Z,fourier-demo,0.801764040344,1.159200000000,-0.646568931028,0.762855567870
2024-01-06T08:49:00Z,fourier-demo,0.766609588492,1.159350000000,-0.645397106155,0.763847219912
2024-01-06T08:50:00Z,fourier-demo,0.712028355072,1.159500000000,-0.644223760373,0.764837071912
2024-01-06T08:51:00Z,fourier-demo,0.641855862808,1.159650000000,-0.643048896448,0.765825121537
2024-01-06T08:52:00Z,fourier-demo,0.560907664041,1.159800000000,-0.641872517148,0.766811366459
2024-01-06T08:53:00Z,fourier-demo,0.474742522450,1.159950000000,-0.640694625244,0.767795804354
2024-01-06T08:54:00Z,fourier-demo,0.389391420367,1.160100000000,-0.639515223514,0.768778432901
2024-01-06T08:55:00Z,fourier-demo,0.311064258308,1.160250000000,-0.638334314735,0.769759249786
2024-01-06T08:56:00Z,fourier-demo,0.245847067563,1.160400000000,-0.637151901692,0.770738252697
2024-01-06T08:57:00Z,fourier-demo,0.199402971689,1.160550000000,-0.635967987169,0.771715439327
2024-01-06T08:58:00Z,fourier-demo,0.176689991334,1.160700000000,-0.634782573959,0.772690807373
2024-01-06T08:59:00Z,fourier-demo,0.181708094487,1.160850000000,-0.633595664853,0.773664354536
2024-01-06T09:00:00Z,fourier-demo,0.217286679597,1.161000000000,-0.632407262649,0.774636078523
2024-01-06T09:01:00Z,fourier-demo,0.284921992048,1.161150000000,-0.631217370147,0.775605977043
2024-01-06T09:02:00Z,fourier-demo,0.384671885014,1.161300000000,-0.630025990152,0.776574047811
2024-01-06T09:03:00Z,fourier-demo,0.515112930050,1.161450000000,-0.628833125470,0.777540288545
2024-01-06T09:04:00Z,fourier-demo,0.673362260622,1.161600000000,-0.627638778914,0.778504696969
2024-01-06T09:05:00Z,fourier-demo,0.855163801619,1.161750000000,-0.626442953297,0.779467270810
2024-01-06T09:06:00Z,fourier-demo,1.055035813178,1.161900000000,-0.625245651438,0.780428007800
2024-01-06T09:07:00Z,fourier-demo,1.266474070803,1.162050000000,-0.624046876158,0.781386905673
2024-01-06T09:08:00Z,fourier-demo,1.482202624528,1.162200000000,-0.622846630281,0.782343962172
2024-01-06T09:09:00Z,fourier-demo,1.694462026682,1.162350000000,-0.621644916638,0.783299175040
2024-01-06T09:10:00Z,fourier-demo,1.895323276892,1.162500000000,-0.620441738058,0.784252542027
2024-01-06T09:11:00Z,fourier-demo,2.077014573240,1.162650000000,-0.619237097379,0.785204060885
2024-01-06T09:12:00Z,fourier-demo,2.232247329371,1.162800000000,-0.618030997437,0.786153729373
2024-01-06T09:13:00Z,fourier-demo,2.354527846562,1.162950000000,-0.616823441077,0.787101545252
2024-01-06T09:14:00Z,fourier-demo,2.438441521837,1.163100000000,-0.615614431143,0.788047506289
2024-01-06T09:15:00Z,fourier-demo,2.479897509796,1.163250000000,-0.614403970484,0.788991610255
2024-01-06T09:16:00Z,fourier-demo,2.476323295961,1.163400000000,-0.613192061953,0.789933854925
2024-01-06T09:17:00Z,fourier-demo,2.426800621463,1.163550000000,-0.611978708407,0.790874238079
2024-01-06T09:18:00Z,fourier-demo,2.332136542829,1.163700000000,-0.610763912703,0.791812757500
2024-01-06T09:19:00Z,fourier-demo,2.194866021495,1.163850000000,-0.609547677705,0.792749410977
2024-01-06T09:20:00Z,fourier-demo,2.019185209309,1.164000000000,-0.608330006280,0.793684196302
2024-01-06T09:21:00Z,fourier-demo,1.810817415739,1.164150000000,-0.607110901296,0.794617111273
2024-01-06T09:22:00Z,fourier-demo,1.576816494572,1.164300000000,-0.605890365626,0.795548153691
2024-01-06T09:23:00Z,fourier-demo,1.325314959941,1.164450000000,-0.604668402147,0.796477321362
2024-01-06T09:24:00Z,fourier-demo,1.065226427928,1.164600000000,-0.603445013739,0.797404612097
2024-01-06T09:25:00Z,fourier-demo,0.805913886738,1.164750000000,-0.602220203284,0.798330023710
2024-01-06T09:26:00Z,fourier-demo,0.556836746671,1.164900000000,-0.600993973668,0.799253554021
2024-01-06T09:27:00Z,fourier-demo,0.327190550552,1.165050000000,-0.599766327782,0.800175200853
2024-01-06T09:28:00Z,fourier-demo,0.125553596780,1.165200000000,-0.598537268517,0.801094962034
2024-01-06T09:29:00Z,fourier-demo,-0.040445475903,1.165350000000,-0.597306798772,0.802012835397
2024-01-06T09:30:00Z,fourier-demo,-0.164425863674,1.165500000000,-0.596074921445,0.802928818778
2024-01-06T09:31:00Z,fourier-demo,-0.241506563269,1.165650000000,-0.594841639439,0.803842910020
2024-01-06T09:32:00Z,fourier-demo,-0.268501953047,1.165800000000,-0.593606955660,0.804755106968
2024-01-06T09:33:00Z,fourier-demo,-0.244053023490,1.165950000000,-0.592370873019,0.805665407473
2024-01-06T09:34:00Z,fourier-demo,-0.168688825951,1.166100000000,-0.591133394428,0.806573809389
2024-01-06T09:35:00Z,fourier-demo,-0.044815467055,1.166250000000,-0.589894522803,0.807480310576
2024-01-06T09:36:00Z,fourier-demo,0.123367152441,1.166400000000,-0.588654261063,0.808384908897
2024-01-06T09:37:00Z,fourier-demo,0.330017787260,1.166550000000,-0.587412612132,0.809287602221
2024-01-06T09:38:00Z,fourier-demo,0.567869669077,1.166700000000,-0.586169578935,0.810188388420
2024-01-06T09:39:00Z,fourier-demo,0.828501363579,1.166850000000,-0.584925164402,0.811087265372
2024-01-06T09:40:00Z,fourier-demo,1.102652138809,1.167000000000,-0.583679371466,0.811984230959
2024-01-06T09:41:00Z,fourier-demo,1.380569552332,1.167150000000,-0.582432203061,0.812879283066
2024-01-06T09:42:00Z,fourier-demo,1.652375688093,1.167300000000,-0.581183662127,0.813772419585
2024-01-06T09:43:00Z,fourier-demo,1.908437739860,1.167450000000,-0.579933751606,0.814663638410
2024-01-06T09:44:00Z,fourier-demo,2.139728476609,1.167600000000,-0.578682474444,0.815552937443
2024-01-06T09:45:00Z,fourier-demo,2.338162542210,1.167750000000,-0.577429833589,0.816440314586
2024-01-06T09:46:00Z,fourier-demo,2.496895520350,1.167900000000,-0.576175831994,0.817325767749
2024-01-06T09:47:00Z,fourier-demo,2.610574195743,1.168050000000,-0.574920472613,0.818209294845
2024-01-06T09:48:00Z,fourier-demo,2.675528403520,1.168200000000,-0.573663758405,0.819090893792
2024-01-06T09:49:00Z,fourier-demo,2.689897200497,1.168350000000,-0.572405692331,0.819970562513
2024-01-06T09:50:00Z,fourier-demo,2.653684719960,1.168500000000,-0.571146277355,0.820848298934
2024-01-06T09:51:00Z,fourier-demo,2.568743879105,1.168650000000,-0.569885516447,0.821724100988
2024-01-06T09:52:00Z,fourier-demo,2.438688981746,1.168800000000,-0.568623412577,0.822597966609
2024-01-06T09:53:00Z,fourier-demo,2.268741082189,1.168950000000,-0.567359968718,0.823469893740
2024-01-06T09:54:00Z,fourier-demo,2.065512635267,1.169100000000,-0.566095187849,0.824339880325
2024-01-06T09:55:00Z,fourier-demo,1.836740345303,1.169250000000,-0.564829072950,0.825207924314
2024-01-06T09:56:00Z,fourier-demo,1.590977147331,1.169400000000,-0.563561627004,0.826074023662
2024-01-06T09:57:00Z,fourier-demo,1.337255826256,1.169550000000,-0.562292852999,0.826938176327
2024-01-06T09:58:00Z,fourier-demo,1.084737841443,1.169700000000,-0.561022753924,0.827800380273
2024-01-06T09:59:00Z,fourier-demo,0.842361433697,1.169850000000,-0.559751332772,0.828660633468
2024-01-06T10:00:00Z,fourier-demo,0.618503029796,1.170000000000,-0.558478592540,0.829518933885
2024-01-06T10:01:00Z,fourier-demo,0.420665330873,1.170150000000,-0.557204536227,0.830375279502
2024-01-06T10:02:00Z,fourier-demo,0.255204302250,1.170300000000,-0.555929166834,0.831229668300
2024-01-06T10:03:00Z,fourier-demo,0.127105623326,1.170450000000,-0.554652487369,0.832082098266
2024-01-06T10:04:00Z,fourier-demo,0.039819075716,1.170600000000,-0.553374500838,0.832932567392
2024-01-06T10:05:00Z,fourier-demo,-0.004843067471,1.170750000000,-0.552095210255,0.833781073672
2024-01-06T10:06:00Z,fourier-demo,-0.006740238922,1.170900000000,-0.550814618633,0.834627615108
2024-01-06T10:07:00Z,fourier-demo,0.032630274563,1.171050000000,-0.549532728990,0.835472189704
2024-01-06T10:08:00Z,fourier-demo,0.110233079533,1.171200000000,-0.548249544347,0.836314795471
2024-01-06T10:09:00Z,fourier-demo,0.221655479402,1.171350000000,-0.546965067729,0.837155430422
2024-01-06T10:10:00Z,fourier-demo,0.361322019915,1.171500000000,-0.545679302161,0.837994092576
2024-01-06T10:11:00Z,fourier-demo,0.522753301098,1.171650000000,-0.544392250674,0.838830779959
2024-01-06T10:12:00Z,fourier-demo,0.698857819857,1.171800000000,-0.543103916301,0.839665490596
2024-01-06T10:13:00Z,fourier-demo,0.882244319024,1.171950000000,-0.541814302078,0.840498222522
2024-01-06T10:14:00Z,fourier-demo,1.065541354238,1.172100000000,-0.540523411044,0.841328973775
2024-01-06T10:15:00Z,fourier-demo,1.241710579304,1.172250000000,-0.539231246241,0.842157742396
2024-01-06T10:16:00Z,fourier-demo,1.404340601002,1.172400000000,-0.537937810715,0.842984526432
2024-01-06T10:17:00Z,fourier-demo,1.547909149637,1.172550000000,-0.536643107512,0.843809323935
2024-01-06T10:18:00Z,fourier-demo,1.668002713537,1.172700000000,-0.535347139684,0.844632132962
2024-01-06T10:19:00Z,fourier-demo,1.761484635049,1.172850000000,-0.534049910286,0.845452951573
2024-01-06T10:20:00Z,fourier-demo,1.826604884675,1.173000000000,-0.532751422373,0.846271777835
2024-01-06T10:21:00Z,fourier-demo,1.863047226069,1.173150000000,-0.531451679007,0.847088609817
2024-01-06T10:22:00Z,fourier-demo,1.871912153607,1.173300000000,-0.530150683249,0.847903445594
2024-01-06T10:23:00Z,fourier-demo,1.855636714874,1.173450000000,-0.528848438167,0.848716283247
2024-01-06T10:24:00Z,fourier-demo,1.817855009265,1.173600000000,-0.527544946828,0.849527120860
2024-01-06T10:25:00Z,fourier-demo,1.763205669379,1.173750000000,-0.526240212304,0.850335956522
2024-01-06T10:26:00Z,fourier-demo,1.697094879579,1.173900000000,-0.524934237671,0.851142788327
2024-01-06T10:27:00Z,fourier-demo,1.625425372576,1.174050000000,-0.523627026005,0.851947614374
2024-01-06T10:28:00Z,fourier-demo,1.554303291538,1.174200000000,-0.522318580388,0.852750432766
2024-01-06T10:29:00Z,fourier-demo,1.489735752094,1.174350000000,-0.521008903901,0.853551241611
2024-01-06T10:30:00Z,fourier-demo,1.437332345827,1.174500000000,-0.519697999633,0.854350039022
2024-01-06T10:31:00Z,fourier-demo,1.402023677466,1.174650000000,-0.518385870672,0.855146823117
2024-01-06T10:32:00Z,fourier-demo,1.387809327739,1.174800000000,-0.517072520110,0.855941592018
2024-01-06T10:33:00Z,fourier-demo,1.397546411326,1.174950000000,-0.515757951042,0.856734343853
2024-01-06T10:34:00Z,fourier-demo,1.432788204984,1.175100000000,-0.514442166566,0.857525076752
2024-01-06T10:35:00Z,fourier-demo,1.493680224428,1.175250000000,-0.513125169783,0.858313788853
2024-01-06T10:36:00Z,fourier-demo,1.578918716592,1.175400000000,-0.511806963796,0.859100478297
2024-01-06T10:37:00Z,fourier-demo,1.685773906201,1.175550000000,-0.510487551712,0.859885143230
2024-01-06T10:38:00Z,fourier-demo,1.810177600856,1.175700000000,-0.509166936640,0.860667781803
2024-01-06T10:39:00Z,fourier-demo,1.946872030536,1.175850000000,-0.507845121691,0.861448392171
2024-01-06T10:40:00Z,fourier-demo,2.089614188711,1.176000000000,-0.506522109982,0.862226972496
2024-01-06T10:41:00Z,fourier-demo,2.231427561753,1.176150000000,-0.505197904629,0.863003520942
2024-01-06T10:42:00Z,fourier-demo,2.364891080249,1.176300000000,-0.503872508754,0.863778035679
2024-01-06T10:43:00Z,fourier-demo,2.482453486179,1.176450000000,-0.502545925479,0.864550514883
2024-01-06T10:44:00Z,fourier-demo,2.576760152799,1.176600000000,-0.501218157931,0.865320956732
2024-01-06T10:45:00Z,fourier-demo,2.640978768819,1.176750000000,-0.499889209239,0.866089359412
2024-01-06T10:46:00Z,fourier-demo,2.669110232691,1.176900000000,-0.498559082534,0.866855721111
2024-01-06T10:47:00Z,fourier-demo,2.656271601078,1.177050000000,-0.497227780951,0.867620040024
2024-01-06T10:48:00Z,fourier-demo,2.598938979348,1.177200000000,-0.495895307627,0.868382314349
2024-01-06T10:49:00Z,fourier-demo,2.495139790149,1.177350000000,-0.494561665703,0.869142542289
2024-01-06T10:50:00Z,fourier-demo,2.344585847041,1.177500000000,-0.493226858320,0.869900722055
2024-01-06T10:51:00Z,fourier-demo,2.148741013534,1.177650000000,-0.491890888625,0.870656851858
2024-01-06T10:52:00Z,fourier-demo,1.910819848721,1.177800000000,-0.490553759766,0.871410929917
2024-01-06T10:53:00Z,fourier-demo,1.635716422498,1.177950000000,-0.489215474894,0.872162954455
2024-01-06T10:54:00Z,fourier-demo,1.329865313108,1.178100000000,-0.487876037163,0.872912923700
2024-01-06T10:55:00Z,fourier-demo,1.001039562000,1.178250000000,-0.486535449728,0.873660835884
2024-01-06T10:56:00Z,fourier-demo,0.658092942912,1.178400000000,-0.485193715750,0.874406689245
2024-01-06T10:57:00Z,fourier-demo,0.310656197884,1.178550000000,-0.483850838389,0.875150482026
2024-01-06T10:58:00Z,fourier-demo,-0.031201191603,1.178700000000,-0.482506820812,0.875892212473
2024-01-06T10:59:00Z,fourier-demo,-0.357330674079,1.178850000000,-0.481161666184,0.876631878838
2024-01-06T11:00:00Z,fourier-demo,-0.657871777519,1.179000000000,-0.479815377676,0.877369479379
2024-01-06T11:01:00Z,fourier-demo,-0.923612400909,1.179150000000,-0.478467958460,0.878105012357
2024-01-06T11:02:00Z,fourier-demo,-1.146328108735,1.179300000000,-0.477119411712,0.878838476040
2024-01-06T11:03:00Z,fourier-demo,-1.319087056891,1.179450000000,-0.475769740610,0.879569868697
2024-01-06T11:04:00Z,fourier-demo,-1.436508485539,1.179600000000,-0.474418948333,0.880299188607
2024-01-06T11:05:00Z,fourier-demo,-1.494964509013,1.179750000000,-0.473067038066,0.881026434050
2024-01-06T11:06:00Z,fourier-demo,-1.492717143280,1.179900000000,-0.471714012994,0.881751603313
2024-01-06T11:07:00Z,fourier-demo,-1.429985049265,1.180050000000,-0.470359876306,0.882474694686
2024-01-06T11:08:00Z,fourier-demo,-1.308937233500,1.180200000000,-0.469004631192,0.883195706466
2024-01-06T11:09:00Z,fourier-demo,-1.133613824913,1.180350000000,-0.467648280847,0.883914636954
2024-01-06T11:10:00Z,fourier-demo,-0.909776922346,1.180500000000,-0.466290828466,0.884631484455
2024-01-06T11:11:00Z,fourier-demo,-0.644697265597,1.180650000000,-0.464932277249,0.885346247279
2024-01-06T11:12:00Z,fourier-demo,-0.346885012393,1.180800000000,-0.463572630397,0.886058923744
2024-01-06T11:13:00Z,fourier-demo,-0.025775102726,1.180950000000,-0.462211891115,0.886769512169
2024-01-06T11:14:00Z,fourier-demo,0.308620528104,1.181100000000,-0.460850062608,0.887478010879
2024-01-06T11:15:00Z,fourier-demo,0.646080337060,1.181250000000,-0.459487148086,0.888184418206
2024-01-06T11:16:00Z,fourier-demo,0.976545864006,1.181400000000,-0.458123150761,0.888888732484
2024-01-06T11:17:00Z,fourier-demo,1.290485252844,1.181550000000,-0.456758073847,0.889590952054
2024-01-06T11:18:00Z,fourier-demo,1.579233534292,1.181700000000,-0.455391920561,0.890291075260
2024-01-06T11:19:00Z,fourier-demo,1.835296566611,1.181850000000,-0.454024694122,0.890989100454
2024-01-06T11:20:00Z,fourier-demo,2.052607017851,1.182000000000,-0.452656397753,0.891685025989
2024-01-06T11:21:00Z,fourier-demo,2.226722721531,1.182150000000,-0.451287034678,0.892378850227
2024-01-06T11:22:00Z,fourier-demo,2.354960067903,1.182300000000,-0.449916608123,0.893070571531
2024-01-06T11:23:00Z,fourier-demo,2.436457710151,1.182450000000,-0.448545121319,0.893760188273
2024-01-06T11:24:00Z,fourier-demo,2.472168662795,1.182600000000,-0.447172577496,0.894447698826
2024-01-06T11:25:00Z,fourier-demo,2.464781734765,1.182750000000,-0.445798979891,0.895133101571
2024-01-06T11:26:00Z,fourier-demo,2.418576056022,1.182900000000,-0.444424331739,0.895816394893
2024-01-06T11:27:00Z,fourier-demo,2.339215110329,1.183050000000,-0.443048636280,0.896497577180
2024-01-06T11:28:00Z,fourier-demo,2.233489070911,1.183200000000,-0.441671896756,0.897176646829
2024-01-06T11:29:00Z,fourier-demo,2.109016254210,1.183350000000,-0.440294116411,0.897853602239
2024-01-06T11:30:00Z,fourier-demo,1.973916079093,1.183500000000,-0.438915298493,0.898528441814
2024-01-06T11:31:00Z,fourier-demo,1.836466982101,1.183650000000,-0.437535446249,0.899201163965
2024-01-06T11:32:00Z,fourier-demo,1.704763252010,1.183800000000,-0.436154562933,0.899871767105
2024-01-06T11:33:00Z,fourier-demo,1.586384690053,1.183950000000,-0.434772651798,0.900540249655
2024-01-06T11:34:00Z,fourier-demo,1.488092379734,1.184100000000,-0.433389716101,0.901206610039
2024-01-06T11:35:00Z,fourier-demo,1.415562689509,1.184250000000,-0.432005759100,0.901870846687
2024-01-06T11:36:00Z,fourier-demo,1.373169981896,1.184400000000,-0.430620784057,0.902532958034
2024-01-06T11:37:00Z,fourier-demo,1.363826432839,1.184550000000,-0.429234794236,0.903192942520
2024-01-06T11:38:00Z,fourier-demo,1.388884961445,1.184700000000,-0.427847792903,0.903850798588
2024-01-06T11:39:00Z,fourier-demo,1.448108632193,1.184850000000,-0.426459783326,0.904506524689
2024-01-06T11:40:00Z,fourier-demo,1.539707128174,1.185000000000,-0.425070768777,0.905160119278
2024-01-06T11:41:00Z,fourier-demo,1.660438118896,1.185150000000,-0.423680752528,0.905811580814
2024-01-06T11:42:00Z,fourier-demo,1.805768673594,1.185300000000,-0.422289737855,0.906460907763
2024-01-06T11:43:00Z,fourier-demo,1.970089410635,1.185450000000,-0.420897728037,0.907108098593
2024-01-06T11:44:00Z,fourier-demo,2.146971926052,1.185600000000,-0.419504726354,0.907753151780
2024-01-06T11:45:00Z,fourier-demo,2.329458297267,1.185750000000,-0.418110736087,0.908396065804
2024-01-06T11:46:00Z,fourier-demo,2.510370182583,1.185900000000,-0.416715760523,0.909036839150
2024-01-06T11:47:00Z,fourier-demo,2.682624284561,1.186050000000,-0.415319802949,0.909675470307
2024-01-06T11:48:00Z,fourier-demo,2.839540745741,1.186200000000,-0.413922866653,0.910311957771
2024-01-06T11:49:00Z,fourier-demo,2.975131405362,1.186350000000,-0.412524954929,0.910946300042
2024-01-06T11:50:00Z,fourier-demo,3.084355749665,1.186500000000,-0.411126071071,0.911578495625
2024-01-06T11:51:00Z,fourier-demo,3.163333797435,1.186650000000,-0.409726218374,0.912208543030
2024-01-06T11:52:00Z,fourier-demo,3.209507017475,1.186800000000,-0.408325400138,0.912836440772
2024-01-06T11:53:00Z,fourier-demo,3.221740597838,1.186950000000,-0.406923619664,0.913462187373
2024-01-06T11:54:00Z,fourier-demo,3.200362885195,1.187100000000,-0.405520880255,0.914085781356
2024-01-06T11:55:00Z,fourier-demo,3.147140482456,1.187250000000,-0.404117185217,0.914707221253
2024-01-06T11:56:00Z,fourier-demo,3.065190222588,1.187400000000,-0.402712537858,0.915326505599
2024-01-06T11:57:00Z,fourier-demo,2.958831912891,1.187550000000,-0.401306941488,0.915943632935
2024-01-06T11:58:00Z,fourier-demo,2.833388255539,1.187700000000,-0.399900399419,0.916558601806
2024-01-06T11:59:00Z,fourier-demo,2.694940592382,1.187850000000,-0.398492914965,0.917171410764
2024-01-06T12:00:00Z,fourier-demo,2.550051001661,1.188000000000,-0.397084491445,0.917782058364
2024-01-06T12:01:00Z,fourier-demo,2.405462712989,1.188150000000,-0.395675132175,0.918390543167
2024-01-06T12:02:00Z,fourier-demo,2.267791744647,1.188300000000,-0.394264840479,0.918996863739
2024-01-06T12:03:00Z,fourier-demo,2.143223064586,1.188450000000,-0.392853619679,0.919601018652
2024-01-06T12:04:00Z,fourier-demo,2.037224416424,1.188600000000,-0.391441473101,0.920203006481
2024-01-06T12:05:00Z,fourier-demo,1.954290240298,1.188750000000,-0.390028404072,0.920802825808
2024-01-06T12:06:00Z,fourier-demo,1.897726884441,1.188900000000,-0.388614415924,0.921400475220
2024-01-06T12:07:00Z,fourier-demo,1.869488597316,1.189050000000,-0.387199511986,0.921995953309
2024-01-06T12:08:00Z,fourier-demo,1.870071682154,1.189200000000,-0.385783695595,0.922589258670
2024-01-06T12:09:00Z,fourier-demo,1.898471772544,1.189350000000,-0.384366970087,0.923180389906
2024-01-06T12:10:00Z,fourier-demo,1.952206549200,1.189500000000,-0.382949338799,0.923769345623
2024-01-06T12:11:00Z,fourier-demo,2.027403473226,1.189650000000,-0.381530805073,0.924356124435
2024-01-06T12:12:00Z,fourier-demo,2.118949373550,1.189800000000,-0.380111372252,0.924940724957
2024-01-06T12:13:00Z,fourier-demo,2.220696109140,1.189950000000,-0.378691043680,0.925523145813
2024-01-06T12:14:00Z,fourier-demo,2.325714138828,1.190100000000,-0.377269822705,0.926103385630
2024-01-06T12:15:00Z,fourier-demo,2.426583772437,1.190250000000,-0.375847712676,0.926681443041
2024-01-06T12:16:00Z,fourier-demo,2.515712232422,1.190400000000,-0.374424716944,0.927257316683
2024-01-06T12:17:00Z,fourier-demo,2.585663494689,1.190550000000,-0.373000838862,0.927831005199
2024-01-06T12:18:00Z,fourier-demo,2.629487249906,1.190700000000,-0.371576081787,0.928402507237
2024-01-06T12:19:00Z,fourier-demo,2.641033260136,1.190850000000,-0.370150449074,0.928971821451
2024-01-06T12:20:00Z,fourier-demo,2.615237884515,1.191000000000,-0.368723944085,0.929538946499
2024-01-06T12:21:00Z,fourier-demo,2.548370593470,1.191150000000,-0.367296570180,0.930103881045
2024-01-06T12:22:00Z,fourier-demo,2.438229842404,1.191300000000,-0.365868330723,0.930666623756
2024-01-06T12:23:00Z,fourier-demo,2.284279671067,1.191450000000,-0.364439229081,0.931227173308
2024-01-06T12:24:00Z,fourier-demo,2.087720753675,1.191600000000,-0.363009268620,0.931785528379
2024-01-06T12:25:00Z,fourier-demo,1.851492252051,1.191750000000,-0.361578452710,0.932341687653
2024-01-06T12:26:00Z,fourier-demo,1.580203613002,1.191900000000,-0.360146784724,0.932895649820
2024-01-06T12:27:00Z,fourier-demo,1.279998288695,1.192050000000,-0.358714268035,0.933447413574
2024-01-06T12:28:00Z,fourier-demo,0.958354129279,1.192200000000,-0.357280906019,0.933996977615
2024-01-06T12:29:00Z,fourier-demo,0.623827787411,1.192350000000,-0.355846702053,0.934544340648
2024-01-06T12:30:00Z,fourier-demo,0.285752778819,1.192500000000,-0.354411659518,0.935089501384
2024-01-06T12:31:00Z,fourier-demo,-0.046097232987,1.192650000000,-0.352975781795,0.935632458536
2024-01-06T12:32:00Z,fourier-demo,-0.361866895351,1.192800000000,-0.351539072268,0.936173210826
2024-01-06T12:33:00Z,fourier-demo,-0.651985391703,1.192950000000,-0.350101534322,0.936711756980
2024-01-06T12:34:00Z,fourier-demo,-0.907526072192,1.193100000000,-0.348663171346,0.937248095729
2024-01-06T12:35:00Z,fourier-demo,-1.120545320525,1.193250000000,-0.347223986728,0.937782225808
2024-01-06T12:36:00Z,fourier-demo,-1.284387249872,1.193400000000,-0.345783983861,0.938314145958
2024-01-06T12:37:00Z,fourier-demo,-1.393942122985,1.193550000000,-0.344343166137,0.938843854927
2024-01-06T12:38:00Z,fourier-demo,-1.445848182591,1.193700000000,-0.342901536952,0.939371351466
2024-01-06T12:39:00Z,fourier-demo,-1.438628786031,1.193850000000,-0.341459099704,0.939896634332
2024-01-06T12:40:00Z,fourier-demo,-1.372759274576,1.194000000000,-0.340015857791,0.940419702288
2024-01-06T12:41:00Z,fourier-demo,-1.250660770898,1.194150000000,-0.338571814615,0.940940554099
2024-01-06T12:42:00Z,fourier-demo,-1.076620976668,1.194300000000,-0.337126973578,0.941459188540
2024-01-06T12:43:00Z,fourier-demo,-0.856644920290,1.194450000000,-0.335681338085,0.941975604388
2024-01-06T12:44:00Z,fourier-demo,-0.598241366468,1.194600000000,-0.334234911544,0.942489800425
2024-01-06T12:45:00Z,fourier-demo,-0.310153133441,1.194750000000,-0.332787697362,0.943001775441
2024-01-06T12:46:00Z,fourier-demo,-0.002041768225,1.194900000000,-0.331339698950,0.943511528228
2024-01-06T12:47:00Z,fourier-demo,0.315861183431,1.195050000000,-0.329890919720,0.944019057586
2024-01-06T12:48:00Z,fourier-demo,0.633122779319,1.195200000000,-0.328441363087,0.944524362319
2024-01-06T12:49:00Z,fourier-demo,0.939482867513,1.195350000000,-0.326991032467,0.945027441235
2024-01-06T12:50:00Z,fourier-demo,1.225219386740,1.195500000000,-0.325539931276,0.945528293149
2024-01-06T12:51:00Z,fourier-demo,1.481490704780,1.195650000000,-0.324088062935,0.946026916881
2024-01-06T12:52:00Z,fourier-demo,1.700641875946,1.195800000000,-0.322635430866,0.946523311255
2024-01-06T12:53:00Z,fourier-demo,1.876463177560,1.195950000000,-0.321182038491,0.947017475103
2024-01-06T12:54:00Z,fourier-demo,2.004391225494,1.196100000000,-0.319727889235,0.947509407260
2024-01-06T12:55:00Z,fourier-demo,2.081645291382,1.196250000000,-0.318272986525,0.947999106565
2024-01-06T12:56:00Z,fourier-demo,2.107294054155,1.196400000000,-0.316817333790,0.948486571866
2024-01-06T12:57:00Z,fourier-demo,2.082250810174,1.196550000000,-0.315360934460,0.948971802014
2024-01-06T12:58:00Z,fourier-demo,2.009198025943,1.196700000000,-0.313903791966,0.949454795864
2024-01-06T12:59:00Z,fourier-demo,1.892444929409,1.196850000000,-0.312445909744,0.949935552279
2024-01-06T13:00:00Z,fourier-demo,1.737724486360,1.197000000000,-0.310987291228,0.950414070127
2024-01-06T13:01:00Z,fourier-demo,1.551938490489,1.197150000000,-0.309527939856,0.950890348278
2024-01-06T13:02:00Z,fourier-demo,1.342861513543,1.197300000000,-0.308067859067,0.951364385612
2024-01-06T13:03:00Z,fourier-demo,1.118816034690,1.197450000000,-0.306607052301,0.951836181010
2024-01-06T13:04:00Z,fourier-demo,0.888332133537,1.197600000000,-0.305145523001,0.952305733361
2024-01-06T13:05:00Z,fourier-demo,0.659805647271,1.197750000000,-0.303683274611,0.952773041559
2024-01-06T13:06:00Z,fourier-demo,0.441168640186,1.197900000000,-0.302220310578,0.953238104502
2024-01-06T13:07:00Z,fourier-demo,0.239585417412,1.198050000000,-0.300756634347,0.953700921094
2024-01-06T13:08:00Z,fourier-demo,0.061186161184,1.198200000000,-0.299292249370,0.954161490245
2024-01-06T13:09:00Z,fourier-demo,-0.089151373475,1.198350000000,-0.297827159096,0.954619810870
2024-01-06T13:10:00Z,fourier-demo,-0.207963727313,1.198500000000,-0.296361366979,0.955075881887
2024-01-06T13:11:00Z,fourier-demo,-0.293301186979,1.198650000000,-0.294894876472,0.955529702223
2024-01-06T13:12:00Z,fourier-demo,-0.344761461423,1.198800000000,-0.293427691031,0.955981270808
2024-01-06T13:13:00Z,fourier-demo,-0.363456981627,1.198950000000,-0.291959814114,0.956430586578
2024-01-06T13:14:00Z,fourier-demo,-0.351917984364,1.199100000000,-0.290491249179,0.956877648475
2024-01-06T13:15:00Z,fourier-demo,-0.313936201728,1.199250000000,-0.289021999689,0.957322455443
2024-01-06T13:16:00Z,fourier-demo,-0.254356427138,1.199400000000,-0.287552069104,0.957765006436
2024-01-06T13:17:00Z,fourier-demo,-0.178825364977,1.199550000000,-0.286081460890,0.958205300411
2024-01-06T13:18:00Z,fourier-demo,-0.093508907413,1.199700000000,-0.284610178510,0.958643336329
2024-01-06T13:19:00Z,fourier-demo,-0.004790247551,1.199850000000,-0.283138225434,0.959079113159
2024-01-06T13:20:00Z,fourier-demo,0.081038018480,1.200000000000,-0.281665605129,0.959512629874
2024-01-06T13:21:00Z,fourier-demo,0.158074456185,1.200150000000,-0.280192321065,0.959943885452
2024-01-06T13:22:00Z,fourier-demo,0.221089046745,1.200300000000,-0.278718376716,0.960372878876
2024-01-06T13:23:00Z,fourier-demo,0.265771062379,1.200450000000,-0.277243775553,0.960799609137
2024-01-06T13:24:00Z,fourier-demo,0.288933908053,1.200600000000,-0.275768521052,0.961224075228
2024-01-06T13:25:00Z,fourier-demo,0.288668131948,1.200750000000,-0.274292616689,0.961646276148
2024-01-06T13:26:00Z,fourier-demo,0.264436031106,1.200900000000,-0.272816065943,0.962066210904
2024-01-06T13:27:00Z,fourier-demo,0.217103776350,1.201050000000,-0.271338872293,0.962483878505
2024-01-06T13:28:00Z,fourier-demo,0.148909647872,1.201200000000,-0.269861039220,0.962899277968
2024-01-06T13:29:00Z,fourier-demo,0.063369698575,1.201350000000,-0.268382570207,0.963312408313
2024-01-06T13:30:00Z,fourier-demo,-0.034875167104,1.201500000000,-0.266903468737,0.963723268566
2024-01-06T13:31:00Z,fourier-demo,-0.140264206867,1.201650000000,-0.265423738297,0.964131857760
2024-01-06T13:32:00Z,fourier-demo,-0.246565221089,1.201800000000,-0.263943382373,0.964538174932
2024-01-06T13:33:00Z,fourier-demo,-0.347155704897,1.201950000000,-0.262462404455,0.964942219124
2024-01-06T13:34:00Z,fourier-demo,-0.435324748829,1.202100000000,-0.260980808031,0.965343989384
2024-01-06T13:35:00Z,fourier-demo,-0.504582739462,1.202250000000,-0.259498596593,0.965743484765
2024-01-06T13:36:00Z,fourier-demo,-0.548965526962,1.202400000000,-0.258015773635,0.966140704326
2024-01-06T13:37:00Z,fourier-demo,-0.563319900015,1.202550000000,-0.256532342650,0.966535647131
2024-01-06T13:38:00Z,fourier-demo,-0.543557933953,1.202700000000,-0.255048307135,0.966928312248
2024-01-06T13:39:00Z,fourier-demo,-0.486869025910,1.202850000000,-0.253563670587,0.967318698754
2024-01-06T13:40:00Z,fourier-demo,-0.391880150876,1.203000000000,-0.252078436503,0.967706805727
2024-01-06T13:41:00Z,fourier-demo,-0.258756994291,1.203150000000,-0.250592608385,0.968092632253
2024-01-06T13:42:00Z,fourier-demo,-0.089241053298,1.203300000000,-0.249106189734,0.968476177423
2024-01-06T13:43:00Z,fourier-demo,0.113379550110,1.203450000000,-0.247619184052,0.968857440333
2024-01-06T13:44:00Z,fourier-demo,0.344365044261,1.203600000000,-0.246131594844,0.969236420085
2024-01-06T13:45:00Z,fourier-demo,0.597681523210,1.203750000000,-0.244643425615,0.969613115786
2024-01-06T13:46:00Z,fourier-demo,0.866215127795,1.203900000000,-0.243154679872,0.969987526547
2024-01-06T13:47:00Z,fourier-demo,1.142034621932,1.204050000000,-0.241665361123,0.970359651487
2024-01-06T13:48:00Z,fourier-demo,1.416692028043,1.204200000000,-0.240175472879,0.970729489728
2024-01-06T13:49:00Z,fourier-demo,1.681549336112,1.204350000000,-0.238685018650,0.971097040399
2024-01-06T13:50:00Z,fourier-demo,1.928118137038,1.204500000000,-0.237194001948,0.971462302634
2024-01-06T13:51:00Z,fourier-demo,2.148398402080,1.204650000000,-0.235702426288,0.971825275573
2024-01-06T13:52:00Z,fourier-demo,2.335202563933,1.204800000000,-0.234210295184,0.972185958359
2024-01-06T13:53:00Z,fourier-demo,2.482451555810,1.204950000000,-0.232717612151,0.972544350143
2024-01-06T13:54:00Z,fourier-demo,2.585430514355,1.205100000000,-0.231224380709,0.972900450080
2024-01-06T13:55:00Z,fourier-demo,2.640993408930,1.205250000000,-0.229730604376,0.973254257331
2024-01-06T13:56:00Z,fourier-demo,2.647707861949,1.205400000000,-0.228236286672,0.973605771063
2024-01-06T13:57:00Z,fourier-demo,2.605933792086,1.205550000000,-0.226741431118,0.973954990446
2024-01-06T13:58:00Z,fourier-demo,2.517832148905,1.205700000000,-0.225246041237,0.974301914658
2024-01-06T13:59:00Z,fourier-demo,2.387302807158,1.205850000000,-0.223750120553,0.974646542882
2024-01-06T14:00:00Z,fourier-demo,2.219853538164,1.206000000000,-0.222253672592,0.974988874306
2024-01-06T14:01:00Z,fourier-demo,2.022404758597,1.206150000000,-0.220756700879,0.975328908121
2024-01-06T14:02:00Z,fourier-demo,1.803037360414,1.206300000000,-0.219259208942,0.975666643528
2024-01-06T14:03:00Z,fourier-demo,1.570693243453,1.206450000000,-0.217761200311,0.976002079731
2024-01-06T14:04:00Z,fourier-demo,1.334840109681,1.206600000000,-0.216262678515,0.976335215938
2024-01-06T14:05:00Z,fourier-demo,1.105113555889,1.206750000000,-0.214763647086,0.976666051366
2024-01-06T14:06:00Z,fourier-demo,0.890950458925,1.206900000000,-0.213264109557,0.976994585233
2024-01-06T14:07:00Z,fourier-demo,0.701228044682,1.207050000000,-0.211764069460,0.977320816767
2024-01-06T14:08:00Z,fourier-demo,0.543922851939,1.207200000000,-0.210263530331,0.977644745198
2024-01-06T14:09:00Z,fourier-demo,0.425803051153,1.207350000000,-0.208762495707,0.977966369762
2024-01-06T14:10:00Z,fourier-demo,0.352166286034,1.207500000000,-0.207260969124,0.978285689703
2024-01-06T14:11:00Z,fourier-demo,0.326633423668,1.207650000000,-0.205758954120,0.978602704267
2024-01-06T14:12:00Z,fourier-demo,0.351006398547,1.207800000000,-0.204256454236,0.978917412708
2024-01-06T14:13:00Z,fourier-demo,0.425195805529,1.207950000000,-0.202753473011,0.979229814284
2024-01-06T14:14:00Z,fourier-demo,0.547221138350,1.208100000000,-0.201250013989,0.979539908258
2024-01-06T14:15:00Z,fourier-demo,0.713283694913,1.208250000000,-0.199746080711,0.979847693900
2024-01-06T14:16:00Z,fourier-demo,0.917909294071,1.208400000000,-0.198241676723,0.980153170484
2024-01-06T14:17:00Z,fourier-demo,1.154155186929,1.208550000000,-0.196736805568,0.980456337291
2024-01-06T14:18:00Z,fourier-demo,1.413873010051,1.208700000000,-0.195231470794,0.980757193607
2024-01-06T14:19:00Z,fourier-demo,1.688017420390,1.208850000000,-0.193725675947,0.981055738722
2024-01-06T14:20:00Z,fourier-demo,1.966988261081,1.209000000000,-0.192219424577,0.981351971932
2024-01-06T14:21:00Z,fourier-demo,2.240992805176,1.209150000000,-0.190712720233,0.981645892540
2024-01-06T14:22:00Z,fourier-demo,2.500413862874,1.209300000000,-0.189205566465,0.981937499854
2024-01-06T14:23:00Z,fourier-demo,2.736169346950,1.209450000000,-0.187697966826,0.982226793185
2024-01-06T14:24:00Z,fourier-demo,2.940049277544,1.209600000000,-0.186189924867,0.982513771852
2024-01-06T14:25:00Z,fourier-demo,3.105017154887,1.209750000000,-0.184681444143,0.982798435179
2024-01-06T14:26:00Z,fourier-demo,3.225464097413,1.209900000000,-0.183172528208,0.983080782494
2024-01-06T14:27:00Z,fourier-demo,3.297406072817,1.210050000000,-0.181663180618,0.983360813134
2024-01-06T14:28:00Z,fourier-demo,3.318616861791,1.210200000000,-0.180153404931,0.983638526437
2024-01-06T14:29:00Z,fourier-demo,3.288691994039,1.210350000000,-0.178643204704,0.983913921750
2024-01-06T14:30:00Z,fourier-demo,3.209041677851,1.210500000000,-0.177132583495,0.984186998423
2024-01-06T14:31:00Z,fourier-demo,3.082813594711,1.210650000000,-0.175621544865,0.984457755812
2024-01-06T14:32:00Z,fourier-demo,2.914749233523,1.210800000000,-0.174110092375,0.984726193281
2024-01-06T14:33:00Z,fourier-demo,2.710980081443,1.210950000000,-0.172598229586,0.984992310195
2024-01-06T14:34:00Z,fourier-demo,2.478772363090,1.211100000000,-0.171085960061,0.985256105929
2024-01-06T14:35:00Z,fourier-demo,2.226231031567,1.211250000000,-0.169573287364,0.985517579860
2024-01-06T14:36:00Z,fourier-demo,1.961975282346,1.211400000000,-0.168060215059,0.985776731372
2024-01-06T14:37:00Z,fourier-demo,1.694798922467,1.211550000000,-0.166546746713,0.986033559854
2024-01-06T14:38:00Z,fourier-demo,1.433329440879,1.211700000000,-0.165032885891,0.986288064702
2024-01-06T14:39:00Z,fourier-demo,1.185699572212,1.211850000000,-0.163518636162,0.986540245316
2024-01-06T14:40:00Z,fourier-demo,0.959244529670,1.212000000000,-0.162004001093,0.986790101100
2024-01-06T14:41:00Z,fourier-demo,0.760236930486,1.212150000000,-0.160488984254,0.987037631468
2024-01-06T14:42:00Z,fourier-demo,0.593669798231,1.212300000000,-0.158973589215,0.987282835834
2024-01-06T14:43:00Z,fourier-demo,0.463095969300,1.212450000000,-0.157457819548,0.987525713621
2024-01-06T14:44:00Z,fourier-demo,0.370529841779,1.212600000000,-0.155941678823,0.987766264258
2024-01-06T14:45:00Z,fourier-demo,0.316414783027,1.212750000000,-0.154425170615,0.988004487176
2024-01-06T14:46:00Z,fourier-demo,0.299656766262,1.212900000000,-0.152908298496,0.988240381816
2024-01-06T14:47:00Z,fourier-demo,0.317722049790,1.213050000000,-0.151391066042,0.988473947620
2024-01-06T14:48:00Z,fourier-demo,0.366794058975,1.213200000000,-0.149873476828,0.988705184038
2024-01-06T14:49:00Z,fourier-demo,0.441982189868,1.213350000000,-0.148355534429,0.988934090526
2024-01-06T14:50:00Z,fourier-demo,0.537573125025,1.213500000000,-0.146837242424,0.989160666544
2024-01-06T14:51:00Z,fourier-demo,0.647313523611,1.213650000000,-0.145318604390,0.989384911558
2024-01-06T14:52:00Z,fourier-demo,0.764711690101,1.213800000000,-0.143799623906,0.989606825039
2024-01-06T14:53:00Z,fourier-demo,0.883345089930,1.213950000000,-0.142280304551,0.989826406466
2024-01-06T14:54:00Z,fourier-demo,0.997160395645,1.214100000000,-0.140760649906,0.990043655319
2024-01-06T14:55:00Z,fourier-demo,1.100753120379,1.214250000000,-0.139240663551,0.990258571088
2024-01-06T14:56:00Z,fourier-demo,1.189614810231,1.214400000000,-0.137720349070,0.990471153266
2024-01-06T14:57:00Z,fourier-demo,1.260337184756,1.214550000000,-0.136199710044,0.990681401352
2024-01-06T14:58:00Z,fourier-demo,1.310764475681,1.214700000000,-0.134678750057,0.990889314850
2024-01-06T14:59:00Z,fourier-demo,1.340087440332,1.214850000000,-0.133157472693,0.991094893270
2024-01-06T15:00:00Z,fourier-demo,1.348875025143,1.215000000000,-0.131635881537,0.991298136129
2024-01-06T15:01:00Z,fourier-demo,1.339042321843,1.215150000000,-0.130113980175,0.991499042946
2024-01-06T15:02:00Z,fourier-demo,1.313756183384,1.215300000000,-0.128591772193,0.991697613249
2024-01-06T15:03:00Z,fourier-demo,1.277282534765,1.215450000000,-0.127069261179,0.991893846570
2024-01-06T15:04:00Z,fourier-demo,1.234781914485,1.215600000000,-0.125546450720,0.992087742446
2024-01-06T15:05:00Z,fourier-demo,1.192062011137,1.215750000000,-0.124023344405,0.992279300420
2024-01-06T15:06:00Z,fourier-demo,1.155297823403,1.215900000000,-0.122499945823,0.992468520042
2024-01-06T15:07:00Z,fourier-demo,1.130731492473,1.216050000000,-0.120976258564,0.992655400864
2024-01-06T15:08:00Z,fourier-demo,1.124364773846,1.216200000000,-0.119452286218,0.992839942447
2024-01-06T15:09:00Z,fourier-demo,1.141657491504,1.216350000000,-0.117928032378,0.993022144355
2024-01-06T15:10:00Z,fourier-demo,1.187245134943,1.216500000000,-0.116403500635,0.993202006160
2024-01-06T15:11:00Z,fourier-demo,1.264688024917,1.216650000000,-0.114878694581,0.993379527437
2024-01-06T15:12:00Z,fourier-demo,1.376263216150,1.216800000000,-0.113353617811,0.993554707769
2024-01-06T15:13:00Z,fourier-demo,1.522808575707,1.216950000000,-0.111828273917,0.993727546741
2024-01-06T15:14:00Z,fourier-demo,1.703626344578,1.217100000000,-0.110302666494,0.993898043948
2024-01-06T15:15:00Z,fourier-demo,1.916451044512,1.217250000000,-0.108776799139,0.994066198987
2024-01-06T15:16:00Z,fourier-demo,2.157483932558,1.217400000000,-0.107250675445,0.994232011462
2024-01-06T15:17:00Z,fourier-demo,2.421493441433,1.217550000000,-0.105724299010,0.994395480983
2024-01-06T15:18:00Z,fourier-demo,2.701978288650,1.217700000000,-0.104197673431,0.994556607163
2024-01-06T15:19:00Z,fourier-demo,2.991387304953,1.217850000000,-0.102670802305,0.994715389624
2024-01-06T15:20:00Z,fourier-demo,3.281387632078,1.218000000000,-0.101143689231,0.994871827990
2024-01-06T15:21:00Z,fourier-demo,3.563170870679,1.218150000000,-0.099616337806,0.995025921895
2024-01-06T15:22:00Z,fourier-demo,3.827785107786,1.218300000000,-0.098088751631,0.995177670973
2024-01-06T15:23:00Z,fourier-demo,4.066479588659,1.218450000000,-0.096560934305,0.995327074868
2024-01-06T15:24:00Z,fourier-demo,4.271048169828,1.218600000000,-0.095032889429,0.995474133228
2024-01-06T15:25:00Z,fourier-demo,4.434157626118,1.218750000000,-0.093504620603,0.995618845706
2024-01-06T15:26:00Z,fourier-demo,4.549647389119,1.218900000000,-0.091976131430,0.995761211962
2024-01-06T15:27:00Z,fourier-demo,4.612788349135,1.219050000000,-0.090447425510,0.995901231658
2024-01-06T15:28:00Z,fourier-demo,4.620489916012,1.219200000000,-0.088918506446,0.996038904467
2024-01-06T15:29:00Z,fourier-demo,4.571446544252,1.219350000000,-0.087389377842,0.996174230062
2024-01-06T15:30:00Z,fourier-demo,4.466217304009,1.219500000000,-0.085860043301,0.996307208126
2024-01-06T15:31:00Z,fourier-demo,4.307234726433,1.219650000000,-0.084330506426,0.996437838345
2024-01-06T15:32:00Z,fourier-demo,4.098741962534,1.219800000000,-0.082800770823,0.996566120411
2024-01-06T15:33:00Z,fourier-demo,3.846660155653,1.219950000000,-0.081270840095,0.996692054022
2024-01-06T15:34:00Z,fourier-demo,3.558390722829,1.220100000000,-0.079740717849,0.996815638881
2024-01-06T15:35:00Z,fourier-demo,3.242559856401,1.220250000000,-0.078210407690,0.996936874696
2024-01-06T15:36:00Z,fourier-demo,2.908714887761,1.220400000000,-0.076679913225,0.997055761183
2024-01-06T15:37:00Z,fourier-demo,2.566984105355,1.220550000000,-0.075149238060,0.997172298060
2024-01-06T15:38:00Z,fourier-demo,2.227713109265,1.220700000000,-0.073618385802,0.997286485054
2024-01-06T15:39:00Z,fourier-demo,1.901091754003,1.220850000000,-0.072087360059,0.997398321895
2024-01-06T15:40:00Z,fourier-demo,1.596786139505,1.221000000000,-0.070556164439,0.997507808320
2024-01-06T15:41:00Z,fourier-demo,1.323589940638,1.221150000000,-0.069024802550,0.997614944071
2024-01-06T15:42:00Z,fourier-demo,1.089108623847,1.221300000000,-0.067493278000,0.997719728894
2024-01-06T15:43:00Z,fourier-demo,0.899488815469,1.221450000000,-0.065961594399,0.997822162544
2024-01-06T15:44:00Z,fourier-demo,0.759203310907,1.221600000000,-0.064429755357,0.997922244779
2024-01-06T15:45:00Z,fourier-demo,0.670900018764,1.221750000000,-0.062897764483,0.998019975363
2024-01-06T15:46:00Z,fourier-demo,0.635320607407,1.221900000000,-0.061365625388,0.998115354065
2024-01-06T15:47:00Z,fourier-demo,0.651291865055,1.222050000000,-0.059833341681,0.998208380662
2024-01-06T15:48:00Z,fourier-demo,0.715789909462,1.222200000000,-0.058300916975,0.998299054933
2024-01-06T15:49:00Z,fourier-demo,0.824074505385,1.222350000000,-0.056768354879,0.998387376665
2024-01-06T15:50:00Z,fourier-demo,0.969887983249,1.222500000000,-0.055235659006,0.998473345650
2024-01-06T15:51:00Z,fourier-demo,1.145710712034,1.222650000000,-0.053702832968,0.998556961686
2024-01-06T15:52:00Z,fourier-demo,1.343062865497,1.222800000000,-0.052169880377,0.998638224575
2024-01-06T15:53:00Z,fourier-demo,1.552840422276,1.222950000000,-0.050636804844,0.998717134125
2024-01-06T15:54:00Z,fourier-demo,1.765672029126,1.223100000000,-0.049103609984,0.998793690152
2024-01-06T15:55:00Z,fourier-demo,1.972282584460,1.223250000000,-0.047570299409,0.998867892473
2024-01-06T15:56:00Z,fourier-demo,2.163849196934,1.223400000000,-0.046036876732,0.998939740916
2024-01-06T15:57:00Z,fourier-demo,2.332335547719,1.223550000000,-0.044503345567,0.999009235309
2024-01-06T15:58:00Z,fourier-demo,2.470791619281,1.223700000000,-0.042969709527,0.999076375490
2024-01-06T15:59:00Z,fourier-demo,2.573607208609,1.223850000000,-0.041435972228,0.999141161301
2024-01-06T16:00:00Z,fourier-demo,2.636709558849,1.224000000000,-0.039902137283,0.999203592588
2024-01-06T16:01:00Z,fourier-demo,2.657697741349,1.224150000000,-0.038368208306,0.999263669204
2024-01-06T16:02:00Z,fourier-demo,2.635909006007,1.224300000000,-0.036834188913,0.999321391008
2024-01-06T16:03:00Z,fourier-demo,2.572415085803,1.224450000000,-0.035300082718,0.999376757865
2024-01-06T16:04:00Z,fourier-demo,2.469949278549,1.224600000000,-0.033765893337,0.999429769642
2024-01-06T16:05:00Z,fourier-demo,2.332767919735,1.224750000000,-0.032231624386,0.999480426216
2024-01-06T16:06:00Z,fourier-demo,2.166452491319,1.224900000000,-0.030697279479,0.999528727467
2024-01-06T16:07:00Z,fourier-demo,1.977660976033,1.225050000000,-0.029162862232,0.999574673282
2024-01-06T16:08:00Z,fourier-demo,1.773839069396,1.225200000000,-0.027628376261,0.999618263551
2024-01-06T16:09:00Z,fourier-demo,1.562903421861,1.225350000000,-0.026093825183,0.999659498173
2024-01-06T16:10:00Z,fourier-demo,1.352910138894,1.225500000000,-0.024559212614,0.999698377050
2024-01-06T16:11:00Z,fourier-demo,1.151722275874,1.225650000000,-0.023024542170,0.999734900090
2024-01-06T16:12:00Z,fourier-demo,0.966690008436,1.225800000000,-0.021489817467,0.999769067208
2024-01-06T16:13:00Z,fourier-demo,0.804356541350,1.225950000000,-0.019955042123,0.999800878322
2024-01-06T16:14:00Z,fourier-demo,0.670201667457,1.226100000000,-0.018420219753,0.999830333359
2024-01-06T16:15:00Z,fourier-demo,0.568433251471,1.226250000000,-0.016885353976,0.999857432248
2024-01-06T16:16:00Z,fourier-demo,0.501834860434,1.226400000000,-0.015350448407,0.999882174925
2024-01-06T16:17:00Z,fourier-demo,0.471675379065,1.226550000000,-0.013815506664,0.999904561334
2024-01-06T16:18:00Z,fourier-demo,0.477683833328,1.226700000000,-0.012280532365,0.999924591419
2024-01-06T16:19:00Z,fourier-demo,0.518089907734,1.226850000000,-0.010745529125,0.999942265135
2024-01-06T16:20:00Z,fourier-demo,0.589727894684,1.227000000000,-0.009210500564,0.999957582440
2024-01-06T16:21:00Z,fourier-demo,0.688199170969,1.227150000000,-0.007675450297,0.999970543298
2024-01-06T16:22:00Z,fourier-demo,0.808085866568,1.227300000000,-0.006140381943,0.999981147677
2024-01-06T16:23:00Z,fourier-demo,0.943206274290,1.227450000000,-0.004605299118,0.999989395554
2024-01-06T16:24:00Z,fourier-demo,1.086900832541,1.227600000000,-0.003070205442,0.999995286908
2024-01-06T16:25:00Z,fourier-demo,1.232336268152,1.227750000000,-0.001535104530,0.999998821726
2024-01-06T16:26:00Z,fourier-demo,1.372814762563,1.227900000000,-0.000000000000,1.000000000000
2024-01-06T16:27:00Z,fourier-demo,1.502074832096,1.228050000000,0.001535104530,0.999998821726
2024-01-06T16:28:00Z,fourier-demo,1.614570998011,1.228200000000,0.003070205442,0.999995286908
2024-01-06T16:29:00Z,fourier-demo,1.705720248014,1.228350000000,0.004605299118,0.999989395554
2024-01-06T16:30:00Z,fourier-demo,1.772104718837,1.228500000000,0.006140381943,0.999981147677
2024-01-06T16:31:00Z,fourier-demo,1.811621899907,1.228650000000,0.007675450297,0.999970543298
2024-01-06T16:32:00Z,fourier-demo,1.823575892800,1.228800000000,0.009210500564,0.999957582440
2024-01-06T16:33:00Z,fourier-demo,1.808705767275,1.228950000000,0.010745529125,0.999942265135
2024-01-06T16:34:00Z,fourier-demo,1.769149727725,1.229100000000,0.012280532365,0.999924591419
2024-01-06T16:35:00Z,fourier-demo,1.708346532861,1.229250000000,0.013815506664,0.999904561334
2024-01-06T16:36:00Z,fourier-demo,1.630878282569,1.229400000000,0.015350448407,0.999882174925
2024-01-06T16:37:00Z,fourier-demo,1.542261188126,1.229550000000,0.016885353976,0.999857432248
2024-01-06T16:38:00Z,fourier-demo,1.448693170839,1.229700000000,0.018420219753,0.999830333359
2024-01-06T16:39:00Z,fourier-demo,1.356768996739,1.229850000000,0.019955042123,0.999800878322
2024-01-06T16:40:00Z,fourier-demo,1.273175073094,1.230000000000,0.021489817467,0.999769067208
2024-01-06T16:41:00Z,fourier-demo,1.204376946539,1.230150000000,0.023024542170,0.999734900090
2024-01-06T16:42:00Z,fourier-demo,1.156312913619,1.230300000000,0.024559212614,0.999698377050
2024-01-06T16:43:00Z,fourier-demo,1.134106965889,1.230450000000,0.026093825183,0.999659498173
2024-01-06T16:44:00Z,fourier-demo,1.141813550009,1.230600000000,0.027628376261,0.999618263551
2024-01-06T16:45:00Z,fourier-demo,1.182205357876,1.230750000000,0.029162862232,0.999574673282
2024-01-06T16:46:00Z,fourier-demo,1.256613623852,1.230900000000,0.030697279479,0.999528727467
2024-01-06T16:47:00Z,fourier-demo,1.364828266098,1.231050000000,0.032231624386,0.999480426216
2024-01-06T16:48:00Z,fourier-demo,1.505062754466,1.231200000000,0.033765893337,0.999429769642
2024-01-06T16:49:00Z,fourier-demo,1.673985918602,1.231350000000,0.035300082718,0.999376757865
2024-01-06T16:50:00Z,fourier-demo,1.866820136552,1.231500000000,0.036834188913,0.999321391008
2024-01-06T16:51:00Z,fourier-demo,2.077502580184,1.231650000000,0.038368208306,0.999263669204
2024-01-06T16:52:00Z,fourier-demo,2.298903553094,1.231800000000,0.039902137283,0.999203592588
2024-01-06T16:53:00Z,fourier-demo,2.523093548439,1.231950000000,0.041435972228,0.999141161301
2024-01-06T16:54:00Z,fourier-demo,2.741648578056,1.232100000000,0.042969709527,0.999076375490
2024-01-06T16:55:00Z,fourier-demo,2.945981666774,1.232250000000,0.044503345567,0.999009235309
2024-01-06T16:56:00Z,fourier-demo,3.127687236288,1.232400000000,0.046036876732,0.998939740916
2024-01-06T16:57:00Z,fourier-demo,3.278884471031,1.232550000000,0.047570299409,0.998867892473
2024-01-06T16:58:00Z,fourier-demo,3.392545691726,1.232700000000,0.049103609984,0.998793690152
2024-01-06T16:59:00Z,fourier-demo,3.462796265442,1.232850000000,0.050636804844,0.998717134125
2024-01-06T17:00:00Z,fourier-demo,3.485173635261,1.233000000000,0.052169880377,0.998638224575
2024-01-06T17:01:00Z,fourier-demo,3.456834616945,1.233150000000,0.053702832968,0.998556961686
2024-01-06T17:02:00Z,fourier-demo,3.376702122107,1.233300000000,0.055235659006,0.998473345650
2024-01-06T17:03:00Z,fourier-demo,3.245544846850,1.233450000000,0.056768354879,0.998387376665
2024-01-06T17:04:00Z,fourier-demo,3.065986116004,1.233600000000,0.058300916975,0.998299054933
2024-01-06T17:05:00Z,fourier-demo,2.842440889096,1.233750000000,0.059833341681,0.998208380662
2024-01-06T17:06:00Z,fourier-demo,2.580982801212,1.233900000000,0.061365625388,0.998115354065
2024-01-06T17:07:00Z,fourier-demo,2.289145913966,1.234050000000,0.062897764483,0.998019975363
2024-01-06T17:08:00Z,fourier-demo,1.975668475255,1.234200000000,0.064429755357,0.997922244779
2024-01-06T17:09:00Z,fourier-demo,1.650188324852,1.234350000000,0.065961594399,0.997822162544
2024-01-06T17:10:00Z,fourier-demo,1.322901541117,1.234500000000,0.067493278000,0.997719728894
2024-01-06T17:11:00Z,fourier-demo,1.004197422508,1.234650000000,0.069024802550,0.997614944071
2024-01-06T17:12:00Z,fourier-demo,0.704283874767,1.234800000000,0.070556164439,0.997507808320
2024-01-06T17:13:00Z,fourier-demo,0.432817690852,1.234950000000,0.072087360059,0.997398321895
2024-01-06T17:14:00Z,fourier-demo,0.198554048142,1.235100000000,0.073618385802,0.997286485054
2024-01-06T17:15:00Z,fourier-demo,0.009028812492,1.235250000000,0.075149238060,0.997172298060
2024-01-06T17:16:00Z,fourier-demo,-0.129714039613,1.235400000000,0.076679913225,0.997055761183
2024-01-06T17:17:00Z,fourier-demo,-0.213339339860,1.235550000000,0.078210407690,0.996936874696
2024-01-06T17:18:00Z,fourier-demo,-0.239373638150,1.235700000000,0.079740717849,0.996815638881
2024-01-06T17:19:00Z,fourier-demo,-0.207288277979,1.235850000000,0.081270840095,0.996692054022
2024-01-06T17:20:00Z,fourier-demo,-0.118509566032,1.236000000000,0.082800770823,0.996566120411
2024-01-06T17:21:00Z,fourier-demo,0.023644160381,1.236150000000,0.084330506426,0.996437838345
2024-01-06T17:22:00Z,fourier-demo,0.214095885610,1.236300000000,0.085860043301,0.996307208126
2024-01-06T17:23:00Z,fourier-demo,0.446208238092,1.236450000000,0.087389377842,0.996174230062
2024-01-06T17:24:00Z,fourier-demo,0.712038789426,1.236600000000,0.088918506446,0.996038904467
2024-01-06T17:25:00Z,fourier-demo,1.002642117807,1.236750000000,0.090447425510,0.995901231658
2024-01-06T17:26:00Z,fourier-demo,1.308406618960,1.236900000000,0.091976131430,0.995761211962
2024-01-06T17:27:00Z,fourier-demo,1.619412729273,1.237050000000,0.093504620603,0.995618845706
2024-01-06T17:28:00Z,fourier-demo,1.925798445685,1.237200000000,0.095032889429,0.995474133228
2024-01-06T17:29:00Z,fourier-demo,2.218117815429,1.237350000000,0.096560934305,0.995327074868
2024-01-06T17:30:00Z,fourier-demo,2.487678433054,1.237500000000,0.098088751631,0.995177670973
2024-01-06T17:31:00Z,fourier-demo,2.726844906042,1.237650000000,0.099616337806,0.995025921895
2024-01-06T17:32:00Z,fourier-demo,2.929296694957,1.237800000000,0.101143689231,0.994871827990
2024-01-06T17:33:00Z,fourier-demo,3.090230639325,1.237950000000,0.102670802305,0.994715389624
2024-01-06T17:34:00Z,fourier-demo,3.206500767769,1.238100000000,0.104197673431,0.994556607163
2024-01-06T17:35:00Z,fourier-demo,3.276690566299,1.238250000000,0.105724299010,0.994395480983
2024-01-06T17:36:00Z,fourier-demo,3.301115636569,1.238400000000,0.107250675445,0.994232011462
2024-01-06T17:37:00Z,fourier-demo,3.281757503564,1.238550000000,0.108776799139,0.994066198987
2024-01-06T17:38:00Z,fourier-demo,3.222132114237,1.238700000000,0.110302666494,0.993898043948
2024-01-06T17:39:00Z,fourier-demo,3.127099191932,1.238850000000,0.111828273917,0.993727546741
2024-01-06T17:40:00Z,fourier-demo,3.002620969334,1.239000000000,0.113353617811,0.993554707769
2024-01-06T17:41:00Z,fourier-demo,2.855480819991,1.239150000000,0.114878694581,0.993379527437
2024-01-06T17:42:00Z,fourier-demo,2.692973864540,1.239300000000,0.116403500635,0.993202006160
2024-01-06T17:43:00Z,fourier-demo,2.522582680577,1.239450000000,0.117928032378,0.993022144355
2024-01-06T17:44:00Z,fourier-demo,2.351651753063,1.239600000000,0.119452286218,0.992839942447
2024-01-06T17:45:00Z,fourier-demo,2.187074246429,1.239750000000,0.120976258564,0.992655400864
2024-01-06T17:46:00Z,fourier-demo,2.035004064060,1.239900000000,0.122499945823,0.992468520042
2024-01-06T17:47:00Z,fourier-demo,1.900605012961,1.240050000000,0.124023344405,0.992279300420
2024-01-06T17:48:00Z,fourier-demo,1.787847259902,1.240200000000,0.125546450720,0.992087742446
2024-01-06T17:49:00Z,fourier-demo,1.699359219054,1.240350000000,0.127069261179,0.991893846570
2024-01-06T17:50:00Z,fourier-demo,1.636340635705,1.240500000000,0.128591772193,0.991697613249
2024-01-06T17:51:00Z,fourier-demo,1.598540025118,1.240650000000,0.130113980175,0.991499042946
2024-01-06T17:52:00Z,fourier-demo,1.584296898415,1.240800000000,0.131635881537,0.991298136129
2024-01-06T17:53:00Z,fourier-demo,1.590646471688,1.240950000000,0.133157472693,0.991094893270
2024-01-06T17:54:00Z,fourier-demo,1.613481923790,1.241100000000,0.134678750057,0.990889314850
2024-01-06T17:55:00Z,fourier-demo,1.647766851337,1.241250000000,0.136199710044,0.990681401352
2024-01-06T17:56:00Z,fourier-demo,1.687788466318,1.241400000000,0.137720349070,0.990471153266
2024-01-06T17:57:00Z,fourier-demo,1.727440379205,1.241550000000,0.139240663551,0.990258571088
2024-01-06T17:58:00Z,fourier-demo,1.760522578799,1.241700000000,0.140760649906,0.990043655319
2024-01-06T17:59:00Z,fourier-demo,1.781045509973,1.241850000000,0.142280304551,0.989826406466
2024-01-06T18:00:00Z,fourier-demo,1.783524990992,1.242000000000,0.143799623906,0.989606825039
2024-01-06T18:01:00Z,fourier-demo,1.763255109554,1.242150000000,0.145318604390,0.989384911558
2024-01-06T18:02:00Z,fourier-demo,1.716547174274,1.242300000000,0.146837242424,0.989160666544
2024-01-06T18:03:00Z,fourier-demo,1.640924236999,1.242450000000,0.148355534429,0.988934090526
2024-01-06T18:04:00Z,fourier-demo,1.535262581072,1.242600000000,0.149873476828,0.988705184038
2024-01-06T18:05:00Z,fourier-demo,1.399873813549,1.242750000000,0.151391066042,0.988473947620
2024-01-06T18:06:00Z,fourier-demo,1.236523711999,1.242900000000,0.152908298496,0.988240381816
2024-01-06T18:07:00Z,fourier-demo,1.048386654685,1.243050000000,0.154425170615,0.988004487176
2024-01-06T18:08:00Z,fourier-demo,0.839937195197,1.243200000000,0.155941678823,0.987766264258
2024-01-06T18:09:00Z,fourier-demo,0.616783015447,1.243350000000,0.157457819548,0.987525713621
2024-01-06T18:10:00Z,fourier-demo,0.385445993056,1.243500000000,0.158973589215,0.987282835834
2024-01-06T18:11:00Z,fourier-demo,0.153100346176,1.243650000000,0.160488984254,0.987037631468
2024-01-06T18:12:00Z,fourier-demo,-0.072721322161,1.243800000000,0.162004001093,0.986790101100
2024-01-06T18:13:00Z,fourier-demo,-0.284441845237,1.243950000000,0.163518636162,0.986540245316
2024-01-06T18:14:00Z,fourier-demo,-0.474760037165,1.244100000000,0.165032885891,0.986288064702
2024-01-06T18:15:00Z,fourier-demo,-0.636964455860,1.244250000000,0.166546746713,0.986033559854
2024-01-06T18:16:00Z,fourier-demo,-0.765227077825,1.244400000000,0.168060215059,0.985776731372
2024-01-06T18:17:00Z,fourier-demo,-0.854864330629,1.244550000000,0.169573287364,0.985517579860
2024-01-06T18:18:00Z,fourier-demo,-0.902554206171,1.244700000000,0.171085960061,0.985256105929
2024-01-06T18:19:00Z,fourier-demo,-0.906499928453,1.244850000000,0.172598229586,0.984992310195
2024-01-06T18:20:00Z,fourier-demo,-0.866532802854,1.245000000000,0.174110092375,0.984726193281
2024-01-06T18:21:00Z,fourier-demo,-0.784149342156,1.245150000000,0.175621544865,0.984457755812
2024-01-06T18:22:00Z,fourier-demo,-0.662480447206,1.245300000000,0.177132583495,0.984186998423
2024-01-06T18:23:00Z,fourier-demo,-0.506193207286,1.245450000000,0.178643204704,0.983913921750
2024-01-06T18:24:00Z,fourier-demo,-0.321328662852,1.245600000000,0.180153404931,0.983638526437
2024-01-06T18:25:00Z,fourier-demo,-0.115081527032,1.245750000000,0.181663180618,0.983360813134
2024-01-06T18:26:00Z,fourier-demo,0.104469716962,1.245900000000,0.183172528208,0.983080782494
2024-01-06T18:27:00Z,fourier-demo,0.328671837701,1.246050000000,0.184681444143,0.982798435179
2024-01-06T18:28:00Z,fourier-demo,0.548632823794,1.246200000000,0.186189924867,0.982513771852
2024-01-06T18:29:00Z,fourier-demo,0.755571446667,1.246350000000,0.187697966826,0.982226793185
2024-01-06T18:30:00Z,fourier-demo,0.941166425977,1.246500000000,0.189205566465,0.981937499854
2024-01-06T18:31:00Z,fourier-demo,1.097891132319,1.246650000000,0.190712720233,0.981645892540
2024-01-06T18:32:00Z,fourier-demo,1.219320259850,1.246800000000,0.192219424577,0.981351971932
2024-01-06T18:33:00Z,fourier-demo,1.300395952151,1.246950000000,0.193725675947,0.981055738722
2024-01-06T18:34:00Z,fourier-demo,1.337642426937,1.247100000000,0.195231470794,0.980757193607
2024-01-06T18:35:00Z,fourier-demo,1.329320156978,1.247250000000,0.196736805568,0.980456337291
2024-01-06T18:36:00Z,fourier-demo,1.275513045267,1.247400000000,0.198241676723,0.980153170484
2024-01-06T18:37:00Z,fourier-demo,1.178144686438,1.247550000000,0.199746080711,0.979847693900
2024-01-06T18:38:00Z,fourier-demo,1.040922626675,1.247700000000,0.201250013989,0.979539908258
2024-01-06T18:39:00Z,fourier-demo,0.869212407035,1.247850000000,0.202753473011,0.979229814284
2024-01-06T18:40:00Z,fourier-demo,0.669845984048,1.248000000000,0.204256454236,0.978917412708
2024-01-06T18:41:00Z,fourier-demo,0.450871752939,1.248150000000,0.205758954120,0.978602704267
2024-01-06T18:42:00Z,fourier-demo,0.221255746172,1.248300000000,0.207260969124,0.978285689703
2024-01-06T18:43:00Z,fourier-demo,-0.009454451947,1.248450000000,0.208762495707,0.977966369762
2024-01-06T18:44:00Z,fourier-demo,-0.231490025168,1.248600000000,0.210263530331,0.977644745198
2024-01-06T18:45:00Z,fourier-demo,-0.435231442158,1.248750000000,0.211764069460,0.977320816767
2024-01-06T18:46:00Z,fourier-demo,-0.611574705649,1.248900000000,0.213264109557,0.976994585233
2024-01-06T18:47:00Z,fourier-demo,-0.752279020659,1.249050000000,0.214763647086,0.976666051366
2024-01-06T18:48:00Z,fourier-demo,-0.850282292657,1.249200000000,0.216262678515,0.976335215938
2024-01-06T18:49:00Z,fourier-demo,-0.899972134337,1.249350000000,0.217761200311,0.976002079731
2024-01-06T18:50:00Z,fourier-demo,-0.897401820035,1.249500000000,0.219259208942,0.975666643528
2024-01-06T18:51:00Z,fourier-demo,-0.840442808744,1.249650000000,0.220756700879,0.975328908121
2024-01-06T18:52:00Z,fourier-demo,-0.728867972104,1.249800000000,0.222253672592,0.974988874306
2024-01-06T18:53:00Z,fourier-demo,-0.564362411128,1.249950000000,0.223750120553,0.974646542882
2024-01-06T18:54:00Z,fourier-demo,-0.350461613841,1.250100000000,0.225246041237,0.974301914658
2024-01-06T18:55:00Z,fourier-demo,-0.092419579754,1.250250000000,0.226741431118,0.973954990446
2024-01-06T18:56:00Z,fourier-demo,0.202987699627,1.250400000000,0.228236286672,0.973605771063
2024-01-06T18:57:00Z,fourier-demo,0.527715473627,1.250550000000,0.229730604376,0.973254257331
2024-01-06T18:58:00Z,fourier-demo,0.872750030318,1.250700000000,0.231224380709,0.972900450080
2024-01-06T18:59:00Z,fourier-demo,1.228443106591,1.250850000000,0.232717612151,0.972544350143
2024-01-06T19:00:00Z,fourier-demo,1.584867637518,1.251000000000,0.234210295184,0.972185958359
2024-01-06T19:01:00Z,fourier-demo,1.932180789334,1.251150000000,0.235702426288,0.971825275573
2024-01-06T19:02:00Z,fourier-demo,2.260980005056,1.251300000000,0.237194001948,0.971462302634
2024-01-06T19:03:00Z,fourier-demo,2.562638151139,1.251450000000,0.238685018650,0.971097040399
2024-01-06T19:04:00Z,fourier-demo,2.829604771645,1.251600000000,0.240175472879,0.970729489728
2024-01-06T19:05:00Z,fourier-demo,3.055661894317,1.251750000000,0.241665361123,0.970359651487
2024-01-06T19:06:00Z,fourier-demo,3.236124730893,1.251900000000,0.243154679872,0.969987526547
2024-01-06T19:07:00Z,fourier-demo,3.367979893511,1.252050000000,0.244643425615,0.969613115786
2024-01-06T19:08:00Z,fourier-demo,3.449956316284,1.252200000000,0.246131594844,0.969236420085
2024-01-06T19:09:00Z,fourier-demo,3.482526820732,1.252350000000,0.247619184052,0.968857440333
2024-01-06T19:10:00Z,fourier-demo,3.467841083156,1.252500000000,0.249106189734,0.968476177423
2024-01-06T19:11:00Z,fourier-demo,3.409593536036,1.252650000000,0.250592608385,0.968092632253
2024-01-06T19:12:00Z,fourier-demo,3.312832351150,1.252800000000,0.252078436503,0.967706805727
2024-01-06T19:13:00Z,fourier-demo,3.183718002883,1.252950000000,0.253563670587,0.967318698754
2024-01-06T19:14:00Z,fourier-demo,3.029241901028,1.253100000000,0.255048307135,0.966928312248
2024-01-06T19:15:00Z,fourier-demo,2.856917132842,1.253250000000,0.256532342650,0.966535647131
2024-01-06T19:16:00Z,fourier-demo,2.674454402208,1.253400000000,0.258015773635,0.966140704326
2024-01-06T19:17:00Z,fourier-demo,2.489436758094,1.253550000000,0.259498596593,0.965743484765
2024-01-06T19:18:00Z,fourier-demo,2.309006646213,1.253700000000,0.260980808031,0.965343989384
2024-01-06T19:19:00Z,fourier-demo,2.139578200989,1.253850000000,0.262462404455,0.964942219124
2024-01-06T19:20:00Z,fourier-demo,1.986586546911,1.254000000000,0.263943382373,0.964538174932
2024-01-06T19:21:00Z,fourier-demo,1.854284247953,1.254150000000,0.265423738297,0.964131857760
2024-01-06T19:22:00Z,fourier-demo,1.745592999766,1.254300000000,0.266903468737,0.963723268566
2024-01-06T19:23:00Z,fourier-demo,1.662016287390,1.254450000000,0.268382570207,0.963312408313
2024-01-06T19:24:00Z,fourier-demo,1.603616130283,1.254600000000,0.269861039220,0.962899277968
2024-01-06T19:25:00Z,fourier-demo,1.569054314910,1.254750000000,0.271338872293,0.962483878505
2024-01-06T19:26:00Z,fourier-demo,1.555695785939,1.254900000000,0.272816065943,0.962066210904
2024-01-06T19:27:00Z,fourier-demo,1.559769243642,1.255050000000,0.274292616689,0.961646276148
2024-01-06T19:28:00Z,fourier-demo,1.576577586166,1.255200000000,0.275768521052,0.961224075228
2024-01-06T19:29:00Z,fourier-demo,1.600748740582,1.255350000000,0.277243775553,0.960799609137
2024-01-06T19:30:00Z,fourier-demo,1.626515732924,1.255500000000,0.278718376716,0.960372878876
2024-01-06T19:31:00Z,fourier-demo,1.648013624638,1.255650000000,0.280192321065,0.959943885452
2024-01-06T19:32:00Z,fourier-demo,1.659580241689,1.255800000000,0.281665605129,0.959512629874
2024-01-06T19:33:00Z,fourier-demo,1.656047471740,1.255950000000,0.283138225434,0.959079113159
2024-01-06T19:34:00Z,fourier-demo,1.633010310516,1.256100000000,0.284610178510,0.958643336329
2024-01-06T19:35:00Z,fourier-demo,1.587061783808,1.256250000000,0.286081460890,0.958205300411
2024-01-06T19:36:00Z,fourier-demo,1.515983317093,1.256400000000,0.287552069104,0.957765006436
2024-01-06T19:37:00Z,fourier-demo,1.418882010680,1.256550000000,0.289021999689,0.957322455443
2024-01-06T19:38:00Z,fourier-demo,1.296268526106,1.256700000000,0.290491249179,0.956877648475
2024-01-06T19:39:00Z,fourier-demo,1.150071806132,1.256850000000,0.291959814114,0.956430586578
2024-01-06T19:40:00Z,fourier-demo,0.983589531453,1.257000000000,0.293427691031,0.955981270808
2024-01-06T19:41:00Z,fourier-demo,0.801375950890,1.257150000000,0.294894876472,0.955529702223
2024-01-06T19:42:00Z,fourier-demo,0.609071394591,1.257300000000,0.296361366979,0.955075881887
2024-01-06T19:43:00Z,fourier-demo,0.413180280449,1.257450000000,0.297827159096,0.954619810870
2024-01-06T19:44:00Z,fourier-demo,0.220806648088,1.257600000000,0.299292249370,0.954161490245
2024-01-06T19:45:00Z,fourier-demo,0.039358109542,1.257750000000,0.300756634347,0.953700921094
2024-01-06T19:46:00Z,fourier-demo,-0.123769487012,1.257900000000,0.302220310578,0.953238104502
2024-01-06T19:47:00Z,fourier-demo,-0.261513483722,1.258050000000,0.303683274611,0.952773041559
2024-01-06T19:48:00Z,fourier-demo,-0.367458378373,1.258200000000,0.305145523001,0.952305733361
2024-01-06T19:49:00Z,fourier-demo,-0.436128984569,1.258350000000,0.306607052301,0.951836181010
2024-01-06T19:50:00Z,fourier-demo,-0.463250205379,1.258500000000,0.308067859067,0.951364385612
2024-01-06T19:51:00Z,fourier-demo,-0.445962127029,1.258650000000,0.309527939856,0.950890348278
2024-01-06T19:52:00Z,fourier-demo,-0.382980901309,1.258800000000,0.310987291228,0.950414070127
2024-01-06T19:53:00Z,fourier-demo,-0.274698050379,1.258950000000,0.312445909744,0.949935552279
2024-01-06T19:54:00Z,fourier-demo,-0.123213307979,1.259100000000,0.313903791966,0.949454795864
2024-01-06T19:55:00Z,fourier-demo,0.067701194340,1.259250000000,0.315360934460,0.948971802014
2024-01-06T19:56:00Z,fourier-demo,0.292704788306,1.259400000000,0.316817333790,0.948486571866
2024-01-06T19:57:00Z,fourier-demo,0.545056780728,1.259550000000,0.318272986525,0.947999106565
2024-01-06T19:58:00Z,fourier-demo,0.816843554766,1.259700000000,0.319727889235,0.947509407260
2024-01-06T19:59:00Z,fourier-demo,1.099255768751,1.259850000000,0.321182038491,0.947017475103
2024-01-06T20:00:00Z,fourier-demo,1.382905063837,1.260000000000,0.322635430866,0.946523311255
2024-01-06T20:01:00Z,fourier-demo,1.658168015826,1.260150000000,0.324088062935,0.946026916881
2024-01-06T20:02:00Z,fourier-demo,1.915543880887,1.260300000000,0.325539931276,0.945528293149
2024-01-06T20:03:00Z,fourier-demo,2.146012039661,1.260450000000,0.326991032467,0.945027441235
2024-01-06T20:04:00Z,fourier-demo,2.341374967071,1.260600000000,0.328441363087,0.944524362319
2024-01-06T20:05:00Z,fourier-demo,2.494573051046,1.260750000000,0.329890919720,0.944019057586
2024-01-06T20:06:00Z,fourier-demo,2.599958633604,1.260900000000,0.331339698950,0.943511528228
2024-01-06T20:07:00Z,fourier-demo,2.653518211250,1.261050000000,0.332787697362,0.943001775441
2024-01-06T20:08:00Z,fourier-demo,2.653033746301,1.261200000000,0.334234911544,0.942489800425
2024-01-06T20:09:00Z,fourier-demo,2.598176426002,1.261350000000,0.335681338085,0.941975604388
2024-01-06T20:10:00Z,fourier-demo,2.490528866367,1.261500000000,0.337126973578,0.941459188540
2024-01-06T20:11:00Z,fourier-demo,2.333534585607,1.261650000000,0.338571814615,0.940940554099
2024-01-06T20:12:00Z,fourier-demo,2.132376453719,1.261800000000,0.340015857791,0.940419702288
2024-01-06T20:13:00Z,fourier-demo,1.893788644084,1.261950000000,0.341459099704,0.939896634332
2024-01-06T20:14:00Z,fourier-demo,1.625809255815,1.262100000000,0.342901536952,0.939371351466
2024-01-06T20:15:00Z,fourier-demo,1.337483135383,1.262250000000,0.344343166137,0.938843854927
2024-01-06T20:16:00Z,fourier-demo,1.038526407113,1.262400000000,0.345783983861,0.938314145958
2024-01-06T20:17:00Z,fourier-demo,0.738965744632,1.262550000000,0.347223986728,0.937782225808
2024-01-06T20:18:00Z,fourier-demo,0.448766417381,1.262700000000,0.348663171346,0.937248095729
2024-01-06T20:19:00Z,fourier-demo,0.177463587597,1.262850000000,0.350101534322,0.936711756980
2024-01-06T20:20:00Z,fourier-demo,-0.066188804246,1.263000000000,0.351539072268,0.936173210826
2024-01-06T20:21:00Z,fourier-demo,-0.274537937958,1.263150000000,0.352975781795,0.935632458536
2024-01-06T20:22:00Z,fourier-demo,-0.441308423125,1.263300000000,0.354411659518,0.935089501384
2024-01-06T20:23:00Z,fourier-demo,-0.561824394545,1.263450000000,0.355846702053,0.934544340648
2024-01-06T20:24:00Z,fourier-demo,-0.633168938999,1.263600000000,0.357280906019,0.933996977615
2024-01-06T20:25:00Z,fourier-demo,-0.654274903782,1.263750000000,0.358714268035,0.933447413574
2024-01-06T20:26:00Z,fourier-demo,-0.625943875715,1.263900000000,0.360146784724,0.932895649820
2024-01-06T20:27:00Z,fourier-demo,-0.550792980069,1.264050000000,0.361578452710,0.932341687653
2024-01-06T20:28:00Z,fourier-demo,-0.433132016433,1.264200000000,0.363009268620,0.931785528379
2024-01-06T20:29:00Z,fourier-demo,-0.278776207289,1.264350000000,0.364439229081,0.931227173308
2024-01-06T20:30:00Z,fourier-demo,-0.094802373660,1.264500000000,0.365868330723,0.930666623756
2024-01-06T20:31:00Z,fourier-demo,0.110741431342,1.264650000000,0.367296570180,0.930103881045
2024-01-06T20:32:00Z,fourier-demo,0.329160994909,1.264800000000,0.368723944085,0.929538946499
2024-01-06T20:33:00Z,fourier-demo,0.551462564466,1.264950000000,0.370150449074,0.928971821451
2024-01-06T20:34:00Z,fourier-demo,0.768707069937,1.265100000000,0.371576081787,0.928402507237
2024-01-06T20:35:00Z,fourier-demo,0.972357782243,1.265250000000,0.373000838862,0.927831005199
2024-01-06T20:36:00Z,fourier-demo,1.154607594244,1.265400000000,0.374424716944,0.927257316683
2024-01-06T20:37:00Z,fourier-demo,1.308673019928,1.265550000000,0.375847712676,0.926681443041
2024-01-06T20:38:00Z,fourier-demo,1.429043435957,1.265700000000,0.377269822705,0.926103385630
2024-01-06T20:39:00Z,fourier-demo,1.511675976815,1.265850000000,0.378691043680,0.925523145813
2024-01-06T20:40:00Z,fourier-demo,1.554128762782,1.266000000000,0.380111372252,0.924940724957
2024-01-06T20:41:00Z,fourier-demo,1.555627694834,1.266150000000,0.381530805073,0.924356124435
2024-01-06T20:42:00Z,fourier-demo,1.517064787441,1.266300000000,0.382949338799,0.923769345623
2024-01-06T20:43:00Z,fourier-demo,1.440928816551,1.266450000000,0.384366970087,0.923180389906
2024-01-06T20:44:00Z,fourier-demo,1.331171820986,1.266600000000,0.385783695595,0.922589258670
2024-01-06T20:45:00Z,fourier-demo,1.193017598074,1.266750000000,0.387199511986,0.921995953309
2024-01-06T20:46:00Z,fourier-demo,1.032720672584,1.266900000000,0.388614415924,0.921400475220
2024-01-06T20:47:00Z,fourier-demo,0.857286196776,1.267050000000,0.390028404072,0.920802825808
2024-01-06T20:48:00Z,fourier-demo,0.674162778563,1.267200000000,0.391441473101,0.920203006481
2024-01-06T20:49:00Z,fourier-demo,0.490921272502,1.267350000000,0.392853619679,0.919601018652
2024-01-06T20:50:00Z,fourier-demo,0.314933063349,1.267500000000,0.394264840479,0.918996863739
2024-01-06T20:51:00Z,fourier-demo,0.153061305528,1.267650000000,0.395675132175,0.918390543167
2024-01-06T20:52:00Z,fourier-demo,0.011377958289,1.267800000000,0.397084491445,0.917782058364
2024-01-06T20:53:00Z,fourier-demo,-0.105081697085,1.267950000000,0.398492914965,0.917171410764
2024-01-06T20:54:00Z,fourier-demo,-0.192517005945,1.268100000000,0.399900399419,0.916558601806
2024-01-06T20:55:00Z,fourier-demo,-0.248504349145,1.268250000000,0.401306941488,0.915943632935
2024-01-06T20:56:00Z,fourier-demo,-0.272078379268,1.268400000000,0.402712537858,0.915326505599
2024-01-06T20:57:00Z,fourier-demo,-0.263749051679,1.268550000000,0.404117185217,0.914707221253
2024-01-06T20:58:00Z,fourier-demo,-0.225454137403,1.268700000000,0.405520880255,0.914085781356
2024-01-06T20:59:00Z,fourier-demo,-0.160449630495,1.268850000000,0.406923619664,0.913462187373
2024-01-06T21:00:00Z,fourier-demo,-0.073143081303,1.269000000000,0.408325400138,0.912836440772
2024-01-06T21:01:00Z,fourier-demo,0.031122710021,1.269150000000,0.409726218374,0.912208543030
2024-01-06T21:02:00Z,fourier-demo,0.146326117647,1.269300000000,0.411126071071,0.911578495625
2024-01-06T21:03:00Z,fourier-demo,0.266052023932,1.269450000000,0.412524954929,0.910946300042
2024-01-06T21:04:00Z,fourier-demo,0.383793640992,1.269600000000,0.413922866653,0.910311957771
2024-01-06T21:05:00Z,fourier-demo,0.493257705990,1.269750000000,0.415319802949,0.909675470307
2024-01-06T21:06:00Z,fourier-demo,0.588659794902,1.269900000000,0.416715760523,0.909036839150
2024-01-06T21:07:00Z,fourier-demo,0.664996915070,1.270050000000,0.418110736087,0.908396065804
2024-01-06T21:08:00Z,fourier-demo,0.718285491933,1.270200000000,0.419504726354,0.907753151780
2024-01-06T21:09:00Z,fourier-demo,0.745754320552,1.270350000000,0.420897728037,0.907108098593
2024-01-06T21:10:00Z,fourier-demo,0.745983947688,1.270500000000,0.422289737855,0.906460907763
2024-01-06T21:11:00Z,fourier-demo,0.718986206805,1.270650000000,0.423680752528,0.905811580814
2024-01-06T21:12:00Z,fourier-demo,0.666220153036,1.270800000000,0.425070768777,0.905160119278
2024-01-06T21:13:00Z,fourier-demo,0.590543333151,1.270950000000,0.426459783326,0.904506524689
2024-01-06T21:14:00Z,fourier-demo,0.496100065513,1.271100000000,0.427847792903,0.903850798588
2024-01-06T21:15:00Z,fourier-demo,0.388151082970,1.271250000000,0.429234794236,0.903192942520
2024-01-06T21:16:00Z,fourier-demo,0.272851396414,1.271400000000,0.430620784057,0.902532958034
2024-01-06T21:17:00Z,fourier-demo,0.156985463737,1.271550000000,0.432005759100,0.901870846687
2024-01-06T21:18:00Z,fourier-demo,0.047670605317,1.271700000000,0.433389716101,0.901206610039
2024-01-06T21:19:00Z,fourier-demo,-0.047958985195,1.271850000000,0.434772651798,0.900540249655
2024-01-06T21:20:00Z,fourier-demo,-0.123074386536,1.272000000000,0.436154562933,0.899871767105
2024-01-06T21:21:00Z,fourier-demo,-0.171466651100,1.272150000000,0.437535446249,0.899201163965
2024-01-06T21:22:00Z,fourier-demo,-0.187840671623,1.272300000000,0.438915298493,0.898528441814
2024-01-06T21:23:00Z,fourier-demo,-0.168075589878,1.272450000000,0.440294116411,0.897853602239
2024-01-06T21:24:00Z,fourier-demo,-0.109440417253,1.272600000000,0.441671896756,0.897176646829
2024-01-06T21:25:00Z,fourier-demo,-0.010755305200,1.272750000000,0.443048636280,0.896497577180
2024-01-06T21:26:00Z,fourier-demo,0.127508924656,1.272900000000,0.444424331739,0.895816394893
2024-01-06T21:27:00Z,fourier-demo,0.303197893329,1.273050000000,0.445798979891,0.895133101571
2024-01-06T21:28:00Z,fourier-demo,0.512509620470,1.273200000000,0.447172577496,0.894447698826
2024-01-06T21:29:00Z,fourier-demo,0.750098716884,1.273350000000,0.448545121319,0.893760188273
2024-01-06T21:30:00Z,fourier-demo,1.009245409956,1.273500000000,0.449916608123,0.893070571531
2024-01-06T21:31:00Z,fourier-demo,1.282083325993,1.273650000000,0.451287034678,0.892378850227
2024-01-06T21:32:00Z,fourier-demo,1.559877515225,1.273800000000,0.452656397753,0.891685025989
2024-01-06T21:33:00Z,fourier-demo,1.833342101455,1.273950000000,0.454024694122,0.890989100454
2024-01-06T21:34:00Z,fourier-demo,2.092985255953,1.274100000000,0.455391920561,0.890291075260
2024-01-06T21:35:00Z,fourier-demo,2.329468003967,1.274250000000,0.456758073847,0.889590952054
2024-01-06T21:36:00Z,fourier-demo,2.533962722285,1.274400000000,0.458123150761,0.888888732484
2024-01-06T21:37:00Z,fourier-demo,2.698497105416,1.274550000000,0.459487148086,0.888184418206
2024-01-06T21:38:00Z,fourier-demo,2.816269871251,1.274700000000,0.460850062608,0.887478010879
2024-01-06T21:39:00Z,fourier-demo,2.881925525951,1.274850000000,0.462211891115,0.886769512169
2024-01-06T21:40:00Z,fourier-demo,2.891777071124,1.275000000000,0.463572630397,0.886058923744
2024-01-06T21:41:00Z,fourier-demo,2.843967552151,1.275150000000,0.464932277249,0.885346247279
2024-01-06T21:42:00Z,fourier-demo,2.738563734112,1.275300000000,0.466290828466,0.884631484455
2024-01-06T21:43:00Z,fourier-demo,2.577577855469,1.275450000000,0.467648280847,0.883914636954
2024-01-06T21:44:00Z,fourier-demo,2.364916242342,1.275600000000,0.469004631192,0.883195706466
2024-01-06T21:45:00Z,fourier-demo,2.106256453868,1.275750000000,0.470359876306,0.882474694686
2024-01-06T21:46:00Z,fourier-demo,1.808857455312,1.275900000000,0.471714012994,0.881751603313
2024-01-06T21:47:00Z,fourier-demo,1.481309966320,1.276050000000,0.473067038066,0.881026434050
2024-01-06T21:48:00Z,fourier-demo,1.133236500061,1.276200000000,0.474418948333,0.880299188607
2024-01-06T21:49:00Z,fourier-demo,0.774952599337,1.276350000000,0.475769740610,0.879569868697
2024-01-06T21:50:00Z,fourier-demo,0.417102307798,1.276500000000,0.477119411712,0.878838476040
2024-01-06T21:51:00Z,fourier-demo,0.070281926431,1.276650000000,0.478467958460,0.878105012357
2024-01-06T21:52:00Z,fourier-demo,-0.255333443245,1.276800000000,0.479815377676,0.877369479379
2024-01-06T21:53:00Z,fourier-demo,-0.550346195323,1.276950000000,0.481161666184,0.876631878838
2024-01-06T21:54:00Z,fourier-demo,-0.806461681824,1.277100000000,0.482506820812,0.875892212473
2024-01-06T21:55:00Z,fourier-demo,-1.016770413465,1.277250000000,0.483850838389,0.875150482026
2024-01-06T21:56:00Z,fourier-demo,-1.175976310629,1.277400000000,0.485193715750,0.874406689245
2024-01-06T21:57:00Z,fourier-demo,-1.280562479000,1.277550000000,0.486535449728,0.873660835884
2024-01-06T21:58:00Z,fourier-demo,-1.328888482754,1.277700000000,0.487876037163,0.872912923700
2024-01-06T21:59:00Z,fourier-demo,-1.321215820865,1.277850000000,0.489215474894,0.872162954455
2024-01-06T22:00:00Z,fourier-demo,-1.259661168548,1.278000000000,0.490553759766,0.871410929917
2024-01-06T22:01:00Z,fourier-demo,-1.148079810507,1.278150000000,0.491890888625,0.870656851858
2024-01-06T22:02:00Z,fourier-demo,-0.991884449884,1.278300000000,0.493226858320,0.869900722055
2024-01-06T22:03:00Z,fourier-demo,-0.797807115417,1.278450000000,0.494561665703,0.869142542289
2024-01-06T22:04:00Z,fourier-demo,-0.573614107281,1.278600000000,0.495895307627,0.868382314349
2024-01-06T22:05:00Z,fourier-demo,-0.327785730505,1.278750000000,0.497227780951,0.867620040024
2024-01-06T22:06:00Z,fourier-demo,-0.069173891638,1.278900000000,0.498559082534,0.866855721111
2024-01-06T22:07:00Z,fourier-demo,0.193348572831,1.279050000000,0.499889209239,0.866089359412
2024-01-06T22:08:00Z,fourier-demo,0.451232739459,1.279200000000,0.501218157931,0.865320956732
2024-01-06T22:09:00Z,fourier-demo,0.696578859038,1.279350000000,0.502545925479,0.864550514883
2024-01-06T22:10:00Z,fourier-demo,0.922429182525,1.279500000000,0.503872508754,0.863778035679
2024-01-06T22:11:00Z,fourier-demo,1.123016915615,1.279650000000,0.505197904629,0.863003520942
2024-01-06T22:12:00Z,fourier-demo,1.293961741350,1.279800000000,0.506522109982,0.862226972496
2024-01-06T22:13:00Z,fourier-demo,1.432404605632,1.279950000000,0.507845121691,0.861448392171
2024-01-06T22:14:00Z,fourier-demo,1.537077002555,1.280100000000,0.509166936640,0.860667781803
2024-01-06T22:15:00Z,fourier-demo,1.608302720133,1.280250000000,0.510487551712,0.859885143230
2024-01-06T22:16:00Z,fourier-demo,1.647932800098,1.280400000000,0.511806963796,0.859100478297
2024-01-06T22:17:00Z,fourier-demo,1.659217213246,1.280550000000,0.513125169783,0.858313788853
2024-01-06T22:18:00Z,fourier-demo,1.646619341727,1.280700000000,0.514442166566,0.857525076752
2024-01-06T22:19:00Z,fourier-demo,1.615581685672,1.280850000000,0.515757951042,0.856734343853
2024-01-06T22:20:00Z,fourier-demo,1.572253178941,1.281000000000,0.517072520110,0.855941592018
2024-01-06T22:21:00Z,fourier-demo,1.523190027489,1.281150000000,0.518385870672,0.855146823117
2024-01-06T22:22:00Z,fourier-demo,1.475043012234,1.281300000000,0.519697999633,0.854350039022
2024-01-06T22:23:00Z,fourier-demo,1.434244685320,1.281450000000,0.521008903901,0.853551241611
2024-01-06T22:24:00Z,fourier-demo,1.406709815656,1.281600000000,0.522318580388,0.852750432766
2024-01-06T22:25:00Z,fourier-demo,1.397561810996,1.281750000000,0.523627026005,0.851947614374
2024-01-06T22:26:00Z,fourier-demo,1.410896686944,1.281900000000,0.524934237671,0.851142788327
2024-01-06T22:27:00Z,fourier-demo,1.449594517277,1.282050000000,0.526240212304,0.850335956522
2024-01-06T22:28:00Z,fourier-demo,1.515186253538,1.282200000000,0.527544946828,0.849527120860
2024-01-06T22:29:00Z,fourier-demo,1.607781430774,1.282350000000,0.528848438167,0.848716283247
2024-01-06T22:30:00Z,fourier-demo,1.726059679409,1.282500000000,0.530150683249,0.847903445594
2024-01-06T22:31:00Z,fourier-demo,1.867326248851,1.282650000000,0.531451679007,0.847088609817
2024-01-06T22:32:00Z,fourier-demo,2.027629029439,1.282800000000,0.532751422373,0.846271777835
2024-01-06T22:33:00Z,fourier-demo,2.201931948851,1.282950000000,0.534049910286,0.845452951573
2024-01-06T22:34:00Z,fourier-demo,2.384337225660,1.283100000000,0.535347139684,0.844632132962
2024-01-06T22:35:00Z,fourier-demo,2.568346885801,1.283250000000,0.536643107512,0.843809323935
2024-01-06T22:36:00Z,fourier-demo,2.747152273705,1.283400000000,0.537937810715,0.842984526432
2024-01-06T22:37:00Z,fourier-demo,2.913939088471,1.283550000000,0.539231246241,0.842157742396
2024-01-06T22:38:00Z,fourier-demo,3.062194796824,1.283700000000,0.540523411044,0.841328973775
2024-01-06T22:39:00Z,fourier-demo,3.186005147184,1.283850000000,0.541814302078,0.840498222522
2024-01-06T22:40:00Z,fourier-demo,3.280326938756,1.284000000000,0.543103916301,0.839665490596
2024-01-06T22:41:00Z,fourier-demo,3.341225168742,1.284150000000,0.544392250674,0.838830779959
2024-01-06T22:42:00Z,fourier-demo,3.366064149820,1.284300000000,0.545679302161,0.837994092576
2024-01-06T22:43:00Z,fourier-demo,3.353644098685,1.284450000000,0.546965067729,0.837155430422
2024-01-06T22:44:00Z,fourier-demo,3.304276965830,1.284600000000,0.548249544347,0.836314795471
2024-01-06T22:45:00Z,fourier-demo,3.219797813464,1.284750000000,0.549532728990,0.835472189704
2024-01-06T22:46:00Z,fourier-demo,3.103510747440,1.284900000000,0.550814618633,0.834627615108
2024-01-06T22:47:00Z,fourier-demo,2.960071158817,1.285050000000,0.552095210255,0.833781073672
2024-01-06T22:48:00Z,fourier-demo,2.795308717227,1.285200000000,0.553374500838,0.832932567392
2024-01-06T22:49:00Z,fourier-demo,2.615998069977,1.285350000000,0.554652487369,0.832082098266
2024-01-06T22:50:00Z,fourier-demo,2.429586433449,1.285500000000,0.555929166834,0.831229668300
2024-01-06T22:51:00Z,fourier-demo,2.243889123625,1.285650000000,0.557204536227,0.830375279502
2024-01-06T22:52:00Z,fourier-demo,2.066765482510,1.285800000000,0.558478592540,0.829518933885
2024-01-06T22:53:00Z,fourier-demo,1.905788557335,1.285950000000,0.559751332772,0.828660633468
2024-01-06T22:54:00Z,fourier-demo,1.767922240897,1.286100000000,0.561022753924,0.827800380273
2024-01-06T22:55:00Z,fourier-demo,1.659219368148,1.286250000000,0.562292852999,0.826938176327
2024-01-06T22:56:00Z,fourier-demo,1.584553493073,1.286400000000,0.563561627004,0.826074023662
2024-01-06T22:57:00Z,fourier-demo,1.547395770956,1.286550000000,0.564829072950,0.825207924314
2024-01-06T22:58:00Z,fourier-demo,1.549646595953,1.286700000000,0.566095187849,0.824339880325
2024-01-06T22:59:00Z,fourier-demo,1.591529463840,1.286850000000,0.567359968718,0.823469893740
2024-01-06T23:00:00Z,fourier-demo,1.671552032820,1.287000000000,0.568623412577,0.822597966609
2024-01-06T23:01:00Z,fourier-demo,1.786536642799,1.287150000000,0.569885516447,0.821724100988
2024-01-06T23:02:00Z,fourier-demo,1.931719735587,1.287300000000,0.571146277355,0.820848298934
2024-01-06T23:03:00Z,fourier-demo,2.100916810201,1.287450000000,0.572405692331,0.819970562513
2024-01-06T23:04:00Z,fourier-demo,2.286746863229,1.287600000000,0.573663758405,0.819090893792
2024-01-06T23:05:00Z,fourier-demo,2.480907814130,1.287750000000,0.574920472613,0.818209294845
2024-01-06T23:06:00Z,fourier-demo,2.674492299791,1.287900000000,0.576175831994,0.817325767749
2024-01-06T23:07:00Z,fourier-demo,2.858331528807,1.288050000000,0.577429833589,0.816440314586
2024-01-06T23:08:00Z,fourier-demo,3.023353683725,1.288200000000,0.578682474444,0.815552937443
2024-01-06T23:09:00Z,fourier-demo,3.160942699163,1.288350000000,0.579933751606,0.814663638410
2024-01-06T23:10:00Z,fourier-demo,3.263283153403,1.288500000000,0.581183662127,0.813772419585
2024-01-06T23:11:00Z,fourier-demo,3.323677495771,1.288650000000,0.582432203061,0.812879283066
2024-01-06T23:12:00Z,fourier-demo,3.336822873537,1.288800000000,0.583679371466,0.811984230959
2024-01-06T23:13:00Z,fourier-demo,3.299036379225,1.288950000000,0.584925164402,0.811087265372
2024-01-06T23:14:00Z,fourier-demo,3.208419550011,1.289100000000,0.586169578935,0.810188388420
2024-01-06T23:15:00Z,fourier-demo,3.064955334987,1.289250000000,0.587412612132,0.809287602221
2024-01-06T23:16:00Z,fourier-demo,2.870533407501,1.289400000000,0.588654261063,0.808384908897
2024-01-06T23:17:00Z,fourier-demo,2.628902531775,1.289550000000,0.589894522803,0.807480310576
2024-01-06T23:18:00Z,fourier-demo,2.345551581188,1.289700000000,0.591133394428,0.806573809389
2024-01-06T23:19:00Z,fourier-demo,2.027523633762,1.289850000000,0.592370873019,0.805665407473
2024-01-06T23:20:00Z,fourier-demo,1.683170224338,1.290000000000,0.593606955660,0.804755106968
2024-01-06T23:21:00Z,fourier-demo,1.321855205684,1.290150000000,0.594841639439,0.803842910020
2024-01-06T23:22:00Z,fourier-demo,0.953619666580,1.290300000000,0.596074921445,0.802928818778
2024-01-06T23:23:00Z,fourier-demo,0.588820893443,1.290450000000,0.597306798772,0.802012835397
2024-01-06T23:24:00Z,fourier-demo,0.237759381309,1.290600000000,0.598537268517,0.801094962034
2024-01-06T23:25:00Z,fourier-demo,-0.089691640880,1.290750000000,0.599766327782,0.800175200853
2024-01-06T23:26:00Z,fourier-demo,-0.384439824829,1.290900000000,0.600993973668,0.799253554021
2024-01-06T23:27:00Z,fourier-demo,-0.638496803579,1.291050000000,0.602220203284,0.798330023710
2024-01-06T23:28:00Z,fourier-demo,-0.845258361294,1.291200000000,0.603445013739,0.797404612097
2024-01-06T23:29:00Z,fourier-demo,-0.999730985840,1.291350000000,0.604668402147,0.796477321362
2024-01-06T23:30:00Z,fourier-demo,-1.098696272130,1.291500000000,0.605890365626,0.795548153691
2024-01-06T23:31:00Z,fourier-demo,-1.140807134500,1.291650000000,0.607110901296,0.794617111273
2024-01-06T23:32:00Z,fourier-demo,-1.126612511600,1.291800000000,0.608330006280,0.793684196302
2024-01-06T23:33:00Z,fourier-demo,-1.058510096926,1.291950000000,0.609547677705,0.792749410977
2024-01-06T23:34:00Z,fourier-demo,-0.940629486865,1.292100000000,0.610763912703,0.791812757500
2024-01-06T23:35:00Z,fourier-demo,-0.778650890349,1.292250000000,0.611978708407,0.790874238079
2024-01-06T23:36:00Z,fourier-demo,-0.579567078963,1.292400000000,0.613192061953,0.789933854925
2024-01-06T23:37:00Z,fourier-demo,-0.351398471532,1.292550000000,0.614403970484,0.788991610255
2024-01-06T23:38:00Z,fourier-demo,-0.102873054060,1.292700000000,0.615614431143,0.788047506289
2024-01-06T23:39:00Z,fourier-demo,0.156915837655,1.292850000000,0.616823441077,0.787101545252
2024-01-06T23:40:00Z,fourier-demo,0.418860051751,1.293000000000,0.618030997437,0.786153729373
2024-01-06T23:41:00Z,fourier-demo,0.674181418967,1.293150000000,0.619237097379,0.785204060885
2024-01-06T23:42:00Z,fourier-demo,0.914757105254,1.293300000000,0.620441738058,0.784252542027
2024-01-06T23:43:00Z,fourier-demo,1.133412702811,1.293450000000,0.621644916638,0.783299175040
2024-01-06T23:44:00Z,fourier-demo,1.324171656061,1.293600000000,0.622846630281,0.782343962172
2024-01-06T23:45:00Z,fourier-demo,1.482451488423,1.293750000000,0.624046876158,0.781386905673
2024-01-06T23:46:00Z,fourier-demo,1.605199544252,1.293900000000,0.625245651438,0.780428007800
2024-01-06T23:47:00Z,fourier-demo,1.690963494863,1.294050000000,0.626442953297,0.779467270810
2024-01-06T23:48:00Z,fourier-demo,1.739894573184,1.294200000000,0.627638778914,0.778504696969
2024-01-06T23:49:00Z,fourier-demo,1.753684286441,1.294350000000,0.628833125470,0.777540288545
2024-01-06T23:50:00Z,fourier-demo,1.735438095662,1.294500000000,0.630025990152,0.776574047811
2024-01-06T23:51:00Z,fourier-demo,1.689492132406,1.294650000000,0.631217370147,0.775605977043
2024-01-06T23:52:00Z,fourier-demo,1.621181341031,1.294800000000,0.632407262649,0.774636078523
2024-01-06T23:53:00Z,fourier-demo,1.536569394558,1.294950000000,0.633595664853,0.773664354536
2024-01-06T23:54:00Z,fourier-demo,1.442152253806,1.295100000000,0.634782573959,0.772690807373
2024-01-06T23:55:00Z,fourier-demo,1.344548261556,1.295250000000,0.635967987169,0.771715439327
2024-01-06T23:56:00Z,fourier-demo,1.250188145053,1.295400000000,0.637151901692,0.770738252697
2024-01-06T23:57:00Z,fourier-demo,1.165018222722,1.295550000000,0.638334314735,0.769759249786
2024-01-06T23:58:00Z,fourier-demo,1.094229479047,1.295700000000,0.639515223514,0.768778432901
2024-01-06T23:59:00Z,fourier-demo,1.042024012636,1.295850000000,0.640694625244,0.767795804354
2024-01-07T00:00:00Z,fourier-demo,1.011428725656,1.296000000000,0.641872517148,0.766811366459
2024-01-07T00:01:00Z,fourier-demo,1.004164076968,1.296150000000,0.643048896448,0.765825121537
2024-01-07T00:02:00Z,fourier-demo,1.020573352068,1.296300000000,0.644223760373,0.764837071912
2024-01-07T00:03:00Z,fourier-demo,1.059615309281,1.296450000000,0.645397106155,0.763847219912
2024-01-07T00:04:00Z,fourier-demo,1.118920351828,1.296600000000,0.646568931028,0.762855567870
2024-01-07T00:05:00Z,fourier-demo,1.194907662143,1.296750000000,0.647739232230,0.761862118122
2024-01-07T00:06:00Z,fourier-demo,1.282958131351,1.296900000000,0.648908007005,0.760866873011
2024-01-07T00:07:00Z,fourier-demo,1.377635531375,1.297050000000,0.650075252596,0.759869834881
2024-01-07T00:08:00Z,fourier-demo,1.472946309212,1.297200000000,0.651240966255,0.758871006081
2024-01-07T00:09:00Z,fourier-demo,1.562626718716,1.297350000000,0.652405145234,0.757870388966
2024-01-07T00:10:00Z,fourier-demo,1.640444814238,1.297500000000,0.653567786789,0.756867985894
2024-01-07T00:11:00Z,fourier-demo,1.700504162727,1.297650000000,0.654728888181,0.755863799227
2024-01-07T00:12:00Z,fourier-demo,1.737536014680,1.297800000000,0.655888446673,0.754857831330
2024-01-07T00:13:00Z,fourier-demo,1.747167115136,1.297950000000,0.657046459533,0.753850084576
2024-01-07T00:14:00Z,fourier-demo,1.726151316229,1.298100000000,0.658202924032,0.752840561338
2024-01-07T00:15:00Z,fourier-demo,1.672554632722,1.298250000000,0.659357837444,0.751829263996
2024-01-07T00:16:00Z,fourier-demo,1.585885300872,1.298400000000,0.660511197049,0.750816194932
2024-01-07T00:17:00Z,fourier-demo,1.467162680034,1.298550000000,0.661663000128,0.749801356535
2024-01-07T00:18:00Z,fourier-demo,1.318921381806,1.298700000000,0.662813243966,0.748784751195
2024-01-07T00:19:00Z,fourier-demo,1.145149718279,1.298850000000,0.663961925854,0.747766381309
2024-01-07T00:20:00Z,fourier-demo,0.951164317148,1.299000000000,0.665109043084,0.746746249276
2024-01-07T00:21:00Z,fourier-demo,0.743425443205,1.299150000000,0.666254592954,0.745724357500
2024-01-07T00:22:00Z,fourier-demo,0.529300081232,1.299300000000,0.667398572762,0.744700708389
2024-01-07T00:23:00Z,fourier-demo,0.316782070156,1.299450000000,0.668540979815,0.743675304356
2024-01-07T00:24:00Z,fourier-demo,0.114180439244,1.299600000000,0.669681811419,0.742648147816
2024-01-07T00:25:00Z,fourier-demo,-0.070211493946,1.299750000000,0.670821064886,0.741619241191
2024-01-07T00:26:00Z,fourier-demo,-0.228452806648,1.299900000000,0.671958737531,0.740588586906
2024-01-07T00:27:00Z,fourier-demo,-0.353283630548,1.300050000000,0.673094826674,0.739556187388
2024-01-07T00:28:00Z,fourier-demo,-0.438432202606,1.300200000000,0.674229329638,0.738522045071
2024-01-07T00:29:00Z,fourier-demo,-0.478887500009,1.300350000000,0.675362243748,0.737486162392
2024-01-07T00:30:00Z,fourier-demo,-0.471125959840,1.300500000000,0.676493566334,0.736448541792
2024-01-07T00:31:00Z,fourier-demo,-0.413282569180,1.300650000000,0.677623294732,0.735409185717
2024-01-07T00:32:00Z,fourier-demo,-0.305258802522,1.300800000000,0.678751426279,0.734368096614
2024-01-07T00:33:00Z,fourier-demo,-0.148762392362,1.300950000000,0.679877958315,0.733325276939
2024-01-07T00:34:00Z,fourier-demo,0.052723355782,1.301100000000,0.681002888187,0.732280729148
2024-01-07T00:35:00Z,fourier-demo,0.294040161427,1.301250000000,0.682126213243,0.731234455702
2024-01-07T00:36:00Z,fourier-demo,0.568521915587,1.301400000000,0.683247930837,0.730186459068
2024-01-07T00:37:00Z,fourier-demo,0.868222312862,1.301550000000,0.684368038325,0.729136741715
2024-01-07T00:38:00Z,fourier-demo,1.184194442408,1.301700000000,0.685486533067,0.728085306117
2024-01-07T00:39:00Z,fourier-demo,1.506811681840,1.301850000000,0.686603412428,0.727032154752
2024-01-07T00:40:00Z,fourier-demo,1.826117531181,1.302000000000,0.687718673775,0.725977290100
2024-01-07T00:41:00Z,fourier-demo,2.132190809292,1.302150000000,0.688832314480,0.724920714649
2024-01-07T00:42:00Z,fourier-demo,2.415511963398,1.302300000000,0.689944331920,0.723862430888
2024-01-07T00:43:00Z,fourier-demo,2.667316141541,1.302450000000,0.691054723473,0.722802441311
2024-01-07T00:44:00Z,fourier-demo,2.879919153319,1.302600000000,0.692163486523,0.721740748416
2024-01-07T00:45:00Z,fourier-demo,3.047003477898,1.302750000000,0.693270618457,0.720677354705
2024-01-07T00:46:00Z,fourier-demo,3.163853029109,1.302900000000,0.694376116666,0.719612262683
2024-01-07T00:47:00Z,fourier-demo,3.227527393643,1.303050000000,0.695479978545,0.718545474861
2024-01-07T00:48:00Z,fourier-demo,3.236968639348,1.303200000000,0.696582201493,0.717476993752
2024-01-07T00:49:00Z,fourier-demo,3.193036450955,1.303350000000,0.697682782911,0.716406821875
2024-01-07T00:50:00Z,fourier-demo,3.098470182934,1.303500000000,0.698781720207,0.715334961752
2024-01-07T00:51:00Z,fourier-demo,2.957779309688,1.303650000000,0.699879010791,0.714261415908
2024-01-07T00:52:00Z,fourier-demo,2.777066585351,1.303800000000,0.700974652077,0.713186186873
2024-01-07T00:53:00Z,fourier-demo,2.563790885000,1.303950000000,0.702068641483,0.712109277181
2024-01-07T00:54:00Z,fourier-demo,2.326479078953,1.304100000000,0.703160976431,0.711030689369
2024-01-07T00:55:00Z,fourier-demo,2.074398296204,1.304250000000,0.704251654346,0.709950425981
2024-01-07T00:56:00Z,fourier-demo,1.817201481350,1.304400000000,0.705340672660,0.708868489560
2024-01-07T00:57:00Z,fourier-demo,1.564560179606,1.304550000000,0.706428028805,0.707784882658
2024-01-07T00:58:00Z,fourier-demo,1.325798955523,1.304700000000,0.707513720219,0.706699607827
2024-01-07T00:59:00Z,fourier-demo,1.109545744550,1.304850000000,0.708597744343,0.705612667625
2024-01-07T01:00:00Z,fourier-demo,0.923411757678,1.305000000000,0.709680098623,0.704524064613
2024-01-07T01:01:00Z,fourier-demo,0.773713336204,1.305150000000,0.710760780508,0.703433801357
2024-01-07T01:02:00Z,fourier-demo,0.665246436609,1.305300000000,0.711839787452,0.702341880426
2024-01-07T01:03:00Z,fourier-demo,0.601122284828,1.305450000000,0.712917116912,0.701248304393
2024-01-07T01:04:00Z,fourier-demo,0.582670262076,1.305600000000,0.713992766349,0.700153075835
2024-01-07T01:05:00Z,fourier-demo,0.609411371984,1.305750000000,0.715066733228,0.699056197333
2024-01-07T01:06:00Z,fourier-demo,0.679102801097,1.305900000000,0.716139015019,0.697957671473
2024-01-07T01:07:00Z,fourier-demo,0.787851237224,1.306050000000,0.717209609194,0.696857500842
2024-01-07T01:08:00Z,fourier-demo,0.930289867901,1.306200000000,0.718278513231,0.695755688033
2024-01-07T01:09:00Z,fourier-demo,1.099811455397,1.306350000000,0.719345724610,0.694652235644
2024-01-07T01:10:00Z,fourier-demo,1.288847676986,1.306500000000,0.720411240818,0.693547146273
2024-01-07T01:11:00Z,fourier-demo,1.489183118478,1.306650000000,0.721475059342,0.692440422526
2024-01-07T01:12:00Z,fourier-demo,1.692290987134,1.306800000000,0.722537177676,0.691332067010
2024-01-07T01:13:00Z,fourier-demo,1.889676819436,1.306950000000,0.723597593317,0.690222082337
2024-01-07T01:14:00Z,fourier-demo,2.073216230241,1.307100000000,0.724656303766,0.689110471124
2024-01-07T01:15:00Z,fourier-demo,2.235473090109,1.307250000000,0.725713306528,0.687997235989
2024-01-07T01:16:00Z,fourier-demo,2.369985411386,1.307400000000,0.726768599112,0.686882379556
2024-01-07T01:17:00Z,fourier-demo,2.471507632545,1.307550000000,0.727822179032,0.685765904452
2024-01-07T01:18:00Z,fourier-demo,2.536199855001,1.307700000000,0.728874043805,0.684647813308
2024-01-07T01:19:00Z,fourier-demo,2.561756829350,1.307850000000,0.729924190951,0.683528108760
2024-01-07T01:20:00Z,fourier-demo,2.547472015413,1.308000000000,0.730972617996,0.682406793445
2024-01-07T01:21:00Z,fourier-demo,2.494234748131,1.308150000000,0.732019322470,0.681283870006
2024-01-07T01:22:00Z,fourier-demo,2.404461317178,1.308300000000,0.733064301906,0.680159341090
2024-01-07T01:23:00Z,fourier-demo,2.281963498076,1.308450000000,0.734107553841,0.679033209345
2024-01-07T01:24:00Z,fourier-demo,2.131760643955,1.308600000000,0.735149075817,0.677905477427
2024-01-07T01:25:00Z,fourier-demo,1.959843754680,1.308750000000,0.736188865379,0.676776147993
2024-01-07T01:26:00Z,fourier-demo,1.772901889206,1.308900000000,0.737226920077,0.675645223704
2024-01-07T01:27:00Z,fourier-demo,1.578022798172,1.309050000000,0.738263237465,0.674512707224
2024-01-07T01:28:00Z,fourier-demo,1.382380665599,1.309200000000,0.739297815101,0.673378601224
2024-01-07T01:29:00Z,fourier-demo,1.192924320323,1.309350000000,0.740330650547,0.672242908375
2024-01-07T01:30:00Z,fourier-demo,1.016079191192,1.309500000000,0.741361741368,0.671105631354
2024-01-07T01:31:00Z,fourier-demo,0.857475639727,1.309650000000,0.742391085136,0.669966772841
2024-01-07T01:32:00Z,fourier-demo,0.721715137500,1.309800000000,0.743418679424,0.668826335519
2024-01-07T01:33:00Z,fourier-demo,0.612184112217,1.309950000000,0.744444521810,0.667684322077
2024-01-07T01:34:00Z,fourier-demo,0.530923235258,1.310100000000,0.745468609878,0.666540735204
2024-01-07T01:35:00Z,fourier-demo,0.478557550106,1.310250000000,0.746490941214,0.665395577597
2024-01-07T01:36:00Z,fourier-demo,0.454290244558,1.310400000000,0.747511513408,0.664248851954
2024-01-07T01:37:00Z,fourier-demo,0.455960158195,1.310550000000,0.748530324056,0.663100560977
2024-01-07T01:38:00Z,fourier-demo,0.480160403105,1.310700000000,0.749547370758,0.661950707372
2024-01-07T01:39:00Z,fourier-demo,0.522412873336,1.310850000000,0.750562651115,0.660799293849
2024-01-07T01:40:00Z,fourier-demo,0.577391035365,1.311000000000,0.751576162736,0.659646323121
2024-01-07T01:41:00Z,fourier-demo,0.639181327342,1.311150000000,0.752587903232,0.658491797906
2024-01-07T01:42:00Z,fourier-demo,0.701571835078,1.311300000000,0.753597870219,0.657335720923
2024-01-07T01:43:00Z,fourier-demo,0.758355727234,1.311450000000,0.754606061317,0.656178094898
2024-01-07T01:44:00Z,fourier-demo,0.803636270633,1.311600000000,0.755612474150,0.655018922558
2024-01-07T01:45:00Z,fourier-demo,0.832120137354,1.311750000000,0.756617106347,0.653858206634
2024-01-07T01:46:00Z,fourier-demo,0.839386163550,1.311900000000,0.757619955540,0.652695949863
2024-01-07T01:47:00Z,fourier-demo,0.822117708080,1.312050000000,0.758621019365,0.651532154984
2024-01-07T01:48:00Z,fourier-demo,0.778288246988,1.312200000000,0.759620295464,0.650366824737
2024-01-07T01:49:00Z,fourier-demo,0.707291766836,1.312350000000,0.760617781482,0.649199961871
2024-01-07T01:50:00Z,fourier-demo,0.610011806829,1.312500000000,0.761613475068,0.648031569134
2024-01-07T01:51:00Z,fourier-demo,0.488825552669,1.312650000000,0.762607373876,0.646861649280
2024-01-07T01:52:00Z,fourier-demo,0.347542098835,1.312800000000,0.763599475564,0.645690205066
2024-01-07T01:53:00Z,fourier-demo,0.191276758672,1.312950000000,0.764589777793,0.644517239253
2024-01-07T01:54:00Z,fourier-demo,0.026265999000,1.313100000000,0.765578278231,0.643342754604
2024-01-07T01:55:00Z,fourier-demo,-0.140369903791,1.313250000000,0.766564974547,0.642166753888
2024-01-07T01:56:00Z,fourier-demo,-0.300907150679,1.313400000000,0.767549864416,0.640989239875
2024-01-07T01:57:00Z,fourier-demo,-0.447330450991,1.313550000000,0.768532945518,0.639810215341
2024-01-07T01:58:00Z,fourier-demo,-0.571664188102,1.313700000000,0.769514215535,0.638629683063
2024-01-07T01:59:00Z,fourier-demo,-0.666309212829,1.313850000000,0.770493672156,0.637447645825
2024-01-07T02:00:00Z,fourier-demo,-0.724371411291,1.314000000000,0.771471313072,0.636264106411
2024-01-07T02:01:00Z,fourier-demo,-0.739968415326,1.314150000000,0.772447135979,0.635079067611
2024-01-07T02:02:00Z,fourier-demo,-0.708501605396,1.314300000000,0.773421138579,0.633892532217
2024-01-07T02:03:00Z,fourier-demo,-0.626881868113,1.314450000000,0.774393318574,0.632704503025
2024-01-07T02:04:00Z,fourier-demo,-0.493699361327,1.314600000000,0.775363673675,0.631514982835
2024-01-07T02:05:00Z,fourier-demo,-0.309329737509,1.314750000000,0.776332201595,0.630323974450
2024-01-07T02:06:00Z,fourier-demo,-0.075971792577,1.314900000000,0.777298900052,0.629131480676
2024-01-07T02:07:00Z,fourier-demo,0.202385759119,1.315050000000,0.778263766767,0.627937504325
2024-01-07T02:08:00Z,fourier-demo,0.520067842982,1.315200000000,0.779226799466,0.626742048209
2024-01-07T02:09:00Z,fourier-demo,0.869883543603,1.315350000000,0.780187995881,0.625545115146
2024-01-07T02:10:00Z,fourier-demo,1.243357506101,1.315500000000,0.781147353746,0.624346707957
2024-01-07T02:11:00Z,fourier-demo,1.631013666741,1.315650000000,0.782104870800,0.623146829464
2024-01-07T02:12:00Z,fourier-demo,2.022700621857,1.315800000000,0.783060544787,0.621945482497
2024-01-07T02:13:00Z,fourier-demo,2.407946228290,1.315950000000,0.784014373454,0.620742669886
2024-01-07T02:14:00Z,fourier-demo,2.776327805630,1.316100000000,0.784966354555,0.619538394465
2024-01-07T02:15:00Z,fourier-demo,3.117843631110,1.316250000000,0.785916485845,0.618332659073
2024-01-07T02:16:00Z,fourier-demo,3.423271310418,1.316400000000,0.786864765086,0.617125466551
2024-01-07T02:17:00Z,fourier-demo,3.684499077541,1.316550000000,0.787811190043,0.615916819743
2024-01-07T02:18:00Z,fourier-demo,3.894817105717,1.316700000000,0.788755758486,0.614706721498
2024-01-07T02:19:00Z,fourier-demo,4.049157459049,1.316850000000,0.789698468188,0.613495174668
2024-01-07T02:20:00Z,fourier-demo,4.144273318498,1.317000000000,0.790639316929,0.612282182107
2024-01-07T02:21:00Z,fourier-demo,4.178850496330,1.317150000000,0.791578302491,0.611067746675
2024-01-07T02:22:00Z,fourier-demo,4.153546914260,1.317300000000,0.792515422661,0.609851871232
2024-01-07T02:23:00Z,fourier-demo,4.070958555141,1.317450000000,0.793450675230,0.608634558644
2024-01-07T02:24:00Z,fourier-demo,3.935513292366,1.317600000000,0.794384057996,0.607415811781
2024-01-07T02:25:00Z,fourier-demo,3.753296838288,1.317750000000,0.795315568758,0.606195633513
2024-01-07T02:26:00Z,fourier-demo,3.531817719109,1.317900000000,0.796245205322,0.604974026717
2024-01-07T02:27:00Z,fourier-demo,3.279720571270,1.318050000000,0.797172965496,0.603750994271
2024-01-07T02:28:00Z,fourier-demo,3.006459067760,1.318200000000,0.798098847094,0.602526539057
2024-01-07T02:29:00Z,fourier-demo,2.721941341036,1.318350000000,0.799022847934,0.601300663960
2024-01-07T02:30:00Z,fourier-demo,2.436161810345,1.318500000000,0.799944965840,0.600073371870
2024-01-07T02:31:00Z,fourier-demo,2.158833803868,1.318650000000,0.800865198637,0.598844665679
2024-01-07T02:32:00Z,fourier-demo,1.899037271714,1.318800000000,0.801783544157,0.597614548282
2024-01-07T02:33:00Z,fourier-demo,1.664895219330,1.318950000000,0.802700000237,0.596383022579
2024-01-07T02:34:00Z,fourier-demo,1.463291280291,1.319100000000,0.803614564716,0.595150091470
2024-01-07T02:35:00Z,fourier-demo,1.299639142877,1.319250000000,0.804527235439,0.593915757862
2024-01-07T02:36:00Z,fourier-demo,1.177712416299,1.319400000000,0.805438010256,0.592680024663
2024-01-07T02:37:00Z,fourier-demo,1.099541057121,1.319550000000,0.806346887020,0.591442894786
2024-01-07T02:38:00Z,fourier-demo,1.065377774960,1.319700000000,0.807253863589,0.590204371146
2024-01-07T02:39:00Z,fourier-demo,1.073735009070,1.319850000000,0.808158937827,0.588964456661
2024-01-07T02:40:00Z,fourier-demo,1.121490228874,1.320000000000,0.809062107600,0.587723154254
2024-01-07T02:41:00Z,fourier-demo,1.204054577223,1.320150000000,0.809963370779,0.586480466849
2024-01-07T02:42:00Z,fourier-demo,1.315597355781,1.320300000000,0.810862725242,0.585236397376
2024-01-07T02:43:00Z,fourier-demo,1.449316649310,1.320450000000,0.811760168868,0.583990948765
2024-01-07T02:44:00Z,fourier-demo,1.597744588328,1.320600000000,0.812655699543,0.582744123951
2024-01-07T02:45:00Z,fourier-demo,1.753074429559,1.320750000000,0.813549315157,0.581495925874
2024-01-07T02:46:00Z,fourier-demo,1.907495843077,1.320900000000,0.814441013603,0.580246357474
2024-01-07T02:47:00Z,fourier-demo,2.053524564471,1.321050000000,0.815330792780,0.578995421696
2024-01-07T02:48:00Z,fourier-demo,2.184312907380,1.321200000000,0.816218650592,0.577743121488
2024-01-07T02:49:00Z,fourier-demo,2.293928520545,1.321350000000,0.817104584945,0.576489459801
2024-01-07T02:50:00Z,fourier-demo,2.377590175953,1.321500000000,0.817988593754,0.575234439589
2024-01-07T02:51:00Z,fourier-demo,2.431851231296,1.321650000000,0.818870674933,0.573978063810
2024-01-07T02:52:00Z,fourier-demo,2.454723643294,1.321800000000,0.819750826405,0.572720335424
2024-01-07T02:53:00Z,fourier-demo,2.445737925249,1.321950000000,0.820629046095,0.571461257396
2024-01-07T02:54:00Z,fourier-demo,2.405937138075,1.322100000000,0.821505331934,0.570200832693
2024-01-07T02:55:00Z,fourier-demo,2.337805767326,1.322250000000,0.822379681857,0.568939064284
2024-01-07T02:56:00Z,fourier-demo,2.245137055273,1.322400000000,0.823252093803,0.567675955144
2024-01-07T02:57:00Z,fourier-demo,2.132844914690,1.322550000000,0.824122565717,0.566411508248
2024-01-07T02:58:00Z,fourier-demo,2.006728844471,1.322700000000,0.824991095547,0.565145726577
2024-01-07T02:59:00Z,fourier-demo,1.873202202183,1.322850000000,0.825857681247,0.563878613113
2024-01-07T03:00:00Z,fourier-demo,1.738995685875,1.323000000000,0.826722320773,0.562610170842
2024-01-07T03:01:00Z,fourier-demo,1.610848875663,1.323150000000,0.827585012090,0.561340402754
2024-01-07T03:02:00Z,fourier-demo,1.495203144426,1.323300000000,0.828445753163,0.560069311841
2024-01-07T03:03:00Z,fourier-demo,1.397909148082,1.323450000000,0.829304541965,0.558796901098
2024-01-07T03:04:00Z,fourier-demo,1.323961454405,1.323600000000,0.830161376471,0.557523173523
2024-01-07T03:05:00Z,fourier-demo,1.277271692804,1.323750000000,0.831016254663,0.556248132119
2024-01-07T03:06:00Z,fourier-demo,1.260489955452,1.323900000000,0.831869174525,0.554971779890
2024-01-07T03:07:00Z,fourier-demo,1.274882121622,1.324050000000,0.832720134049,0.553694119844
2024-01-07T03:08:00Z,fourier-demo,1.320268397964,1.324200000000,0.833569131228,0.552415154991
2024-01-07T03:09:00Z,fourier-demo,1.395025766790,1.324350000000,0.834416164062,0.551134888346
2024-01-07T03:10:00Z,fourier-demo,1.496154320558,1.324500000000,0.835261230555,0.549853322925
2024-01-07T03:11:00Z,fourier-demo,1.619404746483,1.324650000000,0.836104328715,0.548570461749
2024-01-07T03:12:00Z,fourier-demo,1.759461623674,1.324800000000,0.836945456556,0.547286307841
2024-01-07T03:13:00Z,fourier-demo,1.910174814616,1.324950000000,0.837784612096,0.546000864226
2024-01-07T03:14:00Z,fourier-demo,2.064829172531,1.325100000000,0.838621793356,0.544714133935
2024-01-07T03:15:00Z,fourier-demo,2.216441132190,1.325250000000,0.839456998364,0.543426119999
2024-01-07T03:16:00Z,fourier-demo,2.358069573401,1.325400000000,0.840290225152,0.542136825454
2024-01-07T03:17:00Z,fourier-demo,2.483127693441,1.325550000000,0.841121471757,0.540846253338
2024-01-07T03:18:00Z,fourier-demo,2.585682525038,1.325700000000,0.841950736219,0.539554406692
2024-01-07T03:19:00Z,fourier-demo,2.660729195499,1.325850000000,0.842778016584,0.538261288560
2024-01-07T03:20:00Z,fourier-demo,2.704428022109,1.326000000000,0.843603310903,0.536966901990
2024-01-07T03:21:00Z,fourier-demo,2.714294038954,1.326150000000,0.844426617231,0.535671250033
2024-01-07T03:22:00Z,fourier-demo,2.689330489678,1.326300000000,0.845247933628,0.534374335740
2024-01-07T03:23:00Z,fourier-demo,2.630100120301,1.326450000000,0.846067258158,0.533076162170
2024-01-07T03:24:00Z,fourier-demo,2.538730671746,1.326600000000,0.846884588890,0.531776732380
2024-01-07T03:25:00Z,fourier-demo,2.418853697922,1.326750000000,0.847699923899,0.530476049433
2024-01-07T03:26:00Z,fourier-demo,2.275478609818,1.326900000000,0.848513261263,0.529174116394
2024-01-07T03:27:00Z,fourier-demo,2.114806554689,1.327050000000,0.849324599065,0.527870936331
2024-01-07T03:28:00Z,fourier-demo,1.943991270266,1.327200000000,0.850133935393,0.526566512316
2024-01-07T03:29:00Z,fourier-demo,1.770856301970,1.327350000000,0.850941268341,0.525260847421
2024-01-07T03:30:00Z,fourier-demo,1.603579843082,1.327500000000,0.851746596006,0.523953944725
2024-01-07T03:31:00Z,fourier-demo,1.450359875485,1.327650000000,0.852549916489,0.522645807306
2024-01-07T03:32:00Z,fourier-demo,1.319073192133,1.327800000000,0.853351227898,0.521336438248
2024-01-07T03:33:00Z,fourier-demo,1.216942233218,1.327950000000,0.854150528344,0.520025840636
2024-01-07T03:34:00Z,fourier-demo,1.150223449743,1.328100000000,0.854947815945,0.518714017558
2024-01-07T03:35:00Z,fourier-demo,1.123930128007,1.328250000000,0.855743088820,0.517400972106
2024-01-07T03:36:00Z,fourier-demo,1.141601296457,1.328400000000,0.856536345096,0.516086707375
2024-01-07T03:37:00Z,fourier-demo,1.205126544267,1.328550000000,0.857327582904,0.514771226460
2024-01-07T03:38:00Z,fourier-demo,1.314634380575,1.328700000000,0.858116800379,0.513454532463
2024-01-07T03:39:00Z,fourier-demo,1.468449242893,1.328850000000,0.858903995661,0.512136628486
2024-01-07T03:40:00Z,fourier-demo,1.663119524492,1.329000000000,0.859689166896,0.510817517635
2024-01-07T03:41:00Z,fourier-demo,1.893516144351,1.329150000000,0.860472312232,0.509497203018
2024-01-07T03:42:00Z,fourier-demo,2.152998344787,1.329300000000,0.861253429824,0.508175687747
2024-01-07T03:43:00Z,fourier-demo,2.433640686526,1.329450000000,0.862032517832,0.506852974935
2024-01-07T03:44:00Z,fourier-demo,2.726512729031,1.329600000000,0.862809574419,0.505529067701
2024-01-07T03:45:00Z,fourier-demo,3.022000736543,1.329750000000,0.863584597755,0.504203969164
2024-01-07T03:46:00Z,fourier-demo,3.310159025135,1.329900000000,0.864357586013,0.502877682446
2024-01-07T03:47:00Z,fourier-demo,3.581077333788,1.330050000000,0.865128537371,0.501550210673
2024-01-07T03:48:00Z,fourier-demo,3.825249913747,1.330200000000,0.865897450013,0.500221556973
2024-01-07T03:49:00Z,fourier-demo,4.033931913849,1.330350000000,0.866664322127,0.498891724478
2024-01-07T03:50:00Z,fourier-demo,4.199469100793,1.330500000000,0.867429151905,0.497560716320
2024-01-07T03:51:00Z,fourier-demo,4.315587974392,1.330650000000,0.868191937546,0.496228535637
2024-01-07T03:52:00Z,fourier-demo,4.377634878123,1.330800000000,0.868952677251,0.494895185568
2024-01-07T03:53:00Z,fourier-demo,4.382754703204,1.330950000000,0.869711369228,0.493560669256
2024-01-07T03:54:00Z,fourier-demo,4.330002159547,1.331100000000,0.870468011689,0.492224989844
2024-01-07T03:55:00Z,fourier-demo,4.220381243877,1.331250000000,0.871222602851,0.490888150480
2024-01-07T03:56:00Z,fourier-demo,4.056811367026,1.331400000000,0.871975140935,0.489550154316
2024-01-07T03:57:00Z,fourier-demo,3.844021494830,1.331550000000,0.872725624169,0.488211004504
2024-01-07T03:58:00Z,fourier-demo,3.588376493760,1.331700000000,0.873474050784,0.486870704199
2024-01-07T03:59:00Z,fourier-demo,3.297642539180,1.331850000000,0.874220419016,0.485529256560
2024-01-07T04:00:00Z,fourier-demo,2.980700833626,1.332000000000,0.874964727106,0.484186664749
2024-01-07T04:01:00Z,fourier-demo,2.647220898941,1.332150000000,0.875706973300,0.482842931928
2024-01-07T04:02:00Z,fourier-demo,2.307306268449,1.332300000000,0.876447155850,0.481498061266
2024-01-07T04:03:00Z,fourier-demo,1.971126451615,1.332450000000,0.877185273010,0.480152055931
2024-01-07T04:04:00Z,fourier-demo,1.648549532167,1.332600000000,0.877921323042,0.478804919094
2024-01-07T04:05:00Z,fourier-demo,1.348789673006,1.332750000000,0.878655304210,0.477456653932
2024-01-07T04:06:00Z,fourier-demo,1.080083142049,1.332900000000,0.879387214786,0.476107263620
2024-01-07T04:07:00Z,fourier-demo,0.849405270220,1.333050000000,0.880117053044,0.474756751338
2024-01-07T04:08:00Z,fourier-demo,0.662239056256,1.333200000000,0.880844817265,0.473405120270
2024-01-07T04:09:00Z,fourier-demo,0.522404012492,1.333350000000,0.881570505733,0.472052373601
2024-01-07T04:10:00Z,fourier-demo,0.431951388417,1.333500000000,0.882294116738,0.470698514517
2024-01-07T04:11:00Z,fourier-demo,0.391129215051,1.333650000000,0.883015648576,0.469343546211
2024-01-07T04:12:00Z,fourier-demo,0.398417792947,1.333800000000,0.883735099546,0.467987471874
2024-01-07T04:13:00Z,fourier-demo,0.450633414790,1.333950000000,0.884452467952,0.466630294702
2024-01-07T04:14:00Z,fourier-demo,0.543095385140,1.334100000000,0.885167752104,0.465272017894
2024-01-07T04:15:00Z,fourier-demo,0.669848885553,1.334250000000,0.885880950316,0.463912644651
2024-01-07T04:16:00Z,fourier-demo,0.823934034710,1.334400000000,0.886592060908,0.462552178175
2024-01-07T04:17:00Z,fourier-demo,0.997689698754,1.334550000000,0.887301082204,0.461190621674
2024-01-07T04:18:00Z,fourier-demo,1.183079288784,1.334700000000,0.888008012533,0.459827978355
2024-01-07T04:19:00Z,fourier-demo,1.372024992305,1.334850000000,0.888712850229,0.458464251429
2024-01-07T04:20:00Z,fourier-demo,1.556736654162,1.335000000000,0.889415593631,0.457099444111
2024-01-07T04:21:00Z,fourier-demo,1.730021857310,1.335150000000,0.890116241083,0.455733559616
2024-01-07T04:22:00Z,fourier-demo,1.885564639271,1.335300000000,0.890814790934,0.454366601164
2024-01-07T04:23:00Z,fourier-demo,2.018161677856,1.335450000000,0.891511241538,0.452998571975
2024-01-07T04:24:00Z,fourier-demo,2.123906630692,1.335600000000,0.892205591253,0.451629475274
2024-01-07T04:25:00Z,fourier-demo,2.200315539449,1.335750000000,0.892897838444,0.450259314286
2024-01-07T04:26:00Z,fourier-demo,2.246388718689,1.335900000000,0.893587981479,0.448888092241
2024-01-07T04:27:00Z,fourier-demo,2.262607236417,1.336050000000,0.894276018732,0.447515812371
2024-01-07T04:28:00Z,fourier-demo,2.250864847332,1.336200000000,0.894961948580,0.446142477907
2024-01-07T04:29:00Z,fourier-demo,2.214338946323,1.336350000000,0.895645769409,0.444768092089
2024-01-07T04:30:00Z,fourier-demo,2.157306657124,1.336500000000,0.896327479606,0.443392658152
2024-01-07T04:31:00Z,fourier-demo,2.084914454036,1.336650000000,0.897007077565,0.442016179341
2024-01-07T04:32:00Z,fourier-demo,2.002911639125,1.336800000000,0.897684561684,0.440638658897
2024-01-07T04:33:00Z,fourier-demo,1.917359484338,1.336950000000,0.898359930367,0.439260100067
2024-01-07T04:34:00Z,fourier-demo,1.834328836273,1.337100000000,0.899033182022,0.437880506100
2024-01-07T04:35:00Z,fourier-demo,1.759599430971,1.337250000000,0.899704315064,0.436499880247
2024-01-07T04:36:00Z,fourier-demo,1.698374058688,1.337400000000,0.900373327909,0.435118225762
2024-01-07T04:37:00Z,fourier-demo,1.655020059575,1.337550000000,0.901040218982,0.433735545899
2024-01-07T04:38:00Z,fourier-demo,1.632849448204,1.337700000000,0.901704986711,0.432351843919
2024-01-07T04:39:00Z,fourier-demo,1.633947307576,1.337850000000,0.902367629530,0.430967123081
2024-01-07T04:40:00Z,fourier-demo,1.659056030857,1.338000000000,0.903028145877,0.429581386648
2024-01-07T04:41:00Z,fourier-demo,1.707520607493,1.338150000000,0.903686534195,0.428194637887
2024-01-07T04:42:00Z,fourier-demo,1.777297548752,1.338300000000,0.904342792933,0.426806880064
2024-01-07T04:43:00Z,fourier-demo,1.865027334465,1.338450000000,0.904996920545,0.425418116451
2024-01-07T04:44:00Z,fourier-demo,1.966167550682,1.338600000000,0.905648915488,0.424028350320
2024-01-07T04:45:00Z,fourier-demo,2.075181290147,1.338750000000,0.906298776227,0.422637584947
2024-01-07T04:46:00Z,fourier-demo,2.185773012225,1.338900000000,0.906946501230,0.421245823607
2024-01-07T04:47:00Z,fourier-demo,2.291162005384,1.339050000000,0.907592088971,0.419853069582
2024-01-07T04:48:00Z,fourier-demo,2.384381949458,1.339200000000,0.908235537928,0.418459326154
2024-01-07T04:49:00Z,fourier-demo,2.458593906053,1.339350000000,0.908876846585,0.417064596606
2024-01-07T04:50:00Z,fourier-demo,2.507399422953,1.339500000000,0.909516013430,0.415668884226
2024-01-07T04:51:00Z,fourier-demo,2.525140350324,1.339650000000,0.910153036959,0.414272192302
2024-01-07T04:52:00Z,fourier-demo,2.507172437746,1.339800000000,0.910787915668,0.412874524127
2024-01-07T04:53:00Z,fourier-demo,2.450100793653,1.339950000000,0.911420648063,0.411475882993
2024-01-07T04:54:00Z,fourier-demo,2.351966802093,1.340100000000,0.912051232652,0.410076272196
2024-01-07T04:55:00Z,fourier-demo,2.212378044675,1.340250000000,0.912679667949,0.408675695036
2024-01-07T04:56:00Z,fourier-demo,2.032575088739,1.340400000000,0.913305952473,0.407274154812
2024-01-07T04:57:00Z,fourier-demo,1.815431581655,1.340550000000,0.913930084748,0.405871654827
2024-01-07T04:58:00Z,fourier-demo,1.565386830242,1.340700000000,0.914552063304,0.404468198386
2024-01-07T04:59:00Z,fourier-demo,1.288312831173,1.340850000000,0.915171886675,0.403063788797
2024-01-07T05:00:00Z,fourier-demo,0.991320438297,1.341000000000,0.915789553400,0.401658429369
2024-01-07T05:01:00Z,fourier-demo,0.682511893975,1.341150000000,0.916405062024,0.400252123414
2024-01-07T05:02:00Z,fourier-demo,0.370689208848,1.341300000000,0.917018411095,0.398844874246
2024-01-07T05:03:00Z,fourier-demo,0.065029754187,1.341450000000,0.917629599170,0.397436685181
2024-01-07T05:04:00Z,fourier-demo,-0.225258144995,1.341600000000,0.918238624807,0.396027559538
2024-01-07T05:05:00Z,fourier-demo,-0.491285919549,1.341750000000,0.918845486571,0.394617500637
2024-01-07T05:06:00Z,fourier-demo,-0.724827718152,1.341900000000,0.919450183032,0.393206511801
2024-01-07T05:07:00Z,fourier-demo,-0.918641788109,1.342050000000,0.920052712765,0.391794596355
2024-01-07T05:08:00Z,fourier-demo,-1.066757222081,1.342200000000,0.920653074351,0.390381757627
2024-01-07T05:09:00Z,fourier-demo,-1.164714332001,1.342350000000,0.921251266374,0.388967998946
2024-01-07T05:10:00Z,fourier-demo,-1.209748707369,1.342500000000,0.921847287425,0.387553323644
2024-01-07T05:11:00Z,fourier-demo,-1.200911221066,1.342650000000,0.922441136099,0.386137735053
2024-01-07T05:12:00Z,fourier-demo,-1.139118773294,1.342800000000,0.923032810997,0.384721236511
2024-01-07T05:13:00Z,fourier-demo,-1.027133311486,1.342950000000,0.923622310725,0.383303831355
2024-01-07T05:14:00Z,fourier-demo,-0.869469520141,1.343100000000,0.924209633893,0.381885522925
2024-01-07T05:15:00Z,fourier-demo,-0.672234423969,1.343250000000,0.924794779117,0.380466314565
2024-01-07T05:16:00Z,fourier-demo,-0.442904875176,1.343400000000,0.925377745018,0.379046209617
2024-01-07T05:17:00Z,fourier-demo,-0.190051390438,1.343550000000,0.925958530223,0.377625211429
2024-01-07T05:18:00Z,fourier-demo,0.076981036086,1.343700000000,0.926537133363,0.376203323349
2024-01-07T05:19:00Z,fourier-demo,0.348422778368,1.343850000000,0.927113553075,0.374780548728
2024-01-07T05:20:00Z,fourier-demo,0.614446471192,1.344000000000,0.927687787999,0.373356890920
2024-01-07T05:21:00Z,fourier-demo,0.865536635559,1.344150000000,0.928259836784,0.371932353278
2024-01-07T05:22:00Z,fourier-demo,1.092847592367,1.344300000000,0.928829698080,0.370506939159
2024-01-07T05:23:00Z,fourier-demo,1.288535667876,1.344450000000,0.929397370545,0.369080651924
2024-01-07T05:24:00Z,fourier-demo,1.446052703097,1.344600000000,0.929962852841,0.367653494933
2024-01-07T05:25:00Z,fourier-demo,1.560389407860,1.344750000000,0.930526143635,0.366225471549
2024-01-07T05:26:00Z,fourier-demo,1.628259087624,1.344900000000,0.931087241601,0.364796585137
2024-01-07T05:27:00Z,fourier-demo,1.648214636818,1.345050000000,0.931646145416,0.363366839065
2024-01-07T05:28:00Z,fourier-demo,1.620694341394,1.345200000000,0.932202853762,0.361936236702
2024-01-07T05:29:00Z,fourier-demo,1.547994858368,1.345350000000,0.932757365328,0.360504781418
2024-01-07T05:30:00Z,fourier-demo,1.434172627478,1.345500000000,0.933309678808,0.359072476589
2024-01-07T05:31:00Z,fourier-demo,1.284877803327,1.345650000000,0.933859792899,0.357639325588
2024-01-07T05:32:00Z,fourier-demo,1.107127461267,1.345800000000,0.934407706305,0.356205331793
2024-01-07T05:33:00Z,fourier-demo,0.909027219608,1.345950000000,0.934953417736,0.354770498583
2024-01-07T05:34:00Z,fourier-demo,0.699452438537,1.346100000000,0.935496925904,0.353334829340
2024-01-07T05:35:00Z,fourier-demo,0.487701721528,1.346250000000,0.936038229529,0.351898327446
2024-01-07T05:36:00Z,fourier-demo,0.283136495664,1.346400000000,0.936577327337,0.350460996288
2024-01-07T05:37:00Z,fourier-demo,0.094820941753,1.346550000000,0.937114218055,0.349022839251
2024-01-07T05:38:00Z,fourier-demo,-0.068823535415,1.346700000000,0.937648900420,0.347583859726
2024-01-07T05:39:00Z,fourier-demo,-0.200335757276,1.346850000000,0.938181373170,0.346144061103
2024-01-07T05:40:00Z,fourier-demo,-0.293491796391,1.347000000000,0.938711635052,0.344703446775
2024-01-07T05:41:00Z,fourier-demo,-0.343530916845,1.347150000000,0.939239684815,0.343262020137
2024-01-07T05:42:00Z,fourier-demo,-0.347321880760,1.347300000000,0.939765521216,0.341819784586
2024-01-07T05:43:00Z,fourier-demo,-0.303463517859,1.347450000000,0.940289143014,0.340376743520
2024-01-07T05:44:00Z,fourier-demo,-0.212316137460,1.347600000000,0.940810548977,0.338932900341
2024-01-07T05:45:00Z,fourier-demo,-0.075963171213,1.347750000000,0.941329737875,0.337488258450
2024-01-07T05:46:00Z,fourier-demo,0.101894744423,1.347900000000,0.941846708485,0.336042821252
2024-01-07T05:47:00Z,fourier-demo,0.316108319298,1.348050000000,0.942361459589,0.334596592153
2024-01-07T05:48:00Z,fourier-demo,0.560303363571,1.348200000000,0.942873989974,0.333149574562
2024-01-07T05:49:00Z,fourier-demo,0.827150124739,1.348350000000,0.943384298431,0.331701771888
2024-01-07T05:50:00Z,fourier-demo,1.108666802104,1.348500000000,0.943892383759,0.330253187543
2024-01-07T05:51:00Z,fourier-demo,1.396544522415,1.348650000000,0.944398244759,0.328803824940
2024-01-07T05:52:00Z,fourier-demo,1.682480276847,1.348800000000,0.944901880241,0.327353687496
2024-01-07T05:53:00Z,fourier-demo,1.958504093428,1.348950000000,0.945403289016,0.325902778628
2024-01-07T05:54:00Z,fourier-demo,2.217287057915,1.349100000000,0.945902469904,0.324451101754
2024-01-07T05:55:00Z,fourier-demo,2.452417684258,1.349250000000,0.946399421728,0.322998660296
2024-01-07T05:56:00Z,fourier-demo,2.658635534849,1.349400000000,0.946894143317,0.321545457676
2024-01-07T05:57:00Z,fourier-demo,2.832012841659,1.349550000000,0.947386633505,0.320091497319
2024-01-07T05:58:00Z,fourier-demo,2.970077104409,1.349700000000,0.947876891132,0.318636782651
2024-01-07T05:59:00Z,fourier-demo,3.071870148316,1.349850000000,0.948364915042,0.317181317101
2024-01-07T06:00:00Z,fourier-demo,3.137941807294,1.350000000000,0.948850704085,0.315725104098
2024-01-07T06:01:00Z,fourier-demo,3.170279147569,1.350150000000,0.949334257117,0.314268147073
2024-01-07T06:02:00Z,fourier-demo,3.172174847315,1.350300000000,0.949815572997,0.312810449461
2024-01-07T06:03:00Z,fourier-demo,3.148040888646,1.350450000000,0.950294650592,0.311352014697
2024-01-07T06:04:00Z,fourier-demo,3.103175993902,1.350600000000,0.950771488773,0.309892846216
2024-01-07T06:05:00Z,fourier-demo,3.043497154813,1.350750000000,0.951246086416,0.308432947459
2024-01-07T06:06:00Z,fourier-demo,2.975247081907,1.350900000000,0.951718442403,0.306972321864
2024-01-07T06:07:00Z,fourier-demo,2.904690381482,1.351050000000,0.952188555620,0.305510972875
2024-01-07T06:08:00Z,fourier-demo,2.837811708622,1.351200000000,0.952656424959,0.304048903935
2024-01-07T06:09:00Z,fourier-demo,2.780029029237,1.351350000000,0.953122049319,0.302586118489
2024-01-07T06:10:00Z,fourier-demo,2.735934457141,1.351500000000,0.953585427601,0.301122619985
2024-01-07T06:11:00Z,fourier-demo,2.709073941919,1.351650000000,0.954046558715,0.299658411871
2024-01-07T06:12:00Z,fourier-demo,2.701775419372,1.351800000000,0.954505441572,0.298193497597
2024-01-07T06:13:00Z,fourier-demo,2.715032968100,1.351950000000,0.954962075092,0.296727880617
2024-01-07T06:14:00Z,fourier-demo,2.748452129268,1.352100000000,0.955416458199,0.295261564383
2024-01-07T06:15:00Z,fourier-demo,2.800258941150,1.352250000000,0.955868589822,0.293794552352
2024-01-07T06:16:00Z,fourier-demo,2.867372523987,1.352400000000,0.956318468895,0.292326847980
2024-01-07T06:17:00Z,fourier-demo,2.945538337069,1.352550000000,0.956766094359,0.290858454725
2024-01-07T06:18:00Z,fourier-demo,3.029516631765,1.352700000000,0.957211465158,0.289389376049
2024-01-07T06:19:00Z,fourier-demo,3.113318249809,1.352850000000,0.957654580243,0.287919615414
2024-01-07T06:20:00Z,fourier-demo,3.190477864640,1.353000000000,0.958095438569,0.286449176282
2024-01-07T06:21:00Z,fourier-demo,3.254353121018,1.353150000000,0.958534039099,0.284978062119
2024-01-07T06:22:00Z,fourier-demo,3.298436963509,1.353300000000,0.958970380797,0.283506276391
2024-01-07T06:23:00Z,fourier-demo,3.316669807374,1.353450000000,0.959404462637,0.282033822568
2024-01-07T06:24:00Z,fourier-demo,3.303738123559,1.353600000000,0.959836283594,0.280560704119
2024-01-07T06:25:00Z,fourier-demo,3.255346487823,1.353750000000,0.960265842652,0.279086924515
2024-01-07T06:26:00Z,fourier-demo,3.168451164285,1.353900000000,0.960693138798,0.277612487230
2024-01-07T06:27:00Z,fourier-demo,3.041444815273,1.354050000000,0.961118171026,0.276137395737
2024-01-07T06:28:00Z,fourier-demo,2.874283890856,1.354200000000,0.961540938332,0.274661653514
2024-01-07T06:29:00Z,fourier-demo,2.668552573329,1.354350000000,0.961961439722,0.273185264038
2024-01-07T06:30:00Z,fourier-demo,2.427459739514,1.354500000000,0.962379674205,0.271708230787
2024-01-07T06:31:00Z,fourier-demo,2.155768151344,1.354650000000,0.962795640794,0.270230557244
2024-01-07T06:32:00Z,fourier-demo,1.859657880176,1.354800000000,0.963209338510,0.268752246889
2024-01-07T06:33:00Z,fourier-demo,1.546528697971,1.354950000000,0.963620766377,0.267273303207
2024-01-07T06:34:00Z,fourier-demo,1.224748716495,1.355100000000,0.964029923426,0.265793729682
2024-01-07T06:35:00Z,fourier-demo,0.903358819014,1.355250000000,0.964436808694,0.264313529803
2024-01-07T06:36:00Z,fourier-demo,0.591744313745,1.355400000000,0.964841421220,0.262832707055
2024-01-07T06:37:00Z,fourier-demo,0.299286666178,1.355550000000,0.965243760052,0.261351264931
2024-01-07T06:38:00Z,fourier-demo,0.035009078412,1.355700000000,0.965643824241,0.259869206919
2024-01-07T06:39:00Z,fourier-demo,-0.192769961146,1.355850000000,0.966041612845,0.258386536514
2024-01-07T06:40:00Z,fourier-demo,-0.376761251250,1.356000000000,0.966437124926,0.256903257208
2024-01-07T06:41:00Z,fourier-demo,-0.510994449928,1.356150000000,0.966830359553,0.255419372498
2024-01-07T06:42:00Z,fourier-demo,-0.591060837747,1.356300000000,0.967221315798,0.253934885879
2024-01-07T06:43:00Z,fourier-demo,-0.614299264759,1.356450000000,0.967609992740,0.252449800852
2024-01-07T06:44:00Z,fourier-demo,-0.579917485124,1.356600000000,0.967996389463,0.250964120914
2024-01-07T06:45:00Z,fourier-demo,-0.489043617633,1.356750000000,0.968380505057,0.249477849568
2024-01-07T06:46:00Z,fourier-demo,-0.344705225467,1.356900000000,0.968762338617,0.247990990315
2024-01-07T06:47:00Z,fourier-demo,-0.151736373603,1.357050000000,0.969141889242,0.246503546660
2024-01-07T06:48:00Z,fourier-demo,0.083384118433,1.357200000000,0.969519156039,0.245015522107
2024-01-07T06:49:00Z,fourier-demo,0.352757272721,1.357350000000,0.969894138118,0.243526920164
2024-01-07T06:50:00Z,fourier-demo,0.647342936371,1.357500000000,0.970266834595,0.242037744338
2024-01-07T06:51:00Z,fourier-demo,0.957282518172,1.357650000000,0.970637244593,0.240547998138
2024-01-07T06:52:00Z,fourier-demo,1.272253093711,1.357800000000,0.971005367238,0.239057685076
2024-01-07T06:53:00Z,fourier-demo,1.581839236148,1.357950000000,0.971371201664,0.237566808663
2024-01-07T06:54:00Z,fourier-demo,1.875908215542,1.358100000000,0.971734747007,0.236075372413
2024-01-07T06:55:00Z,fourier-demo,2.144974068283,1.358250000000,0.972096002411,0.234583379840
2024-01-07T06:56:00Z,fourier-demo,2.380536475660,1.358400000000,0.972454967024,0.233090834460
2024-01-07T06:57:00Z,fourier-demo,2.575381389376,1.358550000000,0.972811640002,0.231597739791
2024-01-07T06:58:00Z,fourier-demo,2.723831861700,1.358700000000,0.973166020503,0.230104099350
2024-01-07T06:59:00Z,fourier-demo,2.821939517536,1.358850000000,0.973518107693,0.228609916659
2024-01-07T07:00:00Z,fourier-demo,2.867609465059,1.359000000000,0.973867900740,0.227115195237
2024-01-07T07:01:00Z,fourier-demo,2.860654085462,1.359150000000,0.974215398822,0.225619938608
2024-01-07T07:02:00Z,fourier-demo,2.802773963970,1.359300000000,0.974560601120,0.224124150294
2024-01-07T07:03:00Z,fourier-demo,2.697467109741,1.359450000000,0.974903506819,0.222627833821
2024-01-07T07:04:00Z,fourier-demo,2.549870445252,1.359600000000,0.975244115112,0.221130992716
2024-01-07T07:05:00Z,fourier-demo,2.366540212075,1.359750000000,0.975582425196,0.219633630504
2024-01-07T07:06:00Z,fourier-demo,2.155180332322,1.359900000000,0.975918436274,0.218135750716
2024-01-07T07:07:00Z,fourier-demo,1.924329787563,1.360050000000,0.976252147554,0.216637356880
2024-01-07T07:08:00Z,fourier-demo,1.683021648658,1.360200000000,0.976583558250,0.215138452529
2024-01-07T07:09:00Z,fourier-demo,1.440427448365,1.360350000000,0.976912667580,0.213639041193
2024-01-07T07:10:00Z,fourier-demo,1.205501092198,1.360500000000,0.977239474769,0.212139126407
2024-01-07T07:11:00Z,fourier-demo,0.986636432798,1.360650000000,0.977563979048,0.210638711705
2024-01-07T07:12:00Z,fourier-demo,0.791351993689,1.360800000000,0.977886179650,0.209137800622
2024-01-07T07:13:00Z,fourier-demo,0.626015147002,1.360950000000,0.978206075818,0.207636396697
2024-01-07T07:14:00Z,fourier-demo,0.495616376305,1.361100000000,0.978523666796,0.206134503467
2024-01-07T07:15:00Z,fourier-demo,0.403602159547,1.361250000000,0.978838951838,0.204632124471
2024-01-07T07:16:00Z,fourier-demo,0.351772574722,1.361400000000,0.979151930199,0.203129263249
2024-01-07T07:17:00Z,fourier-demo,0.340247062523,1.361550000000,0.979462601142,0.201625923344
2024-01-07T07:18:00Z,fourier-demo,0.367498985229,1.361700000000,0.979770963935,0.200122108298
2024-01-07T07:19:00Z,fourier-demo,0.430456813971,1.361850000000,0.980077017852,0.198617821655
2024-01-07T07:20:00Z,fourier-demo,0.524667071950,1.362000000000,0.980380762170,0.197113066960
2024-01-07T07:21:00Z,fourier-demo,0.644511669326,1.362150000000,0.980682196175,0.195607847758
2024-01-07T07:22:00Z,fourier-demo,0.783470087754,1.362300000000,0.980981319157,0.194102167597
2024-01-07T07:23:00Z,fourier-demo,0.934415096947,1.362450000000,0.981278130409,0.192596030025
2024-01-07T07:24:00Z,fourier-demo,1.089929383912,1.362600000000,0.981572629233,0.191089438591
2024-01-07T07:25:00Z,fourier-demo,1.242629699358,1.362750000000,0.981864814934,0.189582396846
2024-01-07T07:26:00Z,fourier-demo,1.385484905699,1.362900000000,0.982154686825,0.188074908342
2024-01-07T07:27:00Z,fourier-demo,1.512114654204,1.363050000000,0.982442244222,0.186566976630
2024-01-07T07:28:00Z,fourier-demo,1.617056309633,1.363200000000,0.982727486447,0.185058605263
2024-01-07T07:29:00Z,fourier-demo,1.695989140560,1.363350000000,0.983010412828,0.183549797798
2024-01-07T07:30:00Z,fourier-demo,1.745906643670,1.363500000000,0.983291022699,0.182040557789
2024-01-07T07:31:00Z,fourier-demo,1.765230092720,1.363650000000,0.983569315398,0.180530888792
2024-01-07T07:32:00Z,fourier-demo,1.753858904995,1.363800000000,0.983845290269,0.179020794366
2024-01-07T07:33:00Z,fourier-demo,1.713156095598,1.363950000000,0.984118946662,0.177510278070
2024-01-07T07:34:00Z,fourier-demo,1.645869831586,1.364100000000,0.984390283933,0.175999343461
2024-01-07T07:35:00Z,fourier-demo,1.555994789975,1.364250000000,0.984659301441,0.174487994102
2024-01-07T07:36:00Z,fourier-demo,1.448579554353,1.364400000000,0.984925998553,0.172976233554
2024-01-07T07:37:00Z,fourier-demo,1.329488549512,1.364550000000,0.985190374640,0.171464065379
2024-01-07T07:38:00Z,fourier-demo,1.205128918309,1.364700000000,0.985452429080,0.169951493141
2024-01-07T07:39:00Z,fourier-demo,1.082154211167,1.364850000000,0.985712161254,0.168438520404
2024-01-07T07:40:00Z,fourier-demo,0.967157725653,1.365000000000,0.985969570551,0.166925150734
2024-01-07T07:41:00Z,fourier-demo,0.866368761452,1.365150000000,0.986224656364,0.165411387696
2024-01-07T07:42:00Z,fourier-demo,0.785364927245,1.365300000000,0.986477418092,0.163897234859
2024-01-07T07:43:00Z,fourier-demo,0.728812955953,1.365450000000,0.986727855139,0.162382695791
2024-01-07T07:44:00Z,fourier-demo,0.700249281764,1.365600000000,0.986975966916,0.160867774060
2024-01-07T07:45:00Z,fourier-demo,0.701909956255,1.365750000000,0.987221752836,0.159352473236
2024-01-07T07:46:00Z,fourier-demo,0.734617401272,1.365900000000,0.987465212323,0.157836796891
2024-01-07T07:47:00Z,fourier-demo,0.797729099262,1.366050000000,0.987706344800,0.156320748596
2024-01-07T07:48:00Z,fourier-demo,0.889150706939,1.366200000000,0.987945149701,0.154804331923
2024-01-07T07:49:00Z,fourier-demo,1.005413353932,1.366350000000,0.988181626462,0.153287550447
2024-01-07T07:50:00Z,fourier-demo,1.141812167676,1.366500000000,0.988415774527,0.151770407742
2024-01-07T07:51:00Z,fourier-demo,1.292600462232,1.366650000000,0.988647593343,0.150252907382
2024-01-07T07:52:00Z,fourier-demo,1.451231650413,1.366800000000,0.988877082364,0.148735052944
2024-01-07T07:53:00Z,fourier-demo,1.610638884776,1.366950000000,0.989104241050,0.147216848005
2024-01-07T07:54:00Z,fourier-demo,1.763540789599,1.367100000000,0.989329068865,0.145698296143
2024-01-07T07:55:00Z,fourier-demo,1.902760482115,1.367250000000,0.989551565279,0.144179400936
2024-01-07T07:56:00Z,fourier-demo,2.021544446356,1.367400000000,0.989771729768,0.142660165963
2024-01-07T07:57:00Z,fourier-demo,2.113867744749,1.367550000000,0.989989561813,0.141140594805
2024-01-07T07:58:00Z,fourier-demo,2.174712535884,1.367700000000,0.990205060901,0.139620691042
2024-01-07T07:59:00Z,fourier-demo,2.200307893230,1.367850000000,0.990418226523,0.138100458256
2024-01-07T08:00:00Z,fourier-demo,2.188320448389,1.368000000000,0.990629058179,0.136579900030
2024-01-07T08:01:00Z,fourier-demo,2.137987352105,1.368150000000,0.990837555370,0.135059019948
2024-01-07T08:02:00Z,fourier-demo,2.050185376998,1.368300000000,0.991043717605,0.133537821592
2024-01-07T08:03:00Z,fourier-demo,1.927432583066,1.368450000000,0.991247544399,0.132016308548
2024-01-07T08:04:00Z,fourier-demo,1.773821724438,1.368600000000,0.991449035272,0.130494484401
2024-01-07T08:05:00Z,fourier-demo,1.594887380917,1.368750000000,0.991648189747,0.128972352738
2024-01-07T08:06:00Z,fourier-demo,1.397411535592,1.368900000000,0.991845007357,0.127449917146
2024-01-07T08:07:00Z,fourier-demo,1.189174877766,1.369050000000,0.992039487638,0.125927181211
2024-01-07T08:08:00Z,fourier-demo,0.978663383280,1.369200000000,0.992231630130,0.124404148524
2024-01-07T08:09:00Z,fourier-demo,0.774741618126,1.369350000000,0.992421434381,0.122880822672
2024-01-07T08:10:00Z,fourier-demo,0.586305647490,1.369500000000,0.992608899945,0.121357207246
2024-01-07T08:11:00Z,fourier-demo,0.421929350836,1.369650000000,0.992794026378,0.119833305835
2024-01-07T08:12:00Z,fourier-demo,0.289518305456,1.369800000000,0.992976813246,0.118309122032
2024-01-07T08:13:00Z,fourier-demo,0.195985189494,1.369950000000,0.993157260117,0.116784659428
2024-01-07T08:14:00Z,fourier-demo,0.146959877829,1.370100000000,0.993335366565,0.115259921615
2024-01-07T08:15:00Z,fourier-demo,0.146546090343,1.370250000000,0.993511132172,0.113734912187
2024-01-07T08:16:00Z,fourier-demo,0.197134653876,1.370400000000,0.993684556523,0.112209634737
2024-01-07T08:17:00Z,fourier-demo,0.299281228342,1.370550000000,0.993855639209,0.110684092859
2024-01-07T08:18:00Z,fourier-demo,0.451653812612,1.370700000000,0.994024379828,0.109158290150
2024-01-07T08:19:00Z,fourier-demo,0.651052588714,1.370850000000,0.994190777980,0.107632230203
2024-01-07T08:20:00Z,fourier-demo,0.892501794858,1.371000000000,0.994354833276,0.106105916617
2024-01-07T08:21:00Z,fourier-demo,1.169410454315,1.371150000000,0.994516545327,0.104579352986
2024-01-07T08:22:00Z,fourier-demo,1.473796044085,1.371300000000,0.994675913753,0.103052542910
2024-01-07T08:23:00Z,fourier-demo,1.796562675396,1.371450000000,0.994832938178,0.101525489985
2024-01-07T08:24:00Z,fourier-demo,2.127823179016,1.371600000000,0.994987618232,0.099998197811
2024-01-07T08:25:00Z,fourier-demo,2.457252730392,1.371750000000,0.995139953551,0.098470669986
2024-01-07T08:26:00Z,fourier-demo,2.774460383914,1.371900000000,0.995289943775,0.096942910110
2024-01-07T08:27:00Z,fourier-demo,3.069364163418,1.372050000000,0.995437588551,0.095414921784
2024-01-07T08:28:00Z,fourier-demo,3.332555206762,1.372200000000,0.995582887532,0.093886708608
2024-01-07T08:29:00Z,fourier-demo,3.555636891918,1.372350000000,0.995725840375,0.092358274184
2024-01-07T08:30:00Z,fourier-demo,3.731525863255,1.372500000000,0.995866446742,0.090829622113
2024-01-07T08:31:00Z,fourier-demo,3.854703389479,1.372650000000,0.996004706303,0.089300755997
2024-01-07T08:32:00Z,fourier-demo,3.921407457747,1.372800000000,0.996140618732,0.087771679440
2024-01-07T08:33:00Z,fourier-demo,3.929758362151,1.372950000000,0.996274183709,0.086242396046
2024-01-07T08:34:00Z,fourier-demo,3.879813183772,1.373100000000,0.996405400918,0.084712909416
2024-01-07T08:35:00Z,fourier-demo,3.773547377274,1.373250000000,0.996534270051,0.083183223157
2024-01-07T08:36:00Z,fourier-demo,3.614764561741,1.373400000000,0.996660790803,0.081653340873
2024-01-07T08:37:00Z,fourier-demo,3.408938444827,1.373550000000,0.996784962877,0.080123266168
2024-01-07T08:38:00Z,fourier-demo,3.162993475227,1.373700000000,0.996906785981,0.078593002650
2024-01-07T08:39:00Z,fourier-demo,2.885033211780,1.373850000000,0.997026259826,0.077062553923
2024-01-07T08:40:00Z,fourier-demo,2.584027422107,1.374000000000,0.997143384132,0.075531923595
2024-01-07T08:41:00Z,fourier-demo,2.269470498732,1.374150000000,0.997258158622,0.074001115272
2024-01-07T08:42:00Z,fourier-demo,1.951024843577,1.374300000000,0.997370583026,0.072470132562
2024-01-07T08:43:00Z,fourier-demo,1.638163380933,1.374450000000,0.997480657080,0.070938979073
2024-01-07T08:44:00Z,fourier-demo,1.339825295534,1.374600000000,0.997588380523,0.069407658412
2024-01-07T08:45:00Z,fourier-demo,1.064098460448,1.374750000000,0.997693753101,0.067876174189
2024-01-07T08:46:00Z,fourier-demo,0.817940846552,1.374900000000,0.997796774568,0.066344530013
2024-01-07T08:47:00Z,fourier-demo,0.606951540882,1.375050000000,0.997897444678,0.064812729493
2024-01-07T08:48:00Z,fourier-demo,0.435199914333,1.375200000000,0.997995763197,0.063280776239
2024-01-07T08:49:00Z,fourier-demo,0.305119056523,1.375350000000,0.998091729891,0.061748673860
2024-01-07T08:50:00Z,fourier-demo,0.217466936993,1.375500000000,0.998185344535,0.060216425968
2024-01-07T08:51:00Z,fourier-demo,0.171355966598,1.375650000000,0.998276606907,0.058684036173
2024-01-07T08:52:00Z,fourier-demo,0.164348835216,1.375800000000,0.998365516794,0.057151508086
2024-01-07T08:53:00Z,fourier-demo,0.192615806239,1.375950000000,0.998452073985,0.055618845319
2024-01-07T08:54:00Z,fourier-demo,0.251146164799,1.376100000000,0.998536278277,0.054086051483
2024-01-07T08:55:00Z,fourier-demo,0.334004346303,1.376250000000,0.998618129470,0.052553130191
2024-01-07T08:56:00Z,fourier-demo,0.434619502884,1.376400000000,0.998697627373,0.051020085055
2024-01-07T08:57:00Z,fourier-demo,0.546095968910,1.376550000000,0.998774771798,0.049486919688
2024-01-07T08:58:00Z,fourier-demo,0.661531314787,1.376700000000,0.998849562562,0.047953637703
2024-01-07T08:59:00Z,fourier-demo,0.774328460980,1.376850000000,0.998921999491,0.046420242713
2024-01-07T09:00:00Z,fourier-demo,0.878488668747,1.377000000000,0.998992082412,0.044886738331
2024-01-07T09:01:00Z,fourier-demo,0.968873114722,1.377150000000,0.999059811161,0.043353128171
2024-01-07T09:02:00Z,fourier-demo,1.041422154875,1.377300000000,0.999125185579,0.041819415848
2024-01-07T09:03:00Z,fourier-demo,1.093323230238,1.377450000000,0.999188205511,0.040285604975
2024-01-07T09:04:00Z,fourier-demo,1.123120584745,1.377600000000,0.999248870808,0.038751699168
2024-01-07T09:05:00Z,fourier-demo,1.130762461551,1.377750000000,0.999307181329,0.037217702040
2024-01-07T09:06:00Z,fourier-demo,1.117584114408,1.377900000000,0.999363136934,0.035683617207
2024-01-07T09:07:00Z,fourier-demo,1.086227703659,1.378050000000,0.999416737493,0.034149448284
2024-01-07T09:08:00Z,fourier-demo,1.040502828650,1.378200000000,0.999467982880,0.032615198886
2024-01-07T09:09:00Z,fourier-demo,0.985193968322,1.378350000000,0.999516872972,0.031080872628
2024-01-07T09:10:00Z,fourier-demo,0.925823354774,1.378500000000,0.999563407656,0.029546473128
2024-01-07T09:11:00Z,fourier-demo,0.868379697124,1.378650000000,0.999607586822,0.028012003999
2024-01-07T09:12:00Z,fourier-demo,0.819024626483,1.378800000000,0.999649410365,0.026477468859
2024-01-07T09:13:00Z,fourier-demo,0.783789686871,1.378950000000,0.999688878187,0.024942871323
2024-01-07T09:14:00Z,fourier-demo,0.768277111739,1.379100000000,0.999725990194,0.023408215009
2024-01-07T09:15:00Z,fourier-demo,0.777377484082,1.379250000000,0.999760746300,0.021873503532
2024-01-07T09:16:00Z,fourier-demo,0.815016685553,1.379400000000,0.999793146423,0.020338740509
2024-01-07T09:17:00Z,fourier-demo,0.883943325004,1.379550000000,0.999823190486,0.018803929556
2024-01-07T09:18:00Z,fourier-demo,0.985566149615,1.379700000000,0.999850878418,0.017269074292
2024-01-07T09:19:00Z,fourier-demo,1.119848851937,1.379850000000,0.999876210154,0.015734178332
2024-01-07T09:20:00Z,fourier-demo,1.285267280130,1.380000000000,0.999899185635,0.014199245293
2024-01-07T09:21:00Z,fourier-demo,1.478831436096,1.380150000000,0.999919804806,0.012664278794
2024-01-07T09:22:00Z,fourier-demo,1.696171915659,1.380300000000,0.999938067618,0.011129282450
2024-01-07T09:23:00Z,fourier-demo,1.931687719738,1.380450000000,0.999953974029,0.009594259880
2024-01-07T09:24:00Z,fourier-demo,2.178749758707,1.380600000000,0.999967524002,0.008059214701
2024-01-07T09:25:00Z,fourier-demo,2.429951992386,1.380750000000,0.999978717503,0.006524150529
2024-01-07T09:26:00Z,fourier-demo,2.677400094504,1.380900000000,0.999987554508,0.004989070983
2024-01-07T09:27:00Z,fourier-demo,2.913025889016,1.381050000000,0.999994034994,0.003453979680
2024-01-07T09:28:00Z,fourier-demo,3.128914645527,1.381200000000,0.999998158948,0.001918880238
2024-01-07T09:29:00Z,fourier-demo,3.317631691453,1.381350000000,0.999999926358,0.000383776274
2024-01-07T09:30:00Z,fourier-demo,3.472534727307,1.381500000000,0.999999337221,-0.001151328595
2024-01-07T09:31:00Z,fourier-demo,3.588058723166,1.381650000000,0.999996391538,-0.002686430751
2024-01-07T09:32:00Z,fourier-demo,3.659961310481,1.381800000000,0.999991089317,-0.004221526575
2024-01-07T09:33:00Z,fourier-demo,3.685518123159,1.381950000000,0.999983430569,-0.005756612452
2024-01-07T09:34:00Z,fourier-demo,3.663659523472,1.382100000000,0.999973415313,-0.007291684763
2024-01-07T09:35:00Z,fourier-demo,3.595042491920,1.382250000000,0.999961043573,-0.008826739890
2024-01-07T09:36:00Z,fourier-demo,3.482054070713,1.382400000000,0.999946315377,-0.010361774218
2024-01-07T09:37:00Z,fourier-demo,3.328745521904,1.382550000000,0.999929230760,-0.011896784127
2024-01-07T09:38:00Z,fourier-demo,3.140699180358,1.382700000000,0.999909789762,-0.013431766000
2024-01-07T09:39:00Z,fourier-demo,2.924832733627,1.382850000000,0.999887992430,-0.014966716221
2024-01-07T09:40:00Z,fourier-demo,2.689148232632,1.383000000000,0.999863838814,-0.016501631173
2024-01-07T09:41:00Z,fourier-demo,2.442435423357,1.383150000000,0.999837328972,-0.018036507237
2024-01-07T09:42:00Z,fourier-demo,2.193940896380,1.383300000000,0.999808462966,-0.019571340798
2024-01-07T09:43:00Z,fourier-demo,1.953015999253,1.383450000000,0.999777240865,-0.021106128237
2024-01-07T09:44:00Z,fourier-demo,1.728757386161,1.383600000000,0.999743662740,-0.022640865940
2024-01-07T09:45:00Z,fourier-demo,1.529654450837,1.383750000000,0.999707728673,-0.024175550288
2024-01-07T09:46:00Z,fourier-demo,1.363257685688,1.383900000000,0.999669438747,-0.025710177665
2024-01-07T09:47:00Z,fourier-demo,1.235881239434,1.384050000000,0.999628793053,-0.027244744454
2024-01-07T09:48:00Z,fourier-demo,1.152351637042,1.384200000000,0.999585791686,-0.028779247041
2024-01-07T09:49:00Z,fourier-demo,1.115812831343,1.384350000000,0.999540434748,-0.030313681807
2024-01-07T09:50:00Z,fourier-demo,1.127595546930,1.384500000000,0.999492722345,-0.031848045138
2024-01-07T09:51:00Z,fourier-demo,1.187156342500,1.384650000000,0.999442654591,-0.033382333418
2024-01-07T09:52:00Z,fourier-demo,1.292089059492,1.384800000000,0.999390231603,-0.034916543031
2024-01-07T09:53:00Z,fourier-demo,1.438208453905,1.384950000000,0.999335453504,-0.036450670361
2024-01-07T09:54:00Z,fourier-demo,1.619702940257,1.385100000000,0.999278320424,-0.037984711793
2024-01-07T09:55:00Z,fourier-demo,1.829350627625,1.385250000000,0.999218832498,-0.039518663713
2024-01-07T09:56:00Z,fourier-demo,2.058790308460,1.385400000000,0.999156989865,-0.041052522505
2024-01-07T09:57:00Z,fourier-demo,2.298836873363,1.385550000000,0.999092792671,-0.042586284554
2024-01-07T09:58:00Z,fourier-demo,2.539828857394,1.385700000000,0.999026241068,-0.044119946247
2024-01-07T09:59:00Z,fourier-demo,2.771994547310,1.385850000000,0.998957335213,-0.045653503970
2024-01-07T10:00:00Z,fourier-demo,2.985822345779,1.386000000000,0.998886075267,-0.047186954108
2024-01-07T10:01:00Z,fourier-demo,3.172420927594,1.386150000000,0.998812461399,-0.048720293047
2024-01-07T10:02:00Z,fourier-demo,3.323855140545,1.386300000000,0.998736493782,-0.050253517175
2024-01-07T10:03:00Z,fourier-demo,3.433444582721,1.386450000000,0.998658172595,-0.051786622878
2024-01-07T10:04:00Z,fourier-demo,3.496013288783,1.386600000000,0.998577498023,-0.053319606543
2024-01-07T10:05:00Z,fourier-demo,3.508080919091,1.386750000000,0.998494470256,-0.054852464559
2024-01-07T10:06:00Z,fourier-demo,3.467988188041,1.386900000000,0.998409089489,-0.056385193311
2024-01-07T10:07:00Z,fourier-demo,3.375951896388,1.387050000000,0.998321355925,-0.057917789190
2024-01-07T10:08:00Z,fourier-demo,3.234047740456,1.387200000000,0.998231269768,-0.059450248582
2024-01-07T10:09:00Z,fourier-demo,3.046121945075,1.387350000000,0.998138831233,-0.060982567877
2024-01-07T10:10:00Z,fourier-demo,2.817635590942,1.387500000000,0.998044040536,-0.062514743464
2024-01-07T10:11:00Z,fourier-demo,2.555448166594,1.387650000000,0.997946897901,-0.064046771732
2024-01-07T10:12:00Z,fourier-demo,2.267549263519,1.387800000000,0.997847403557,-0.065578649071
2024-01-07T10:13:00Z,fourier-demo,1.962749353777,1.387950000000,0.997745557739,-0.067110371870
2024-01-07T10:14:00Z,fourier-demo,1.650342162347,1.388100000000,0.997641360686,-0.068641936521
2024-01-07T10:15:00Z,fourier-demo,1.339752208493,1.388250000000,0.997534812643,-0.070173339413
2024-01-07T10:16:00Z,fourier-demo,1.040181600231,1.388400000000,0.997425913863,-0.071704576939
2024-01-07T10:17:00Z,fourier-demo,0.760270104456,1.388550000000,0.997314664602,-0.073235645490
2024-01-07T10:18:00Z,fourier-demo,0.507781886570,1.388700000000,0.997201065121,-0.074766541457
2024-01-07T10:19:00Z,fourier-demo,0.289331144990,1.388850000000,0.997085115689,-0.076297261234
2024-01-07T10:20:00Z,fourier-demo,0.110157206951,1.389000000000,0.996966816578,-0.077827801212
2024-01-07T10:21:00Z,fourier-demo,-0.026042428274,1.389150000000,0.996846168069,-0.079358157785
2024-01-07T10:22:00Z,fourier-demo,-0.117215027942,1.389300000000,0.996723170443,-0.080888327348
2024-01-07T10:23:00Z,fourier-demo,-0.162988126046,1.389450000000,0.996597823993,-0.082418306293
2024-01-07T10:24:00Z,fourier-demo,-0.164636941835,1.389600000000,0.996470129013,-0.083948091015
2024-01-07T10:25:00Z,fourier-demo,-0.124985862219,1.389750000000,0.996340085804,-0.085477677910
2024-01-07T10:26:00Z,fourier-demo,-0.048248820368,1.389900000000,0.996207694672,-0.087007063373
2024-01-07T10:27:00Z,fourier-demo,0.060184122588,1.390050000000,0.996072955929,-0.088536243799
2024-01-07T10:28:00Z,fourier-demo,0.194004524180,1.390200000000,0.995935869894,-0.090065215585
2024-01-07T10:29:00Z,fourier-demo,0.346276406246,1.390350000000,0.995796436889,-0.091593975129
2024-01-07T10:30:00Z,fourier-demo,0.509747681588,1.390500000000,0.995654657242,-0.093122518827
2024-01-07T10:31:00Z,fourier-demo,0.677168878767,1.390650000000,0.995510531288,-0.094650843077
2024-01-07T10:32:00Z,fourier-demo,0.841605670950,1.390800000000,0.995364059366,-0.096178944278
2024-01-07T10:33:00Z,fourier-demo,0.996732064607,1.390950000000,0.995215241822,-0.097706818829
2024-01-07T10:34:00Z,fourier-demo,1.137091998562,1.391100000000,0.995064079006,-0.099234463130
2024-01-07T10:35:00Z,fourier-demo,1.258318505344,1.391250000000,0.994910571274,-0.100761873579
2024-01-07T10:36:00Z,fourier-demo,1.357301435498,1.391400000000,0.994754718989,-0.102289046579
2024-01-07T10:37:00Z,fourier-demo,1.432296963997,1.391550000000,0.994596522517,-0.103815978529
2024-01-07T10:38:00Z,fourier-demo,1.482974593405,1.391700000000,0.994435982231,-0.105342665832
2024-01-07T10:39:00Z,fourier-demo,1.510400036723,1.391850000000,0.994273098510,-0.106869104890
2024-01-07T10:40:00Z,fourier-demo,1.516955092915,1.392000000000,0.994107871737,-0.108395292106
2024-01-07T10:41:00Z,fourier-demo,1.506198306264,1.392150000000,0.993940302302,-0.109921223884
2024-01-07T10:42:00Z,fourier-demo,1.482672715552,1.392300000000,0.993770390600,-0.111446896627
2024-01-07T10:43:00Z,fourier-demo,1.451669246145,1.392450000000,0.993598137030,-0.112972306740
2024-01-07T10:44:00Z,fourier-demo,1.418956183830,1.392600000000,0.993423542000,-0.114497450628
2024-01-07T10:45:00Z,fourier-demo,1.390486615392,1.392750000000,0.993246605920,-0.116022324698
2024-01-07T10:46:00Z,fourier-demo,1.372096667043,1.392900000000,0.993067329208,-0.117546925355
2024-01-07T10:47:00Z,fourier-demo,1.369207778569,1.393050000000,0.992885712285,-0.119071249008
2024-01-07T10:48:00Z,fourier-demo,1.386546101054,1.393200000000,0.992701755580,-0.120595292064
2024-01-07T10:49:00Z,fourier-demo,1.427891405261,1.393350000000,0.992515459527,-0.122119050931
2024-01-07T10:50:00Z,fourier-demo,1.495866664748,1.393500000000,0.992326824564,-0.123642522019
2024-01-07T10:51:00Z,fourier-demo,1.591777782952,1.393650000000,0.992135851136,-0.125165701738
2024-01-07T10:52:00Z,fourier-demo,1.715510836539,1.393800000000,0.991942539692,-0.126688586497
2024-01-07T10:53:00Z,fourier-demo,1.865491795008,1.393950000000,0.991746890690,-0.128211172709
2024-01-07T10:54:00Z,fourier-demo,2.038711048450,1.394100000000,0.991548904588,-0.129733456785
2024-01-07T10:55:00Z,fourier-demo,2.230812340391,1.394250000000,0.991348581855,-0.131255435138
2024-01-07T10:56:00Z,fourier-demo,2.436242974037,1.394400000000,0.991145922962,-0.132777104182
2024-01-07T10:57:00Z,fourier-demo,2.648459551367,1.394550000000,0.990940928387,-0.134298460330
2024-01-07T10:58:00Z,fourier-demo,2.860181123863,1.394700000000,0.990733598613,-0.135819499997
2024-01-07T10:59:00Z,fourier-demo,3.063679580430,1.394850000000,0.990523934128,-0.137340219599
2024-01-07T11:00:00Z,fourier-demo,3.251095458440,1.395000000000,0.990311935427,-0.138860615553
2024-01-07T11:01:00Z,fourier-demo,3.414766206636,1.395150000000,0.990097603008,-0.140380684275
2024-01-07T11:02:00Z,fourier-demo,3.547553303504,1.395300000000,0.989880937378,-0.141900422183
2024-01-07T11:03:00Z,fourier-demo,3.643154568986,1.395450000000,0.989661939046,-0.143419825696
2024-01-07T11:04:00Z,fourier-demo,3.696388505868,1.395600000000,0.989440608530,-0.144938891234
2024-01-07T11:05:00Z,fourier-demo,3.703438551111,1.395750000000,0.989216946350,-0.146457615216
2024-01-07T11:06:00Z,fourier-demo,3.662046665878,1.395900000000,0.988990953033,-0.147975994064
2024-01-07T11:07:00Z,fourier-demo,3.571647684210,1.396050000000,0.988762629112,-0.149494024199
2024-01-07T11:08:00Z,fourier-demo,3.433438194031,1.396200000000,0.988531975125,-0.151011702045
2024-01-07T11:09:00Z,fourier-demo,3.250376345351,1.396350000000,0.988298991616,-0.152529024025
2024-01-07T11:10:00Z,fourier-demo,3.027111762775,1.396500000000,0.988063679134,-0.154045986562
2024-01-07T11:11:00Z,fourier-demo,2.769847569623,1.396650000000,0.987826038233,-0.155562586083
2024-01-07T11:12:00Z,fourier-demo,2.486139293691,1.396800000000,0.987586069473,-0.157078819014
2024-01-07T11:13:00Z,fourier-demo,2.184638007091,1.396950000000,0.987343773420,-0.158594681780
2024-01-07T11:14:00Z,fourier-demo,1.874787348998,1.397100000000,0.987099150644,-0.160110170811
2024-01-07T11:15:00Z,fourier-demo,1.566485996106,1.397250000000,0.986852201723,-0.161625282535
2024-01-07T11:16:00Z,fourier-demo,1.269728602295,1.397400000000,0.986602927238,-0.163140013381
2024-01-07T11:17:00Z,fourier-demo,0.994239165918,1.397550000000,0.986351327776,-0.164654359780
2024-01-07T11:18:00Z,fourier-demo,0.749111160927,1.397700000000,0.986097403931,-0.166168318163
2024-01-07T11:19:00Z,fourier-demo,0.542468570045,1.397850000000,0.985841156300,-0.167681884962
2024-01-07T11:20:00Z,fourier-demo,0.381161191058,1.398000000000,0.985582585488,-0.169195056612
2024-01-07T11:21:00Z,fourier-demo,0.270506280858,1.398150000000,0.985321692105,-0.170707829545
2024-01-07T11:22:00Z,fourier-demo,0.214086807931,1.398300000000,0.985058476764,-0.172220200197
2024-01-07T11:23:00Z,fourier-demo,0.213614374071,1.398450000000,0.984792940086,-0.173732165004
2024-01-07T11:24:00Z,fourier-demo,0.268862328944,1.398600000000,0.984525082697,-0.175243720403
2024-01-07T11:25:00Z,fourier-demo,0.377671838440,1.398750000000,0.984254905228,-0.176754862832
2024-01-07T11:26:00Z,fourier-demo,0.536030790968,1.398900000000,0.983982408316,-0.178265588729
2024-01-07T11:27:00Z,fourier-demo,0.738222550535,1.399050000000,0.983707592603,-0.179775894536
2024-01-07T11:28:00Z,fourier-demo,0.977038807703,1.399200000000,0.983430458736,-0.181285776692
2024-01-07T11:29:00Z,fourier-demo,1.244048250369,1.399350000000,0.983151007369,-0.182795231639
2024-01-07T11:30:00Z,fourier-demo,1.529910577639,1.399500000000,0.982869239160,-0.184304255821
2024-01-07T11:31:00Z,fourier-demo,1.824723600527,1.399650000000,0.982585154773,-0.185812845681
2024-01-07T11:32:00Z,fourier-demo,2.118389884230,1.399800000000,0.982298754878,-0.187320997664
2024-01-07T11:33:00Z,fourier-demo,2.400988640045,1.399950000000,0.982010040149,-0.188828708217
2024-01-07T11:34:00Z,fourier-demo,2.663138400323,1.400100000000,0.981719011267,-0.190335973786
2024-01-07T11:35:00Z,fourier-demo,2.896336413649,1.400250000000,0.981425668918,-0.191842790819
2024-01-07T11:36:00Z,fourier-demo,3.093261662824,1.400400000000,0.981130013793,-0.193349155765
2024-01-07T11:37:00Z,fourier-demo,3.248029895520,1.400550000000,0.980832046588,-0.194855065075
2024-01-07T11:38:00Z,fourier-demo,3.356391005936,1.400700000000,0.980531768007,-0.196360515200
2024-01-07T11:39:00Z,fourier-demo,3.415861435984,1.400850000000,0.980229178756,-0.197865502592
2024-01-07T11:40:00Z,fourier-demo,3.425786881702,1.401000000000,0.979924279548,-0.199370023705
2024-01-07T11:41:00Z,fourier-demo,3.387333388446,1.401150000000,0.979617071103,-0.200874074993
2024-01-07T11:42:00Z,fourier-demo,3.303407783468,1.401300000000,0.979307554143,-0.202377652911
2024-01-07T11:43:00Z,fourier-demo,3.178511210713,1.401450000000,0.978995729399,-0.203880753917
2024-01-07T11:44:00Z,fourier-demo,3.018532186241,1.401600000000,0.978681597606,-0.205383374468
2024-01-07T11:45:00Z,fourier-demo,2.830487976489,1.401750000000,0.978365159503,-0.206885511024
2024-01-07T11:46:00Z,fourier-demo,2.622225119856,1.401900000000,0.978046415836,-0.208387160044
2024-01-07T11:47:00Z,fourier-demo,2.402091483868,1.402050000000,0.977725367356,-0.209888317990
2024-01-07T11:48:00Z,fourier-demo,2.178593313097,1.402200000000,0.977402014820,-0.211388981324
2024-01-07T11:49:00Z,fourier-demo,1.960051235297,1.402350000000,0.977076358991,-0.212889146510
2024-01-07T11:50:00Z,fourier-demo,1.754269135932,1.402500000000,0.976748400634,-0.214388810013
2024-01-07T11:51:00Z,fourier-demo,1.568229188388,1.402650000000,0.976418140524,-0.215887968298
2024-01-07T11:52:00Z,fourier-demo,1.407825166104,1.402800000000,0.976085579438,-0.217386617833
2024-01-07T11:53:00Z,fourier-demo,1.277644512687,1.402950000000,0.975750718160,-0.218884755087
2024-01-07T11:54:00Z,fourier-demo,1.180807575852,1.403100000000,0.975413557480,-0.220382376528
2024-01-07T11:55:00Z,fourier-demo,1.118870006897,1.403250000000,0.975074098192,-0.221879478627
2024-01-07T11:56:00Z,fourier-demo,1.091791688887,1.403400000000,0.974732341095,-0.223376057857
2024-01-07T11:57:00Z,fourier-demo,1.097972792741,1.403550000000,0.974388286995,-0.224872110691
2024-01-07T11:58:00Z,fourier-demo,1.134354784904,1.403700000000,0.974041936703,-0.226367633603
2024-01-07T11:59:00Z,fourier-demo,1.196581537264,1.403850000000,0.973693291036,-0.227862623069
2024-01-07T12:00:00Z,fourier-demo,1.279213229111,1.404000000000,0.973342350814,-0.229357075566
2024-01-07T12:01:00Z,fourier-demo,1.375983583039,1.404150000000,0.972989116865,-0.230850987572
2024-01-07T12:02:00Z,fourier-demo,1.480089229222,1.404300000000,0.972633590021,-0.232344355567
2024-01-07T12:03:00Z,fourier-demo,1.584498716654,1.404450000000,0.972275771119,-0.233837176031
2024-01-07T12:04:00Z,fourier-demo,1.682267937120,1.404600000000,0.971915661004,-0.235329445447
2024-01-07T12:05:00Z,fourier-demo,1.766848527643,1.404750000000,0.971553260524,-0.236821160298
2024-01-07T12:06:00Z,fourier-demo,1.832376177054,1.404900000000,0.971188570533,-0.238312317069
2024-01-07T12:07:00Z,fourier-demo,1.873926665943,1.405050000000,0.970821591889,-0.239802912246
2024-01-07T12:08:00Z,fourier-demo,1.887728878139,1.405200000000,0.970452325459,-0.241292942315
2024-01-07T12:09:00Z,fourier-demo,1.871325876605,1.405350000000,0.970080772112,-0.242782403767
2024-01-07T12:10:00Z,fourier-demo,1.823677359671,1.405500000000,0.969706932724,-0.244271293090
2024-01-07T12:11:00Z,fourier-demo,1.745199311877,1.405650000000,0.969330808175,-0.245759606776
2024-01-07T12:12:00Z,fourier-demo,1.637739333381,1.405800000000,0.968952399352,-0.247247341318
2024-01-07T12:13:00Z,fourier-demo,1.504488861618,1.405950000000,0.968571707148,-0.248734493211
2024-01-07T12:14:00Z,fourier-demo,1.349836175231,1.406100000000,0.968188732458,-0.250221058948
2024-01-07T12:15:00Z,fourier-demo,1.179166581798,1.406250000000,0.967803476186,-0.251707035028
2024-01-07T12:16:00Z,fourier-demo,0.998618433196,1.406400000000,0.967415939239,-0.253192417948
2024-01-07T12:17:00Z,fourier-demo,0.814805492120,1.406550000000,0.967026122531,-0.254677204208
2024-01-07T12:18:00Z,fourier-demo,0.634517612168,1.406700000000,0.966634026979,-0.256161390310
2024-01-07T12:19:00Z,fourier-demo,0.464412631715,1.406850000000,0.966239653509,-0.257644972755
2024-01-07T12:20:00Z,fourier-demo,0.310712779368,1.407000000000,0.965843003050,-0.259127948047
2024-01-07T12:21:00Z,fourier-demo,0.178918728920,1.407150000000,0.965444076536,-0.260610312692
2024-01-07T12:22:00Z,fourier-demo,0.073553730537,1.407300000000,0.965042874907,-0.262092063197
2024-01-07T12:23:00Z,fourier-demo,-0.002050988769,1.407450000000,0.964639399109,-0.263573196069
2024-01-07T12:24:00Z,fourier-demo,-0.045920068073,1.407600000000,0.964233650093,-0.265053707819
2024-01-07T12:25:00Z,fourier-demo,-0.057539719195,1.407750000000,0.963825628814,-0.266533594957
2024-01-07T12:26:00Z,fourier-demo,-0.037900340290,1.407900000000,0.963415336235,-0.268012853996
2024-01-07T12:27:00Z,fourier-demo,0.010526282337,1.408050000000,0.963002773322,-0.269491481450
2024-01-07T12:28:00Z,fourier-demo,0.083874758400,1.408200000000,0.962587941047,-0.270969473835
2024-01-07T12:29:00Z,fourier-demo,0.177035700795,1.408350000000,0.962170840389,-0.272446827667
2024-01-07T12:30:00Z,fourier-demo,0.283861376071,1.408500000000,0.961751472329,-0.273923539465
2024-01-07T12:31:00Z,fourier-demo,0.397419231156,1.408650000000,0.961329837856,-0.275399605750
2024-01-07T12:32:00Z,fourier-demo,0.510283070532,1.408800000000,0.960905937965,-0.276875023042
2024-01-07T12:33:00Z,fourier-demo,0.614850013990,1.408950000000,0.960479773652,-0.278349787865
2024-01-07T12:34:00Z,fourier-demo,0.703670204902,1.409100000000,0.960051345924,-0.279823896744
2024-01-07T12:35:00Z,fourier-demo,0.769775612008,1.409250000000,0.959620655790,-0.281297346205
2024-01-07T12:36:00Z,fourier-demo,0.806994201546,1.409400000000,0.959187704264,-0.282770132775
2024-01-07T12:37:00Z,fourier-demo,0.810236255848,1.409550000000,0.958752492366,-0.284242252984
2024-01-07T12:38:00Z,fourier-demo,0.775740660552,1.409700000000,0.958315021124,-0.285713703362
2024-01-07T12:39:00Z,fourier-demo,0.701270534368,1.409850000000,0.957875291566,-0.287184480443
2024-01-07T12:40:00Z,fourier-demo,0.586249570839,1.410000000000,0.957433304730,-0.288654580760
2024-01-07T12:41:00Z,fourier-demo,0.431832820710,1.410150000000,0.956989061657,-0.290124000849
2024-01-07T12:42:00Z,fourier-demo,0.240908270830,1.410300000000,0.956542563394,-0.291592737247
2024-01-07T12:43:00Z,fourier-demo,0.018028364718,1.410450000000,0.956093810994,-0.293060786492
2024-01-07T12:44:00Z,fourier-demo,-0.230726552405,1.410600000000,0.955642805513,-0.294528145126
2024-01-07T12:45:00Z,fourier-demo,-0.497948110764,1.410750000000,0.955189548014,-0.295994809691
2024-01-07T12:46:00Z,fourier-demo,-0.775155771464,1.410900000000,0.954734039567,-0.297460776730
2024-01-07T12:47:00Z,fourier-demo,-1.053099011861,1.411050000000,0.954276281243,-0.298926042788
2024-01-07T12:48:00Z,fourier-demo,-1.322094268515,1.411200000000,0.953816274122,-0.300390604413
2024-01-07T12:49:00Z,fourier-demo,-1.572383601030,1.411350000000,0.953354019288,-0.301854458154
2024-01-07T12:50:00Z,fourier-demo,-1.794501095960,1.411500000000,0.952889517830,-0.303317600560
2024-01-07T12:51:00Z,fourier-demo,-1.979632645574,1.411650000000,0.952422770843,-0.304780028184
2024-01-07T12:52:00Z,fourier-demo,-2.119954928494,1.411800000000,0.951953779427,-0.306241737579
2024-01-07T12:53:00Z,fourier-demo,-2.208940181443,1.411950000000,0.951482544686,-0.307702725301
2024-01-07T12:54:00Z,fourier-demo,-2.241614653880,1.412100000000,0.951009067732,-0.309162987907
2024-01-07T12:55:00Z,fourier-demo,-2.214760428448,1.412250000000,0.950533349680,-0.310622521956
2024-01-07T12:56:00Z,fourier-demo,-2.127052498416,1.412400000000,0.950055391651,-0.312081324008
2024-01-07T12:57:00Z,fourier-demo,-1.979125530048,1.412550000000,0.949575194772,-0.313539390626
2024-01-07T12:58:00Z,fourier-demo,-1.773567501263,1.412700000000,0.949092760174,-0.314996718374
2024-01-07T12:59:00Z,fourier-demo,-1.514840286800,1.412850000000,0.948608088993,-0.316453303816
2024-01-07T13:00:00Z,fourier-demo,-1.209130138567,1.413000000000,0.948121182373,-0.317909143522
2024-01-07T13:01:00Z,fourier-demo,-0.864133771959,1.413150000000,0.947632041461,-0.319364234060
2024-01-07T13:02:00Z,fourier-demo,-0.488788303487,1.413300000000,0.947140667409,-0.320818572000
2024-01-07T13:03:00Z,fourier-demo,-0.092955490054,1.413450000000,0.946647061375,-0.322272153917
2024-01-07T13:04:00Z,fourier-demo,0.312927493011,1.413600000000,0.946151224522,-0.323724976384
2024-01-07T13:05:00Z,fourier-demo,0.718217201173,1.413750000000,0.945653158020,-0.325177035978
2024-01-07T13:06:00Z,fourier-demo,1.112438708049,1.413900000000,0.945152863041,-0.326628329276
2024-01-07T13:07:00Z,fourier-demo,1.485651558251,1.414050000000,0.944650340764,-0.328078852860
2024-01-07T13:08:00Z,fourier-demo,1.828792807775,1.414200000000,0.944145592375,-0.329528603310
2024-01-07T13:09:00Z,fourier-demo,2.133984030295,1.414350000000,0.943638619061,-0.330977577211
2024-01-07T13:10:00Z,fourier-demo,2.394790646058,1.414500000000,0.943129422019,-0.332425771147
2024-01-07T13:11:00Z,fourier-demo,2.606423869870,1.414650000000,0.942618002447,-0.333873181706
2024-01-07T13:12:00Z,fourier-demo,2.765877896755,1.414800000000,0.942104361552,-0.335319805477
2024-01-07T13:13:00Z,fourier-demo,2.871997553583,1.414950000000,0.941588500543,-0.336765639052
2024-01-07T13:14:00Z,fourier-demo,2.925474436177,1.415100000000,0.941070420636,-0.338210679022
2024-01-07T13:15:00Z,fourier-demo,2.928772410855,1.415250000000,0.940550123052,-0.339654921982
2024-01-07T13:16:00Z,fourier-demo,2.885986171052,1.415400000000,0.940027609017,-0.341098364530
2024-01-07T13:17:00Z,fourier-demo,2.802639189929,1.415550000000,0.939502879763,-0.342541003263
2024-01-07T13:18:00Z,fourier-demo,2.685429791741,1.415700000000,0.938975936526,-0.343982834783
2024-01-07T13:19:00Z,fourier-demo,2.541936082350,1.415850000000,0.938446780548,-0.345423855690
2024-01-07T13:20:00Z,fourier-demo,2.380292051920,1.416000000000,0.937915413075,-0.346864062590
2024-01-07T13:21:00Z,fourier-demo,2.208848227962,1.416150000000,0.937381835360,-0.348303452088
2024-01-07T13:22:00Z,fourier-demo,2.035830772945,1.416300000000,0.936846048661,-0.349742020792
2024-01-07T13:23:00Z,fourier-demo,1.869012868434,1.416450000000,0.936308054240,-0.351179765313
2024-01-07T13:24:00Z,fourier-demo,1.715411611319,1.416600000000,0.935767853364,-0.352616682263
2024-01-07T13:25:00Z,fourier-demo,1.581022494316,1.416750000000,0.935225447308,-0.354052768254
2024-01-07T13:26:00Z,fourier-demo,1.470601901569,1.416900000000,0.934680837348,-0.355488019903
2024-01-07T13:27:00Z,fourier-demo,1.387505989824,1.417050000000,0.934134024769,-0.356922433828
2024-01-07T13:28:00Z,fourier-demo,1.333591932216,1.417200000000,0.933585010858,-0.358356006648
2024-01-07T13:29:00Z,fourier-demo,1.309184874574,1.417350000000,0.933033796911,-0.359788734986
2024-01-07T13:30:00Z,fourier-demo,1.313111202093,1.417500000000,0.932480384225,-0.361220615464
2024-01-07T13:31:00Z,fourier-demo,1.342795950936,1.417650000000,0.931924774105,-0.362651644709
2024-01-07T13:32:00Z,fourier-demo,1.394419538670,1.417800000000,0.931366967860,-0.364081819348
2024-01-07T13:33:00Z,fourier-demo,1.463126538862,1.417950000000,0.930806966805,-0.365511136011
2024-01-07T13:34:00Z,fourier-demo,1.543277089191,1.418100000000,0.930244772259,-0.366939591330
2024-01-07T13:35:00Z,fourier-demo,1.628729786491,1.418250000000,0.929680385547,-0.368367181938
2024-01-07T13:36:00Z,fourier-demo,1.713143657069,1.418400000000,0.929113808000,-0.369793904471
2024-01-07T13:37:00Z,fourier-demo,1.790286047680,1.418550000000,0.928545040952,-0.371219755568
2024-01-07T13:38:00Z,fourier-demo,1.854333091412,1.418700000000,0.927974085743,-0.372644731868
2024-01-07T13:39:00Z,fourier-demo,1.900149770231,1.418850000000,0.927400943720,-0.374068830013
2024-01-07T13:40:00Z,fourier-demo,1.923537505814,1.419000000000,0.926825616233,-0.375492046647
2024-01-07T13:41:00Z,fourier-demo,1.921438623969,1.419150000000,0.926248104637,-0.376914378416
2024-01-07T13:42:00Z,fourier-demo,1.892088895944,1.419300000000,0.925668410294,-0.378335821969
2024-01-07T13:43:00Z,fourier-demo,1.835111584470,1.419450000000,0.925086534569,-0.379756373955
2024-01-07T13:44:00Z,fourier-demo,1.751548920712,1.419600000000,0.924502478834,-0.381176031027
2024-01-07T13:45:00Z,fourier-demo,1.643829606114,1.419750000000,0.923916244465,-0.382594789841
2024-01-07T13:46:00Z,fourier-demo,1.515673659426,1.419900000000,0.923327832844,-0.384012647051
2024-01-07T13:47:00Z,fourier-demo,1.371938600392,1.420050000000,0.922737245357,-0.385429599318
2024-01-07T13:48:00Z,fourier-demo,1.218413466366,1.420200000000,0.922144483397,-0.386845643301
2024-01-07T13:49:00Z,fourier-demo,1.061569392299,1.420350000000,0.921549548359,-0.388260775664
2024-01-07T13:50:00Z,fourier-demo,0.908277354649,1.420500000000,0.920952441646,-0.389674993073
2024-01-07T13:51:00Z,fourier-demo,0.765505107904,1.420650000000,0.920353164665,-0.391088292194
2024-01-07T13:52:00Z,fourier-demo,0.640006268457,1.420800000000,0.919751718828,-0.392500669696
2024-01-07T13:53:00Z,fourier-demo,0.538014885373,1.420950000000,0.919148105553,-0.393912122253
2024-01-07T13:54:00Z,fourier-demo,0.464958664453,1.421100000000,0.918542326262,-0.395322646537
2024-01-07T13:55:00Z,fourier-demo,0.425203286909,1.421250000000,0.917934382383,-0.396732239224
2024-01-07T13:56:00Z,fourier-demo,0.421839016223,1.421400000000,0.917324275347,-0.398140896993
2024-01-07T13:57:00Z,fourier-demo,0.456519066924,1.421550000000,0.916712006594,-0.399548616524
2024-01-07T13:58:00Z,fourier-demo,0.529357087406,1.421700000000,0.916097577565,-0.400955394500
2024-01-07T13:59:00Z,fourier-demo,0.638888672532,1.421850000000,0.915480989709,-0.402361227606
2024-01-07T14:00:00Z,fourier-demo,0.782099170731,1.422000000000,0.914862244479,-0.403766112528
2024-01-07T14:01:00Z,fourier-demo,0.954517293737,1.422150000000,0.914241343333,-0.405170045957
2024-01-07T14:02:00Z,fourier-demo,1.150371288781,1.422300000000,0.913618287734,-0.406573024583
2024-01-07T14:03:00Z,fourier-demo,1.362801806448,1.422450000000,0.912993079150,-0.407975045100
2024-01-07T14:04:00Z,fourier-demo,1.584123201468,1.422600000000,0.912365719054,-0.409376104205
2024-01-07T14:05:00Z,fourier-demo,1.806122937764,1.422750000000,0.911736208926,-0.410776198596
2024-01-07T14:06:00Z,fourier-demo,2.020387119500,1.422900000000,0.911104550248,-0.412175324973
2024-01-07T14:07:00Z,fourier-demo,2.218639005709,1.423050000000,0.910470744509,-0.413573480040
2024-01-07T14:08:00Z,fourier-demo,2.393076736891,1.423200000000,0.909834793203,-0.414970660501
2024-01-07T14:09:00Z,fourier-demo,2.536696435332,1.423350000000,0.909196697828,-0.416366863064
2024-01-07T14:10:00Z,fourier-demo,2.643587341309,1.423500000000,0.908556459888,-0.417762084439
2024-01-07T14:11:00Z,fourier-demo,2.709186696335,1.423650000000,0.907914080892,-0.419156321338
2024-01-07T14:12:00Z,fourier-demo,2.730483640819,1.423800000000,0.907269562353,-0.420549570475
2024-01-07T14:13:00Z,fourier-demo,2.706163395139,1.423950000000,0.906622905791,-0.421941828568
2024-01-07T14:14:00Z,fourier-demo,2.636685359688,1.424100000000,0.905974112729,-0.423333092334
2024-01-07T14:15:00Z,fourier-demo,2.524291405627,1.424250000000,0.905323184696,-0.424723358496
2024-01-07T14:16:00Z,fourier-demo,2.372943427167,1.424400000000,0.904670123226,-0.426112623777
2024-01-07T14:17:00Z,fourier-demo,2.188192074738,1.424550000000,0.904014929858,-0.427500884904
2024-01-07T14:18:00Z,fourier-demo,1.976981370706,1.424700000000,0.903357606136,-0.428888138604
2024-01-07T14:19:00Z,fourier-demo,1.747396512040,1.424850000000,0.902698153610,-0.430274381610
2024-01-07T14:20:00Z,fourier-demo,1.508364481513,1.425000000000,0.902036573832,-0.431659610653
2024-01-07T14:21:00Z,fourier-demo,1.269319025797,1.425150000000,0.901372868363,-0.433043822470
2024-01-07T14:22:00Z,fourier-demo,1.039843036007,1.425300000000,0.900707038765,-0.434427013799
2024-01-07T14:23:00Z,fourier-demo,0.829302322904,1.425450000000,0.900039086609,-0.435809181380
2024-01-07T14:24:00Z,fourier-demo,0.646485175481,1.425600000000,0.899369013469,-0.437190321956
2024-01-07T14:25:00Z,fourier-demo,0.499261910907,1.425750000000,0.898696820922,-0.438570432273
2024-01-07T14:26:00Z,fourier-demo,0.394277872263,1.425900000000,0.898022510555,-0.439949509077
2024-01-07T14:27:00Z,fourier-demo,0.336692037642,1.426050000000,0.897346083954,-0.441327549120
2024-01-07T14:28:00Z,fourier-demo,0.329971621604,1.426200000000,0.896667542715,-0.442704549153
2024-01-07T14:29:00Z,fourier-demo,0.375750849083,1.426350000000,0.895986888437,-0.444080505933
2024-01-07T14:30:00Z,fourier-demo,0.473759551012,1.426500000000,0.895304122723,-0.445455416215
2024-01-07T14:31:00Z,fourier-demo,0.621824472140,1.426650000000,0.894619247183,-0.446829276761
2024-01-07T14:32:00Z,fourier-demo,0.815943305718,1.426800000000,0.893932263430,-0.448202084332
2024-01-07T14:33:00Z,fourier-demo,1.050428592862,1.426950000000,0.893243173083,-0.449573835694
2024-01-07T14:34:00Z,fourier-demo,1.318115862467,1.427100000000,0.892551977766,-0.450944527614
2024-01-07T14:35:00Z,fourier-demo,1.610627851586,1.427250000000,0.891858679109,-0.452314156862
2024-01-07T14:36:00Z,fourier-demo,1.918684438478,1.427400000000,0.891163278745,-0.453682720210
2024-01-07T14:37:00Z,fourier-demo,2.232446129684,1.427550000000,0.890465778312,-0.455050214434
2024-01-07T14:38:00Z,fourier-demo,2.541877640299,1.427700000000,0.889766179454,-0.456416636310
2024-01-07T14:39:00Z,fourier-demo,2.837117345099,1.427850000000,0.889064483820,-0.457781982618
2024-01-07T14:40:00Z,fourier-demo,3.108838187261,1.428000000000,0.888360693064,-0.459146250142
2024-01-07T14:41:00Z,fourier-demo,3.348586017987,1.428150000000,0.887654808843,-0.460509435666
2024-01-07T14:42:00Z,fourier-demo,3.549082287825,1.428300000000,0.886946832823,-0.461871535977
2024-01-07T14:43:00Z,fourier-demo,3.704479479532,1.428450000000,0.886236766670,-0.463232547867
2024-01-07T14:44:00Z,fourier-demo,3.810559602629,1.428600000000,0.885524612058,-0.464592468127
2024-01-07T14:45:00Z,fourier-demo,3.864868382204,1.428750000000,0.884810370665,-0.465951293553
2024-01-07T14:46:00Z,fourier-demo,3.866780374723,1.428900000000,0.884094044175,-0.467309020942
2024-01-07T14:47:00Z,fourier-demo,3.817493025589,1.429050000000,0.883375634276,-0.468665647096
2024-01-07T14:48:00Z,fourier-demo,3.719950533769,1.429200000000,0.882655142660,-0.470021168817
2024-01-07T14:49:00Z,fourier-demo,3.578701192372,1.429350000000,0.881932571025,-0.471375582911
2024-01-07T14:50:00Z,fourier-demo,3.399694516837,1.429500000000,0.881207921075,-0.472728886186
2024-01-07T14:51:00Z,fourier-demo,3.190026847762,1.429650000000,0.880481194516,-0.474081075454
2024-01-07T14:52:00Z,fourier-demo,2.957646127458,1.429800000000,0.879752393062,-0.475432147526
2024-01-07T14:53:00Z,fourier-demo,2.711028117573,1.429950000000,0.879021518430,-0.476782099220
2024-01-07T14:54:00Z,fourier-demo,2.458837387000,1.430100000000,0.878288572342,-0.478130927355
2024-01-07T14:55:00Z,fourier-demo,2.209586913287,1.430250000000,0.877553556525,-0.479478628752
2024-01-07T14:56:00Z,fourier-demo,1.971310087775,1.430400000000,0.876816472712,-0.480825200234
2024-01-07T14:57:00Z,fourier-demo,1.751258298702,1.430550000000,0.876077322640,-0.482170638629
2024-01-07T14:58:00Z,fourier-demo,1.555636114845,1.430700000000,0.875336108050,-0.483514940767
2024-01-07T14:59:00Z,fourier-demo,1.389384453733,1.430850000000,0.874592830688,-0.484858103478
2024-01-07T15:00:00Z,fourier-demo,1.256020062067,1.431000000000,0.873847492308,-0.486200123598
2024-01-07T15:01:00Z,fourier-demo,1.157537247465,1.431150000000,0.873100094664,-0.487540997965
2024-01-07T15:02:00Z,fourier-demo,1.094375179337,1.431300000000,0.872350639519,-0.488880723419
2024-01-07T15:03:00Z,fourier-demo,1.065451331214,1.431450000000,0.871599128639,-0.490219296801
2024-01-07T15:04:00Z,fourier-demo,1.068258880746,1.431600000000,0.870845563793,-0.491556714959
2024-01-07T15:05:00Z,fourier-demo,1.099023230528,1.431750000000,0.870089946759,-0.492892974740
2024-01-07T15:06:00Z,fourier-demo,1.152910372260,1.431900000000,0.869332279317,-0.494228072996
2024-01-07T15:07:00Z,fourier-demo,1.224277688778,1.432050000000,0.868572563252,-0.495562006580
2024-01-07T15:08:00Z,fourier-demo,1.306956060505,1.432200000000,0.867810800355,-0.496894772348
2024-01-07T15:09:00Z,fourier-demo,1.394550885464,1.432350000000,0.867046992421,-0.498226367161
2024-01-07T15:10:00Z,fourier-demo,1.480748886386,1.432500000000,0.866281141249,-0.499556787879
2024-01-07T15:11:00Z,fourier-demo,1.559617393967,1.432650000000,0.865513248645,-0.500886031368
2024-01-07T15:12:00Z,fourier-demo,1.625883168850,1.432800000000,0.864743316418,-0.502214094496
2024-01-07T15:13:00Z,fourier-demo,1.675178739895,1.432950000000,0.863971346383,-0.503540974132
2024-01-07T15:14:00Z,fourier-demo,1.704245654126,1.433100000000,0.863197340358,-0.504866667150
2024-01-07T15:15:00Z,fourier-demo,1.711085894762,1.433250000000,0.862421300168,-0.506191170426
2024-01-07T15:16:00Z,fourier-demo,1.695054950207,1.433400000000,0.861643227641,-0.507514480839
2024-01-07T15:17:00Z,fourier-demo,1.656892515810,1.433550000000,0.860863124611,-0.508836595269
2024-01-07T15:18:00Z,fourier-demo,1.598689477425,1.433700000000,0.860080992916,-0.510157510602
2024-01-07T15:19:00Z,fourier-demo,1.523792550216,1.433850000000,0.859296834400,-0.511477223725
2024-01-07T15:20:00Z,fourier-demo,1.436650614149,1.434000000000,0.858510650911,-0.512795731528
2024-01-07T15:21:00Z,fourier-demo,1.342609288071,1.434150000000,0.857722444300,-0.514113030903
2024-01-07T15:22:00Z,fourier-demo,1.247662512853,1.434300000000,0.856932216426,-0.515429118747
2024-01-07T15:23:00Z,fourier-demo,1.158171777627,1.434450000000,0.856139969150,-0.516743991957
2024-01-07T15:24:00Z,fourier-demo,1.080565043639,1.434600000000,0.855345704340,-0.518057647436
2024-01-07T15:25:00Z,fourier-demo,1.021028337873,1.434750000000,0.854549423868,-0.519370082087
2024-01-07T15:26:00Z,fourier-demo,0.985203364345,1.434900000000,0.853751129609,-0.520681292818
2024-01-07T15:27:00Z,fourier-demo,0.977904298057,1.435050000000,0.852950823446,-0.521991276539
2024-01-07T15:28:00Z,fourier-demo,1.002866191616,1.435200000000,0.852148507263,-0.523300030163
2024-01-07T15:29:00Z,fourier-demo,1.062536166509,1.435350000000,0.851344182953,-0.524607550606
2024-01-07T15:30:00Z,fourier-demo,1.157916831022,1.435500000000,0.850537852409,-0.525913834786
2024-01-07T15:31:00Z,fourier-demo,1.288469235214,1.435650000000,0.849729517533,-0.527218879626
2024-01-07T15:32:00Z,fourier-demo,1.452080227385,1.435800000000,0.848919180229,-0.528522682049
2024-01-07T15:33:00Z,fourier-demo,1.645096416394,1.435950000000,0.848106842406,-0.529825238983
2024-01-07T15:34:00Z,fourier-demo,1.862424179418,1.436100000000,0.847292505980,-0.531126547359
2024-01-07T15:35:00Z,fourier-demo,2.097692399010,1.436250000000,0.846476172869,-0.532426604111
2024-01-07T15:36:00Z,fourier-demo,2.343471980516,1.436400000000,0.845657844997,-0.533725406174
2024-01-07T15:37:00Z,fourier-demo,2.591543799837,1.436550000000,0.844837524292,-0.535022950487
2024-01-07T15:38:00Z,fourier-demo,2.833204661932,1.436700000000,0.844015212687,-0.536319233994
2024-01-07T15:39:00Z,fourier-demo,3.059599198488,1.436850000000,0.843190912121,-0.537614253639
2024-01-07T15:40:00Z,fourier-demo,3.262064468256,1.437000000000,0.842364624536,-0.538908006371
2024-01-07T15:41:00Z,fourier-demo,3.432473395046,1.437150000000,0.841536351878,-0.540200489141
2024-01-07T15:42:00Z,fourier-demo,3.563563113998,1.437300000000,0.840706096100,-0.541491698902
2024-01-07T15:43:00Z,fourier-demo,3.649234800994,1.437450000000,0.839873859159,-0.542781632613
2024-01-07T15:44:00Z,fourier-demo,3.684812614324,1.437600000000,0.839039643015,-0.544070287233
2024-01-07T15:45:00Z,fourier-demo,3.667250940785,1.437750000000,0.838203449634,-0.545357659726
2024-01-07T15:46:00Z,fourier-demo,3.595281148036,1.437900000000,0.837365280987,-0.546643747057
2024-01-07T15:47:00Z,fourier-demo,3.469491421051,1.438050000000,0.836525139050,-0.547928546197
2024-01-07T15:48:00Z,fourier-demo,3.292335907110,1.438200000000,0.835683025801,-0.549212054118
2024-01-07T15:49:00Z,fourier-demo,3.068072204297,1.438350000000,0.834838943226,-0.550494267794
2024-01-07T15:50:00Z,fourier-demo,2.802629089257,1.438500000000,0.833992893313,-0.551775184204
2024-01-07T15:51:00Z,fourier-demo,2.503409175059,1.438650000000,0.833144878057,-0.553054800330
2024-01-07T15:52:00Z,fourier-demo,2.179033805981,1.438800000000,0.832294899455,-0.554333113156
2024-01-07T15:53:00Z,fourier-demo,1.839039826598,1.438950000000,0.831442959511,-0.555610119670
2024-01-07T15:54:00Z,fourier-demo,1.493539812739,1.439100000000,0.830589060232,-0.556885816862
2024-01-07T15:55:00Z,fourier-demo,1.152858842189,1.439250000000,0.829733203631,-0.558160201727
2024-01-07T15:56:00Z,fourier-demo,0.827161852344,1.439400000000,0.828875391724,-0.559433271261
2024-01-07T15:57:00Z,fourier-demo,0.526086040603,1.439550000000,0.828015626534,-0.560705022464
2024-01-07T15:58:00Z,fourier-demo,0.258392593670,1.439700000000,0.827153910085,-0.561975452338
2024-01-07T15:59:00Z,fourier-demo,0.031651290531,1.439850000000,0.826290244409,-0.563244557892
2024-01-07T16:00:00Z,fourier-demo,-0.148029760041,1.440000000000,0.825424631541,-0.564512336132
2024-01-07T16:01:00Z,fourier-demo,-0.276218761668,1.440150000000,0.824557073521,-0.565778784073
2024-01-07T16:02:00Z,fourier-demo,-0.350310961221,1.440300000000,0.823687572393,-0.567043898729
2024-01-07T16:03:00Z,fourier-demo,-0.369609703711,1.440450000000,0.822816130206,-0.568307677120
2024-01-07T16:04:00Z,fourier-demo,-0.335334802548,1.440600000000,0.821942749014,-0.569570116266
2024-01-07T16:05:00Z,fourier-demo,-0.250558091217,1.440750000000,0.821067430875,-0.570831213194
2024-01-07T16:06:00Z,fourier-demo,-0.120068899909,1.440900000000,0.820190177852,-0.572090964930
2024-01-07T16:07:00Z,fourier-demo,0.049825034980,1.441050000000,0.819310992012,-0.573349368508
2024-01-07T16:08:00Z,fourier-demo,0.251553180534,1.441200000000,0.818429875427,-0.574606420960
2024-01-07T16:09:00Z,fourier-demo,0.476584074783,1.441350000000,0.817546830173,-0.575862119326
2024-01-07T16:10:00Z,fourier-demo,0.715761392354,1.441500000000,0.816661858331,-0.577116460645
2024-01-07T16:11:00Z,fourier-demo,0.959660837811,1.441650000000,0.815774961987,-0.578369441961
2024-01-07T16:12:00Z,fourier-demo,1.198953724561,1.441800000000,0.814886143231,-0.579621060323
2024-01-07T16:13:00Z,fourier-demo,1.424762895101,1.441950000000,0.813995404157,-0.580871312780
2024-01-07T16:14:00Z,fourier-demo,1.628997012717,1.442100000000,0.813102746864,-0.582120196387
2024-01-07T16:15:00Z,fourier-demo,1.804650189269,1.442250000000,0.812208173457,-0.583367708200
2024-01-07T16:16:00Z,fourier-demo,1.946055369170,1.442400000000,0.811311686042,-0.584613845279
2024-01-07T16:17:00Z,fourier-demo,2.049081806028,1.442550000000,0.810413286733,-0.585858604688
2024-01-07T16:18:00Z,fourier-demo,2.111269266766,1.442700000000,0.809512977646,-0.587101983493
2024-01-07T16:19:00Z,fourier-demo,2.131894184196,1.442850000000,0.808610760905,-0.588343978765
2024-01-07T16:20:00Z,fourier-demo,2.111965747286,1.443000000000,0.807706638633,-0.589584587577
2024-01-07T16:21:00Z,fourier-demo,2.054152755733,1.443150000000,0.806800612963,-0.590823807004
2024-01-07T16:22:00Z,fourier-demo,1.962644856459,1.443300000000,0.805892686028,-0.592061634128
2024-01-07T16:23:00Z,fourier-demo,1.842954410819,1.443450000000,0.804982859970,-0.593298066030
2024-01-07T16:24:00Z,fourier-demo,1.701667606128,1.443600000000,0.804071136931,-0.594533099797
2024-01-07T16:25:00Z,fourier-demo,1.546155427810,1.443750000000,0.803157519061,-0.595766732518
2024-01-07T16:26:00Z,fourier-demo,1.384256668781,1.443900000000,0.802242008512,-0.596998961288
2024-01-07T16:27:00Z,fourier-demo,1.223946208024,1.444050000000,0.801324607442,-0.598229783201
2024-01-07T16:28:00Z,fourier-demo,1.073002299401,1.444200000000,0.800405318012,-0.599459195357
2024-01-07T16:29:00Z,fourier-demo,0.938686555392,1.444350000000,0.799484142390,-0.600687194859
2024-01-07T16:30:00Z,fourier-demo,0.827449692812,1.444500000000,0.798561082745,-0.601913778813
2024-01-07T16:31:00Z,fourier-demo,0.744674955858,1.444650000000,0.797636141253,-0.603138944329
2024-01-07T16:32:00Z,fourier-demo,0.694469494917,1.444800000000,0.796709320094,-0.604362688520
2024-01-07T16:33:00Z,fourier-demo,0.679511926336,1.444950000000,0.795780621452,-0.605585008501
2024-01-07T16:34:00Z,fourier-demo,0.700961914570,1.445100000000,0.794850047515,-0.606805901393
2024-01-07T16:35:00Z,fourier-demo,0.758435002891,1.445250000000,0.793917600476,-0.608025364318
2024-01-07T16:36:00Z,fourier-demo,0.850043180747,1.445400000000,0.792983282533,-0.609243394402
2024-01-07T16:37:00Z,fourier-demo,0.972498928293,1.445550000000,0.792047095888,-0.610459988776
2024-01-07T16:38:00Z,fourier-demo,1.121277835054,1.445700000000,0.791109042746,-0.611675144571
2024-01-07T16:39:00Z,fourier-demo,1.290832459339,1.445850000000,0.790169125318,-0.612888858925
2024-01-07T16:40:00Z,fourier-demo,1.474847977981,1.446000000000,0.789227345819,-0.614101128978
2024-01-07T16:41:00Z,fourier-demo,1.666528459328,1.446150000000,0.788283706468,-0.615311951872
2024-01-07T16:42:00Z,fourier-demo,1.858901346602,1.446300000000,0.787338209490,-0.616521324755
2024-01-07T16:43:00Z,fourier-demo,2.045127014663,1.446450000000,0.786390857112,-0.617729244775
2024-01-07T16:44:00Z,fourier-demo,2.218800090196,1.446600000000,0.785441651567,-0.618935709088
2024-01-07T16:45:00Z,fourier-demo,2.374229609863,1.446750000000,0.784490595091,-0.620140714849
2024-01-07T16:46:00Z,fourier-demo,2.506686016442,1.446900000000,0.783537689926,-0.621344259220
2024-01-07T16:47:00Z,fourier-demo,2.612604420536,1.447050000000,0.782582938317,-0.622546339363
2024-01-07T16:48:00Z,fourier-demo,2.689735425331,1.447200000000,0.781626342515,-0.623746952447
2024-01-07T16:49:00Z,fourier-demo,2.737237046189,1.447350000000,0.780667904773,-0.624946095641
2024-01-07T16:50:00Z,fourier-demo,2.755703762503,1.447500000000,0.779707627351,-0.626143766120
2024-01-07T16:51:00Z,fourier-demo,2.747131411927,1.447650000000,0.778745512510,-0.627339961062
2024-01-07T16:52:00Z,fourier-demo,2.714819365688,1.447800000000,0.777781562519,-0.628534677647
2024-01-07T16:53:00Z,fourier-demo,2.663214094457,1.447950000000,0.776815779649,-0.629727913061
2024-01-07T16:54:00Z,fourier-demo,2.597700736214,1.448100000000,0.775848166176,-0.630919664491
2024-01-07T16:55:00Z,fourier-demo,2.524351506118,1.448250000000,0.774878724380,-0.632109929129
2024-01-07T16:56:00Z,fourier-demo,2.449641650709,1.448400000000,0.773907456545,-0.633298704170
2024-01-07T16:57:00Z,fourier-demo,2.380145066701,1.448550000000,0.772934364961,-0.634485986813
2024-01-07T16:58:00Z,fourier-demo,2.322222618493,1.448700000000,0.771959451921,-0.635671774260
2024-01-07T16:59:00Z,fourier-demo,2.281716559355,1.448850000000,0.770982719721,-0.636856063716
2024-01-07T17:00:00Z,fourier-demo,2.263664272537,1.449000000000,0.770004170664,-0.638038852390
2024-01-07T17:01:00Z,fourier-demo,2.272043806776,1.449150000000,0.769023807056,-0.639220137496
2024-01-07T17:02:00Z,fourier-demo,2.309562415295,1.449300000000,0.768041631208,-0.640399916249
2024-01-07T17:03:00Z,fourier-demo,2.377497569398,1.449450000000,0.767057645432,-0.641578185870
2024-01-07T17:04:00Z,fourier-demo,2.475597777875,1.449600000000,0.766071852049,-0.642754943581
2024-01-07T17:05:00Z,fourier-demo,2.602048088916,1.449750000000,0.765084253382,-0.643930186610
2024-01-07T17:06:00Z,fourier-demo,2.753502482682,1.449900000000,0.764094851757,-0.645103912187
2024-01-07T17:07:00Z,fourier-demo,2.925182589483,1.450050000000,0.763103649506,-0.646276117546
2024-01-07T17:08:00Z,fourier-demo,3.111039404815,1.450200000000,0.762110648966,-0.647446799925
2024-01-07T17:09:00Z,fourier-demo,3.303972032182,1.450350000000,0.761115852476,-0.648615956564
2024-01-07T17:10:00Z,fourier-demo,3.496095076673,1.450500000000,0.760119262380,-0.649783584710
2024-01-07T17:11:00Z,fourier-demo,3.679044236648,1.450650000000,0.759120881028,-0.650949681610
2024-01-07T17:12:00Z,fourier-demo,3.844307983767,1.450800000000,0.758120710771,-0.652114244516
2024-01-07T17:13:00Z,fourier-demo,3.983572052542,1.450950000000,0.757118753967,-0.653277270684
2024-01-07T17:14:00Z,fourier-demo,4.089062829114,1.451100000000,0.756115012976,-0.654438757373
2024-01-07T17:15:00Z,fourier-demo,4.153875662701,1.451250000000,0.755109490165,-0.655598701846
2024-01-07T17:16:00Z,fourier-demo,4.172274626837,1.451400000000,0.754102187903,-0.656757101370
2024-01-07T17:17:00Z,fourier-demo,4.139951312316,1.451550000000,0.753093108563,-0.657913953215
2024-01-07T17:18:00Z,fourier-demo,4.054231798627,1.451700000000,0.752082254524,-0.659069254654
2024-01-07T17:19:00Z,fourier-demo,3.914222963325,1.451850000000,0.751069628167,-0.660223002966
2024-01-07T17:20:00Z,fourier-demo,3.720891668817,1.452000000000,0.750055231879,-0.661375195431
2024-01-07T17:21:00Z,fourier-demo,3.477073017798,1.452150000000,0.749039068050,-0.662525829334
2024-01-07T17:22:00Z,fourier-demo,3.187406685153,1.452300000000,0.748021139076,-0.663674901963
2024-01-07T17:23:00Z,fourier-demo,2.858203201735,1.452450000000,0.747001447354,-0.664822410611
2024-01-07T17:24:00Z,fourier-demo,2.497244868048,1.452600000000,0.745979995288,-0.665968352574
2024-01-07T17:25:00Z,fourier-demo,2.113528599900,1.452750000000,0.744956785285,-0.667112725151
2024-01-07T17:26:00Z,fourier-demo,1.716960346978,1.452900000000,0.743931819756,-0.668255525645
2024-01-07T17:27:00Z,fourier-demo,1.318012684073,1.453050000000,0.742905101116,-0.669396751363
2024-01-07T17:28:00Z,fourier-demo,0.927358673539,1.453200000000,0.741876631786,-0.670536399616
2024-01-07T17:29:00Z,fourier-demo,0.555496075280,1.453350000000,0.740846414188,-0.671674467719
2024-01-07T17:30:00Z,fourier-demo,0.212376397144,1.453500000000,0.739814450750,-0.672810952989
2024-01-07T17:31:00Z,fourier-demo,-0.092946883500,1.453650000000,0.738780743905,-0.673945852747
2024-01-07T17:32:00Z,fourier-demo,-0.352637330845,1.453800000000,0.737745296088,-0.675079164321
2024-01-07T17:33:00Z,fourier-demo,-0.560349476192,1.453950000000,0.736708109739,-0.676210885039
2024-01-07T17:34:00Z,fourier-demo,-0.711447109837,1.454100000000,0.735669187303,-0.677341012234
2024-01-07T17:35:00Z,fourier-demo,-0.803157582109,1.454250000000,0.734628531227,-0.678469543242
2024-01-07T17:36:00Z,fourier-demo,-0.834656280044,1.454400000000,0.733586143965,-0.679596475405
2024-01-07T17:37:00Z,fourier-demo,-0.807078200768,1.454550000000,0.732542027972,-0.680721806067
2024-01-07T17:38:00Z,fourier-demo,-0.723456417348,1.454700000000,0.731496185709,-0.681845532576
2024-01-07T17:39:00Z,fourier-demo,-0.588590111633,1.454850000000,0.730448619641,-0.682967652283
2024-01-07T17:40:00Z,fourier-demo,-0.408847615727,1.455000000000,0.729399332236,-0.684088162545
2024-01-07T17:41:00Z,fourier-demo,-0.191912447757,1.455150000000,0.728348325967,-0.685207060721
2024-01-07T17:42:00Z,fourier-demo,0.053517453552,1.455300000000,0.727295603311,-0.686324344173
2024-01-07T17:43:00Z,fourier-demo,0.318065286215,1.455450000000,0.726241166748,-0.687440010270
2024-01-07T17:44:00Z,fourier-demo,0.592032406318,1.455600000000,0.725185018763,-0.688554056383
2024-01-07T17:45:00Z,fourier-demo,0.865762705037,1.455750000000,0.724127161846,-0.689666479885
2024-01-07T17:46:00Z,fourier-demo,1.130000021264,1.455900000000,0.723067598489,-0.690777278155
2024-01-07T17:47:00Z,fourier-demo,1.376224633727,1.456050000000,0.722006331189,-0.691886448576
2024-01-07T17:48:00Z,fourier-demo,1.596955800011,1.456200000000,0.720943362447,-0.692993988534
2024-01-07T17:49:00Z,fourier-demo,1.786008754086,1.456350000000,0.719878694768,-0.694099895418
2024-01-07T17:50:00Z,fourier-demo,1.938696478673,1.456500000000,0.718812330660,-0.695204166624
2024-01-07T17:51:00Z,fourier-demo,2.051968855685,1.456650000000,0.717744272637,-0.696306799548
2024-01-07T17:52:00Z,fourier-demo,2.124484372774,1.456800000000,0.716674523216,-0.697407791592
2024-01-07T17:53:00Z,fourier-demo,2.156612321347,1.456950000000,0.715603084918,-0.698507140161
2024-01-07T17:54:00Z,fourier-demo,2.150366248509,1.457100000000,0.714529960267,-0.699604842666
2024-01-07T17:55:00Z,fourier-demo,2.109272206837,1.457250000000,0.713455151792,-0.700700896518
2024-01-07T17:56:00Z,fourier-demo,2.038177968536,1.457400000000,0.712378662026,-0.701795299136
2024-01-07T17:57:00Z,fourier-demo,1.943011727850,1.457550000000,0.711300493507,-0.702888047940
2024-01-07T17:58:00Z,fourier-demo,1.830500812215,1.457700000000,0.710220648774,-0.703979140355
2024-01-07T17:59:00Z,fourier-demo,1.707862478106,1.457850000000,0.709139130373,-0.705068573810
2024-01-07T18:00:00Z,fourier-demo,1.582479919654,1.458000000000,0.708055940852,-0.706156345737
2024-01-07T18:01:00Z,fourier-demo,1.461577125458,1.458150000000,0.706971082763,-0.707242453574
2024-01-07T18:02:00Z,fourier-demo,1.351906162605,1.458300000000,0.705884558664,-0.708326894760
2024-01-07T18:03:00Z,fourier-demo,1.259459850838,1.458450000000,0.704796371114,-0.709409666740
2024-01-07T18:04:00Z,fourier-demo,1.189221641306,1.458600000000,0.703706522678,-0.710490766963
2024-01-07T18:05:00Z,fourier-demo,1.144962882256,1.458750000000,0.702615015925,-0.711570192881
2024-01-07T18:06:00Z,fourier-demo,1.129095607162,1.458900000000,0.701521853426,-0.712647941950
2024-01-07T18:07:00Z,fourier-demo,1.142586604839,1.459050000000,0.700427037758,-0.713724011631
2024-01-07T18:08:00Z,fourier-demo,1.184935925080,1.459200000000,0.699330571500,-0.714798399387
2024-01-07T18:09:00Z,fourier-demo,1.254220245674,1.459350000000,0.698232457236,-0.715871102687
2024-01-07T18:10:00Z,fourier-demo,1.347198790595,1.459500000000,0.697132697555,-0.716942119002
2024-01-07T18:11:00Z,fourier-demo,1.459476857986,1.459650000000,0.696031295048,-0.718011445810
2024-01-07T18:12:00Z,fourier-demo,1.585719599320,1.459800000000,0.694928252310,-0.719079080590
2024-01-07T18:13:00Z,fourier-demo,1.719906587698,1.459950000000,0.693823571940,-0.720145020826
2024-01-07T18:14:00Z,fourier-demo,1.855616010449,1.460100000000,0.692717256543,-0.721209264006
2024-01-07T18:15:00Z,fourier-demo,1.986326089406,1.460250000000,0.691609308724,-0.722271807622
2024-01-07T18:16:00Z,fourier-demo,2.105720621957,1.460400000000,0.690499731096,-0.723332649171
2024-01-07T18:17:00Z,fourier-demo,2.207985376422,1.460550000000,0.689388526272,-0.724391786152
2024-01-07T18:18:00Z,fourier-demo,2.288082472721,1.460700000000,0.688275696872,-0.725449216069
2024-01-07T18:19:00Z,fourier-demo,2.341990816878,1.460850000000,0.687161245517,-0.726504936431
2024-01-07T18:20:00Z,fourier-demo,2.366902096635,1.461000000000,0.686045174835,-0.727558944750
2024-01-07T18:21:00Z,fourier-demo,2.361363725299,1.461150000000,0.684927487454,-0.728611238542
2024-01-07T18:22:00Z,fourier-demo,2.325362363984,1.461300000000,0.683808186009,-0.729661815327
2024-01-07T18:23:00Z,fourier-demo,2.260344165237,1.461450000000,0.682687273138,-0.730710672630
2024-01-07T18:24:00Z,fourier-demo,2.169170559482,1.461600000000,0.681564751483,-0.731757807978
2024-01-07T18:25:00Z,fourier-demo,2.056011138287,1.461750000000,0.680440623687,-0.732803218904
2024-01-07T18:26:00Z,fourier-demo,1.926177861625,1.461900000000,0.679314892402,-0.733846902945
2024-01-07T18:27:00Z,fourier-demo,1.785907318824,1.462050000000,0.678187560278,-0.734888857641
2024-01-07T18:28:00Z,fourier-demo,1.642100000350,1.462200000000,0.677058629973,-0.735929080536
2024-01-07T18:29:00Z,fourier-demo,1.502027397026,1.462350000000,0.675928104148,-0.736967569180
2024-01-07T18:30:00Z,fourier-demo,1.373019156691,1.462500000000,0.674795985466,-0.738004321125
2024-01-07T18:31:00Z,fourier-demo,1.262143436036,1.462650000000,0.673662276596,-0.739039333927
2024-01-07T18:32:00Z,fourier-demo,1.175893948598,1.462800000000,0.672526980208,-0.740072605149
2024-01-07T18:33:00Z,fourier-demo,1.119897012212,1.462950000000,0.671390098979,-0.741104132355
2024-01-07T18:34:00Z,fourier-demo,1.098651147265,1.463100000000,0.670251635587,-0.742133913113
2024-01-07T18:35:00Z,fourier-demo,1.115310500500,1.463250000000,0.669111592716,-0.743161944998
2024-01-07T18:36:00Z,fourier-demo,1.171521619070,1.463400000000,0.667969973051,-0.744188225587
2024-01-07T18:37:00Z,fourier-demo,1.267320946890,1.463550000000,0.666826779284,-0.745212752460
2024-01-07T18:38:00Z,fourier-demo,1.401097947657,1.463700000000,0.665682014108,-0.746235523205
2024-01-07T18:39:00Z,fourier-demo,1.569626076918,1.463850000000,0.664535680221,-0.747256535411
2024-01-07T18:40:00Z,fourier-demo,1.768161038919,1.464000000000,0.663387780323,-0.748275786671
2024-01-07T18:41:00Z,fourier-demo,1.990602987015,1.464150000000,0.662238317122,-0.749293274583
2024-01-07T18:42:00Z,fourier-demo,2.229716673189,1.464300000000,0.661087293324,-0.750308996751
2024-01-07T18:43:00Z,fourier-demo,2.477401132082,1.464450000000,0.659934711643,-0.751322950780
2024-01-07T18:44:00Z,fourier-demo,2.724998397755,1.464600000000,0.658780574794,-0.752335134281
2024-01-07T18:45:00Z,fourier-demo,2.963629083818,1.464750000000,0.657624885498,-0.753345544869
2024-01-07T18:46:00Z,fourier-demo,3.184541479081,1.464900000000,0.656467646478,-0.754354180162
2024-01-07T18:47:00Z,fourier-demo,3.379460171266,1.465050000000,0.655308860460,-0.755361037784
2024-01-07T18:48:00Z,fourier-demo,3.540920138259,1.465200000000,0.654148530177,-0.756366115362
2024-01-07T18:49:00Z,fourier-demo,3.662572744724,1.465350000000,0.652986658361,-0.757369410527
2024-01-07T18:50:00Z,fourier-demo,3.739451132906,1.465500000000,0.651823247751,-0.758370920916
2024-01-07T18:51:00Z,fourier-demo,3.768184059015,1.465650000000,0.650658301089,-0.759370644168
2024-01-07T18:52:00Z,fourier-demo,3.747149238555,1.465800000000,0.649491821120,-0.760368577926
2024-01-07T18:53:00Z,fourier-demo,3.676559644861,1.465950000000,0.648323810593,-0.761364719841
2024-01-07T18:54:00Z,fourier-demo,3.558478859169,1.466100000000,0.647154272260,-0.762359067563
2024-01-07T18:55:00Z,fourier-demo,3.396764390924,1.466250000000,0.645983208878,-0.763351618750
2024-01-07T18:56:00Z,fourier-demo,3.196940759715,1.466400000000,0.644810623205,-0.764342371063
2024-01-07T18:57:00Z,fourier-demo,2.966006939215,1.466550000000,0.643636518006,-0.765331322167
2024-01-07T18:58:00Z,fourier-demo,2.712185394910,1.466700000000,0.642460896047,-0.766318469731
2024-01-07T18:59:00Z,fourier-demo,2.444622294697,1.466850000000,0.641283760098,-0.767303811430
2024-01-07T19:00:00Z,fourier-demo,2.173050439301,1.467000000000,0.640105112934,-0.768287344941
2024-01-07T19:01:00Z,fourier-demo,1.907427968030,1.467150000000,0.638924957331,-0.769269067946
2024-01-07T19:02:00Z,fourier-demo,1.657566883255,1.467300000000,0.637743296072,-0.770248978133
2024-01-07T19:03:00Z,fourier-demo,1.432765863863,1.467450000000,0.636560131941,-0.771227073191
2024-01-07T19:04:00Z,fourier-demo,1.241461686225,1.467600000000,0.635375467726,-0.772203350817
2024-01-07T19:05:00Z,fourier-demo,1.090912846796,1.467750000000,0.634189306218,-0.773177808708
2024-01-07T19:06:00Z,fourier-demo,0.986927712281,1.467900000000,0.633001650213,-0.774150444570
2024-01-07T19:07:00Z,fourier-demo,0.933647762611,1.468050000000,0.631812502510,-0.775121256109
2024-01-07T19:08:00Z,fourier-demo,0.933394309615,1.468200000000,0.630621865911,-0.776090241039
2024-01-07T19:09:00Z,fourier-demo,0.986584558400,1.468350000000,0.629429743221,-0.777057397075
2024-01-07T19:10:00Z,fourier-demo,1.091720130671,1.468500000000,0.628236137251,-0.778022721938
2024-01-07T19:11:00Z,fourier-demo,1.245448300324,1.468650000000,0.627041050812,-0.778986213355
2024-01-07T19:12:00Z,fourier-demo,1.442693317408,1.468800000000,0.625844486722,-0.779947869053
2024-01-07T19:13:00Z,fourier-demo,1.676852432830,1.468950000000,0.624646447799,-0.780907686767
2024-01-07T19:14:00Z,fourier-demo,1.940048694245,1.469100000000,0.623446936867,-0.781865664236
2024-01-07T19:15:00Z,fourier-demo,2.223430365495,1.469250000000,0.622245956754,-0.782821799201
2024-01-07T19:16:00Z,fourier-demo,2.517505016774,1.469400000000,0.621043510288,-0.783776089409
2024-01-07T19:17:00Z,fourier-demo,2.812495012292,1.469550000000,0.619839600304,-0.784728532612
2024-01-07T19:18:00Z,fourier-demo,3.098700339002,1.469700000000,0.618634229638,-0.785679126565
2024-01-07T19:19:00Z,fourier-demo,3.366854504110,1.469850000000,0.617427401132,-0.786627869028
2024-01-07T19:20:00Z,fourier-demo,3.608459588136,1.470000000000,0.616219117628,-0.787574757765
2024-01-07T19:21:00Z,fourier-demo,3.816087457902,1.470150000000,0.615009381976,-0.788519790545
2024-01-07T19:22:00Z,fourier-demo,3.983635581392,1.470300000000,0.613798197024,-0.789462965141
2024-01-07T19:23:00Z,fourier-demo,4.106527784006,1.470450000000,0.612585565628,-0.790404279330
2024-01-07T19:24:00Z,fourier-demo,4.181852564941,1.470600000000,0.611371490646,-0.791343730894
2024-01-07T19:25:00Z,fourier-demo,4.208434159346,1.470750000000,0.610155974937,-0.792281317619
2024-01-07T19:26:00Z,fourier-demo,4.186834281260,1.470900000000,0.608939021367,-0.793217037296
2024-01-07T19:27:00Z,fourier-demo,4.119285301527,1.471050000000,0.607720632803,-0.794150887719
2024-01-07T19:28:00Z,fourier-demo,4.009558388680,1.471200000000,0.606500812117,-0.795082866688
2024-01-07T19:29:00Z,fourier-demo,3.862772756254,1.471350000000,0.605279562183,-0.796012972007
2024-01-07T19:30:00Z,fourier-demo,3.685154510681,1.471500000000,0.604056885879,-0.796941201483
2024-01-07T19:31:00Z,fourier-demo,3.483755584638,1.471650000000,0.602832786087,-0.797867552930
2024-01-07T19:32:00Z,fourier-demo,3.266144791187,1.471800000000,0.601607265690,-0.798792024164
2024-01-07T19:33:00Z,fourier-demo,3.040084082141,1.471950000000,0.600380327578,-0.799714613007
2024-01-07T19:34:00Z,fourier-demo,2.813203598471,1.472100000000,0.599151974641,-0.800635317285
2024-01-07T19:35:00Z,fourier-demo,2.592689042362,1.472250000000,0.597922209774,-0.801554134828
2024-01-07T19:36:00Z,fourier-demo,2.384994283890,1.472400000000,0.596691035875,-0.802471063470
2024-01-07T19:37:00Z,fourier-demo,2.195590967386,1.472550000000,0.595458455845,-0.803386101051
2024-01-07T19:38:00Z,fourier-demo,2.028765252378,1.472700000000,0.594224472589,-0.804299245416
2024-01-07T19:39:00Z,fourier-demo,1.887469780246,1.472850000000,0.592989089016,-0.805210494410
2024-01-07T19:40:00Z,fourier-demo,1.773236586022,1.473000000000,0.591752308035,-0.806119845889
2024-01-07T19:41:00Z,fourier-demo,1.686154074136,1.473150000000,0.590514132562,-0.807027297707
2024-01-07T19:42:00Z,fourier-demo,1.624908455608,1.473300000000,0.589274565515,-0.807932847728
2024-01-07T19:43:00Z,fourier-demo,1.586887315381,1.473450000000,0.588033609814,-0.808836493817
2024-01-07T19:44:00Z,fourier-demo,1.568340355393,1.473600000000,0.586791268384,-0.809738233844
2024-01-07T19:45:00Z,fourier-demo,1.564589950372,1.473750000000,0.585547544153,-0.810638065685
2024-01-07T19:46:00Z,fourier-demo,1.570282059042,1.473900000000,0.584302440051,-0.811535987218
2024-01-07T19:47:00Z,fourier-demo,1.579666340052,1.474050000000,0.583055959013,-0.812431996329
2024-01-07T19:48:00Z,fourier-demo,1.586893099630,1.474200000000,0.581808103976,-0.813326090906
2024-01-07T19:49:00Z,fourier-demo,1.586313997127,1.474350000000,0.580558877881,-0.814218268841
2024-01-07T19:50:00Z,fourier-demo,1.572773284207,1.474500000000,0.579308283671,-0.815108528032
2024-01-07T19:51:00Z,fourier-demo,1.541876759589,1.474650000000,0.578056324294,-0.815996866381
2024-01-07T19:52:00Z,fourier-demo,1.490226566881,1.474800000000,0.576803002700,-0.816883281795
2024-01-07T19:53:00Z,fourier-demo,1.415611409073,1.474950000000,0.575548321842,-0.817767772185
2024-01-07T19:54:00Z,fourier-demo,1.317143639437,1.475100000000,0.574292284677,-0.818650335467
2024-01-07T19:55:00Z,fourier-demo,1.195336936847,1.475250000000,0.573034894166,-0.819530969560
2024-01-07T19:56:00Z,fourier-demo,1.052120790424,1.475400000000,0.571776153270,-0.820409672390
2024-01-07T19:57:00Z,fourier-demo,0.890790699520,1.475550000000,0.570516064957,-0.821286441886
2024-01-07T19:58:00Z,fourier-demo,0.715895728972,1.475700000000,0.569254632196,-0.822161275981
2024-01-07T19:59:00Z,fourier-demo,0.533067732577,1.475850000000,0.567991857960,-0.823034172615
2024-01-07T20:00:00Z,fourier-demo,0.348799058637,1.476000000000,0.566727745224,-0.823905129729
2024-01-07T20:01:00Z,fourier-demo,0.170177775777,1.476150000000,0.565462296967,-0.824774145272
2024-01-07T20:02:00Z,fourier-demo,0.004591312135,1.476300000000,0.564195516171,-0.825641217196
2024-01-07T20:03:00Z,fourier-demo,-0.140589191585,1.476450000000,0.562927405822,-0.826506343457
2024-01-07T20:04:00Z,fourier-demo,-0.258330614269,1.476600000000,0.561657968908,-0.827369522017
2024-01-07T20:05:00Z,fourier-demo,-0.342252116152,1.476750000000,0.560387208420,-0.828230750841
2024-01-07T20:06:00Z,fourier-demo,-0.386918581958,1.476900000000,0.559115127354,-0.829090027901
2024-01-07T20:07:00Z,fourier-demo,-0.388100659793,1.477050000000,0.557841728706,-0.829947351170
2024-01-07T20:08:00Z,fourier-demo,-0.342990098243,1.477200000000,0.556567015478,-0.830802718630
2024-01-07T20:09:00Z,fourier-demo,-0.250360846292,1.477350000000,0.555290990673,-0.831656128263
2024-01-07T20:10:00Z,fourier-demo,-0.110668545869,1.477500000000,0.554013657299,-0.832507578060
2024-01-07T20:11:00Z,fourier-demo,0.073916472689,1.477650000000,0.552735018365,-0.833357066013
2024-01-07T20:12:00Z,fourier-demo,0.299544887113,1.477800000000,0.551455076885,-0.834204590120
2024-01-07T20:13:00Z,fourier-demo,0.560792167207,1.477950000000,0.550173835875,-0.835050148385
2024-01-07T20:14:00Z,fourier-demo,0.850827052691,1.478100000000,0.548891298355,-0.835893738815
2024-01-07T20:15:00Z,fourier-demo,1.161638666315,1.478250000000,0.547607467346,-0.836735359422
2024-01-07T20:16:00Z,fourier-demo,1.484313772556,1.478400000000,0.546322345874,-0.837575008222
2024-01-07T20:17:00Z,fourier-demo,1.809353595141,1.478550000000,0.545035936968,-0.838412683237
2024-01-07T20:18:00Z,fourier-demo,2.127017930240,1.478700000000,0.543748243659,-0.839248382493
2024-01-07T20:19:00Z,fourier-demo,2.427683106187,1.478850000000,0.542459268981,-0.840082104021
2024-01-07T20:20:00Z,fourier-demo,2.702199694874,1.479000000000,0.541169015973,-0.840913845855
2024-01-07T20:21:00Z,fourier-demo,2.942235802432,1.479150000000,0.539877487674,-0.841743606036
2024-01-07T20:22:00Z,fourier-demo,3.140592262168,1.479300000000,0.538584687128,-0.842571382609
2024-01-07T20:23:00Z,fourier-demo,3.291477102579,1.479450000000,0.537290617382,-0.843397173622
2024-01-07T20:24:00Z,fourier-demo,3.390728226259,1.479600000000,0.535995281485,-0.844220977130
2024-01-07T20:25:00Z,fourier-demo,3.435975249774,1.479750000000,0.534698682490,-0.845042791191
2024-01-07T20:26:00Z,fourier-demo,3.426733839319,1.479900000000,0.533400823452,-0.845862613868
2024-01-07T20:27:00Z,fourier-demo,3.364428536650,1.480050000000,0.532101707430,-0.846680443231
2024-01-07T20:28:00Z,fourier-demo,3.252342897259,1.480200000000,0.530801337485,-0.847496277351
2024-01-07T20:29:00Z,fourier-demo,3.095498644047,1.480350000000,0.529499716682,-0.848310114306
2024-01-07T20:30:00Z,fourier-demo,2.900468358652,1.480500000000,0.528196848088,-0.849121952178
2024-01-07T20:31:00Z,fourier-demo,2.675128875102,1.480650000000,0.526892734772,-0.849931789054
2024-01-07T20:32:00Z,fourier-demo,2.428364899879,1.480800000000,0.525587379809,-0.850739623025
2024-01-07T20:33:00Z,fourier-demo,2.169734363272,1.480950000000,0.524280786275,-0.851545452189
2024-01-07T20:34:00Z,fourier-demo,1.909108529050,1.481100000000,0.522972957248,-0.852349274645
2024-01-07T20:35:00Z,fourier-demo,1.656300891295,1.481250000000,0.521663895810,-0.853151088500
2024-01-07T20:36:00Z,fourier-demo,1.420699328301,1.481400000000,0.520353605047,-0.853950891864
2024-01-07T20:37:00Z,fourier-demo,1.210915845843,1.481550000000,0.519042088046,-0.854748682852
2024-01-07T20:38:00Z,fourier-demo,1.034467531598,1.481700000000,0.517729347898,-0.855544459584
2024-01-07T20:39:00Z,fourier-demo,0.897501087760,1.481850000000,0.516415387696,-0.856338220186
2024-01-07T20:40:00Z,fourier-demo,0.804571560938,1.482000000000,0.515100210536,-0.857129962786
2024-01-07T20:41:00Z,fourier-demo,0.758483717957,1.482150000000,0.513783819519,-0.857919685519
2024-01-07T20:42:00Z,fourier-demo,0.760202011175,1.482300000000,0.512466217746,-0.858707386523
2024-01-07T20:43:00Z,fourier-demo,0.808832338753,1.482450000000,0.511147408322,-0.859493063943
2024-01-07T20:44:00Z,fourier-demo,0.901675944676,1.482600000000,0.509827394355,-0.860276715927
2024-01-07T20:45:00Z,fourier-demo,1.034352935925,1.482750000000,0.508506178955,-0.861058340628
2024-01-07T20:46:00Z,fourier-demo,1.200990135665,1.482900000000,0.507183765237,-0.861837936204
2024-01-07T20:47:00Z,fourier-demo,1.394465452954,1.483050000000,0.505860156316,-0.862615500818
2024-01-07T20:48:00Z,fourier-demo,1.606698733332,1.483200000000,0.504535355312,-0.863391032638
2024-01-07T20:49:00Z,fourier-demo,1.828977249616,1.483350000000,0.503209365346,-0.864164529837
2024-01-07T20:50:00Z,fourier-demo,2.052302670375,1.483500000000,0.501882189544,-0.864935990590
2024-01-07T20:51:00Z,fourier-demo,2.267745557166,1.483650000000,0.500553831032,-0.865705413082
2024-01-07T20:52:00Z,fourier-demo,2.466793221114,1.483800000000,0.499224292942,-0.866472795497
2024-01-07T20:53:00Z,fourier-demo,2.641677122227,1.483950000000,0.497893578406,-0.867238136028
2024-01-07T20:54:00Z,fourier-demo,2.785666904921,1.484100000000,0.496561690561,-0.868001432872
2024-01-07T20:55:00Z,fourier-demo,2.893319592009,1.484250000000,0.495228632544,-0.868762684229
2024-01-07T20:56:00Z,fourier-demo,2.960674347128,1.484400000000,0.493894407497,-0.869521888306
2024-01-07T20:57:00Z,fourier-demo,2.985385484068,1.484550000000,0.492559018565,-0.870279043313
2024-01-07T20:58:00Z,fourier-demo,2.966788956910,1.484700000000,0.491222468895,-0.871034147467
2024-01-07T20:59:00Z,fourier-demo,2.905900302335,1.484850000000,0.489884761635,-0.871787198987
2024-01-07T21:00:00Z,fourier-demo,2.805344812338,1.485000000000,0.488545899939,-0.872538196100
2024-01-07T21:01:00Z,fourier-demo,2.669223477080,1.485150000000,0.487205886961,-0.873287137035
2024-01-07T21:02:00Z,fourier-demo,2.502920840827,1.485300000000,0.485864725859,-0.874034020028
2024-01-07T21:03:00Z,fourier-demo,2.312863252653,1.485450000000,0.484522419795,-0.874778843318
2024-01-07T21:04:00Z,fourier-demo,2.106237972953,1.485600000000,0.483178971930,-0.875521605150
2024-01-07T21:05:00Z,fourier-demo,1.890685136473,1.485750000000,0.481834385431,-0.876262303775
2024-01-07T21:06:00Z,fourier-demo,1.673975610827,1.485900000000,0.480488663467,-0.877000937445
2024-01-07T21:07:00Z,fourier-demo,1.463688284963,1.486050000000,0.479141809208,-0.877737504422
2024-01-07T21:08:00Z,fourier-demo,1.266900256140,1.486200000000,0.477793825829,-0.878472002969
2024-01-07T21:09:00Z,fourier-demo,1.089902760792,1.486350000000,0.476444716506,-0.879204431354
2024-01-07T21:10:00Z,fourier-demo,0.937954541692,1.486500000000,0.475094484419,-0.879934787853
2024-01-07T21:11:00Z,fourier-demo,0.815082709856,1.486650000000,0.473743132749,-0.880663070744
2024-01-07T21:12:00Z,fourier-demo,0.723939113592,1.486800000000,0.472390664681,-0.881389278311
2024-01-07T21:13:00Z,fourier-demo,0.665717854500,1.486950000000,0.471037083402,-0.882113408842
2024-01-07T21:14:00Z,fourier-demo,0.640136990201,1.487100000000,0.469682392102,-0.882835460632
2024-01-07T21:15:00Z,fourier-demo,0.645484744209,1.487250000000,0.468326593974,-0.883555431978
2024-01-07T21:16:00Z,fourier-demo,0.678727817812,1.487400000000,0.466969692211,-0.884273321183
2024-01-07T21:17:00Z,fourier-demo,0.735676780249,1.487550000000,0.465611690012,-0.884989126557
2024-01-07T21:18:00Z,fourier-demo,0.811201110487,1.487700000000,0.464252590577,-0.885702846412
2024-01-07T21:19:00Z,fourier-demo,0.899484376196,1.487850000000,0.462892397109,-0.886414479066
2024-01-07T21:20:00Z,fourier-demo,0.994308349638,1.488000000000,0.461531112814,-0.887124022843
2024-01-07T21:21:00Z,fourier-demo,1.089353645968,1.488150000000,0.460168740898,-0.887831476070
2024-01-07T21:22:00Z,fourier-demo,1.178503777308,1.488300000000,0.458805284573,-0.888536837080
2024-01-07T21:23:00Z,fourier-demo,1.256139374540,1.488450000000,0.457440747051,-0.889240104211
2024-01-07T21:24:00Z,fourier-demo,1.317409743994,1.488600000000,0.456075131549,-0.889941275805
2024-01-07T21:25:00Z,fourier-demo,1.358469881048,1.488750000000,0.454708441284,-0.890640350211
2024-01-07T21:26:00Z,fourier-demo,1.376672517497,1.488900000000,0.453340679478,-0.891337325781
2024-01-07T21:27:00Z,fourier-demo,1.370706674329,1.489050000000,0.451971849352,-0.892032200872
2024-01-07T21:28:00Z,fourier-demo,1.340676447694,1.489200000000,0.450601954134,-0.892724973847
2024-01-07T21:29:00Z,fourier-demo,1.288116280100,1.489350000000,0.449230997050,-0.893415643074
2024-01-07T21:30:00Z,fourier-demo,1.215941656326,1.489500000000,0.447858981333,-0.894104206924
2024-01-07T21:31:00Z,fourier-demo,1.128336902985,1.489650000000,0.446485910214,-0.894790663776
2024-01-07T21:32:00Z,fourier-demo,1.030584448069,1.489800000000,0.445111786931,-0.895475012011
2024-01-07T21:33:00Z,fourier-demo,0.928842400983,1.489950000000,0.443736614720,-0.896157250016
2024-01-07T21:34:00Z,fourier-demo,0.829879540021,1.490100000000,0.442360396823,-0.896837376185
2024-01-07T21:35:00Z,fourier-demo,0.740778649971,1.490250000000,0.440983136483,-0.897515388914
2024-01-07T21:36:00Z,fourier-demo,0.668620559554,1.490400000000,0.439604836946,-0.898191286605
2024-01-07T21:37:00Z,fourier-demo,0.620162127296,1.490550000000,0.438225501458,-0.898865067667
2024-01-07T21:38:00Z,fourier-demo,0.601521776267,1.490700000000,0.436845133272,-0.899536730510
2024-01-07T21:39:00Z,fourier-demo,0.617885966966,1.490850000000,0.435463735639,-0.900206273552
2024-01-07T21:40:00Z,fourier-demo,0.673249230092,1.491000000000,0.434081311816,-0.900873695216
2024-01-07T21:41:00Z,fourier-demo,0.770199087112,1.491150000000,0.432697865059,-0.901538993928
2024-01-07T21:42:00Z,fourier-demo,0.909755417766,1.491300000000,0.431313398630,-0.902202168121
2024-01-07T21:43:00Z,fourier-demo,1.091271661269,1.491450000000,0.429927915790,-0.902863216232
2024-01-07T21:44:00Z,fourier-demo,1.312402749760,1.491600000000,0.428541419804,-0.903522136703
2024-01-07T21:45:00Z,fourier-demo,1.569141969692,1.491750000000,0.427153913940,-0.904178927981
2024-01-07T21:46:00Z,fourier-demo,1.855926139380,1.491900000000,0.425765401468,-0.904833588519
2024-01-07T21:47:00Z,fourier-demo,2.165805693531,1.492050000000,0.424375885660,-0.905486116774
2024-01-07T21:48:00Z,fourier-demo,2.490673592709,1.492200000000,0.422985369790,-0.906136511208
2024-01-07T21:49:00Z,fourier-demo,2.821544537028,1.492350000000,0.421593857135,-0.906784770288
2024-01-07T21:50:00Z,fourier-demo,3.148873859251,1.492500000000,0.420201350973,-0.907430892487
2024-01-07T21:51:00Z,fourier-demo,3.462903789715,1.492650000000,0.418807854588,-0.908074876282
2024-01-07T21:52:00Z,fourier-demo,3.754023594056,1.492800000000,0.417413371262,-0.908716720156
2024-01-07T21:53:00Z,fourier-demo,4.013129434471,1.492950000000,0.416017904282,-0.909356422596
2024-01-07T21:54:00Z,fourier-demo,4.231969724240,1.493100000000,0.414621456935,-0.909993982095
2024-01-07T21:55:00Z,fourier-demo,4.403462238409,1.493250000000,0.413224032514,-0.910629397149
2024-01-07T21:56:00Z,fourier-demo,4.521970292279,1.493400000000,0.411825634311,-0.911262666263
2024-01-07T21:57:00Z,fourier-demo,4.583526862684,1.493550000000,0.410426265621,-0.911893787943
2024-01-07T21:58:00Z,fourier-demo,4.585997542852,1.493700000000,0.409025929742,-0.912522760702
2024-01-07T21:59:00Z,fourier-demo,4.529175609265,1.493850000000,0.407624629974,-0.913149583058
2024-01-07T22:00:00Z,fourier-demo,4.414805142831,1.494000000000,0.406222369620,-0.913774253533
2024-01-07T22:01:00Z,fourier-demo,4.246530979472,1.494150000000,0.404819151983,-0.914396770657
2024-01-07T22:02:00Z,fourier-demo,4.029777153158,1.494300000000,0.403414980371,-0.915017132961
2024-01-07T22:03:00Z,fourier-demo,3.771558320808,1.494450000000,0.402009858092,-0.915635338984
2024-01-07T22:04:00Z,fourier-demo,3.480231309597,1.494600000000,0.400603788458,-0.916251387269
2024-01-07T22:05:00Z,fourier-demo,3.165196295829,1.494750000000,0.399196774783,-0.916865276365
2024-01-07T22:06:00Z,fourier-demo,2.836559115345,1.494900000000,0.397788820381,-0.917477004823
2024-01-07T22:07:00Z,fourier-demo,2.504767737873,1.495050000000,0.396379928571,-0.918086571204
2024-01-07T22:08:00Z,fourier-demo,2.180236950264,1.495200000000,0.394970102673,-0.918693974071
2024-01-07T22:09:00Z,fourier-demo,1.872975745300,1.495350000000,0.393559346009,-0.919299211992
2024-01-07T22:10:00Z,fourier-demo,1.592231785826,1.495500000000,0.392147661904,-0.919902283540
2024-01-07T22:11:00Z,fourier-demo,1.346166613706,1.495650000000,0.390735053685,-0.920503187296
2024-01-07T22:12:00Z,fourier-demo,1.141574028238,1.495800000000,0.389321524680,-0.921101921842
2024-01-07T22:13:00Z,fourier-demo,0.983652319797,1.495950000000,0.387907078220,-0.921698485768
2024-01-07T22:14:00Z,fourier-demo,0.875838882309,1.496100000000,0.386491717639,-0.922292877668
2024-01-07T22:15:00Z,fourier-demo,0.819713230412,1.496250000000,0.385075446272,-0.922885096141
2024-01-07T22:16:00Z,fourier-demo,0.814971715033,1.496400000000,0.383658267456,-0.923475139791
2024-01-07T22:17:00Z,fourier-demo,0.859474375321,1.496550000000,0.382240184532,-0.924063007229
2024-01-07T22:18:00Z,fourier-demo,0.949361500768,1.496700000000,0.380821200841,-0.924648697068
2024-01-07T22:19:00Z,fourier-demo,1.079234720796,1.496850000000,0.379401319726,-0.925232207930
2024-01-07T22:20:00Z,fourier-demo,1.242394900986,1.497000000000,0.377980544534,-0.925813538437
2024-01-07T22:21:00Z,fourier-demo,1.431126907788,1.497150000000,0.376558878613,-0.926392687222
2024-01-07T22:22:00Z,fourier-demo,1.637019495639,1.497300000000,0.375136325313,-0.926969652918
2024-01-07T22:23:00Z,fourier-demo,1.851307244181,1.497450000000,0.373712887987,-0.927544434166
2024-01-07T22:24:00Z,fourier-demo,2.065220680919,1.497600000000,0.372288569989,-0.928117029612
2024-01-07T22:25:00Z,fourier-demo,2.270330496817,1.497750000000,0.370863374675,-0.928687437906
2024-01-07T22:26:00Z,fourier-demo,2.458872106360,1.497900000000,0.369437305404,-0.929255657705
2024-01-07T22:27:00Z,fourier-demo,2.624037703782,1.498050000000,0.368010365537,-0.929821687668
2024-01-07T22:28:00Z,fourier-demo,2.760224384857,1.498200000000,0.366582558435,-0.930385526463
2024-01-07T22:29:00Z,fourier-demo,2.863228779478,1.498350000000,0.365153887465,-0.930947172760
2024-01-07T22:30:00Z,fourier-demo,2.930380895971,1.498500000000,0.363724355992,-0.931506625236
2024-01-07T22:31:00Z,fourier-demo,2.960612420396,1.498650000000,0.362293967385,-0.932063882573
2024-01-07T22:32:00Z,fourier-demo,2.954457437904,1.498800000000,0.360862725016,-0.932618943457
2024-01-07T22:33:00Z,fourier-demo,2.913986336484,1.498950000000,0.359430632256,-0.933171806580
2024-01-07T22:34:00Z,fourier-demo,2.842676401302,1.499100000000,0.357997692482,-0.933722470640
2024-01-07T22:35:00Z,fourier-demo,2.745225197800,1.499250000000,0.356563909068,-0.934270934339
2024-01-07T22:36:00Z,fourier-demo,2.627315167743,1.499400000000,0.355129285395,-0.934817196384
2024-01-07T22:37:00Z,fourier-demo,2.495339829705,1.499550000000,0.353693824844,-0.935361255488
2024-01-07T22:38:00Z,fourier-demo,2.356103504119,1.499700000000,0.352257530795,-0.935903110369
2024-01-07T22:39:00Z,fourier-demo,2.216507511283,1.499850000000,0.350820406636,-0.936442759750
