timestamp,entity_id,signal,trend,phase_sin,phase_cos
2024-01-07T22:40:00Z,fourier-demo,2.083236277498,1.500000000000,0.349382455751,-0.936980202359
2024-01-07T22:41:00Z,fourier-demo,1.962456711332,1.500150000000,0.347943681530,-0.937515436931
2024-01-07T22:42:00Z,fourier-demo,1.859543583055,1.500300000000,0.346504087364,-0.938048462202
2024-01-07T22:43:00Z,fourier-demo,1.778842483193,1.500450000000,0.345063676644,-0.938579276919
2024-01-07T22:44:00Z,fourier-demo,1.723480299745,1.500600000000,0.343622452765,-0.939107879828
2024-01-07T22:45:00Z,fourier-demo,1.695231106858,1.500750000000,0.342180419124,-0.939634269686
2024-01-07T22:46:00Z,fourier-demo,1.694442986250,1.500900000000,0.340737579118,-0.940158445251
2024-01-07T22:47:00Z,fourier-demo,1.720028705386,1.501050000000,0.339293936148,-0.940680405288
2024-01-07T22:48:00Z,fourier-demo,1.769520461568,1.501200000000,0.337849493616,-0.941200148568
2024-01-07T22:49:00Z,fourier-demo,1.839186181646,1.501350000000,0.336404254925,-0.941717673864
2024-01-07T22:50:00Z,fourier-demo,1.924202256125,1.501500000000,0.334958223482,-0.942232979958
2024-01-07T22:51:00Z,fourier-demo,2.018875192483,1.501650000000,0.333511402695,-0.942746065636
2024-01-07T22:52:00Z,fourier-demo,2.116902595121,1.501800000000,0.332063795971,-0.943256929688
2024-01-07T22:53:00Z,fourier-demo,2.211662204867,1.501950000000,0.330615406724,-0.943765570911
2024-01-07T22:54:00Z,fourier-demo,2.296516529080,1.502100000000,0.329166238366,-0.944271988105
2024-01-07T22:55:00Z,fourier-demo,2.365119914233,1.502250000000,0.327716294312,-0.944776180078
2024-01-07T22:56:00Z,fourier-demo,2.411714785044,1.502400000000,0.326265577979,-0.945278145641
2024-01-07T22:57:00Z,fourier-demo,2.431404203238,1.502550000000,0.324814092786,-0.945777883611
2024-01-07T22:58:00Z,fourier-demo,2.420388867810,1.502700000000,0.323361842153,-0.946275392811
2024-01-07T22:59:00Z,fourier-demo,2.376158147274,1.502850000000,0.321908829502,-0.946770672068
2024-01-07T23:00:00Z,fourier-demo,2.297626642539,1.503000000000,0.320455058259,-0.947263720215
2024-01-07T23:01:00Z,fourier-demo,2.185210048170,1.503150000000,0.319000531847,-0.947754536091
2024-01-07T23:02:00Z,fourier-demo,2.040836615990,1.503300000000,0.317545253696,-0.948243118538
2024-01-07T23:03:00Z,fourier-demo,1.867893223754,1.503450000000,0.316089227235,-0.948729466406
2024-01-07T23:04:00Z,fourier-demo,1.671107800995,1.503600000000,0.314632455894,-0.949213578547
2024-01-07T23:05:00Z,fourier-demo,1.456372550420,1.503750000000,0.313174943107,-0.949695453822
2024-01-07T23:06:00Z,fourier-demo,1.230514914797,1.503900000000,0.311716692308,-0.950175091095
2024-01-07T23:07:00Z,fourier-demo,1.001025471677,1.504050000000,0.310257706934,-0.950652489235
2024-01-07T23:08:00Z,fourier-demo,0.775753798398,1.504200000000,0.308797990424,-0.951127647117
2024-01-07T23:09:00Z,fourier-demo,0.562584759670,1.504350000000,0.307337546216,-0.951600563622
2024-01-07T23:10:00Z,fourier-demo,0.369108570029,1.504500000000,0.305876377753,-0.952071237636
2024-01-07T23:11:00Z,fourier-demo,0.202298334916,1.504650000000,0.304414488477,-0.952539668048
2024-01-07T23:12:00Z,fourier-demo,0.068208560886,1.504800000000,0.302951881835,-0.953005853756
2024-01-07T23:13:00Z,fourier-demo,-0.028292645607,1.504950000000,0.301488561272,-0.953469793660
2024-01-07T23:14:00Z,fourier-demo,-0.083746270241,1.505100000000,0.300024530236,-0.953931486668
2024-01-07T23:15:00Z,fourier-demo,-0.096270328117,1.505250000000,0.298559792179,-0.954390931691
2024-01-07T23:16:00Z,fourier-demo,-0.065665580712,1.505400000000,0.297094350552,-0.954848127647
2024-01-07T23:17:00Z,fourier-demo,0.006545936400,1.505550000000,0.295628208808,-0.955303073457
2024-01-07T23:18:00Z,fourier-demo,0.117151831591,1.505700000000,0.294161370402,-0.955755768051
2024-01-07T23:19:00Z,fourier-demo,0.261349159926,1.505850000000,0.292693838791,-0.956206210362
2024-01-07T23:20:00Z,fourier-demo,0.432909741460,1.506000000000,0.291225617432,-0.956654399327
2024-01-07T23:21:00Z,fourier-demo,0.624404942080,1.506150000000,0.289756709787,-0.957100333890
2024-01-07T23:22:00Z,fourier-demo,0.827481414103,1.506300000000,0.288287119317,-0.957544013002
2024-01-07T23:23:00Z,fourier-demo,1.033177178675,1.506450000000,0.286816849484,-0.957985435616
2024-01-07T23:24:00Z,fourier-demo,1.232265738451,1.506600000000,0.285345903754,-0.958424600692
2024-01-07T23:25:00Z,fourier-demo,1.415614707279,1.506750000000,0.283874285593,-0.958861507194
2024-01-07T23:26:00Z,fourier-demo,1.574544783636,1.506900000000,0.282401998468,-0.959296154095
2024-01-07T23:27:00Z,fourier-demo,1.701174804626,1.507050000000,0.280929045850,-0.959728540368
2024-01-07T23:28:00Z,fourier-demo,1.788739102509,1.507200000000,0.279455431209,-0.960158664996
2024-01-07T23:29:00Z,fourier-demo,1.831864427535,1.507350000000,0.277981158019,-0.960586526965
2024-01-07T23:30:00Z,fourier-demo,1.826795258410,1.507500000000,0.276506229752,-0.961012125266
2024-01-07T23:31:00Z,fourier-demo,1.771558332912,1.507650000000,0.275030649886,-0.961435458896
2024-01-07T23:32:00Z,fourier-demo,1.666059615637,1.507800000000,0.273554421897,-0.961856526859
2024-01-07T23:33:00Z,fourier-demo,1.512109581706,1.507950000000,0.272077549263,-0.962275328161
2024-01-07T23:34:00Z,fourier-demo,1.313375527542,1.508100000000,0.270600035467,-0.962691861815
2024-01-07T23:35:00Z,fourier-demo,1.075262508401,1.508250000000,0.269121883988,-0.963106126841
2024-01-07T23:36:00Z,fourier-demo,0.804727330771,1.508400000000,0.267643098311,-0.963518122262
2024-01-07T23:37:00Z,fourier-demo,0.510032682011,1.508550000000,0.266163681921,-0.963927847106
2024-01-07T23:38:00Z,fourier-demo,0.200450852583,1.508700000000,0.264683638303,-0.964335300409
2024-01-07T23:39:00Z,fourier-demo,-0.114071497694,1.508850000000,0.263202970945,-0.964740481210
2024-01-07T23:40:00Z,fourier-demo,-0.423274539269,1.509000000000,0.261721683338,-0.965143388555
2024-01-07T23:41:00Z,fourier-demo,-0.716958428819,1.509150000000,0.260239778970,-0.965544021493
2024-01-07T23:42:00Z,fourier-demo,-0.985353952748,1.509300000000,0.258757261336,-0.965942379082
2024-01-07T23:43:00Z,fourier-demo,-1.219476308443,1.509450000000,0.257274133928,-0.966338460381
2024-01-07T23:44:00Z,fourier-demo,-1.411448365580,1.509600000000,0.255790400241,-0.966732264458
2024-01-07T23:45:00Z,fourier-demo,-1.554780986457,1.509750000000,0.254306063772,-0.967123790385
2024-01-07T23:46:00Z,fourier-demo,-1.644599715040,1.509900000000,0.252821128018,-0.967513037239
2024-01-07T23:47:00Z,fourier-demo,-1.677809298807,1.510050000000,0.251335596480,-0.967900004103
2024-01-07T23:48:00Z,fourier-demo,-1.653189997806,1.510200000000,0.249849472657,-0.968284690064
2024-01-07T23:49:00Z,fourier-demo,-1.571422360745,1.510350000000,0.248362760053,-0.968667094217
2024-01-07T23:50:00Z,fourier-demo,-1.435039997735,1.510500000000,0.246875462169,-0.969047215660
2024-01-07T23:51:00Z,fourier-demo,-1.248312738232,1.510650000000,0.245387582512,-0.969425053498
2024-01-07T23:52:00Z,fourier-demo,-1.017065315247,1.510800000000,0.243899124588,-0.969800606839
2024-01-07T23:53:00Z,fourier-demo,-0.748439251861,1.510950000000,0.242410091904,-0.970173874799
2024-01-07T23:54:00Z,fourier-demo,-0.450607841604,1.511100000000,0.240920487969,-0.970544856499
2024-01-07T23:55:00Z,fourier-demo,-0.132455921420,1.511250000000,0.239430316293,-0.970913551064
2024-01-07T23:56:00Z,fourier-demo,0.196762537261,1.511400000000,0.237939580389,-0.971279957625
2024-01-07T23:57:00Z,fourier-demo,0.527775199750,1.511550000000,0.236448283768,-0.971644075319
2024-01-07T23:58:00Z,fourier-demo,0.851636451258,1.511700000000,0.234956429946,-0.972005903288
2024-01-07T23:59:00Z,fourier-demo,1.160053081584,1.511850000000,0.233464022439,-0.972365440679
2024-01-08T00:00:00Z,fourier-demo,1.445677755983,1.512000000000,0.231971064762,-0.972722686645
2024-01-08T00:01:00Z,fourier-demo,1.702358868463,1.512150000000,0.230477560434,-0.973077640343
2024-01-08T00:02:00Z,fourier-demo,1.925337242673,1.512300000000,0.228983512975,-0.973430300939
2024-01-08T00:03:00Z,fourier-demo,2.111382393590,1.512450000000,0.227488925906,-0.973780667599
2024-01-08T00:04:00Z,fourier-demo,2.258863597328,1.512600000000,0.225993802748,-0.974128739500
2024-01-08T00:05:00Z,fourier-demo,2.367753731591,1.512750000000,0.224498147025,-0.974474515820
2024-01-08T00:06:00Z,fourier-demo,2.439566633690,1.512900000000,0.223001962262,-0.974817995745
2024-01-08T00:07:00Z,fourier-demo,2.477231462050,1.513050000000,0.221505251984,-0.975159178465
2024-01-08T00:08:00Z,fourier-demo,2.484910128311,1.513200000000,0.220008019718,-0.975498063176
2024-01-08T00:09:00Z,fourier-demo,2.467766184685,1.513350000000,0.218510268993,-0.975834649080
2024-01-08T00:10:00Z,fourier-demo,2.431695510572,1.513500000000,0.217012003338,-0.976168935383
2024-01-08T00:11:00Z,fourier-demo,2.383030663775,1.513650000000,0.215513226284,-0.976500921298
2024-01-08T00:12:00Z,fourier-demo,2.328231783369,1.513800000000,0.214013941363,-0.976830606043
2024-01-08T00:13:00Z,fourier-demo,2.273577412602,1.513950000000,0.212514152108,-0.977157988840
2024-01-08T00:14:00Z,fourier-demo,2.224868532499,1.514100000000,0.211013862054,-0.977483068918
2024-01-08T00:15:00Z,fourier-demo,2.187158464722,1.514250000000,0.209513074735,-0.977805845511
2024-01-08T00:16:00Z,fourier-demo,2.164520143135,1.514400000000,0.208011793689,-0.978126317858
2024-01-08T00:17:00Z,fourier-demo,2.159860616560,1.514550000000,0.206510022453,-0.978444485204
2024-01-08T00:18:00Z,fourier-demo,2.174790599264,1.514700000000,0.205007764567,-0.978760346800
2024-01-08T00:19:00Z,fourier-demo,2.209554516446,1.514850000000,0.203505023570,-0.979073901900
2024-01-08T00:20:00Z,fourier-demo,2.263023898343,1.515000000000,0.202001803004,-0.979385149767
2024-01-08T00:21:00Z,fourier-demo,2.332754266754,1.515150000000,0.200498106411,-0.979694089666
2024-01-08T00:22:00Z,fourier-demo,2.415102944684,1.515300000000,0.198993937334,-0.980000720869
2024-01-08T00:23:00Z,fourier-demo,2.505402616398,1.515450000000,0.197489299319,-0.980305042655
2024-01-08T00:24:00Z,fourier-demo,2.598183079967,1.515600000000,0.195984195912,-0.980607054305
2024-01-08T00:25:00Z,fourier-demo,2.687431566639,1.515750000000,0.194478630658,-0.980906755108
2024-01-08T00:26:00Z,fourier-demo,2.766880337439,1.515900000000,0.192972607106,-0.981204144359
2024-01-08T00:27:00Z,fourier-demo,2.830309076693,1.516050000000,0.191466128805,-0.981499221355
2024-01-08T00:28:00Z,fourier-demo,2.871848934791,1.516200000000,0.189959199305,-0.981791985402
2024-01-08T00:29:00Z,fourier-demo,2.886274956626,1.516350000000,0.188451822157,-0.982082435810
2024-01-08T00:30:00Z,fourier-demo,2.869274073372,1.516500000000,0.186944000914,-0.982370571893
2024-01-08T00:31:00Z,fourier-demo,2.817676816034,1.516650000000,0.185435739128,-0.982656392975
2024-01-08T00:32:00Z,fourier-demo,2.729642389551,1.516800000000,0.183927040354,-0.982939898380
2024-01-08T00:33:00Z,fourier-demo,2.604788665677,1.516950000000,0.182417908148,-0.983221087440
2024-01-08T00:34:00Z,fourier-demo,2.444260932408,1.517100000000,0.180908346065,-0.983499959494
2024-01-08T00:35:00Z,fourier-demo,2.250735783691,1.517250000000,0.179398357662,-0.983776513883
2024-01-08T00:36:00Z,fourier-demo,2.028359240412,1.517400000000,0.177887946500,-0.984050749957
2024-01-08T00:37:00Z,fourier-demo,1.782620950457,1.517550000000,0.176377116135,-0.984322667068
2024-01-08T00:38:00Z,fourier-demo,1.520169007941,1.517700000000,0.174865870130,-0.984592264576
2024-01-08T00:39:00Z,fourier-demo,1.248572447767,1.517850000000,0.173354212045,-0.984859541847
2024-01-08T00:40:00Z,fourier-demo,0.976040707146,1.518000000000,0.171842145443,-0.985124498249
2024-01-08T00:41:00Z,fourier-demo,0.711111207091,1.518150000000,0.170329673886,-0.985387133158
2024-01-08T00:42:00Z,fourier-demo,0.462317616497,1.518300000000,0.168816800940,-0.985647445956
2024-01-08T00:43:00Z,fourier-demo,0.237852259400,1.518450000000,0.167303530169,-0.985905436030
2024-01-08T00:44:00Z,fourier-demo,0.045236473792,1.518600000000,0.165789865139,-0.986161102770
2024-01-08T00:45:00Z,fourier-demo,-0.108987488150,1.518750000000,0.164275809417,-0.986414445576
2024-01-08T00:46:00Z,fourier-demo,-0.219530206465,1.518900000000,0.162761366572,-0.986665463849
2024-01-08T00:47:00Z,fourier-demo,-0.282582981655,1.519050000000,0.161246540172,-0.986914156998
2024-01-08T00:48:00Z,fourier-demo,-0.295990144666,1.519200000000,0.159731333787,-0.987160524437
2024-01-08T00:49:00Z,fourier-demo,-0.259358259301,1.519350000000,0.158215750987,-0.987404565586
2024-01-08T00:50:00Z,fourier-demo,-0.174097196369,1.519500000000,0.156699795344,-0.987646279869
2024-01-08T00:51:00Z,fourier-demo,-0.043390783924,1.519650000000,0.155183470431,-0.987885666717
2024-01-08T00:52:00Z,fourier-demo,0.127902431038,1.519800000000,0.153666779821,-0.988122725566
2024-01-08T00:53:00Z,fourier-demo,0.333414952138,1.519950000000,0.152149727088,-0.988357455856
2024-01-08T00:54:00Z,fourier-demo,0.565496579240,1.520100000000,0.150632315806,-0.988589857036
2024-01-08T00:55:00Z,fourier-demo,0.815492611055,1.520250000000,0.149114549553,-0.988819928557
2024-01-08T00:56:00Z,fourier-demo,1.074063356631,1.520400000000,0.147596431904,-0.989047669877
2024-01-08T00:57:00Z,fourier-demo,1.331532600599,1.520550000000,0.146077966437,-0.989273080459
2024-01-08T00:58:00Z,fourier-demo,1.578251452481,1.520700000000,0.144559156730,-0.989496159773
2024-01-08T00:59:00Z,fourier-demo,1.804963338404,1.520850000000,0.143040006363,-0.989716907292
2024-01-08T01:00:00Z,fourier-demo,2.003155792694,1.521000000000,0.141520518916,-0.989935322496
2024-01-08T01:01:00Z,fourier-demo,2.165385182180,1.521150000000,0.140000697968,-0.990151404871
2024-01-08T01:02:00Z,fourier-demo,2.285561529458,1.521300000000,0.138480547103,-0.990365153907
2024-01-08T01:03:00Z,fourier-demo,2.359182151949,1.521450000000,0.136960069901,-0.990576569101
2024-01-08T01:04:00Z,fourier-demo,2.383504839406,1.521600000000,0.135439269947,-0.990785649955
2024-01-08T01:05:00Z,fourier-demo,2.357653673280,1.521750000000,0.133918150823,-0.990992395975
2024-01-08T01:06:00Z,fourier-demo,2.282653251162,1.521900000000,0.132396716115,-0.991196806675
2024-01-08T01:07:00Z,fourier-demo,2.161389911552,1.522050000000,0.130874969408,-0.991398881572
2024-01-08T01:08:00Z,fourier-demo,1.998501444175,1.522200000000,0.129352914288,-0.991598620191
2024-01-08T01:09:00Z,fourier-demo,1.800199602663,1.522350000000,0.127830554341,-0.991796022061
2024-01-08T01:10:00Z,fourier-demo,1.574032395403,1.522500000000,0.126307893156,-0.991991086717
2024-01-08T01:11:00Z,fourier-demo,1.328595509650,1.522650000000,0.124784934320,-0.992183813699
2024-01-08T01:12:00Z,fourier-demo,1.073204227797,1.522800000000,0.123261681423,-0.992374202553
2024-01-08T01:13:00Z,fourier-demo,0.817538742412,1.522950000000,0.121738138053,-0.992562252830
2024-01-08T01:14:00Z,fourier-demo,0.571276806219,1.523100000000,0.120214307802,-0.992747964087
2024-01-08T01:15:00Z,fourier-demo,0.343728123631,1.523250000000,0.118690194261,-0.992931335887
2024-01-08T01:16:00Z,fourier-demo,0.143484783313,1.523400000000,0.117165801020,-0.993112367797
2024-01-08T01:17:00Z,fourier-demo,-0.021898648335,1.523550000000,0.115641131672,-0.993291059391
2024-01-08T01:18:00Z,fourier-demo,-0.146182976665,1.523700000000,0.114116189811,-0.993467410247
2024-01-08T01:19:00Z,fourier-demo,-0.224669492857,1.523850000000,0.112590979030,-0.993641419950
2024-01-08T01:20:00Z,fourier-demo,-0.254363815570,1.524000000000,0.111065502922,-0.993813088091
2024-01-08T01:21:00Z,fourier-demo,-0.234072400806,1.524150000000,0.109539765083,-0.993982414264
2024-01-08T01:22:00Z,fourier-demo,-0.164428373739,1.524300000000,0.108013769109,-0.994149398070
2024-01-08T01:23:00Z,fourier-demo,-0.047846174447,1.524450000000,0.106487518595,-0.994314039116
2024-01-08T01:24:00Z,fourier-demo,0.111592642323,1.524600000000,0.104961017139,-0.994476337014
2024-01-08T01:25:00Z,fourier-demo,0.308317370549,1.524750000000,0.103434268336,-0.994636291382
2024-01-08T01:26:00Z,fourier-demo,0.535502270277,1.524900000000,0.101907275786,-0.994793901842
2024-01-08T01:27:00Z,fourier-demo,0.785347021611,1.525050000000,0.100380043087,-0.994949168023
2024-01-08T01:28:00Z,fourier-demo,1.049391896860,1.525200000000,0.098852573837,-0.995102089560
2024-01-08T01:29:00Z,fourier-demo,1.318854710130,1.525350000000,0.097324871637,-0.995252666091
2024-01-08T01:30:00Z,fourier-demo,1.584975812660,1.525500000000,0.095796940086,-0.995400897262
2024-01-08T01:31:00Z,fourier-demo,1.839357172956,1.525650000000,0.094268782785,-0.995546782724
2024-01-08T01:32:00Z,fourier-demo,2.074281920839,1.525800000000,0.092740403335,-0.995690322133
2024-01-08T01:33:00Z,fourier-demo,2.283001628112,1.525950000000,0.091211805338,-0.995831515151
2024-01-08T01:34:00Z,fourier-demo,2.459980007301,1.526100000000,0.089682992396,-0.995970361444
2024-01-08T01:35:00Z,fourier-demo,2.601083574637,1.526250000000,0.088153968112,-0.996106860686
2024-01-08T01:36:00Z,fourier-demo,2.703712066042,1.526400000000,0.086624736088,-0.996241012556
2024-01-08T01:37:00Z,fourier-demo,2.766863922448,1.526550000000,0.085095299930,-0.996372816736
2024-01-08T01:38:00Z,fourier-demo,2.791134868386,1.526700000000,0.083565663240,-0.996502272916
2024-01-08T01:39:00Z,fourier-demo,2.778650383879,1.526850000000,0.082035829624,-0.996629380792
2024-01-08T01:40:00Z,fourier-demo,2.732935599592,1.527000000000,0.080505802687,-0.996754140064
2024-01-08T01:41:00Z,fourier-demo,2.658728716919,1.527150000000,0.078975586034,-0.996876550437
2024-01-08T01:42:00Z,fourier-demo,2.561746362459,1.527300000000,0.077445183271,-0.996996611623
2024-01-08T01:43:00Z,fourier-demo,2.448411235784,1.527450000000,0.075914598005,-0.997114323340
2024-01-08T01:44:00Z,fourier-demo,2.325553920954,1.527600000000,0.074383833842,-0.997229685310
2024-01-08T01:45:00Z,fourier-demo,2.200101744434,1.527750000000,0.072852894391,-0.997342697261
2024-01-08T01:46:00Z,fourier-demo,2.078768034298,1.527900000000,0.071321783258,-0.997453358926
2024-01-08T01:47:00Z,fourier-demo,1.967755049480,1.528050000000,0.069790504052,-0.997561670046
2024-01-08T01:48:00Z,fourier-demo,1.872483207953,1.528200000000,0.068259060382,-0.997667630364
2024-01-08T01:49:00Z,fourier-demo,1.797358076875,1.528350000000,0.066727455856,-0.997771239631
2024-01-08T01:50:00Z,fourier-demo,1.745584944944,1.528500000000,0.065195694083,-0.997872497603
2024-01-08T01:51:00Z,fourier-demo,1.719038746601,1.528650000000,0.063663778674,-0.997971404042
2024-01-08T01:52:00Z,fourier-demo,1.718194734963,1.528800000000,0.062131713238,-0.998067958713
2024-01-08T01:53:00Z,fourier-demo,1.742122704414,1.528950000000,0.060599501385,-0.998162161391
2024-01-08T01:54:00Z,fourier-demo,1.788544853008,1.529100000000,0.059067146727,-0.998254011851
2024-01-08T01:55:00Z,fourier-demo,1.853954661926,1.529250000000,0.057534652875,-0.998343509880
2024-01-08T01:56:00Z,fourier-demo,1.933791567352,1.529400000000,0.056002023439,-0.998430655264
2024-01-08T01:57:00Z,fourier-demo,2.022663817532,1.529550000000,0.054469262032,-0.998515447799
2024-01-08T01:58:00Z,fourier-demo,2.114609843848,1.529700000000,0.052936372266,-0.998597887286
2024-01-08T01:59:00Z,fourier-demo,2.203386815542,1.529850000000,0.051403357752,-0.998677973529
2024-01-08T02:00:00Z,fourier-demo,2.282773862764,1.530000000000,0.049870222104,-0.998755706340
2024-01-08T02:01:00Z,fourier-demo,2.346876791656,1.530150000000,0.048336968935,-0.998831085537
2024-01-08T02:02:00Z,fourier-demo,2.390421006406,1.530300000000,0.046803601857,-0.998904110940
2024-01-08T02:03:00Z,fourier-demo,2.409019802009,1.530450000000,0.045270124484,-0.998974782379
2024-01-08T02:04:00Z,fourier-demo,2.399406180089,1.530600000000,0.043736540430,-0.999043099686
2024-01-08T02:05:00Z,fourier-demo,2.359617828476,1.530750000000,0.042202853309,-0.999109062702
2024-01-08T02:06:00Z,fourier-demo,2.289126832638,1.530900000000,0.040669066735,-0.999172671269
2024-01-08T02:07:00Z,fourier-demo,2.188907974326,1.531050000000,0.039135184322,-0.999233925239
2024-01-08T02:08:00Z,fourier-demo,2.061442026120,1.531200000000,0.037601209686,-0.999292824466
2024-01-08T02:09:00Z,fourier-demo,1.910653164582,1.531350000000,0.036067146440,-0.999349368813
2024-01-08T02:10:00Z,fourier-demo,1.741782387641,1.531500000000,0.034532998200,-0.999403558146
2024-01-08T02:11:00Z,fourier-demo,1.561201519353,1.531650000000,0.032998768582,-0.999455392337
2024-01-08T02:12:00Z,fourier-demo,1.376174905535,1.531800000000,0.031464461201,-0.999504871264
2024-01-08T02:13:00Z,fourier-demo,1.194578142438,1.531950000000,0.029930079672,-0.999551994811
2024-01-08T02:14:00Z,fourier-demo,1.024585044089,1.532100000000,0.028395627611,-0.999596762866
2024-01-08T02:15:00Z,fourier-demo,0.874335464345,1.532250000000,0.026861108635,-0.999639175324
2024-01-08T02:16:00Z,fourier-demo,0.751597487285,1.532400000000,0.025326526359,-0.999679232085
2024-01-08T02:17:00Z,fourier-demo,0.663437845712,1.532550000000,0.023791884400,-0.999716933055
2024-01-08T02:18:00Z,fourier-demo,0.615914206039,1.532700000000,0.022257186375,-0.999752278144
2024-01-08T02:19:00Z,fourier-demo,0.613802175863,1.532850000000,0.020722435899,-0.999785267270
2024-01-08T02:20:00Z,fourier-demo,0.660368578029,1.533000000000,0.019187636590,-0.999815900355
2024-01-08T02:21:00Z,fourier-demo,0.757200743978,1.533150000000,0.017652792064,-0.999844177326
2024-01-08T02:22:00Z,fourier-demo,0.904099381038,1.533300000000,0.016117905939,-0.999870098117
2024-01-08T02:23:00Z,fourier-demo,1.099040051577,1.533450000000,0.014582981831,-0.999893662667
2024-01-08T02:24:00Z,fourier-demo,1.338205568017,1.533600000000,0.013048023358,-0.999914870920
2024-01-08T02:25:00Z,fourier-demo,1.616088767312,1.533750000000,0.011513034136,-0.999933722826
2024-01-08T02:26:00Z,fourier-demo,1.925662296877,1.533900000000,0.009978017784,-0.999950218341
2024-01-08T02:27:00Z,fourier-demo,2.258609336055,1.534050000000,0.008442977917,-0.999964357427
2024-01-08T02:28:00Z,fourier-demo,2.605606703453,1.534200000000,0.006907918155,-0.999976140049
2024-01-08T02:29:00Z,fourier-demo,2.956649661701,1.534350000000,0.005372842113,-0.999985566180
2024-01-08T02:30:00Z,fourier-demo,3.301406014821,1.534500000000,0.003837753410,-0.999992635797
2024-01-08T02:31:00Z,fourier-demo,3.629585870056,1.534650000000,0.002302655664,-0.999997348885
2024-01-08T02:32:00Z,fourier-demo,3.931312755980,1.534800000000,0.000767552491,-0.999999705432
2024-01-08T02:33:00Z,fourier-demo,4.197481680706,1.534950000000,-0.000767552491,-0.999999705432
2024-01-08T02:34:00Z,fourier-demo,4.420090183331,1.535100000000,-0.002302655664,-0.999997348885
2024-01-08T02:35:00Z,fourier-demo,4.592529460225,1.535250000000,-0.003837753410,-0.999992635797
2024-01-08T02:36:00Z,fourier-demo,4.709824194802,1.535400000000,-0.005372842113,-0.999985566180
2024-01-08T02:37:00Z,fourier-demo,4.768811723086,1.535550000000,-0.006907918155,-0.999976140049
2024-01-08T02:38:00Z,fourier-demo,4.768253547336,1.535700000000,-0.008442977917,-0.999964357427
2024-01-08T02:39:00Z,fourier-demo,4.708874870698,1.535850000000,-0.009978017784,-0.999950218341
2024-01-08T02:40:00Z,fourier-demo,4.593330660122,1.536000000000,-0.011513034136,-0.999933722826
2024-01-08T02:41:00Z,fourier-demo,4.426099638665,1.536150000000,-0.013048023358,-0.999914870920
2024-01-08T02:42:00Z,fourier-demo,4.213310445177,1.536300000000,-0.014582981831,-0.999893662667
2024-01-08T02:43:00Z,fourier-demo,3.962506865135,1.536450000000,-0.016117905939,-0.999870098117
2024-01-08T02:44:00Z,fourier-demo,3.682361423758,1.536600000000,-0.017652792064,-0.999844177326
2024-01-08T02:45:00Z,fourier-demo,3.382348645655,1.536750000000,-0.019187636590,-0.999815900355
2024-01-08T02:46:00Z,fourier-demo,3.072390843348,1.536900000000,-0.020722435899,-0.999785267270
2024-01-08T02:47:00Z,fourier-demo,2.762490337950,1.537050000000,-0.022257186375,-0.999752278144
2024-01-08T02:48:00Z,fourier-demo,2.462362497792,1.537200000000,-0.023791884400,-0.999716933055
2024-01-08T02:49:00Z,fourier-demo,2.181083886311,1.537350000000,-0.025326526359,-0.999679232085
2024-01-08T02:50:00Z,fourier-demo,1.926769144041,1.537500000000,-0.026861108635,-0.999639175324
2024-01-08T02:51:00Z,fourier-demo,1.706289018902,1.537650000000,-0.028395627611,-0.999596762866
2024-01-08T02:52:00Z,fourier-demo,1.525040254524,1.537800000000,-0.029930079672,-0.999551994811
2024-01-08T02:53:00Z,fourier-demo,1.386775917828,1.537950000000,-0.031464461201,-0.999504871264
2024-01-08T02:54:00Z,fourier-demo,1.293502281936,1.538100000000,-0.032998768582,-0.999455392337
2024-01-08T02:55:00Z,fourier-demo,1.245445679143,1.538250000000,-0.034532998200,-0.999403558146
2024-01-08T02:56:00Z,fourier-demo,1.241089911405,1.538400000000,-0.036067146440,-0.999349368813
2024-01-08T02:57:00Z,fourier-demo,1.277281967507,1.538550000000,-0.037601209686,-0.999292824466
2024-01-08T02:58:00Z,fourier-demo,1.349401062021,1.538700000000,-0.039135184322,-0.999233925239
2024-01-08T02:59:00Z,fourier-demo,1.451583492064,1.538850000000,-0.040669066735,-0.999172671269
2024-01-08T03:00:00Z,fourier-demo,1.576993605599,1.539000000000,-0.042202853309,-0.999109062702
2024-01-08T03:01:00Z,fourier-demo,1.718129377998,1.539150000000,-0.043736540430,-0.999043099686
2024-01-08T03:02:00Z,fourier-demo,1.867149773943,1.539300000000,-0.045270124484,-0.998974782379
2024-01-08T03:03:00Z,fourier-demo,2.016210281560,1.539450000000,-0.046803601857,-0.998904110940
2024-01-08T03:04:00Z,fourier-demo,2.157792775519,1.539600000000,-0.048336968935,-0.998831085537
2024-01-08T03:05:00Z,fourier-demo,2.285016203246,1.539750000000,-0.049870222104,-0.998755706340
2024-01-08T03:06:00Z,fourier-demo,2.391915477604,1.539900000000,-0.051403357752,-0.998677973529
2024-01-08T03:07:00Z,fourier-demo,2.473677362224,1.540050000000,-0.052936372266,-0.998597887286
2024-01-08T03:08:00Z,fourier-demo,2.526823992750,1.540200000000,-0.054469262032,-0.998515447799
2024-01-08T03:09:00Z,fourier-demo,2.549336911000,1.540350000000,-0.056002023439,-0.998430655264
2024-01-08T03:10:00Z,fourier-demo,2.540717006215,1.540500000000,-0.057534652875,-0.998343509880
2024-01-08T03:11:00Z,fourier-demo,2.501978453920,1.540650000000,-0.059067146727,-0.998254011851
2024-01-08T03:12:00Z,fourier-demo,2.435577506509,1.540800000000,-0.060599501385,-0.998162161391
2024-01-08T03:13:00Z,fourier-demo,2.345279706591,1.540950000000,-0.062131713238,-0.998067958713
2024-01-08T03:14:00Z,fourier-demo,2.235971652089,1.541100000000,-0.063663778674,-0.997971404042
2024-01-08T03:15:00Z,fourier-demo,2.113425735841,1.541250000000,-0.065195694083,-0.997872497603
2024-01-08T03:16:00Z,fourier-demo,1.984028217775,1.541400000000,-0.066727455856,-0.997771239631
2024-01-08T03:17:00Z,fourier-demo,1.854482485168,1.541550000000,-0.068259060382,-0.997667630364
2024-01-08T03:18:00Z,fourier-demo,1.731500354964,1.541700000000,-0.069790504052,-0.997561670046
2024-01-08T03:19:00Z,fourier-demo,1.621494731149,1.541850000000,-0.071321783258,-0.997453358926
2024-01-08T03:20:00Z,fourier-demo,1.530286831476,1.542000000000,-0.072852894391,-0.997342697261
2024-01-08T03:21:00Z,fourier-demo,1.462840546466,1.542150000000,-0.074383833842,-0.997229685310
2024-01-08T03:22:00Z,fourier-demo,1.423035317173,1.542300000000,-0.075914598005,-0.997114323340
2024-01-08T03:23:00Z,fourier-demo,1.413487266247,1.542450000000,-0.077445183271,-0.996996611623
2024-01-08T03:24:00Z,fourier-demo,1.435426258280,1.542600000000,-0.078975586034,-0.996876550437
2024-01-08T03:25:00Z,fourier-demo,1.488634186340,1.542750000000,-0.080505802687,-0.996754140064
2024-01-08T03:26:00Z,fourier-demo,1.571447180833,1.542900000000,-0.082035829624,-0.996629380792
2024-01-08T03:27:00Z,fourier-demo,1.680821722890,1.543050000000,-0.083565663240,-0.996502272916
2024-01-08T03:28:00Z,fourier-demo,1.812461930086,1.543200000000,-0.085095299930,-0.996372816736
2024-01-08T03:29:00Z,fourier-demo,1.961002680583,1.543350000000,-0.086624736088,-0.996241012556
2024-01-08T03:30:00Z,fourier-demo,2.120240861043,1.543500000000,-0.088153968112,-0.996106860686
2024-01-08T03:31:00Z,fourier-demo,2.283404963096,1.543650000000,-0.089682992396,-0.995970361444
2024-01-08T03:32:00Z,fourier-demo,2.443451598967,1.543800000000,-0.091211805338,-0.995831515151
2024-01-08T03:33:00Z,fourier-demo,2.593376328179,1.543950000000,-0.092740403335,-0.995690322133
2024-01-08T03:34:00Z,fourier-demo,2.726525533984,1.544100000000,-0.094268782785,-0.995546782724
2024-01-08T03:35:00Z,fourier-demo,2.836895988188,1.544250000000,-0.095796940086,-0.995400897262
2024-01-08T03:36:00Z,fourier-demo,2.919409201594,1.544400000000,-0.097324871637,-0.995252666091
2024-01-08T03:37:00Z,fourier-demo,2.970148656485,1.544550000000,-0.098852573837,-0.995102089560
2024-01-08T03:38:00Z,fourier-demo,2.986549517149,1.544700000000,-0.100380043087,-0.994949168023
2024-01-08T03:39:00Z,fourier-demo,2.967532353398,1.544850000000,-0.101907275786,-0.994793901842
2024-01-08T03:40:00Z,fourier-demo,2.913574711214,1.545000000000,-0.103434268336,-0.994636291382
2024-01-08T03:41:00Z,fourier-demo,2.826716929735,1.545150000000,-0.104961017139,-0.994476337014
2024-01-08T03:42:00Z,fourier-demo,2.710501329566,1.545300000000,-0.106487518595,-0.994314039116
2024-01-08T03:43:00Z,fourier-demo,2.569846671521,1.545450000000,-0.108013769109,-0.994149398070
2024-01-08T03:44:00Z,fourier-demo,2.410862493184,1.545600000000,-0.109539765083,-0.993982414264
2024-01-08T03:45:00Z,fourier-demo,2.240610460976,1.545750000000,-0.111065502922,-0.993813088091
2024-01-08T03:46:00Z,fourier-demo,2.066822123144,1.545900000000,-0.112590979030,-0.993641419950
2024-01-08T03:47:00Z,fourier-demo,1.897584320632,1.546050000000,-0.114116189811,-0.993467410247
2024-01-08T03:48:00Z,fourier-demo,1.741004930031,1.546200000000,-0.115641131672,-0.993291059391
2024-01-08T03:49:00Z,fourier-demo,1.604872516040,1.546350000000,-0.117165801020,-0.993112367797
2024-01-08T03:50:00Z,fourier-demo,1.496323821323,1.546500000000,-0.118690194261,-0.992931335887
2024-01-08T03:51:00Z,fourier-demo,1.421532803052,1.546650000000,-0.120214307802,-0.992747964087
2024-01-08T03:52:00Z,fourier-demo,1.385434144997,1.546800000000,-0.121738138053,-0.992562252830
2024-01-08T03:53:00Z,fourier-demo,1.391492861665,1.546950000000,-0.123261681423,-0.992374202553
2024-01-08T03:54:00Z,fourier-demo,1.441529818726,1.547100000000,-0.124784934320,-0.992183813699
2024-01-08T03:55:00Z,fourier-demo,1.535610793360,1.547250000000,-0.126307893156,-0.991991086717
2024-01-08T03:56:00Z,fourier-demo,1.672004177563,1.547400000000,-0.127830554341,-0.991796022061
2024-01-08T03:57:00Z,fourier-demo,1.847209688714,1.547550000000,-0.129352914288,-0.991598620191
2024-01-08T03:58:00Z,fourier-demo,2.056057605361,1.547700000000,-0.130874969408,-0.991398881572
2024-01-08T03:59:00Z,fourier-demo,2.291875207770,1.547850000000,-0.132396716115,-0.991196806675
2024-01-08T04:00:00Z,fourier-demo,2.546714387413,1.548000000000,-0.133918150823,-0.990992395975
2024-01-08T04:01:00Z,fourier-demo,2.811631907720,1.548150000000,-0.135439269947,-0.990785649955
2024-01-08T04:02:00Z,fourier-demo,3.077011651170,1.548300000000,-0.136960069901,-0.990576569101
2024-01-08T04:03:00Z,fourier-demo,3.332916462829,1.548450000000,-0.138480547103,-0.990365153907
2024-01-08T04:04:00Z,fourier-demo,3.569455968315,1.548600000000,-0.140000697968,-0.990151404871
2024-01-08T04:05:00Z,fourier-demo,3.777156055699,1.548750000000,-0.141520518916,-0.989935322496
2024-01-08T04:06:00Z,fourier-demo,3.947315594549,1.548900000000,-0.143040006363,-0.989716907292
2024-01-08T04:07:00Z,fourier-demo,4.072336426959,1.549050000000,-0.144559156730,-0.989496159773
2024-01-08T04:08:00Z,fourier-demo,4.146013686766,1.549200000000,-0.146077966437,-0.989273080459
2024-01-08T04:09:00Z,fourier-demo,4.163775043926,1.549350000000,-0.147596431904,-0.989047669877
2024-01-08T04:10:00Z,fourier-demo,4.122859469246,1.549500000000,-0.149114549553,-0.988819928557
2024-01-08T04:11:00Z,fourier-demo,4.022428490348,1.549650000000,-0.150632315806,-0.988589857036
2024-01-08T04:12:00Z,fourier-demo,3.863605567075,1.549800000000,-0.152149727088,-0.988357455856
2024-01-08T04:13:00Z,fourier-demo,3.649442046823,1.549950000000,-0.153666779821,-0.988122725566
2024-01-08T04:14:00Z,fourier-demo,3.384811053184,1.550100000000,-0.155183470431,-0.987885666717
2024-01-08T04:15:00Z,fourier-demo,3.076233498564,1.550250000000,-0.156699795344,-0.987646279869
2024-01-08T04:16:00Z,fourier-demo,2.731643078690,1.550400000000,-0.158215750987,-0.987404565586
2024-01-08T04:17:00Z,fourier-demo,2.360099497035,1.550550000000,-0.159731333787,-0.987160524437
2024-01-08T04:18:00Z,fourier-demo,1.971461184135,1.550700000000,-0.161246540172,-0.986914156998
2024-01-08T04:19:00Z,fourier-demo,1.576030339715,1.550850000000,-0.162761366572,-0.986665463849
2024-01-08T04:20:00Z,fourier-demo,1.184184172334,1.551000000000,-0.164275809417,-0.986414445576
2024-01-08T04:21:00Z,fourier-demo,0.806006700329,1.551150000000,-0.165789865139,-0.986161102770
2024-01-08T04:22:00Z,fourier-demo,0.450935390759,1.551300000000,-0.167303530169,-0.985905436030
2024-01-08T04:23:00Z,fourier-demo,0.127436254302,1.551450000000,-0.168816800940,-0.985647445956
2024-01-08T04:24:00Z,fourier-demo,-0.157280188272,1.551600000000,-0.170329673886,-0.985387133158
2024-01-08T04:25:00Z,fourier-demo,-0.397491348595,1.551750000000,-0.171842145443,-0.985124498249
2024-01-08T04:26:00Z,fourier-demo,-0.589134822722,1.551900000000,-0.173354212045,-0.984859541847
2024-01-08T04:27:00Z,fourier-demo,-0.729914310196,1.552050000000,-0.174865870130,-0.984592264576
2024-01-08T04:28:00Z,fourier-demo,-0.819335751051,1.552200000000,-0.176377116135,-0.984322667068
2024-01-08T04:29:00Z,fourier-demo,-0.858673051534,1.552350000000,-0.177887946500,-0.984050749957
2024-01-08T04:30:00Z,fourier-demo,-0.850865600893,1.552500000000,-0.179398357662,-0.983776513883
2024-01-08T04:31:00Z,fourier-demo,-0.800352509669,1.552650000000,-0.180908346065,-0.983499959494
2024-01-08T04:32:00Z,fourier-demo,-0.712851014099,1.552800000000,-0.182417908148,-0.983221087440
2024-01-08T04:33:00Z,fourier-demo,-0.595088689642,1.552950000000,-0.183927040354,-0.982939898380
2024-01-08T04:34:00Z,fourier-demo,-0.454500910911,1.553100000000,-0.185435739128,-0.982656392975
2024-01-08T04:35:00Z,fourier-demo,-0.298906313530,1.553250000000,-0.186944000914,-0.982370571893
2024-01-08T04:36:00Z,fourier-demo,-0.136173803509,1.553400000000,-0.188451822157,-0.982082435810
2024-01-08T04:37:00Z,fourier-demo,0.026105108950,1.553550000000,-0.189959199305,-0.981791985402
2024-01-08T04:38:00Z,fourier-demo,0.180925209064,1.553700000000,-0.191466128805,-0.981499221355
2024-01-08T04:39:00Z,fourier-demo,0.322145153723,1.553850000000,-0.192972607106,-0.981204144359
2024-01-08T04:40:00Z,fourier-demo,0.444722565162,1.554000000000,-0.194478630658,-0.980906755108
2024-01-08T04:41:00Z,fourier-demo,0.544897333554,1.554150000000,-0.195984195912,-0.980607054305
2024-01-08T04:42:00Z,fourier-demo,0.620316046155,1.554300000000,-0.197489299319,-0.980305042655
2024-01-08T04:43:00Z,fourier-demo,0.670092969290,1.554450000000,-0.198993937334,-0.980000720869
2024-01-08T04:44:00Z,fourier-demo,0.694805696317,1.554600000000,-0.200498106411,-0.979694089666
2024-01-08T04:45:00Z,fourier-demo,0.696426328185,1.554750000000,-0.202001803004,-0.979385149767
2024-01-08T04:46:00Z,fourier-demo,0.678191759338,1.554900000000,-0.203505023570,-0.979073901900
2024-01-08T04:47:00Z,fourier-demo,0.644419188605,1.555050000000,-0.205007764567,-0.978760346800
2024-01-08T04:48:00Z,fourier-demo,0.600275257166,1.555200000000,-0.206510022453,-0.978444485204
2024-01-08T04:49:00Z,fourier-demo,0.551509139725,1.555350000000,-0.208011793689,-0.978126317858
2024-01-08T04:50:00Z,fourier-demo,0.504161401369,1.555500000000,-0.209513074735,-0.977805845511
2024-01-08T04:51:00Z,fourier-demo,0.464261420442,1.555650000000,-0.211013862054,-0.977483068918
2024-01-08T04:52:00Z,fourier-demo,0.437526626624,1.555800000000,-0.212514152108,-0.977157988840
2024-01-08T04:53:00Z,fourier-demo,0.429076695531,1.555950000000,-0.214013941363,-0.976830606043
2024-01-08T04:54:00Z,fourier-demo,0.443175181365,1.556100000000,-0.215513226284,-0.976500921298
2024-01-08T04:55:00Z,fourier-demo,0.483009885565,1.556250000000,-0.217012003338,-0.976168935383
2024-01-08T04:56:00Z,fourier-demo,0.550521601474,1.556400000000,-0.218510268993,-0.975834649080
2024-01-08T04:57:00Z,fourier-demo,0.646288811959,1.556550000000,-0.220008019718,-0.975498063176
2024-01-08T04:58:00Z,fourier-demo,0.769473534733,1.556700000000,-0.221505251984,-0.975159178465
2024-01-08T04:59:00Z,fourier-demo,0.917830907880,1.556850000000,-0.223001962262,-0.974817995745
2024-01-08T05:00:00Z,fourier-demo,1.087782394182,1.557000000000,-0.224498147025,-0.974474515820
2024-01-08T05:01:00Z,fourier-demo,1.274549770228,1.557150000000,-0.225993802748,-0.974128739500
2024-01-08T05:02:00Z,fourier-demo,1.472344467872,1.557300000000,-0.227488925906,-0.973780667599
2024-01-08T05:03:00Z,fourier-demo,1.674604459816,1.557450000000,-0.228983512975,-0.973430300939
2024-01-08T05:04:00Z,fourier-demo,1.874268827007,1.557600000000,-0.230477560434,-0.973077640343
2024-01-08T05:05:00Z,fourier-demo,2.064078499249,1.557750000000,-0.231971064762,-0.972722686645
2024-01-08T05:06:00Z,fourier-demo,2.236890491036,1.557900000000,-0.233464022439,-0.972365440679
2024-01-08T05:07:00Z,fourier-demo,2.385992311771,1.558050000000,-0.234956429946,-0.972005903288
2024-01-08T05:08:00Z,fourier-demo,2.505403141071,1.558200000000,-0.236448283768,-0.971644075319
2024-01-08T05:09:00Z,fourier-demo,2.590148830795,1.558350000000,-0.237939580389,-0.971279957625
2024-01-08T05:10:00Z,fourier-demo,2.636498807690,1.558500000000,-0.239430316293,-0.970913551064
2024-01-08T05:11:00Z,fourier-demo,2.642154463668,1.558650000000,-0.240920487969,-0.970544856499
2024-01-08T05:12:00Z,fourier-demo,2.606380573519,1.558800000000,-0.242410091904,-0.970173874799
2024-01-08T05:13:00Z,fourier-demo,2.530073592882,1.558950000000,-0.243899124588,-0.969800606839
2024-01-08T05:14:00Z,fourier-demo,2.415763268122,1.559100000000,-0.245387582512,-0.969425053498
2024-01-08T05:15:00Z,fourier-demo,2.267546728820,1.559250000000,-0.246875462169,-0.969047215660
2024-01-08T05:16:00Z,fourier-demo,2.090957020476,1.559400000000,-0.248362760053,-0.968667094217
2024-01-08T05:17:00Z,fourier-demo,1.892770755196,1.559550000000,-0.249849472657,-0.968284690064
2024-01-08T05:18:00Z,fourier-demo,1.680762099436,1.559700000000,-0.251335596480,-0.967900004103
2024-01-08T05:19:00Z,fourier-demo,1.463412575352,1.559850000000,-0.252821128018,-0.967513037239
2024-01-08T05:20:00Z,fourier-demo,1.249588032316,1.560000000000,-0.254306063772,-0.967123790385
2024-01-08T05:21:00Z,fourier-demo,1.048195569460,1.560150000000,-0.255790400241,-0.966732264458
2024-01-08T05:22:00Z,fourier-demo,0.867834098740,1.560300000000,-0.257274133928,-0.966338460381
2024-01-08T05:23:00Z,fourier-demo,0.716452592275,1.560450000000,-0.258757261336,-0.965942379082
2024-01-08T05:24:00Z,fourier-demo,0.601029841271,1.560600000000,-0.260239778970,-0.965544021493
2024-01-08T05:25:00Z,fourier-demo,0.527288773652,1.560750000000,-0.261721683338,-0.965143388555
2024-01-08T05:26:00Z,fourier-demo,0.499457063873,1.560900000000,-0.263202970945,-0.964740481210
2024-01-08T05:27:00Z,fourier-demo,0.520083972942,1.561050000000,-0.264683638303,-0.964335300409
2024-01-08T05:28:00Z,fourier-demo,0.589921151291,1.561200000000,-0.266163681921,-0.963927847106
2024-01-08T05:29:00Z,fourier-demo,0.707872610227,1.561350000000,-0.267643098311,-0.963518122262
2024-01-08T05:30:00Z,fourier-demo,0.871016321029,1.561500000000,-0.269121883988,-0.963106126841
2024-01-08T05:31:00Z,fourier-demo,1.074697045276,1.561650000000,-0.270600035467,-0.962691861815
2024-01-08T05:32:00Z,fourier-demo,1.312687151131,1.561800000000,-0.272077549263,-0.962275328161
2024-01-08T05:33:00Z,fourier-demo,1.577409443542,1.561950000000,-0.273554421897,-0.961856526859
2024-01-08T05:34:00Z,fourier-demo,1.860213542149,1.562100000000,-0.275030649886,-0.961435458896
2024-01-08T05:35:00Z,fourier-demo,2.151695180565,1.562250000000,-0.276506229752,-0.961012125266
2024-01-08T05:36:00Z,fourier-demo,2.442046062331,1.562400000000,-0.277981158019,-0.960586526965
2024-01-08T05:37:00Z,fourier-demo,2.721420663164,1.562550000000,-0.279455431209,-0.960158664996
2024-01-08T05:38:00Z,fourier-demo,2.980305667026,1.562700000000,-0.280929045850,-0.959728540368
2024-01-08T05:39:00Z,fourier-demo,3.209877593915,1.562850000000,-0.282401998468,-0.959296154095
2024-01-08T05:40:00Z,fourier-demo,3.402334625876,1.563000000000,-0.283874285593,-0.958861507194
2024-01-08T05:41:00Z,fourier-demo,3.551189646832,1.563150000000,-0.285345903754,-0.958424600692
2024-01-08T05:42:00Z,fourier-demo,3.651513040993,1.563300000000,-0.286816849484,-0.957985435616
2024-01-08T05:43:00Z,fourier-demo,3.700115782353,1.563450000000,-0.288287119317,-0.957544013002
2024-01-08T05:44:00Z,fourier-demo,3.695665713973,1.563600000000,-0.289756709787,-0.957100333890
2024-01-08T05:45:00Z,fourier-demo,3.638732565032,1.563750000000,-0.291225617432,-0.956654399327
2024-01-08T05:46:00Z,fourier-demo,3.531760079071,1.563900000000,-0.292693838791,-0.956206210362
2024-01-08T05:47:00Z,fourier-demo,3.378966514559,1.564050000000,-0.294161370402,-0.955755768051
2024-01-08T05:48:00Z,fourier-demo,3.186177612398,1.564200000000,-0.295628208808,-0.955303073457
2024-01-08T05:49:00Z,fourier-demo,2.960598790104,1.564350000000,-0.297094350552,-0.954848127647
2024-01-08T05:50:00Z,fourier-demo,2.710535711958,1.564500000000,-0.298559792179,-0.954390931691
2024-01-08T05:51:00Z,fourier-demo,2.445074402295,1.564650000000,-0.300024530236,-0.953931486668
2024-01-08T05:52:00Z,fourier-demo,2.173733634631,1.564800000000,-0.301488561272,-0.953469793660
2024-01-08T05:53:00Z,fourier-demo,1.906103380007,1.564950000000,-0.302951881835,-0.953005853756
2024-01-08T05:54:00Z,fourier-demo,1.651483592373,1.565100000000,-0.304414488477,-0.952539668048
2024-01-08T05:55:00Z,fourier-demo,1.418537528258,1.565250000000,-0.305876377753,-0.952071237636
2024-01-08T05:56:00Z,fourier-demo,1.214973146913,1.565400000000,-0.307337546216,-0.951600563622
2024-01-08T05:57:00Z,fourier-demo,1.047264943375,1.565550000000,-0.308797990424,-0.951127647117
2024-01-08T05:58:00Z,fourier-demo,0.920426880091,1.565700000000,-0.310257706934,-0.950652489235
2024-01-08T05:59:00Z,fourier-demo,0.837844972753,1.565850000000,-0.311716692308,-0.950175091095
2024-01-08T06:00:00Z,fourier-demo,0.801175639378,1.566000000000,-0.313174943107,-0.949695453822
2024-01-08T06:01:00Z,fourier-demo,0.810313238914,1.566150000000,-0.314632455894,-0.949213578547
2024-01-08T06:02:00Z,fourier-demo,0.863427416417,1.566300000000,-0.316089227235,-0.948729466406
2024-01-08T06:03:00Z,fourier-demo,0.957068050739,1.566450000000,-0.317545253696,-0.948243118538
2024-01-08T06:04:00Z,fourier-demo,1.086332882633,1.566600000000,-0.319000531847,-0.947754536091
2024-01-08T06:05:00Z,fourier-demo,1.245090396713,1.566750000000,-0.320455058259,-0.947263720215
2024-01-08T06:06:00Z,fourier-demo,1.426248341068,1.566900000000,-0.321908829502,-0.946770672068
2024-01-08T06:07:00Z,fourier-demo,1.622056482199,1.567050000000,-0.323361842153,-0.946275392811
2024-01-08T06:08:00Z,fourier-demo,1.824430881728,1.567200000000,-0.324814092786,-0.945777883611
2024-01-08T06:09:00Z,fourier-demo,2.025286197296,1.567350000000,-0.326265577979,-0.945278145641
2024-01-08T06:10:00Z,fourier-demo,2.216862283502,1.567500000000,-0.327716294312,-0.944776180078
2024-01-08T06:11:00Z,fourier-demo,2.392031707137,1.567650000000,-0.329166238366,-0.944271988105
2024-01-08T06:12:00Z,fourier-demo,2.544575678560,1.567800000000,-0.330615406724,-0.943765570911
2024-01-08T06:13:00Z,fourier-demo,2.669417299680,1.567950000000,-0.332063795971,-0.943256929688
2024-01-08T06:14:00Z,fourier-demo,2.762802879361,1.568100000000,-0.333511402695,-0.942746065636
2024-01-08T06:15:00Z,fourier-demo,2.822424291674,1.568250000000,-0.334958223482,-0.942232979958
2024-01-08T06:16:00Z,fourier-demo,2.847477858318,1.568400000000,-0.336404254925,-0.941717673864
2024-01-08T06:17:00Z,fourier-demo,2.838657919444,1.568550000000,-0.337849493616,-0.941200148568
2024-01-08T06:18:00Z,fourier-demo,2.798086005735,1.568700000000,-0.339293936148,-0.940680405288
2024-01-08T06:19:00Z,fourier-demo,2.729179224894,1.568850000000,-0.340737579118,-0.940158445251
2024-01-08T06:20:00Z,fourier-demo,2.636464015979,1.569000000000,-0.342180419124,-0.939634269686
2024-01-08T06:21:00Z,fourier-demo,2.525343700329,1.569150000000,-0.343622452765,-0.939107879828
2024-01-08T06:22:00Z,fourier-demo,2.401830174137,1.569300000000,-0.345063676644,-0.938579276919
2024-01-08T06:23:00Z,fourier-demo,2.272251566228,1.569450000000,-0.346504087364,-0.938048462202
2024-01-08T06:24:00Z,fourier-demo,2.142948664314,1.569600000000,-0.347943681530,-0.937515436931
2024-01-08T06:25:00Z,fourier-demo,2.019973353963,1.569750000000,-0.349382455751,-0.936980202359
2024-01-08T06:26:00Z,fourier-demo,1.908802198805,1.569900000000,-0.350820406636,-0.936442759750
2024-01-08T06:27:00Z,fourier-demo,1.814077623479,1.570050000000,-0.352257530795,-0.935903110369
2024-01-08T06:28:00Z,fourier-demo,1.739387970405,1.570200000000,-0.353693824844,-0.935361255488
2024-01-08T06:29:00Z,fourier-demo,1.687096037496,1.570350000000,-0.355129285395,-0.934817196384
2024-01-08T06:30:00Z,fourier-demo,1.658223635669,1.570500000000,-0.356563909068,-0.934270934339
2024-01-08T06:31:00Z,fourier-demo,1.652397318550,1.570650000000,-0.357997692482,-0.933722470640
2024-01-08T06:32:00Z,fourier-demo,1.667857831369,1.570800000000,-0.359430632256,-0.933171806580
2024-01-08T06:33:00Z,fourier-demo,1.701533110117,1.570950000000,-0.360862725016,-0.932618943457
2024-01-08T06:34:00Z,fourier-demo,1.749171948537,1.571100000000,-0.362293967385,-0.932063882573
2024-01-08T06:35:00Z,fourier-demo,1.805532852541,1.571250000000,-0.363724355992,-0.931506625236
2024-01-08T06:36:00Z,fourier-demo,1.864620227418,1.571400000000,-0.365153887465,-0.930947172760
2024-01-08T06:37:00Z,fourier-demo,1.919957991974,1.571550000000,-0.366582558435,-0.930385526463
2024-01-08T06:38:00Z,fourier-demo,1.964889071406,1.571700000000,-0.368010365537,-0.929821687668
2024-01-08T06:39:00Z,fourier-demo,1.992888056432,1.571850000000,-0.369437305404,-0.929255657705
2024-01-08T06:40:00Z,fourier-demo,1.997873679426,1.572000000000,-0.370863374675,-0.928687437906
2024-01-08T06:41:00Z,fourier-demo,1.974507676856,1.572150000000,-0.372288569989,-0.928117029612
2024-01-08T06:42:00Z,fourier-demo,1.918467086006,1.572300000000,-0.373712887987,-0.927544434166
2024-01-08T06:43:00Z,fourier-demo,1.826678044604,1.572450000000,-0.375136325313,-0.926969652918
2024-01-08T06:44:00Z,fourier-demo,1.697500683965,1.572600000000,-0.376558878613,-0.926392687222
2024-01-08T06:45:00Z,fourier-demo,1.530856668164,1.572750000000,-0.377980544534,-0.925813538437
2024-01-08T06:46:00Z,fourier-demo,1.328293254040,1.572900000000,-0.379401319726,-0.925232207930
2024-01-08T06:47:00Z,fourier-demo,1.092980334840,1.573050000000,-0.380821200841,-0.924648697068
2024-01-08T06:48:00Z,fourier-demo,0.829639678325,1.573200000000,-0.382240184532,-0.924063007229
2024-01-08T06:49:00Z,fourier-demo,0.544408365515,1.573350000000,-0.383658267456,-0.923475139791
2024-01-08T06:50:00Z,fourier-demo,0.244641164353,1.573500000000,-0.385075446272,-0.922885096141
2024-01-08T06:51:00Z,fourier-demo,-0.061340879048,1.573650000000,-0.386491717639,-0.922292877668
2024-01-08T06:52:00Z,fourier-demo,-0.364546085233,1.573800000000,-0.387907078220,-0.921698485768
2024-01-08T06:53:00Z,fourier-demo,-0.655640590842,1.573950000000,-0.389321524680,-0.921101921842
2024-01-08T06:54:00Z,fourier-demo,-0.925296743015,1.574100000000,-0.390735053685,-0.920503187296
2024-01-08T06:55:00Z,fourier-demo,-1.164547667787,1.574250000000,-0.392147661904,-0.919902283540
2024-01-08T06:56:00Z,fourier-demo,-1.365133886056,1.574400000000,-0.393559346009,-0.919299211992
2024-01-08T06:57:00Z,fourier-demo,-1.519828067311,1.574550000000,-0.394970102673,-0.918693974071
2024-01-08T06:58:00Z,fourier-demo,-1.622724793097,1.574700000000,-0.396379928571,-0.918086571204
2024-01-08T06:59:00Z,fourier-demo,-1.669483518989,1.574850000000,-0.397788820381,-0.917477004823
2024-01-08T07:00:00Z,fourier-demo,-1.657514723802,1.575000000000,-0.399196774783,-0.916865276365
2024-01-08T07:01:00Z,fourier-demo,-1.586101446073,1.575150000000,-0.400603788458,-0.916251387269
2024-01-08T07:02:00Z,fourier-demo,-1.456450942056,1.575300000000,-0.402009858092,-0.915635338984
2024-01-08T07:03:00Z,fourier-demo,-1.271673954535,1.575450000000,-0.403414980371,-0.915017132961
2024-01-08T07:04:00Z,fourier-demo,-1.036691946855,1.575600000000,-0.404819151983,-0.914396770657
2024-01-08T07:05:00Z,fourier-demo,-0.758075515933,1.575750000000,-0.406222369620,-0.913774253533
2024-01-08T07:06:00Z,fourier-demo,-0.443819936095,1.575900000000,-0.407624629974,-0.913149583058
2024-01-08T07:07:00Z,fourier-demo,-0.103066291662,1.576050000000,-0.409025929742,-0.912522760702
2024-01-08T07:08:00Z,fourier-demo,0.254221171244,1.576200000000,-0.410426265621,-0.911893787943
2024-01-08T07:09:00Z,fourier-demo,0.617609092323,1.576350000000,-0.411825634311,-0.911262666263
2024-01-08T07:10:00Z,fourier-demo,0.976566804442,1.576500000000,-0.413224032514,-0.910629397149
2024-01-08T07:11:00Z,fourier-demo,1.320841546506,1.576650000000,-0.414621456935,-0.909993982095
2024-01-08T07:12:00Z,fourier-demo,1.640822585974,1.576800000000,-0.416017904282,-0.909356422596
2024-01-08T07:13:00Z,fourier-demo,1.927880192315,1.576950000000,-0.417413371262,-0.908716720156
2024-01-08T07:14:00Z,fourier-demo,2.174666401134,1.577100000000,-0.418807854588,-0.908074876282
2024-01-08T07:15:00Z,fourier-demo,2.375366028186,1.577250000000,-0.420201350973,-0.907430892487
2024-01-08T07:16:00Z,fourier-demo,2.525888371715,1.577400000000,-0.421593857135,-0.906784770288
2024-01-08T07:17:00Z,fourier-demo,2.623992400517,1.577550000000,-0.422985369790,-0.906136511208
2024-01-08T07:18:00Z,fourier-demo,2.669340868582,1.577700000000,-0.424375885660,-0.905486116774
2024-01-08T07:19:00Z,fourier-demo,2.663481618367,1.577850000000,-0.425765401468,-0.904833588519
2024-01-08T07:20:00Z,fourier-demo,2.609757219790,1.578000000000,-0.427153913940,-0.904178927981
2024-01-08T07:21:00Z,fourier-demo,2.513146924544,1.578150000000,-0.428541419804,-0.903522136703
2024-01-08T07:22:00Z,fourier-demo,2.380047581215,1.578300000000,-0.429927915790,-0.902863216232
2024-01-08T07:23:00Z,fourier-demo,2.218002548644,1.578450000000,-0.431313398630,-0.902202168121
2024-01-08T07:24:00Z,fourier-demo,2.035389667028,1.578600000000,-0.432697865059,-0.901538993928
2024-01-08T07:25:00Z,fourier-demo,1.841080917535,1.578750000000,-0.434081311816,-0.900873695216
2024-01-08T07:26:00Z,fourier-demo,1.644087459172,1.578900000000,-0.435463735639,-0.900206273552
2024-01-08T07:27:00Z,fourier-demo,1.453204234896,1.579050000000,-0.436845133272,-0.899536730510
2024-01-08T07:28:00Z,fourier-demo,1.276668268431,1.579200000000,-0.438225501458,-0.898865067667
2024-01-08T07:29:00Z,fourier-demo,1.121844133443,1.579350000000,-0.439604836946,-0.898191286605
2024-01-08T07:30:00Z,fourier-demo,0.994948895182,1.579500000000,-0.440983136483,-0.897515388914
2024-01-08T07:31:00Z,fourier-demo,0.900827150999,1.579650000000,-0.442360396823,-0.896837376185
2024-01-08T07:32:00Z,fourier-demo,0.842784699688,1.579800000000,-0.443736614720,-0.896157250016
2024-01-08T07:33:00Z,fourier-demo,0.822486937091,1.579950000000,-0.445111786931,-0.895475012011
2024-01-08T07:34:00Z,fourier-demo,0.839925406813,1.580100000000,-0.446485910214,-0.894790663776
2024-01-08T07:35:00Z,fourier-demo,0.893453139790,1.580250000000,-0.447858981333,-0.894104206924
2024-01-08T07:36:00Z,fourier-demo,0.979886609232,1.580400000000,-0.449230997050,-0.893415643074
2024-01-08T07:37:00Z,fourier-demo,1.094669422842,1.580550000000,-0.450601954134,-0.892724973847
2024-01-08T07:38:00Z,fourier-demo,1.232090382371,1.580700000000,-0.451971849352,-0.892032200872
2024-01-08T07:39:00Z,fourier-demo,1.385546362826,1.580850000000,-0.453340679478,-0.891337325781
2024-01-08T07:40:00Z,fourier-demo,1.547838688171,1.581000000000,-0.454708441284,-0.890640350211
2024-01-08T07:41:00Z,fourier-demo,1.711490378697,1.581150000000,-0.456075131549,-0.889941275805
2024-01-08T07:42:00Z,fourier-demo,1.869070869310,1.581300000000,-0.457440747051,-0.889240104211
2024-01-08T07:43:00Z,fourier-demo,2.013514578064,1.581450000000,-0.458805284573,-0.888536837080
2024-01-08T07:44:00Z,fourier-demo,2.138420047687,1.581600000000,-0.460168740898,-0.887831476070
2024-01-08T07:45:00Z,fourier-demo,2.238317273878,1.581750000000,-0.461531112814,-0.887124022843
2024-01-08T07:46:00Z,fourier-demo,2.308892234389,1.581900000000,-0.462892397109,-0.886414479066
2024-01-08T07:47:00Z,fourier-demo,2.347159483288,1.582050000000,-0.464252590577,-0.885702846412
2024-01-08T07:48:00Z,fourier-demo,2.351575897676,1.582200000000,-0.465611690012,-0.884989126557
2024-01-08T07:49:00Z,fourier-demo,2.322091166611,1.582350000000,-0.466969692211,-0.884273321183
2024-01-08T07:50:00Z,fourier-demo,2.260133290030,1.582500000000,-0.468326593974,-0.883555431978
2024-01-08T07:51:00Z,fourier-demo,2.168530097558,1.582650000000,-0.469682392102,-0.882835460632
2024-01-08T07:52:00Z,fourier-demo,2.051370489627,1.582800000000,-0.471037083402,-0.882113408842
2024-01-08T07:53:00Z,fourier-demo,1.913811634569,1.582950000000,-0.472390664681,-0.881389278311
2024-01-08T07:54:00Z,fourier-demo,1.761840620541,1.583100000000,-0.473743132749,-0.880663070744
2024-01-08T07:55:00Z,fourier-demo,1.602000966474,1.583250000000,-0.475094484419,-0.879934787853
2024-01-08T07:56:00Z,fourier-demo,1.441095863035,1.583400000000,-0.476444716506,-0.879204431354
2024-01-08T07:57:00Z,fourier-demo,1.285880982128,1.583550000000,-0.477793825829,-0.878472002969
2024-01-08T07:58:00Z,fourier-demo,1.142760121914,1.583700000000,-0.479141809208,-0.877737504422
2024-01-08T07:59:00Z,fourier-demo,1.017496826083,1.583850000000,-0.480488663467,-0.877000937445
2024-01-08T08:00:00Z,fourier-demo,0.914954436601,1.584000000000,-0.481834385431,-0.876262303775
2024-01-08T08:01:00Z,fourier-demo,0.838875836632,1.584150000000,-0.483178971930,-0.875521605150
2024-01-08T08:02:00Z,fourier-demo,0.791712464758,1.584300000000,-0.484522419795,-0.874778843318
2024-01-08T08:03:00Z,fourier-demo,0.774510102474,1.584450000000,-0.485864725859,-0.874034020028
2024-01-08T08:04:00Z,fourier-demo,0.786856540407,1.584600000000,-0.487205886961,-0.873287137035
2024-01-08T08:05:00Z,fourier-demo,0.826893614383,1.584750000000,-0.488545899939,-0.872538196100
2024-01-08T08:06:00Z,fourier-demo,0.891393378608,1.584900000000,-0.489884761635,-0.871787198987
2024-01-08T08:07:00Z,fourier-demo,0.975895463260,1.585050000000,-0.491222468895,-0.871034147467
2024-01-08T08:08:00Z,fourier-demo,1.074900060513,1.585200000000,-0.492559018565,-0.870279043313
2024-01-08T08:09:00Z,fourier-demo,1.182108605070,1.585350000000,-0.493894407497,-0.869521888306
2024-01-08T08:10:00Z,fourier-demo,1.290702161657,1.585500000000,-0.495228632544,-0.868762684229
2024-01-08T08:11:00Z,fourier-demo,1.393645888792,1.585650000000,-0.496561690561,-0.868001432872
2024-01-08T08:12:00Z,fourier-demo,1.484006784387,1.585800000000,-0.497893578406,-0.867238136028
2024-01-08T08:13:00Z,fourier-demo,1.555271284000,1.585950000000,-0.499224292942,-0.866472795497
2024-01-08T08:14:00Z,fourier-demo,1.601649204433,1.586100000000,-0.500553831032,-0.865705413082
2024-01-08T08:15:00Z,fourier-demo,1.618351008610,1.586250000000,-0.501882189544,-0.864935990590
2024-01-08T08:16:00Z,fourier-demo,1.601826394105,1.586400000000,-0.503209365346,-0.864164529837
2024-01-08T08:17:00Z,fourier-demo,1.549953736337,1.586550000000,-0.504535355312,-0.863391032638
2024-01-08T08:18:00Z,fourier-demo,1.462171887017,1.586700000000,-0.505860156316,-0.862615500818
2024-01-08T08:19:00Z,fourier-demo,1.339548159003,1.586850000000,-0.507183765237,-0.861837936204
2024-01-08T08:20:00Z,fourier-demo,1.184778925563,1.587000000000,-0.508506178955,-0.861058340628
2024-01-08T08:21:00Z,fourier-demo,1.002122019221,1.587150000000,-0.509827394355,-0.860276715927
2024-01-08T08:22:00Z,fourier-demo,0.797262920125,1.587300000000,-0.511147408322,-0.859493063943
2024-01-08T08:23:00Z,fourier-demo,0.577119461249,1.587450000000,-0.512466217746,-0.858707386523
2024-01-08T08:24:00Z,fourier-demo,0.349592335310,1.587600000000,-0.513783819519,-0.857919685519
2024-01-08T08:25:00Z,fourier-demo,0.123270960672,1.587750000000,-0.515100210536,-0.857129962786
2024-01-08T08:26:00Z,fourier-demo,-0.092893843099,1.587900000000,-0.516415387696,-0.856338220186
2024-01-08T08:27:00Z,fourier-demo,-0.289937483715,1.588050000000,-0.517729347898,-0.855544459584
2024-01-08T08:28:00Z,fourier-demo,-0.459235724326,1.588200000000,-0.519042088046,-0.854748682852
2024-01-08T08:29:00Z,fourier-demo,-0.592851145833,1.588350000000,-0.520353605047,-0.853950891864
2024-01-08T08:30:00Z,fourier-demo,-0.683857989797,1.588500000000,-0.521663895810,-0.853151088500
2024-01-08T08:31:00Z,fourier-demo,-0.726632206589,1.588650000000,-0.522972957248,-0.852349274645
2024-01-08T08:32:00Z,fourier-demo,-0.717094847965,1.588800000000,-0.524280786275,-0.851545452189
2024-01-08T08:33:00Z,fourier-demo,-0.652898742037,1.588950000000,-0.525587379809,-0.850739623025
2024-01-08T08:34:00Z,fourier-demo,-0.533550600117,1.589100000000,-0.526892734772,-0.849931789054
2024-01-08T08:35:00Z,fourier-demo,-0.360463240407,1.589250000000,-0.528196848088,-0.849121952178
2024-01-08T08:36:00Z,fourier-demo,-0.136935371185,1.589400000000,-0.529499716682,-0.848310114306
2024-01-08T08:37:00Z,fourier-demo,0.131940755150,1.589550000000,-0.530801337485,-0.847496277351
2024-01-08T08:38:00Z,fourier-demo,0.439440641776,1.589700000000,-0.532101707430,-0.846680443231
2024-01-08T08:39:00Z,fourier-demo,0.777431881718,1.589850000000,-0.533400823452,-0.845862613868
2024-01-08T08:40:00Z,fourier-demo,1.136653095091,1.590000000000,-0.534698682490,-0.845042791191
2024-01-08T08:41:00Z,fourier-demo,1.507036858075,1.590150000000,-0.535995281485,-0.844220977130
2024-01-08T08:42:00Z,fourier-demo,1.878064253870,1.590300000000,-0.537290617382,-0.843397173622
2024-01-08T08:43:00Z,fourier-demo,2.239137409653,1.590450000000,-0.538584687128,-0.842571382609
2024-01-08T08:44:00Z,fourier-demo,2.579955660913,1.590600000000,-0.539877487674,-0.841743606036
2024-01-08T08:45:00Z,fourier-demo,2.890880834813,1.590750000000,-0.541169015973,-0.840913845855
2024-01-08T08:46:00Z,fourier-demo,3.163277573411,1.590900000000,-0.542459268981,-0.840082104021
2024-01-08T08:47:00Z,fourier-demo,3.389815608521,1.591050000000,-0.543748243659,-0.839248382493
2024-01-08T08:48:00Z,fourier-demo,3.564722412359,1.591200000000,-0.545035936968,-0.838412683237
2024-01-08T08:49:00Z,fourier-demo,3.683976621035,1.591350000000,-0.546322345874,-0.837575008222
2024-01-08T08:50:00Z,fourier-demo,3.745434981283,1.591500000000,-0.547607467346,-0.836735359422
2024-01-08T08:51:00Z,fourier-demo,3.748888209763,1.591650000000,-0.548891298355,-0.835893738815
2024-01-08T08:52:00Z,fourier-demo,3.696043971868,1.591800000000,-0.550173835875,-0.835050148385
2024-01-08T08:53:00Z,fourier-demo,3.590438069624,1.591950000000,-0.551455076885,-0.834204590120
2024-01-08T08:54:00Z,fourier-demo,3.437277759672,1.592100000000,-0.552735018365,-0.833357066013
2024-01-08T08:55:00Z,fourier-demo,3.243223788266,1.592250000000,-0.554013657299,-0.832507578060
2024-01-08T08:56:00Z,fourier-demo,3.016120123594,1.592400000000,-0.555290990673,-0.831656128263
2024-01-08T08:57:00Z,fourier-demo,2.764682390530,1.592550000000,-0.556567015478,-0.830802718630
2024-01-08T08:58:00Z,fourier-demo,2.498157588085,1.592700000000,-0.557841728706,-0.829947351170
2024-01-08T08:59:00Z,fourier-demo,2.225968733033,1.592850000000,-0.559115127354,-0.829090027901
2024-01-08T09:00:00Z,fourier-demo,1.957358582731,1.593000000000,-0.560387208420,-0.828230750841
2024-01-08T09:01:00Z,fourier-demo,1.701046526937,1.593150000000,-0.561657968908,-0.827369522017
2024-01-08T09:02:00Z,fourier-demo,1.464912106921,1.593300000000,-0.562927405822,-0.826506343457
2024-01-08T09:03:00Z,fourier-demo,1.255717447662,1.593450000000,-0.564195516171,-0.825641217196
2024-01-08T09:04:00Z,fourier-demo,1.078879224835,1.593600000000,-0.565462296967,-0.824774145272
2024-01-08T09:05:00Z,fourier-demo,0.938298702014,1.593750000000,-0.566727745224,-0.823905129729
2024-01-08T09:06:00Z,fourier-demo,0.836255951349,1.593900000000,-0.567991857960,-0.823034172615
2024-01-08T09:07:00Z,fourier-demo,0.773371712875,1.594050000000,-0.569254632196,-0.822161275981
2024-01-08T09:08:00Z,fourier-demo,0.748637562851,1.594200000000,-0.570516064957,-0.821286441886
2024-01-08T09:09:00Z,fourier-demo,0.759512264418,1.594350000000,-0.571776153270,-0.820409672390
2024-01-08T09:10:00Z,fourier-demo,0.802079478750,1.594500000000,-0.573034894166,-0.819530969560
2024-01-08T09:11:00Z,fourier-demo,0.871259532010,1.594650000000,-0.574292284677,-0.818650335467
2024-01-08T09:12:00Z,fourier-demo,0.961065763660,1.594800000000,-0.575548321842,-0.817767772185
2024-01-08T09:13:00Z,fourier-demo,1.064894213299,1.594950000000,-0.576803002700,-0.816883281795
2024-01-08T09:14:00Z,fourier-demo,1.175834107382,1.595100000000,-0.578056324294,-0.815996866381
2024-01-08T09:15:00Z,fourier-demo,1.286985835893,1.595250000000,-0.579308283671,-0.815108528032
2024-01-08T09:16:00Z,fourier-demo,1.391772892282,1.595400000000,-0.580558877881,-0.814218268841
2024-01-08T09:17:00Z,fourier-demo,1.484234595196,1.595550000000,-0.581808103976,-0.813326090906
2024-01-08T09:18:00Z,fourier-demo,1.559287301740,1.595700000000,-0.583055959013,-0.812431996329
2024-01-08T09:19:00Z,fourier-demo,1.612943220886,1.595850000000,-0.584302440051,-0.811535987218
2024-01-08T09:20:00Z,fourier-demo,1.642477783121,1.596000000000,-0.585547544153,-0.810638065685
2024-01-08T09:21:00Z,fourier-demo,1.646538740815,1.596150000000,-0.586791268384,-0.809738233844
2024-01-08T09:22:00Z,fourier-demo,1.625192670322,1.596300000000,-0.588033609814,-0.808836493817
2024-01-08T09:23:00Z,fourier-demo,1.579907217412,1.596450000000,-0.589274565515,-0.807932847728
2024-01-08T09:24:00Z,fourier-demo,1.513470161073,1.596600000000,-0.590514132562,-0.807027297707
2024-01-08T09:25:00Z,fourier-demo,1.429849053272,1.596750000000,-0.591752308035,-0.806119845889
2024-01-08T09:26:00Z,fourier-demo,1.333997712549,1.596900000000,-0.592989089016,-0.805210494410
2024-01-08T09:27:00Z,fourier-demo,1.231618102615,1.597050000000,-0.594224472589,-0.804299245416
2024-01-08T09:28:00Z,fourier-demo,1.128888019890,1.597200000000,-0.595458455845,-0.803386101051
2024-01-08T09:29:00Z,fourier-demo,1.032166467565,1.597350000000,-0.596691035875,-0.802471063470
2024-01-08T09:30:00Z,fourier-demo,0.947689547935,1.597500000000,-0.597922209774,-0.801554134828
2024-01-08T09:31:00Z,fourier-demo,0.881270119647,1.597650000000,-0.599151974641,-0.800635317285
2024-01-08T09:32:00Z,fourier-demo,0.838014324868,1.597800000000,-0.600380327578,-0.799714613007
2024-01-08T09:33:00Z,fourier-demo,0.822067398799,1.597950000000,-0.601607265690,-0.798792024164
2024-01-08T09:34:00Z,fourier-demo,0.836399958885,1.598100000000,-0.602832786087,-0.797867552930
2024-01-08T09:35:00Z,fourier-demo,0.882644283741,1.598250000000,-0.604056885879,-0.796941201483
2024-01-08T09:36:00Z,fourier-demo,0.960988001769,1.598400000000,-0.605279562183,-0.796012972007
2024-01-08T09:37:00Z,fourier-demo,1.070130203261,1.598550000000,-0.606500812117,-0.795082866688
2024-01-08T09:38:00Z,fourier-demo,1.207302366900,1.598700000000,-0.607720632803,-0.794150887719
2024-01-08T09:39:00Z,fourier-demo,1.368353760795,1.598850000000,-0.608939021367,-0.793217037296
2024-01-08T09:40:00Z,fourier-demo,1.547898252627,1.599000000000,-0.610155974937,-0.792281317619
2024-01-08T09:41:00Z,fourier-demo,1.739516856399,1.599150000000,-0.611371490646,-0.791343730894
2024-01-08T09:42:00Z,fourier-demo,1.936007963138,1.599300000000,-0.612585565628,-0.790404279330
2024-01-08T09:43:00Z,fourier-demo,2.129675148882,1.599450000000,-0.613798197024,-0.789462965141
2024-01-08T09:44:00Z,fourier-demo,2.312640811406,1.599600000000,-0.615009381976,-0.788519790545
2024-01-08T09:45:00Z,fourier-demo,2.477172726510,1.599750000000,-0.616219117628,-0.787574757765
2024-01-08T09:46:00Z,fourier-demo,2.616009984631,1.599900000000,-0.617427401132,-0.786627869028
2024-01-08T09:47:00Z,fourier-demo,2.722674696793,1.600050000000,-0.618634229638,-0.785679126565
2024-01-08T09:48:00Z,fourier-demo,2.791756350044,1.600200000000,-0.619839600304,-0.784728532612
2024-01-08T09:49:00Z,fourier-demo,2.819156728163,1.600350000000,-0.621043510288,-0.783776089409
2024-01-08T09:50:00Z,fourier-demo,2.802284852644,1.600500000000,-0.622245956754,-0.782821799201
2024-01-08T09:51:00Z,fourier-demo,2.740193380081,1.600650000000,-0.623446936867,-0.781865664236
2024-01-08T09:52:00Z,fourier-demo,2.633650235129,1.600800000000,-0.624646447799,-0.780907686767
2024-01-08T09:53:00Z,fourier-demo,2.485141868274,1.600950000000,-0.625844486722,-0.779947869053
2024-01-08T09:54:00Z,fourier-demo,2.298807298488,1.601100000000,-0.627041050812,-0.778986213355
2024-01-08T09:55:00Z,fourier-demo,2.080304919534,1.601250000000,-0.628236137251,-0.778022721938
2024-01-08T09:56:00Z,fourier-demo,1.836616800126,1.601400000000,-0.629429743221,-0.777057397075
2024-01-08T09:57:00Z,fourier-demo,1.575797779506,1.601550000000,-0.630621865911,-0.776090241039
2024-01-08T09:58:00Z,fourier-demo,1.306678945937,1.601700000000,-0.631812502510,-0.775121256109
2024-01-08T09:59:00Z,fourier-demo,1.038536991806,1.601850000000,-0.633001650213,-0.774150444570
2024-01-08T10:00:00Z,fourier-demo,0.780742386878,1.602000000000,-0.634189306218,-0.773177808708
2024-01-08T10:01:00Z,fourier-demo,0.542400240351,1.602150000000,-0.635375467726,-0.772203350817
2024-01-08T10:02:00Z,fourier-demo,0.331998093597,1.602300000000,-0.636560131941,-0.771227073191
2024-01-08T10:03:00Z,fourier-demo,0.157074682223,1.602450000000,-0.637743296072,-0.770248978133
2024-01-08T10:04:00Z,fourier-demo,0.023922935198,1.602600000000,-0.638924957331,-0.769269067946
2024-01-08T10:05:00Z,fourier-demo,-0.062660829872,1.602750000000,-0.640105112934,-0.768287344941
2024-01-08T10:06:00Z,fourier-demo,-0.099571350803,1.602900000000,-0.641283760098,-0.767303811430
2024-01-08T10:07:00Z,fourier-demo,-0.085524548552,1.603050000000,-0.642460896047,-0.766318469731
2024-01-08T10:08:00Z,fourier-demo,-0.021117917439,1.603200000000,-0.643636518006,-0.765331322167
2024-01-08T10:09:00Z,fourier-demo,0.091181484986,1.603350000000,-0.644810623205,-0.764342371063
2024-01-08T10:10:00Z,fourier-demo,0.247121240326,1.603500000000,-0.645983208878,-0.763351618750
2024-01-08T10:11:00Z,fourier-demo,0.440816888056,1.603650000000,-0.647154272260,-0.762359067563
2024-01-08T10:12:00Z,fourier-demo,0.664968535697,1.603800000000,-0.648323810593,-0.761364719841
2024-01-08T10:13:00Z,fourier-demo,0.911132416520,1.603950000000,-0.649491821120,-0.760368577926
2024-01-08T10:14:00Z,fourier-demo,1.170036863489,1.604100000000,-0.650658301089,-0.759370644168
2024-01-08T10:15:00Z,fourier-demo,1.431930400780,1.604250000000,-0.651823247751,-0.758370920916
2024-01-08T10:16:00Z,fourier-demo,1.686948378290,1.604400000000,-0.652986658361,-0.757369410527
2024-01-08T10:17:00Z,fourier-demo,1.925483841458,1.604550000000,-0.654148530177,-0.756366115362
2024-01-08T10:18:00Z,fourier-demo,2.138548168028,1.604700000000,-0.655308860460,-0.755361037784
2024-01-08T10:19:00Z,fourier-demo,2.318107421353,1.604850000000,-0.656467646478,-0.754354180162
2024-01-08T10:20:00Z,fourier-demo,2.457381349287,1.605000000000,-0.657624885498,-0.753345544869
2024-01-08T10:21:00Z,fourier-demo,2.551093458857,1.605150000000,-0.658780574794,-0.752335134281
2024-01-08T10:22:00Z,fourier-demo,2.595662558677,1.605300000000,-0.659934711643,-0.751322950780
2024-01-08T10:23:00Z,fourier-demo,2.589328503867,1.605450000000,-0.661087293324,-0.750308996751
2024-01-08T10:24:00Z,fourier-demo,2.532207507145,1.605600000000,-0.662238317122,-0.749293274583
2024-01-08T10:25:00Z,fourier-demo,2.426275188236,1.605750000000,-0.663387780323,-0.748275786671
2024-01-08T10:26:00Z,fourier-demo,2.275278408151,1.605900000000,-0.664535680221,-0.747256535411
2024-01-08T10:27:00Z,fourier-demo,2.084579759095,1.606050000000,-0.665682014108,-0.746235523205
2024-01-08T10:28:00Z,fourier-demo,1.860941240743,1.606200000000,-0.666826779284,-0.745212752460
2024-01-08T10:29:00Z,fourier-demo,1.612256042268,1.606350000000,-0.667969973051,-0.744188225587
2024-01-08T10:30:00Z,fourier-demo,1.347239370822,1.606500000000,-0.669111592716,-0.743161944998
2024-01-08T10:31:00Z,fourier-demo,1.075090840337,1.606650000000,-0.670251635587,-0.742133913113
2024-01-08T10:32:00Z,fourier-demo,0.805141996925,1.606800000000,-0.671390098979,-0.741104132355
2024-01-08T10:33:00Z,fourier-demo,0.546503067361,1.606950000000,-0.672526980208,-0.740072605149
2024-01-08T10:34:00Z,fourier-demo,0.307722955798,1.607100000000,-0.673662276596,-0.739039333927
2024-01-08T10:35:00Z,fourier-demo,0.096475885526,1.607250000000,-0.674795985466,-0.738004321125
2024-01-08T10:36:00Z,fourier-demo,-0.080713085677,1.607400000000,-0.675928104148,-0.736967569180
2024-01-08T10:37:00Z,fourier-demo,-0.218693106807,1.607550000000,-0.677058629973,-0.735929080536
2024-01-08T10:38:00Z,fourier-demo,-0.313854641765,1.607700000000,-0.678187560278,-0.734888857641
2024-01-08T10:39:00Z,fourier-demo,-0.364232569867,1.607850000000,-0.679314892402,-0.733846902945
2024-01-08T10:40:00Z,fourier-demo,-0.369541854715,1.608000000000,-0.680440623687,-0.732803218904
2024-01-08T10:41:00Z,fourier-demo,-0.331145134168,1.608150000000,-0.681564751483,-0.731757807978
2024-01-08T10:42:00Z,fourier-demo,-0.251954373048,1.608300000000,-0.682687273138,-0.730710672630
2024-01-08T10:43:00Z,fourier-demo,-0.136271406898,1.608450000000,-0.683808186009,-0.729661815327
2024-01-08T10:44:00Z,fourier-demo,0.010425320231,1.608600000000,-0.684927487454,-0.728611238542
2024-01-08T10:45:00Z,fourier-demo,0.181738359223,1.608750000000,-0.686045174835,-0.727558944750
2024-01-08T10:46:00Z,fourier-demo,0.370641975035,1.608900000000,-0.687161245517,-0.726504936431
2024-01-08T10:47:00Z,fourier-demo,0.569793467117,1.609050000000,-0.688275696872,-0.725449216069
2024-01-08T10:48:00Z,fourier-demo,0.771851811621,1.609200000000,-0.689388526272,-0.724391786152
2024-01-08T10:49:00Z,fourier-demo,0.969790134553,1.609350000000,-0.690499731096,-0.723332649171
2024-01-08T10:50:00Z,fourier-demo,1.157188874563,1.609500000000,-0.691609308724,-0.722271807622
2024-01-08T10:51:00Z,fourier-demo,1.328497388576,1.609650000000,-0.692717256543,-0.721209264006
2024-01-08T10:52:00Z,fourier-demo,1.479253154546,1.609800000000,-0.693823571940,-0.720145020826
2024-01-08T10:53:00Z,fourier-demo,1.606249574015,1.609950000000,-0.694928252310,-0.719079080590
2024-01-08T10:54:00Z,fourier-demo,1.707645595296,1.610100000000,-0.696031295048,-0.718011445810
2024-01-08T10:55:00Z,fourier-demo,1.783012873195,1.610250000000,-0.697132697555,-0.716942119002
2024-01-08T10:56:00Z,fourier-demo,1.833318849125,1.610400000000,-0.698232457236,-0.715871102687
2024-01-08T10:57:00Z,fourier-demo,1.860846865078,1.610550000000,-0.699330571500,-0.714798399387
2024-01-08T10:58:00Z,fourier-demo,1.869057102677,1.610700000000,-0.700427037758,-0.713724011631
2024-01-08T10:59:00Z,fourier-demo,1.862394652968,1.610850000000,-0.701521853426,-0.712647941950
2024-01-08T11:00:00Z,fourier-demo,1.846053269215,1.611000000000,-0.702615015925,-0.711570192881
2024-01-08T11:01:00Z,fourier-demo,1.825705240388,1.611150000000,-0.703706522678,-0.710490766963
2024-01-08T11:02:00Z,fourier-demo,1.807209268644,1.611300000000,-0.704796371114,-0.709409666740
2024-01-08T11:03:00Z,fourier-demo,1.796309179918,1.611450000000,-0.705884558664,-0.708326894760
2024-01-08T11:04:00Z,fourier-demo,1.798336702998,1.611600000000,-0.706971082763,-0.707242453574
2024-01-08T11:05:00Z,fourier-demo,1.817931402127,1.611750000000,-0.708055940852,-0.706156345737
2024-01-08T11:06:00Z,fourier-demo,1.858790146976,1.611900000000,-0.709139130373,-0.705068573810
2024-01-08T11:07:00Z,fourier-demo,1.923457280512,1.612050000000,-0.710220648774,-0.703979140355
2024-01-08T11:08:00Z,fourier-demo,2.013164950095,1.612200000000,-0.711300493507,-0.702888047940
2024-01-08T11:09:00Z,fourier-demo,2.127730969889,1.612350000000,-0.712378662026,-0.701795299136
2024-01-08T11:10:00Z,fourier-demo,2.265519170131,1.612500000000,-0.713455151792,-0.700700896518
2024-01-08T11:11:00Z,fourier-demo,2.423464560436,1.612650000000,-0.714529960267,-0.699604842666
2024-01-08T11:12:00Z,fourier-demo,2.597162899144,1.612800000000,-0.715603084918,-0.698507140161
2024-01-08T11:13:00Z,fourier-demo,2.781021531967,1.612950000000,-0.716674523216,-0.697407791592
2024-01-08T11:14:00Z,fourier-demo,2.968465754167,1.613100000000,-0.717744272637,-0.696306799548
2024-01-08T11:15:00Z,fourier-demo,3.152192569726,1.613250000000,-0.718812330660,-0.695204166624
2024-01-08T11:16:00Z,fourier-demo,3.324461667749,1.613400000000,-0.719878694768,-0.694099895418
2024-01-08T11:17:00Z,fourier-demo,3.477411796648,1.613550000000,-0.720943362447,-0.692993988534
2024-01-08T11:18:00Z,fourier-demo,3.603389559534,1.613700000000,-0.722006331189,-0.691886448576
2024-01-08T11:19:00Z,fourier-demo,3.695277029169,1.613850000000,-0.723067598489,-0.690777278155
2024-01-08T11:20:00Z,fourier-demo,3.746804515243,1.614000000000,-0.724127161846,-0.689666479885
2024-01-08T11:21:00Z,fourier-demo,3.752835315321,1.614150000000,-0.725185018763,-0.688554056383
2024-01-08T11:22:00Z,fourier-demo,3.709610324995,1.614300000000,-0.726241166748,-0.687440010270
2024-01-08T11:23:00Z,fourier-demo,3.614941931469,1.614450000000,-0.727295603311,-0.686324344173
2024-01-08T11:24:00Z,fourier-demo,3.468348606290,1.614600000000,-0.728348325967,-0.685207060721
2024-01-08T11:25:00Z,fourier-demo,3.271123967000,1.614750000000,-0.729399332236,-0.684088162545
2024-01-08T11:26:00Z,fourier-demo,3.026336699027,1.614900000000,-0.730448619641,-0.682967652283
2024-01-08T11:27:00Z,fourier-demo,2.738760511748,1.615050000000,-0.731496185709,-0.681845532576
2024-01-08T11:28:00Z,fourier-demo,2.414736133274,1.615200000000,-0.732542027972,-0.680721806067
2024-01-08T11:29:00Z,fourier-demo,2.061970111700,1.615350000000,-0.733586143965,-0.679596475405
2024-01-08T11:30:00Z,fourier-demo,1.689277773413,1.615500000000,-0.734628531227,-0.678469543242
2024-01-08T11:31:00Z,fourier-demo,1.306279985960,1.615650000000,-0.735669187303,-0.677341012234
2024-01-08T11:32:00Z,fourier-demo,0.923065289433,1.615800000000,-0.736708109739,-0.676210885039
2024-01-08T11:33:00Z,fourier-demo,0.549830417596,1.615950000000,-0.737745296088,-0.675079164321
2024-01-08T11:34:00Z,fourier-demo,0.196513167378,1.616100000000,-0.738780743905,-0.673945852747
2024-01-08T11:35:00Z,fourier-demo,-0.127568046267,1.616250000000,-0.739814450750,-0.672810952989
2024-01-08T11:36:00Z,fourier-demo,-0.414053810588,1.616400000000,-0.740846414188,-0.671674467719
2024-01-08T11:37:00Z,fourier-demo,-0.655849137423,1.616550000000,-0.741876631786,-0.670536399616
2024-01-08T11:38:00Z,fourier-demo,-0.847382620692,1.616700000000,-0.742905101116,-0.669396751363
2024-01-08T11:39:00Z,fourier-demo,-0.984809055357,1.616850000000,-0.743931819756,-0.668255525645
2024-01-08T11:40:00Z,fourier-demo,-1.066147453601,1.617000000000,-0.744956785285,-0.667112725151
2024-01-08T11:41:00Z,fourier-demo,-1.091348930644,1.617150000000,-0.745979995288,-0.665968352574
2024-01-08T11:42:00Z,fourier-demo,-1.062291694783,1.617300000000,-0.747001447354,-0.664822410611
2024-01-08T11:43:00Z,fourier-demo,-0.982703252607,1.617450000000,-0.748021139076,-0.663674901963
2024-01-08T11:44:00Z,fourier-demo,-0.858012815198,1.617600000000,-0.749039068050,-0.662525829334
2024-01-08T11:45:00Z,fourier-demo,-0.695139648452,1.617750000000,-0.750055231879,-0.661375195431
2024-01-08T11:46:00Z,fourier-demo,-0.502225639505,1.617900000000,-0.751069628167,-0.660223002966
2024-01-08T11:47:00Z,fourier-demo,-0.288322549494,1.618050000000,-0.752082254524,-0.659069254654
2024-01-08T11:48:00Z,fourier-demo,-0.063046202213,1.618200000000,-0.753093108563,-0.657913953215
2024-01-08T11:49:00Z,fourier-demo,0.163788853080,1.618350000000,-0.754102187903,-0.656757101370
2024-01-08T11:50:00Z,fourier-demo,0.382539919985,1.618500000000,-0.755109490165,-0.655598701846
2024-01-08T11:51:00Z,fourier-demo,0.584097515155,1.618650000000,-0.756115012976,-0.654438757373
2024-01-08T11:52:00Z,fourier-demo,0.760223455028,1.618800000000,-0.757118753967,-0.653277270684
2024-01-08T11:53:00Z,fourier-demo,0.903852579210,1.618950000000,-0.758120710771,-0.652114244516
2024-01-08T11:54:00Z,fourier-demo,1.009346507942,1.619100000000,-0.759120881028,-0.650949681610
2024-01-08T11:55:00Z,fourier-demo,1.072689779509,1.619250000000,-0.760119262380,-0.649783584710
2024-01-08T11:56:00Z,fourier-demo,1.091621043541,1.619400000000,-0.761115852476,-0.648615956564
2024-01-08T11:57:00Z,fourier-demo,1.065694603239,1.619550000000,-0.762110648966,-0.647446799925
2024-01-08T11:58:00Z,fourier-demo,0.996270397183,1.619700000000,-0.763103649506,-0.646276117546
2024-01-08T11:59:00Z,fourier-demo,0.886433376254,1.619850000000,-0.764094851757,-0.645103912187
2024-01-08T12:00:00Z,fourier-demo,0.740846047101,1.620000000000,-0.765084253382,-0.643930186610
2024-01-08T12:01:00Z,fourier-demo,0.565540606879,1.620150000000,-0.766071852049,-0.642754943581
2024-01-08T12:02:00Z,fourier-demo,0.367659477401,1.620300000000,-0.767057645432,-0.641578185870
2024-01-08T12:03:00Z,fourier-demo,0.155155064730,1.620450000000,-0.768041631208,-0.640399916249
2024-01-08T12:04:00Z,fourier-demo,-0.063538858464,1.620600000000,-0.769023807056,-0.639220137496
2024-01-08T12:05:00Z,fourier-demo,-0.279850687985,1.620750000000,-0.770004170664,-0.638038852390
2024-01-08T12:06:00Z,fourier-demo,-0.485415469075,1.620900000000,-0.770982719721,-0.636856063716
2024-01-08T12:07:00Z,fourier-demo,-0.672406409558,1.621050000000,-0.771959451921,-0.635671774260
2024-01-08T12:08:00Z,fourier-demo,-0.833840134867,1.621200000000,-0.772934364961,-0.634485986813
2024-01-08T12:09:00Z,fourier-demo,-0.963843556343,1.621350000000,-0.773907456545,-0.633298704170
2024-01-08T12:10:00Z,fourier-demo,-1.057871874963,1.621500000000,-0.774878724380,-0.632109929129
2024-01-08T12:11:00Z,fourier-demo,-1.112869313505,1.621650000000,-0.775848166176,-0.630919664491
2024-01-08T12:12:00Z,fourier-demo,-1.127366574923,1.621800000000,-0.776815779649,-0.629727913061
2024-01-08T12:13:00Z,fourier-demo,-1.101511663877,1.621950000000,-0.777781562519,-0.628534677647
2024-01-08T12:14:00Z,fourier-demo,-1.037033473003,1.622100000000,-0.778745512510,-0.627339961062
2024-01-08T12:15:00Z,fourier-demo,-0.937140311641,1.622250000000,-0.779707627351,-0.626143766120
2024-01-08T12:16:00Z,fourier-demo,-0.806358228421,1.622400000000,-0.780667904773,-0.624946095641
2024-01-08T12:17:00Z,fourier-demo,-0.650316440558,1.622550000000,-0.781626342515,-0.623746952447
2024-01-08T12:18:00Z,fourier-demo,-0.475489331259,1.622700000000,-0.782582938317,-0.622546339363
2024-01-08T12:19:00Z,fourier-demo,-0.288906224667,1.622850000000,-0.783537689926,-0.621344259220
2024-01-08T12:20:00Z,fourier-demo,-0.097841424181,1.623000000000,-0.784490595091,-0.620140714849
2024-01-08T12:21:00Z,fourier-demo,0.090502246617,1.623150000000,-0.785441651567,-0.618935709088
2024-01-08T12:22:00Z,fourier-demo,0.269302960691,1.623300000000,-0.786390857112,-0.617729244775
2024-01-08T12:23:00Z,fourier-demo,0.432409381639,1.623450000000,-0.787338209490,-0.616521324755
2024-01-08T12:24:00Z,fourier-demo,0.574597957960,1.623600000000,-0.788283706468,-0.615311951872
2024-01-08T12:25:00Z,fourier-demo,0.691787248868,1.623750000000,-0.789227345819,-0.614101128978
2024-01-08T12:26:00Z,fourier-demo,0.781200367372,1.623900000000,-0.790169125318,-0.612888858925
2024-01-08T12:27:00Z,fourier-demo,0.841468849065,1.624050000000,-0.791109042746,-0.611675144571
2024-01-08T12:28:00Z,fourier-demo,0.872673753172,1.624200000000,-0.792047095888,-0.610459988776
2024-01-08T12:29:00Z,fourier-demo,0.876322471834,1.624350000000,-0.792983282533,-0.609243394402
2024-01-08T12:30:00Z,fourier-demo,0.855262453214,1.624500000000,-0.793917600476,-0.608025364318
2024-01-08T12:31:00Z,fourier-demo,0.813535720199,1.624650000000,-0.794850047515,-0.606805901393
2024-01-08T12:32:00Z,fourier-demo,0.756180577936,1.624800000000,-0.795780621452,-0.605585008501
2024-01-08T12:33:00Z,fourier-demo,0.688989145708,1.624950000000,-0.796709320094,-0.604362688520
2024-01-08T12:34:00Z,fourier-demo,0.618231228444,1.625100000000,-0.797636141253,-0.603138944329
2024-01-08T12:35:00Z,fourier-demo,0.550356482050,1.625250000000,-0.798561082745,-0.601913778813
2024-01-08T12:36:00Z,fourier-demo,0.491687764800,1.625400000000,-0.799484142390,-0.600687194859
2024-01-08T12:37:00Z,fourier-demo,0.448118964726,1.625550000000,-0.800405318012,-0.599459195357
2024-01-08T12:38:00Z,fourier-demo,0.424830433331,1.625700000000,-0.801324607442,-0.598229783201
2024-01-08T12:39:00Z,fourier-demo,0.426034445091,1.625850000000,-0.802242008512,-0.596998961288
2024-01-08T12:40:00Z,fourier-demo,0.454761868798,1.626000000000,-0.803157519061,-0.595766732518
2024-01-08T12:41:00Z,fourier-demo,0.512699531514,1.626150000000,-0.804071136931,-0.594533099797
2024-01-08T12:42:00Z,fourier-demo,0.600085648621,1.626300000000,-0.804982859970,-0.593298066030
2024-01-08T12:43:00Z,fourier-demo,0.715668271085,1.626450000000,-0.805892686028,-0.592061634128
2024-01-08T12:44:00Z,fourier-demo,0.856729063398,1.626600000000,-0.806800612963,-0.590823807004
2024-01-08T12:45:00Z,fourier-demo,1.019171981740,1.626750000000,-0.807706638633,-0.589584587577
2024-01-08T12:46:00Z,fourier-demo,1.197673685212,1.626900000000,-0.808610760905,-0.588343978765
2024-01-08T12:47:00Z,fourier-demo,1.385889896880,1.627050000000,-0.809512977646,-0.587101983493
2024-01-08T12:48:00Z,fourier-demo,1.576709544602,1.627200000000,-0.810413286733,-0.585858604688
2024-01-08T12:49:00Z,fourier-demo,1.762546453459,1.627350000000,-0.811311686042,-0.584613845279
2024-01-08T12:50:00Z,fourier-demo,1.935656718140,1.627500000000,-0.812208173457,-0.583367708200
2024-01-08T12:51:00Z,fourier-demo,2.088468724108,1.627650000000,-0.813102746864,-0.582120196387
2024-01-08T12:52:00Z,fourier-demo,2.213912160034,1.627800000000,-0.813995404157,-0.580871312780
2024-01-08T12:53:00Z,fourier-demo,2.305732298423,1.627950000000,-0.814886143231,-0.579621060323
2024-01-08T12:54:00Z,fourier-demo,2.358776321322,1.628100000000,-0.815774961987,-0.578369441961
2024-01-08T12:55:00Z,fourier-demo,2.369239514589,1.628250000000,-0.816661858331,-0.577116460645
2024-01-08T12:56:00Z,fourier-demo,2.334860706606,1.628400000000,-0.817546830173,-0.575862119326
2024-01-08T12:57:00Z,fourier-demo,2.255058323426,1.628550000000,-0.818429875427,-0.574606420960
2024-01-08T12:58:00Z,fourier-demo,2.131000791997,1.628700000000,-0.819310992012,-0.573349368508
2024-01-08T12:59:00Z,fourier-demo,1.965607651049,1.628850000000,-0.820190177852,-0.572090964930
2024-01-08T13:00:00Z,fourier-demo,1.763480518871,1.629000000000,-0.821067430875,-0.570831213194
2024-01-08T13:01:00Z,fourier-demo,1.530765905355,1.629150000000,-0.821942749014,-0.569570116266
2024-01-08T13:02:00Z,fourier-demo,1.274954626699,1.629300000000,-0.822816130206,-0.568307677120
2024-01-08T13:03:00Z,fourier-demo,1.004625172082,1.629450000000,-0.823687572393,-0.567043898729
2024-01-08T13:04:00Z,fourier-demo,0.729140676439,1.629600000000,-0.824557073521,-0.565778784073
2024-01-08T13:05:00Z,fourier-demo,0.458311077783,1.629750000000,-0.825424631541,-0.564512336132
2024-01-08T13:06:00Z,fourier-demo,0.202033502142,1.629900000000,-0.826290244409,-0.563244557892
2024-01-08T13:07:00Z,fourier-demo,-0.030075136461,1.630050000000,-0.827153910085,-0.561975452338
2024-01-08T13:08:00Z,fourier-demo,-0.229038949016,1.630200000000,-0.828015626534,-0.560705022464
2024-01-08T13:09:00Z,fourier-demo,-0.386863117624,1.630350000000,-0.828875391724,-0.559433271261
2024-01-08T13:10:00Z,fourier-demo,-0.496839756911,1.630500000000,-0.829733203631,-0.558160201727
2024-01-08T13:11:00Z,fourier-demo,-0.553807475523,1.630650000000,-0.830589060232,-0.556885816862
2024-01-08T13:12:00Z,fourier-demo,-0.554354313598,1.630800000000,-0.831442959511,-0.555610119670
2024-01-08T13:13:00Z,fourier-demo,-0.496955940432,1.630950000000,-0.832294899455,-0.554333113156
2024-01-08T13:14:00Z,fourier-demo,-0.382043533430,1.631100000000,-0.833144878057,-0.553054800330
2024-01-08T13:15:00Z,fourier-demo,-0.211998522980,1.631250000000,-0.833992893313,-0.551775184204
2024-01-08T13:16:00Z,fourier-demo,0.008925733024,1.631400000000,-0.834838943226,-0.550494267794
2024-01-08T13:17:00Z,fourier-demo,0.274752402614,1.631550000000,-0.835683025801,-0.549212054118
2024-01-08T13:18:00Z,fourier-demo,0.577994056349,1.631700000000,-0.836525139050,-0.547928546197
2024-01-08T13:19:00Z,fourier-demo,0.909921727409,1.631850000000,-0.837365280987,-0.546643747057
2024-01-08T13:20:00Z,fourier-demo,1.260879710193,1.632000000000,-0.838203449634,-0.545357659726
2024-01-08T13:21:00Z,fourier-demo,1.620633865240,1.632150000000,-0.839039643015,-0.544070287233
2024-01-08T13:22:00Z,fourier-demo,1.978739901034,1.632300000000,-0.839873859159,-0.542781632613
2024-01-08T13:23:00Z,fourier-demo,2.324917347681,1.632450000000,-0.840706096100,-0.541491698902
2024-01-08T13:24:00Z,fourier-demo,2.649414753423,1.632600000000,-0.841536351878,-0.540200489141
2024-01-08T13:25:00Z,fourier-demo,2.943352029233,1.632750000000,-0.842364624536,-0.538908006371
2024-01-08T13:26:00Z,fourier-demo,3.199026822518,1.632900000000,-0.843190912121,-0.537614253639
2024-01-08T13:27:00Z,fourier-demo,3.410173278770,1.633050000000,-0.844015212687,-0.536319233994
2024-01-08T13:28:00Z,fourier-demo,3.572163489325,1.633200000000,-0.844837524292,-0.535022950487
2024-01-08T13:29:00Z,fourier-demo,3.682144244952,1.633350000000,-0.845657844997,-0.533725406174
2024-01-08T13:30:00Z,fourier-demo,3.739104324163,1.633500000000,-0.846476172869,-0.532426604111
2024-01-08T13:31:00Z,fourier-demo,3.743870335886,1.633650000000,-0.847292505980,-0.531126547359
2024-01-08T13:32:00Z,fourier-demo,3.699031995060,1.633800000000,-0.848106842406,-0.529825238983
2024-01-08T13:33:00Z,fourier-demo,3.608800520892,1.633950000000,-0.848919180229,-0.528522682049
2024-01-08T13:34:00Z,fourier-demo,3.478806497338,1.634100000000,-0.849729517533,-0.527218879626
2024-01-08T13:35:00Z,fourier-demo,3.315845916743,1.634250000000,-0.850537852409,-0.525913834786
2024-01-08T13:36:00Z,fourier-demo,3.127585144775,1.634400000000,-0.851344182953,-0.524607550606
2024-01-08T13:37:00Z,fourier-demo,2.922237117003,1.634550000000,-0.852148507263,-0.523300030163
2024-01-08T13:38:00Z,fourier-demo,2.708222142255,1.634700000000,-0.852950823446,-0.521991276539
2024-01-08T13:39:00Z,fourier-demo,2.493827203523,1.634850000000,-0.853751129609,-0.520681292818
2024-01-08T13:40:00Z,fourier-demo,2.286877594675,1.635000000000,-0.854549423868,-0.519370082087
2024-01-08T13:41:00Z,fourier-demo,2.094434114502,1.635150000000,-0.855345704340,-0.518057647436
2024-01-08T13:42:00Z,fourier-demo,1.922527886012,1.635300000000,-0.856139969150,-0.516743991957
2024-01-08T13:43:00Z,fourier-demo,1.775943227310,1.635450000000,-0.856932216426,-0.515429118747
2024-01-08T13:44:00Z,fourier-demo,1.658056939906,1.635600000000,-0.857722444300,-0.514113030903
2024-01-08T13:45:00Z,fourier-demo,1.570739986664,1.635750000000,-0.858510650911,-0.512795731528
2024-01-08T13:46:00Z,fourier-demo,1.514324904449,1.635900000000,-0.859296834400,-0.511477223725
2024-01-08T13:47:00Z,fourier-demo,1.487639544379,1.636050000000,-0.860080992916,-0.510157510602
2024-01-08T13:48:00Z,fourier-demo,1.488104969309,1.636200000000,-0.860863124611,-0.508836595269
2024-01-08T13:49:00Z,fourier-demo,1.511892677546,1.636350000000,-0.861643227641,-0.507514480839
2024-01-08T13:50:00Z,fourier-demo,1.554133873276,1.636500000000,-0.862421300168,-0.506191170426
2024-01-08T13:51:00Z,fourier-demo,1.609171368358,1.636650000000,-0.863197340358,-0.504866667150
2024-01-08T13:52:00Z,fourier-demo,1.670842964300,1.636800000000,-0.863971346383,-0.503540974132
2024-01-08T13:53:00Z,fourier-demo,1.732783898395,1.636950000000,-0.864743316418,-0.502214094496
2024-01-08T13:54:00Z,fourier-demo,1.788735195217,1.637100000000,-0.865513248645,-0.500886031368
2024-01-08T13:55:00Z,fourier-demo,1.832844573821,1.637250000000,-0.866281141249,-0.499556787879
2024-01-08T13:56:00Z,fourier-demo,1.859946928760,1.637400000000,-0.867046992421,-0.498226367161
2024-01-08T13:57:00Z,fourier-demo,1.865812313227,1.637550000000,-0.867810800355,-0.496894772348
2024-01-08T13:58:00Z,fourier-demo,1.847350766637,1.637700000000,-0.868572563252,-0.495562006580
2024-01-08T13:59:00Z,fourier-demo,1.802765187303,1.637850000000,-0.869332279317,-0.494228072996
2024-01-08T14:00:00Z,fourier-demo,1.731645675820,1.638000000000,-0.870089946759,-0.492892974740
2024-01-08T14:01:00Z,fourier-demo,1.635001273437,1.638150000000,-0.870845563793,-0.491556714959
2024-01-08T14:02:00Z,fourier-demo,1.515227687960,1.638300000000,-0.871599128639,-0.490219296801
2024-01-08T14:03:00Z,fourier-demo,1.376012326420,1.638450000000,-0.872350639519,-0.488880723419
2024-01-08T14:04:00Z,fourier-demo,1.222180625320,1.638600000000,-0.873100094664,-0.487540997965
2024-01-08T14:05:00Z,fourier-demo,1.059490174562,1.638750000000,-0.873847492308,-0.486200123598
2024-01-08T14:06:00Z,fourier-demo,0.894381365634,1.638900000000,-0.874592830688,-0.484858103478
2024-01-08T14:07:00Z,fourier-demo,0.733695165258,1.639050000000,-0.875336108050,-0.483514940767
2024-01-08T14:08:00Z,fourier-demo,0.584370044186,1.639200000000,-0.876077322640,-0.482170638629
2024-01-08T14:09:00Z,fourier-demo,0.453131017252,1.639350000000,-0.876816472712,-0.480825200234
2024-01-08T14:10:00Z,fourier-demo,0.346184136043,1.639500000000,-0.877553556525,-0.479478628752
2024-01-08T14:11:00Z,fourier-demo,0.268929602664,1.639650000000,-0.878288572342,-0.478130927355
2024-01-08T14:12:00Z,fourier-demo,0.225705948393,1.639800000000,-0.879021518430,-0.476782099220
2024-01-08T14:13:00Z,fourier-demo,0.219576473576,1.639950000000,-0.879752393062,-0.475432147526
2024-01-08T14:14:00Z,fourier-demo,0.252167425515,1.640100000000,-0.880481194516,-0.474081075454
2024-01-08T14:15:00Z,fourier-demo,0.323565269779,1.640250000000,-0.881207921075,-0.472728886186
2024-01-08T14:16:00Z,fourier-demo,0.432277974225,1.640400000000,-0.881932571025,-0.471375582911
2024-01-08T14:17:00Z,fourier-demo,0.575262574108,1.640550000000,-0.882655142660,-0.470021168817
2024-01-08T14:18:00Z,fourier-demo,0.748018530315,1.640700000000,-0.883375634276,-0.468665647096
2024-01-08T14:19:00Z,fourier-demo,0.944743644488,1.640850000000,-0.884094044175,-0.467309020942
2024-01-08T14:20:00Z,fourier-demo,1.158546668327,1.641000000000,-0.884810370665,-0.465951293553
2024-01-08T14:21:00Z,fourier-demo,1.381708348409,1.641150000000,-0.885524612058,-0.464592468127
2024-01-08T14:22:00Z,fourier-demo,1.605980581965,1.641300000000,-0.886236766670,-0.463232547867
2024-01-08T14:23:00Z,fourier-demo,1.822911709414,1.641450000000,-0.886946832823,-0.461871535977
2024-01-08T14:24:00Z,fourier-demo,2.024184805220,1.641600000000,-0.887654808843,-0.460509435666
2024-01-08T14:25:00Z,fourier-demo,2.201955199341,1.641750000000,-0.888360693064,-0.459146250142
2024-01-08T14:26:00Z,fourier-demo,2.349173394749,1.641900000000,-0.889064483820,-0.457781982618
2024-01-08T14:27:00Z,fourier-demo,2.459880046737,1.642050000000,-0.889766179454,-0.456416636310
2024-01-08T14:28:00Z,fourier-demo,2.529460718488,1.642200000000,-0.890465778312,-0.455050214434
2024-01-08T14:29:00Z,fourier-demo,2.554849683356,1.642350000000,-0.891163278745,-0.453682720210
2024-01-08T14:30:00Z,fourier-demo,2.534674045658,1.642500000000,-0.891858679109,-0.452314156862
2024-01-08T14:31:00Z,fourier-demo,2.469331818026,1.642650000000,-0.892551977766,-0.450944527614
2024-01-08T14:32:00Z,fourier-demo,2.361000229195,1.642800000000,-0.893243173083,-0.449573835694
2024-01-08T14:33:00Z,fourier-demo,2.213573334856,1.642950000000,-0.893932263430,-0.448202084332
2024-01-08T14:34:00Z,fourier-demo,2.032530852326,1.643100000000,-0.894619247183,-0.446829276761
2024-01-08T14:35:00Z,fourier-demo,1.824742921744,1.643250000000,-0.895304122723,-0.445455416215
2024-01-08T14:36:00Z,fourier-demo,1.598218098786,1.643400000000,-0.895986888437,-0.444080505933
2024-01-08T14:37:00Z,fourier-demo,1.361804200672,1.643550000000,-0.896667542715,-0.442704549153
2024-01-08T14:38:00Z,fourier-demo,1.124853563603,1.643700000000,-0.897346083954,-0.441327549120
2024-01-08T14:39:00Z,fourier-demo,0.896865746505,1.643850000000,-0.898022510555,-0.439949509077
2024-01-08T14:40:00Z,fourier-demo,0.687121672194,1.644000000000,-0.898696820922,-0.438570432273
2024-01-08T14:41:00Z,fourier-demo,0.504323593154,1.644150000000,-0.899369013469,-0.437190321956
2024-01-08T14:42:00Z,fourier-demo,0.356255087977,1.644300000000,-0.900039086609,-0.435809181380
2024-01-08T14:43:00Z,fourier-demo,0.249474542510,1.644450000000,-0.900707038765,-0.434427013799
2024-01-08T14:44:00Z,fourier-demo,0.189054276560,1.644600000000,-0.901372868363,-0.433043822470
2024-01-08T14:45:00Z,fourier-demo,0.178375694006,1.644750000000,-0.902036573832,-0.431659610653
2024-01-08T14:46:00Z,fourier-demo,0.218988632903,1.644900000000,-0.902698153610,-0.430274381610
2024-01-08T14:47:00Z,fourier-demo,0.310540561069,1.645050000000,-0.903357606136,-0.428888138604
2024-01-08T14:48:00Z,fourier-demo,0.450778503455,1.645200000000,-0.904014929858,-0.427500884904
2024-01-08T14:49:00Z,fourier-demo,0.635623711576,1.645350000000,-0.904670123226,-0.426112623777
2024-01-08T14:50:00Z,fourier-demo,0.859316208176,1.645500000000,-0.905323184696,-0.424723358496
2024-01-08T14:51:00Z,fourier-demo,1.114623578106,1.645650000000,-0.905974112729,-0.423333092334
2024-01-08T14:52:00Z,fourier-demo,1.393105840297,1.645800000000,-0.906622905791,-0.421941828568
2024-01-08T14:53:00Z,fourier-demo,1.685426027853,1.645950000000,-0.907269562353,-0.420549570475
2024-01-08T14:54:00Z,fourier-demo,1.981694312341,1.646100000000,-0.907914080892,-0.419156321338
2024-01-08T14:55:00Z,fourier-demo,2.271832206103,1.646250000000,-0.908556459888,-0.417762084439
2024-01-08T14:56:00Z,fourier-demo,2.545942614899,1.646400000000,-0.909196697828,-0.416366863064
2024-01-08T14:57:00Z,fourier-demo,2.794671322294,1.646550000000,-0.909834793203,-0.414970660501
2024-01-08T14:58:00Z,fourier-demo,3.009545873840,1.646700000000,-0.910470744509,-0.413573480040
2024-01-08T14:59:00Z,fourier-demo,3.183278776685,1.646850000000,-0.911104550248,-0.412175324973
2024-01-08T15:00:00Z,fourier-demo,3.310023399492,1.647000000000,-0.911736208926,-0.410776198596
2024-01-08T15:01:00Z,fourier-demo,3.385572887971,1.647150000000,-0.912365719054,-0.409376104205
2024-01-08T15:02:00Z,fourier-demo,3.407494724052,1.647300000000,-0.912993079150,-0.407975045100
2024-01-08T15:03:00Z,fourier-demo,3.375196157146,1.647450000000,-0.913618287734,-0.406573024583
2024-01-08T15:04:00Z,fourier-demo,3.289918518260,1.647600000000,-0.914241343333,-0.405170045957
2024-01-08T15:05:00Z,fourier-demo,3.154661278638,1.647750000000,-0.914862244479,-0.403766112528
2024-01-08T15:06:00Z,fourier-demo,2.974039518563,1.647900000000,-0.915480989709,-0.402361227606
2024-01-08T15:07:00Z,fourier-demo,2.754081115125,1.648050000000,-0.916097577565,-0.400955394500
2024-01-08T15:08:00Z,fourier-demo,2.501972333566,1.648200000000,-0.916712006594,-0.399548616524
2024-01-08T15:09:00Z,fourier-demo,2.225762519356,1.648350000000,-0.917324275347,-0.398140896993
2024-01-08T15:10:00Z,fourier-demo,1.934040156849,1.648500000000,-0.917934382383,-0.396732239224
2024-01-08T15:11:00Z,fourier-demo,1.635593622783,1.648650000000,-0.918542326262,-0.395322646537
2024-01-08T15:12:00Z,fourier-demo,1.339070477402,1.648800000000,-0.919148105553,-0.393912122253
2024-01-08T15:13:00Z,fourier-demo,1.052649083470,1.648950000000,-0.919751718828,-0.392500669696
2024-01-08T15:14:00Z,fourier-demo,0.783735728062,1.649100000000,-0.920353164665,-0.391088292194
2024-01-08T15:15:00Z,fourier-demo,0.538699270836,1.649250000000,-0.920952441646,-0.389674993073
2024-01-08T15:16:00Z,fourier-demo,0.322653704503,1.649400000000,-0.921549548359,-0.388260775664
2024-01-08T15:17:00Z,fourier-demo,0.139296957365,1.649550000000,-0.922144483397,-0.386845643301
2024-01-08T15:18:00Z,fourier-demo,-0.009188120238,1.649700000000,-0.922737245357,-0.385429599318
2024-01-08T15:19:00Z,fourier-demo,-0.122167264476,1.649850000000,-0.923327832844,-0.384012647051
2024-01-08T15:20:00Z,fourier-demo,-0.200522225532,1.650000000000,-0.923916244465,-0.382594789841
2024-01-08T15:21:00Z,fourier-demo,-0.246554293592,1.650150000000,-0.924502478834,-0.381176031027
2024-01-08T15:22:00Z,fourier-demo,-0.263828755475,1.650300000000,-0.925086534569,-0.379756373955
2024-01-08T15:23:00Z,fourier-demo,-0.256967554307,1.650450000000,-0.925668410294,-0.378335821969
2024-01-08T15:24:00Z,fourier-demo,-0.231399552176,1.650600000000,-0.926248104637,-0.376914378416
2024-01-08T15:25:00Z,fourier-demo,-0.193079523359,1.650750000000,-0.926825616233,-0.375492046647
2024-01-08T15:26:00Z,fourier-demo,-0.148188262780,1.650900000000,-0.927400943720,-0.374068830013
2024-01-08T15:27:00Z,fourier-demo,-0.102826929679,1.651050000000,-0.927974085743,-0.372644731868
2024-01-08T15:28:00Z,fourier-demo,-0.062718930709,1.651200000000,-0.928545040952,-0.371219755568
2024-01-08T15:29:00Z,fourier-demo,-0.032932272953,1.651350000000,-0.929113808000,-0.369793904471
2024-01-08T15:30:00Z,fourier-demo,-0.017634402188,1.651500000000,-0.929680385547,-0.368367181938
2024-01-08T15:31:00Z,fourier-demo,-0.019890123826,1.651650000000,-0.930244772259,-0.366939591330
2024-01-08T15:32:00Z,fourier-demo,-0.041511342825,1.651800000000,-0.930806966805,-0.365511136011
2024-01-08T15:33:00Z,fourier-demo,-0.082965132433,1.651950000000,-0.931366967860,-0.364081819348
2024-01-08T15:34:00Z,fourier-demo,-0.143344142689,1.652100000000,-0.931924774105,-0.362651644709
2024-01-08T15:35:00Z,fourier-demo,-0.220400692475,1.652250000000,-0.932480384225,-0.361220615464
2024-01-08T15:36:00Z,fourier-demo,-0.310643164646,1.652400000000,-0.933033796911,-0.359788734986
2024-01-08T15:37:00Z,fourier-demo,-0.409490655926,1.652550000000,-0.933585010858,-0.358356006648
2024-01-08T15:38:00Z,fourier-demo,-0.511479333040,1.652700000000,-0.934134024769,-0.356922433828
2024-01-08T15:39:00Z,fourier-demo,-0.610511718240,1.652850000000,-0.934680837348,-0.355488019903
2024-01-08T15:40:00Z,fourier-demo,-0.700138264165,1.653000000000,-0.935225447308,-0.354052768254
2024-01-08T15:41:00Z,fourier-demo,-0.773859157823,1.653150000000,-0.935767853364,-0.352616682263
2024-01-08T15:42:00Z,fourier-demo,-0.825433376255,1.653300000000,-0.936308054240,-0.351179765313
2024-01-08T15:43:00Z,fourier-demo,-0.849181641163,1.653450000000,-0.936846048661,-0.349742020792
2024-01-08T15:44:00Z,fourier-demo,-0.840270103112,1.653600000000,-0.937381835360,-0.348303452088
2024-01-08T15:45:00Z,fourier-demo,-0.794962321494,1.653750000000,-0.937915413075,-0.346864062590
2024-01-08T15:46:00Z,fourier-demo,-0.710828364889,1.653900000000,-0.938446780548,-0.345423855690
2024-01-08T15:47:00Z,fourier-demo,-0.586901587116,1.654050000000,-0.938975936526,-0.343982834783
2024-01-08T15:48:00Z,fourier-demo,-0.423775766359,1.654200000000,-0.939502879763,-0.342541003263
2024-01-08T15:49:00Z,fourier-demo,-0.223637741385,1.654350000000,-0.940027609017,-0.341098364530
2024-01-08T15:50:00Z,fourier-demo,0.009766660488,1.654500000000,-0.940550123052,-0.339654921982
2024-01-08T15:51:00Z,fourier-demo,0.271232843577,1.654650000000,-0.941070420636,-0.338210679022
2024-01-08T15:52:00Z,fourier-demo,0.554260495742,1.654800000000,-0.941588500543,-0.336765639052
2024-01-08T15:53:00Z,fourier-demo,0.851273522129,1.654950000000,-0.942104361552,-0.335319805477
2024-01-08T15:54:00Z,fourier-demo,1.153888509194,1.655100000000,-0.942618002447,-0.333873181706
2024-01-08T15:55:00Z,fourier-demo,1.453221297189,1.655250000000,-0.943129422019,-0.332425771147
2024-01-08T15:56:00Z,fourier-demo,1.740219586753,1.655400000000,-0.943638619061,-0.330977577211
2024-01-08T15:57:00Z,fourier-demo,2.006008339712,1.655550000000,-0.944145592375,-0.329528603310
2024-01-08T15:58:00Z,fourier-demo,2.242234105094,1.655700000000,-0.944650340764,-0.328078852860
2024-01-08T15:59:00Z,fourier-demo,2.441394336461,1.655850000000,-0.945152863041,-0.326628329276
2024-01-08T16:00:00Z,fourier-demo,2.597138270342,1.656000000000,-0.945653158020,-0.325177035978
2024-01-08T16:01:00Z,fourier-demo,2.704526989373,1.656150000000,-0.946151224522,-0.323724976384
2024-01-08T16:02:00Z,fourier-demo,2.760241856250,1.656300000000,-0.946647061375,-0.322272153917
2024-01-08T16:03:00Z,fourier-demo,2.762732513922,1.656450000000,-0.947140667409,-0.320818572000
2024-01-08T16:04:00Z,fourier-demo,2.712298023013,1.656600000000,-0.947632041461,-0.319364234060
2024-01-08T16:05:00Z,fourier-demo,2.611097353753,1.656750000000,-0.948121182373,-0.317909143522
2024-01-08T16:06:00Z,fourier-demo,2.463088259921,1.656900000000,-0.948608088993,-0.316453303816
2024-01-08T16:07:00Z,fourier-demo,2.273896422828,1.657050000000,-0.949092760174,-0.314996718374
2024-01-08T16:08:00Z,fourier-demo,2.050619548269,1.657200000000,-0.949575194772,-0.313539390626
2024-01-08T16:09:00Z,fourier-demo,1.801573715192,1.657350000000,-0.950055391651,-0.312081324008
2024-01-08T16:10:00Z,fourier-demo,1.535991605288,1.657500000000,-0.950533349680,-0.310622521956
2024-01-08T16:11:00Z,fourier-demo,1.263684192859,1.657650000000,-0.951009067732,-0.309162987907
2024-01-08T16:12:00Z,fourier-demo,0.994678964595,1.657800000000,-0.951482544686,-0.307702725301
2024-01-08T16:13:00Z,fourier-demo,0.738848708358,1.657950000000,-0.951953779427,-0.306241737579
2024-01-08T16:14:00Z,fourier-demo,0.505545318647,1.658100000000,-0.952422770843,-0.304780028184
2024-01-08T16:15:00Z,fourier-demo,0.303252897067,1.658250000000,-0.952889517830,-0.303317600560
2024-01-08T16:16:00Z,fourier-demo,0.139273684868,1.658400000000,-0.953354019288,-0.301854458154
2024-01-08T16:17:00Z,fourier-demo,0.019459080968,1.658550000000,-0.953816274122,-0.300390604413
2024-01-08T16:18:00Z,fourier-demo,-0.052003775841,1.658700000000,-0.954276281243,-0.298926042788
2024-01-08T16:19:00Z,fourier-demo,-0.072741576314,1.658850000000,-0.954734039567,-0.297460776730
2024-01-08T16:20:00Z,fourier-demo,-0.042274803497,1.659000000000,-0.955189548014,-0.295994809691
2024-01-08T16:21:00Z,fourier-demo,0.037974913899,1.659150000000,-0.955642805513,-0.294528145126
2024-01-08T16:22:00Z,fourier-demo,0.164750185962,1.659300000000,-0.956093810994,-0.293060786492
2024-01-08T16:23:00Z,fourier-demo,0.333093235379,1.659450000000,-0.956542563394,-0.291592737247
2024-01-08T16:24:00Z,fourier-demo,0.536545748191,1.659600000000,-0.956989061657,-0.290124000849
2024-01-08T16:25:00Z,fourier-demo,0.767405149675,1.659750000000,-0.957433304730,-0.288654580760
2024-01-08T16:26:00Z,fourier-demo,1.017027040649,1.659900000000,-0.957875291566,-0.287184480443
2024-01-08T16:27:00Z,fourier-demo,1.276161731867,1.660050000000,-0.958315021124,-0.285713703362
2024-01-08T16:28:00Z,fourier-demo,1.535311503942,1.660200000000,-0.958752492366,-0.284242252984
2024-01-08T16:29:00Z,fourier-demo,1.785094449192,1.660350000000,-0.959187704264,-0.282770132775
2024-01-08T16:30:00Z,fourier-demo,2.016600550327,1.660500000000,-0.959620655790,-0.281297346205
2024-01-08T16:31:00Z,fourier-demo,2.221726025918,1.660650000000,-0.960051345924,-0.279823896744
2024-01-08T16:32:00Z,fourier-demo,2.393472907670,1.660800000000,-0.960479773652,-0.278349787865
2024-01-08T16:33:00Z,fourier-demo,2.526202270693,1.660950000000,-0.960905937965,-0.276875023042
2024-01-08T16:34:00Z,fourier-demo,2.615831454867,1.661100000000,-0.961329837856,-0.275399605750
2024-01-08T16:35:00Z,fourier-demo,2.659967914418,1.661250000000,-0.961751472329,-0.273923539465
2024-01-08T16:36:00Z,fourier-demo,2.657974919499,1.661400000000,-0.962170840389,-0.272446827667
2024-01-08T16:37:00Z,fourier-demo,2.610967102438,1.661550000000,-0.962587941047,-0.270969473835
2024-01-08T16:38:00Z,fourier-demo,2.521736679198,1.661700000000,-0.963002773322,-0.269491481450
2024-01-08T16:39:00Z,fourier-demo,2.394613968103,1.661850000000,-0.963415336235,-0.268012853996
2024-01-08T16:40:00Z,fourier-demo,2.235268459555,1.662000000000,-0.963825628814,-0.266533594957
2024-01-08T16:41:00Z,fourier-demo,2.050459055664,1.662150000000,-0.964233650093,-0.265053707819
2024-01-08T16:42:00Z,fourier-demo,1.847744101879,1.662300000000,-0.964639399109,-0.263573196069
2024-01-08T16:43:00Z,fourier-demo,1.635163393303,1.662450000000,-0.965042874907,-0.262092063197
2024-01-08T16:44:00Z,fourier-demo,1.420905394091,1.662600000000,-0.965444076536,-0.260610312692
2024-01-08T16:45:00Z,fourier-demo,1.212973417655,1.662750000000,-0.965843003050,-0.259127948047
2024-01-08T16:46:00Z,fourier-demo,1.018864459260,1.662900000000,-0.966239653509,-0.257644972755
2024-01-08T16:47:00Z,fourier-demo,0.845273755177,1.663050000000,-0.966634026979,-0.256161390310
2024-01-08T16:48:00Z,fourier-demo,0.697836990940,1.663200000000,-0.967026122531,-0.254677204208
2024-01-08T16:49:00Z,fourier-demo,0.580920444409,1.663350000000,-0.967415939239,-0.253192417948
2024-01-08T16:50:00Z,fourier-demo,0.497467296207,1.663500000000,-0.967803476186,-0.251707035028
2024-01-08T16:51:00Z,fourier-demo,0.448905956199,1.663650000000,-0.968188732458,-0.250221058948
2024-01-08T16:52:00Z,fourier-demo,0.435123639464,1.663800000000,-0.968571707148,-0.248734493211
2024-01-08T16:53:00Z,fourier-demo,0.454505686945,1.663950000000,-0.968952399352,-0.247247341318
2024-01-08T16:54:00Z,fourier-demo,0.504038378277,1.664100000000,-0.969330808175,-0.245759606776
2024-01-08T16:55:00Z,fourier-demo,0.579470340485,1.664250000000,-0.969706932724,-0.244271293090
2024-01-08T16:56:00Z,fourier-demo,0.675525225695,1.664400000000,-0.970080772112,-0.242782403767
2024-01-08T16:57:00Z,fourier-demo,0.786156213637,1.664550000000,-0.970452325459,-0.241292942315
2024-01-08T16:58:00Z,fourier-demo,0.904831177763,1.664700000000,-0.970821591889,-0.239802912246
2024-01-08T16:59:00Z,fourier-demo,1.024836107621,1.664850000000,-0.971188570533,-0.238312317069
2024-01-08T17:00:00Z,fourier-demo,1.139583655657,1.665000000000,-0.971553260524,-0.236821160298
2024-01-08T17:01:00Z,fourier-demo,1.242913503176,1.665150000000,-0.971915661004,-0.235329445447
2024-01-08T17:02:00Z,fourier-demo,1.329371624251,1.665300000000,-0.972275771119,-0.233837176031
2024-01-08T17:03:00Z,fourier-demo,1.394456451415,1.665450000000,-0.972633590021,-0.232344355567
2024-01-08T17:04:00Z,fourier-demo,1.434821373971,1.665600000000,-0.972989116865,-0.230850987572
2024-01-08T17:05:00Z,fourier-demo,1.448424869239,1.665750000000,-0.973342350814,-0.229357075566
2024-01-08T17:06:00Z,fourier-demo,1.434621800747,1.665900000000,-0.973693291036,-0.227862623069
2024-01-08T17:07:00Z,fourier-demo,1.394191922556,1.666050000000,-0.974041936703,-0.226367633603
2024-01-08T17:08:00Z,fourier-demo,1.329304301058,1.666200000000,-0.974388286995,-0.224872110691
2024-01-08T17:09:00Z,fourier-demo,1.243419093593,1.666350000000,-0.974732341095,-0.223376057857
2024-01-08T17:10:00Z,fourier-demo,1.141130793561,1.666500000000,-0.975074098192,-0.221879478627
2024-01-08T17:11:00Z,fourier-demo,1.027959553074,1.666650000000,-0.975413557480,-0.220382376528
2024-01-08T17:12:00Z,fourier-demo,0.910099422290,1.666800000000,-0.975750718160,-0.218884755087
2024-01-08T17:13:00Z,fourier-demo,0.794134206406,1.666950000000,-0.976085579438,-0.217386617833
2024-01-08T17:14:00Z,fourier-demo,0.686733058715,1.667100000000,-0.976418140524,-0.215887968298
2024-01-08T17:15:00Z,fourier-demo,0.594338841574,1.667250000000,-0.976748400634,-0.214388810013
2024-01-08T17:16:00Z,fourier-demo,0.522862657529,1.667400000000,-0.977076358991,-0.212889146510
2024-01-08T17:17:00Z,fourier-demo,0.477397763716,1.667550000000,-0.977402014820,-0.211388981324
2024-01-08T17:18:00Z,fourier-demo,0.461965340551,1.667700000000,-0.977725367356,-0.209888317990
2024-01-08T17:19:00Z,fourier-demo,0.479303319959,1.667850000000,-0.978046415836,-0.208387160044
2024-01-08T17:20:00Z,fourier-demo,0.530707740152,1.668000000000,-0.978365159503,-0.206885511024
2024-01-08T17:21:00Z,fourier-demo,0.615933953765,1.668150000000,-0.978681597606,-0.205383374468
2024-01-08T17:22:00Z,fourier-demo,0.733162561463,1.668300000000,-0.978995729399,-0.203880753917
2024-01-08T17:23:00Z,fourier-demo,0.879032274353,1.668450000000,-0.979307554143,-0.202377652911
2024-01-08T17:24:00Z,fourier-demo,1.048739135224,1.668600000000,-0.979617071103,-0.200874074993
2024-01-08T17:25:00Z,fourier-demo,1.236198764839,1.668750000000,-0.979924279548,-0.199370023705
2024-01-08T17:26:00Z,fourier-demo,1.434265659061,1.668900000000,-0.980229178756,-0.197865502592
2024-01-08T17:27:00Z,fourier-demo,1.635001154722,1.669050000000,-0.980531768007,-0.196360515200
2024-01-08T17:28:00Z,fourier-demo,1.829979606426,1.669200000000,-0.980832046588,-0.194855065075
2024-01-08T17:29:00Z,fourier-demo,2.010620659522,1.669350000000,-0.981130013793,-0.193349155765
2024-01-08T17:30:00Z,fourier-demo,2.168534335484,1.669500000000,-0.981425668918,-0.191842790819
2024-01-08T17:31:00Z,fourier-demo,2.295865014583,1.669650000000,-0.981719011267,-0.190335973786
2024-01-08T17:32:00Z,fourier-demo,2.385620334703,1.669800000000,-0.982010040149,-0.188828708217
2024-01-08T17:33:00Z,fourier-demo,2.431971528996,1.669950000000,-0.982298754878,-0.187320997665
2024-01-08T17:34:00Z,fourier-demo,2.430512780146,1.670100000000,-0.982585154773,-0.185812845681
2024-01-08T17:35:00Z,fourier-demo,2.378468734118,1.670250000000,-0.982869239160,-0.184304255821
2024-01-08T17:36:00Z,fourier-demo,2.274841329283,1.670400000000,-0.983151007369,-0.182795231639
2024-01-08T17:37:00Z,fourier-demo,2.120489477119,1.670550000000,-0.983430458736,-0.181285776692
2024-01-08T17:38:00Z,fourier-demo,1.918137782853,1.670700000000,-0.983707592603,-0.179775894536
2024-01-08T17:39:00Z,fourier-demo,1.672313311301,1.670850000000,-0.983982408316,-0.178265588729
2024-01-08T17:40:00Z,fourier-demo,1.389212271184,1.671000000000,-0.984254905228,-0.176754862832
2024-01-08T17:41:00Z,fourier-demo,1.076501294224,1.671150000000,-0.984525082697,-0.175243720403
2024-01-08T17:42:00Z,fourier-demo,0.743060609725,1.671300000000,-0.984792940086,-0.173732165004
2024-01-08T17:43:00Z,fourier-demo,0.398678754683,1.671450000000,-0.985058476764,-0.172220200197
2024-01-08T17:44:00Z,fourier-demo,0.053710418652,1.671600000000,-0.985321692105,-0.170707829545
2024-01-08T17:45:00Z,fourier-demo,-0.281289478139,1.671750000000,-0.985582585488,-0.169195056612
2024-01-08T17:46:00Z,fourier-demo,-0.595941396800,1.671900000000,-0.985841156300,-0.167681884962
2024-01-08T17:47:00Z,fourier-demo,-0.880411988329,1.672050000000,-0.986097403931,-0.166168318163
2024-01-08T17:48:00Z,fourier-demo,-1.125765766792,1.672200000000,-0.986351327776,-0.164654359780
2024-01-08T17:49:00Z,fourier-demo,-1.324284049491,1.672350000000,-0.986602927238,-0.163140013381
2024-01-08T17:50:00Z,fourier-demo,-1.469738844087,1.672500000000,-0.986852201723,-0.161625282535
2024-01-08T17:51:00Z,fourier-demo,-1.557611132345,1.672650000000,-0.987099150644,-0.160110170811
2024-01-08T17:52:00Z,fourier-demo,-1.585245190851,1.672800000000,-0.987343773420,-0.158594681780
2024-01-08T17:53:00Z,fourier-demo,-1.551933112358,1.672950000000,-0.987586069473,-0.157078819014
2024-01-08T17:54:00Z,fourier-demo,-1.458926445841,1.673100000000,-0.987826038233,-0.155562586083
2024-01-08T17:55:00Z,fourier-demo,-1.309374747722,1.673250000000,-0.988063679134,-0.154045986562
2024-01-08T17:56:00Z,fourier-demo,-1.108193715340,1.673400000000,-0.988298991616,-0.152529024025
2024-01-08T17:57:00Z,fourier-demo,-0.861868340685,1.673550000000,-0.988531975125,-0.151011702045
2024-01-08T17:58:00Z,fourier-demo,-0.578199066330,1.673700000000,-0.988762629112,-0.149494024199
2024-01-08T17:59:00Z,fourier-demo,-0.266001144231,1.673850000000,-0.988990953033,-0.147975994064
2024-01-08T18:00:00Z,fourier-demo,0.065230797194,1.674000000000,-0.989216946350,-0.146457615216
2024-01-08T18:01:00Z,fourier-demo,0.405679653676,1.674150000000,-0.989440608530,-0.144938891234
2024-01-08T18:02:00Z,fourier-demo,0.745570108947,1.674300000000,-0.989661939046,-0.143419825696
2024-01-08T18:03:00Z,fourier-demo,1.075525945547,1.674450000000,-0.989880937378,-0.141900422183
2024-01-08T18:04:00Z,fourier-demo,1.386906450172,1.674600000000,-0.990097603008,-0.140380684275
2024-01-08T18:05:00Z,fourier-demo,1.672108884523,1.674750000000,-0.990311935427,-0.138860615553
2024-01-08T18:06:00Z,fourier-demo,1.924825436618,1.674900000000,-0.990523934128,-0.137340219600
2024-01-08T18:07:00Z,fourier-demo,2.140244972114,1.675050000000,-0.990733598613,-0.135819499997
2024-01-08T18:08:00Z,fourier-demo,2.315192191762,1.675200000000,-0.990940928387,-0.134298460330
2024-01-08T18:09:00Z,fourier-demo,2.448199375705,1.675350000000,-0.991145922962,-0.132777104182
2024-01-08T18:10:00Z,fourier-demo,2.539508652355,1.675500000000,-0.991348581855,-0.131255435138
2024-01-08T18:11:00Z,fourier-demo,2.591005556312,1.675650000000,-0.991548904588,-0.129733456785
2024-01-08T18:12:00Z,fourier-demo,2.606087420951,1.675800000000,-0.991746890690,-0.128211172709
2024-01-08T18:13:00Z,fourier-demo,2.589472773514,1.675950000000,-0.991942539692,-0.126688586497
2024-01-08T18:14:00Z,fourier-demo,2.546960257555,1.676100000000,-0.992135851136,-0.125165701738
2024-01-08T18:15:00Z,fourier-demo,2.485147603724,1.676250000000,-0.992326824564,-0.123642522019
2024-01-08T18:16:00Z,fourier-demo,2.411122724992,1.676400000000,-0.992515459527,-0.122119050931
2024-01-08T18:17:00Z,fourier-demo,2.332140064098,1.676550000000,-0.992701755580,-0.120595292064
2024-01-08T18:18:00Z,fourier-demo,2.255295827931,1.676700000000,-0.992885712285,-0.119071249008
2024-01-08T18:19:00Z,fourier-demo,2.187215686726,1.676850000000,-0.993067329208,-0.117546925355
2024-01-08T18:20:00Z,fourier-demo,2.133767899482,1.677000000000,-0.993246605920,-0.116022324698
2024-01-08T18:21:00Z,fourier-demo,2.099813678053,1.677150000000,-0.993423542000,-0.114497450628
2024-01-08T18:22:00Z,fourier-demo,2.089004969927,1.677300000000,-0.993598137030,-0.112972306740
2024-01-08T18:23:00Z,fourier-demo,2.103637792451,1.677450000000,-0.993770390600,-0.111446896627
2024-01-08T18:24:00Z,fourier-demo,2.144566874915,1.677600000000,-0.993940302302,-0.109921223884
2024-01-08T18:25:00Z,fourier-demo,2.211184758585,1.677750000000,-0.994107871737,-0.108395292106
2024-01-08T18:26:00Z,fourier-demo,2.301465776750,1.677900000000,-0.994273098510,-0.106869104890
2024-01-08T18:27:00Z,fourier-demo,2.412072600481,1.678050000000,-0.994435982231,-0.105342665832
2024-01-08T18:28:00Z,fourier-demo,2.538520404377,1.678200000000,-0.994596522517,-0.103815978529
2024-01-08T18:29:00Z,fourier-demo,2.675391289079,1.678350000000,-0.994754718989,-0.102289046579
2024-01-08T18:30:00Z,fourier-demo,2.816589493699,1.678500000000,-0.994910571274,-0.100761873579
2024-01-08T18:31:00Z,fourier-demo,2.955626228391,1.678650000000,-0.995064079006,-0.099234463130
2024-01-08T18:32:00Z,fourier-demo,3.085921725307,1.678800000000,-0.995215241822,-0.097706818829
2024-01-08T18:33:00Z,fourier-demo,3.201111395862,1.678950000000,-0.995364059366,-0.096178944278
2024-01-08T18:34:00Z,fourier-demo,3.295342822615,1.679100000000,-0.995510531288,-0.094650843077
2024-01-08T18:35:00Z,fourier-demo,3.363550711472,1.679250000000,-0.995654657242,-0.093122518827
2024-01-08T18:36:00Z,fourier-demo,3.401697867543,1.679400000000,-0.995796436889,-0.091593975129
2024-01-08T18:37:00Z,fourier-demo,3.406971696778,1.679550000000,-0.995935869894,-0.090065215585
2024-01-08T18:38:00Z,fourier-demo,3.377927615472,1.679700000000,-0.996072955929,-0.088536243799
2024-01-08T18:39:00Z,fourier-demo,3.314572992931,1.679850000000,-0.996207694672,-0.087007063373
2024-01-08T18:40:00Z,fourier-demo,3.218387765607,1.680000000000,-0.996340085804,-0.085477677910
2024-01-08T18:41:00Z,fourier-demo,3.092280539716,1.680150000000,-0.996470129013,-0.083948091015
2024-01-08T18:42:00Z,fourier-demo,2.940481732157,1.680300000000,-0.996597823993,-0.082418306293
2024-01-08T18:43:00Z,fourier-demo,2.768377973088,1.680450000000,-0.996723170443,-0.080888327348
2024-01-08T18:44:00Z,fourier-demo,2.582294496327,1.680600000000,-0.996846168069,-0.079358157785
2024-01-08T18:45:00Z,fourier-demo,2.389234471623,1.680750000000,-0.996966816578,-0.077827801212
2024-01-08T18:46:00Z,fourier-demo,2.196586092702,1.680900000000,-0.997085115689,-0.076297261234
2024-01-08T18:47:00Z,fourier-demo,2.011809648794,1.681050000000,-0.997201065121,-0.074766541457
2024-01-08T18:48:00Z,fourier-demo,1.842117715599,1.681200000000,-0.997314664602,-0.073235645490
2024-01-08T18:49:00Z,fourier-demo,1.694161965361,1.681350000000,-0.997425913863,-0.071704576939
2024-01-08T18:50:00Z,fourier-demo,1.573739898497,1.681500000000,-0.997534812643,-0.070173339413
2024-01-08T18:51:00Z,fourier-demo,1.485534047862,1.681650000000,-0.997641360686,-0.068641936521
2024-01-08T18:52:00Z,fourier-demo,1.432894930607,1.681800000000,-0.997745557739,-0.067110371870
2024-01-08T18:53:00Z,fourier-demo,1.417677273079,1.681950000000,-0.997847403557,-0.065578649071
2024-01-08T18:54:00Z,fourier-demo,1.440136882140,1.682100000000,-0.997946897901,-0.064046771732
2024-01-08T18:55:00Z,fourier-demo,1.498893069081,1.682250000000,-0.998044040536,-0.062514743464
2024-01-08T18:56:00Z,fourier-demo,1.590958850900,1.682400000000,-0.998138831233,-0.060982567877
2024-01-08T18:57:00Z,fourier-demo,1.711838367541,1.682550000000,-0.998231269768,-0.059450248582
2024-01-08T18:58:00Z,fourier-demo,1.855688177313,1.682700000000,-0.998321355925,-0.057917789190
2024-01-08T18:59:00Z,fourier-demo,2.015536439894,1.682850000000,-0.998409089489,-0.056385193311
2024-01-08T19:00:00Z,fourier-demo,2.183551576729,1.683000000000,-0.998494470256,-0.054852464559
2024-01-08T19:01:00Z,fourier-demo,2.351349911838,1.683150000000,-0.998577498023,-0.053319606543
2024-01-08T19:02:00Z,fourier-demo,2.510330128924,1.683300000000,-0.998658172595,-0.051786622878
2024-01-08T19:03:00Z,fourier-demo,2.652021202602,1.683450000000,-0.998736493782,-0.050253517175
2024-01-08T19:04:00Z,fourier-demo,2.768429822238,1.683600000000,-0.998812461399,-0.048720293047
2024-01-08T19:05:00Z,fourier-demo,2.852373254258,1.683750000000,-0.998886075267,-0.047186954108
2024-01-08T19:06:00Z,fourier-demo,2.897784087322,1.683900000000,-0.998957335213,-0.045653503970
2024-01-08T19:07:00Z,fourier-demo,2.899974356065,1.684050000000,-0.999026241068,-0.044119946247
2024-01-08T19:08:00Z,fourier-demo,2.855848101844,1.684200000000,-0.999092792671,-0.042586284554
2024-01-08T19:09:00Z,fourier-demo,2.764053441070,1.684350000000,-0.999156989865,-0.041052522505
2024-01-08T19:10:00Z,fourier-demo,2.625067592717,1.684500000000,-0.999218832498,-0.039518663713
2024-01-08T19:11:00Z,fourier-demo,2.441210970706,1.684650000000,-0.999278320424,-0.037984711793
2024-01-08T19:12:00Z,fourier-demo,2.216589267258,1.684800000000,-0.999335453504,-0.036450670361
2024-01-08T19:13:00Z,fourier-demo,1.956965325990,1.684950000000,-0.999390231603,-0.034916543031
2024-01-08T19:14:00Z,fourier-demo,1.669565412383,1.685100000000,-0.999442654591,-0.033382333418
2024-01-08T19:15:00Z,fourier-demo,1.362827120551,1.685250000000,-0.999492722345,-0.031848045138
2024-01-08T19:16:00Z,fourier-demo,1.046098502356,1.685400000000,-0.999540434748,-0.030313681807
2024-01-08T19:17:00Z,fourier-demo,0.729299972542,1.685550000000,-0.999585791686,-0.028779247041
2024-01-08T19:18:00Z,fourier-demo,0.422562051852,1.685700000000,-0.999628793053,-0.027244744454
2024-01-08T19:19:00Z,fourier-demo,0.135852997654,1.685850000000,-0.999669438747,-0.025710177665
2024-01-08T19:20:00Z,fourier-demo,-0.121389201914,1.686000000000,-0.999707728673,-0.024175550288
2024-01-08T19:21:00Z,fourier-demo,-0.340606146366,1.686150000000,-0.999743662740,-0.022640865940
2024-01-08T19:22:00Z,fourier-demo,-0.514436054855,1.686300000000,-0.999777240865,-0.021106128237
2024-01-08T19:23:00Z,fourier-demo,-0.636986181294,1.686450000000,-0.999808462966,-0.019571340798
2024-01-08T19:24:00Z,fourier-demo,-0.704050043478,1.686600000000,-0.999837328972,-0.018036507237
2024-01-08T19:25:00Z,fourier-demo,-0.713261079923,1.686750000000,-0.999863838814,-0.016501631173
2024-01-08T19:26:00Z,fourier-demo,-0.664176864549,1.686900000000,-0.999887992430,-0.014966716221
2024-01-08T19:27:00Z,fourier-demo,-0.558290757775,1.687050000000,-0.999909789762,-0.013431766000
2024-01-08T19:28:00Z,fourier-demo,-0.398970742019,1.687200000000,-0.999929230760,-0.011896784127
2024-01-08T19:29:00Z,fourier-demo,-0.191328064511,1.687350000000,-0.999946315377,-0.010361774218
2024-01-08T19:30:00Z,fourier-demo,0.057978925372,1.687500000000,-0.999961043573,-0.008826739890
2024-01-08T19:31:00Z,fourier-demo,0.340997814429,1.687650000000,-0.999973415313,-0.007291684763
2024-01-08T19:32:00Z,fourier-demo,0.648781891127,1.687800000000,-0.999983430569,-0.005756612452
2024-01-08T19:33:00Z,fourier-demo,0.971724683904,1.687950000000,-0.999991089317,-0.004221526575
2024-01-08T19:34:00Z,fourier-demo,1.299915996962,1.688100000000,-0.999996391538,-0.002686430751
2024-01-08T19:35:00Z,fourier-demo,1.623505384331,1.688250000000,-0.999999337221,-0.001151328595
2024-01-08T19:36:00Z,fourier-demo,1.933058786605,1.688400000000,-0.999999926358,0.000383776274
2024-01-08T19:37:00Z,fourier-demo,2.219894413180,1.688550000000,-0.999998158948,0.001918880238
2024-01-08T19:38:00Z,fourier-demo,2.476384869906,1.688700000000,-0.999994034994,0.003453979680
2024-01-08T19:39:00Z,fourier-demo,2.696213969077,1.688850000000,-0.999987554508,0.004989070983
2024-01-08T19:40:00Z,fourier-demo,2.874578555780,1.689000000000,-0.999978717503,0.006524150529
2024-01-08T19:41:00Z,fourier-demo,3.008327963370,1.689150000000,-0.999967524002,0.008059214701
2024-01-08T19:42:00Z,fourier-demo,3.096036277321,1.689300000000,-0.999953974029,0.009594259880
2024-01-08T19:43:00Z,fourier-demo,3.138005335682,1.689450000000,-0.999938067618,0.011129282450
2024-01-08T19:44:00Z,fourier-demo,3.136199213197,1.689600000000,-0.999919804806,0.012664278794
2024-01-08T19:45:00Z,fourier-demo,3.094113709672,1.689750000000,-0.999899185635,0.014199245293
2024-01-08T19:46:00Z,fourier-demo,3.016586978364,1.689900000000,-0.999876210154,0.015734178332
2024-01-08T19:47:00Z,fourier-demo,2.909559780654,1.690050000000,-0.999850878418,0.017269074292
2024-01-08T19:48:00Z,fourier-demo,2.779795843880,1.690200000000,-0.999823190486,0.018803929556
2024-01-08T19:49:00Z,fourier-demo,2.634574349495,1.690350000000,-0.999793146423,0.020338740509
2024-01-08T19:50:00Z,fourier-demo,2.481367626833,1.690500000000,-0.999760746300,0.021873503532
2024-01-08T19:51:00Z,fourier-demo,2.327517632099,1.690650000000,-0.999725990194,0.023408215009
2024-01-08T19:52:00Z,fourier-demo,2.179924734083,1.690800000000,-0.999688878187,0.024942871323
2024-01-08T19:53:00Z,fourier-demo,2.044761711540,1.690950000000,-0.999649410365,0.026477468859
2024-01-08T19:54:00Z,fourier-demo,1.927224719449,1.691100000000,-0.999607586822,0.028012003999
2024-01-08T19:55:00Z,fourier-demo,1.831331351389,1.691250000000,-0.999563407656,0.029546473128
2024-01-08T19:56:00Z,fourier-demo,1.759773881773,1.691400000000,-0.999516872972,0.031080872628
2024-01-08T19:57:00Z,fourier-demo,1.713833400277,1.691550000000,-0.999467982880,0.032615198886
2024-01-08T19:58:00Z,fourier-demo,1.693357950517,1.691700000000,-0.999416737493,0.034149448284
2024-01-08T19:59:00Z,fourier-demo,1.696805064127,1.691850000000,-0.999363136934,0.035683617207
2024-01-08T20:00:00Z,fourier-demo,1.721346353002,1.692000000000,-0.999307181329,0.037217702040
2024-01-08T20:01:00Z,fourier-demo,1.763029199836,1.692150000000,-0.999248870808,0.038751699168
2024-01-08T20:02:00Z,fourier-demo,1.816988178994,1.692300000000,-0.999188205511,0.040285604975
2024-01-08T20:03:00Z,fourier-demo,1.877696745961,1.692450000000,-0.999125185579,0.041819415848
2024-01-08T20:04:00Z,fourier-demo,1.939248040811,1.692600000000,-0.999059811161,0.043353128171
2024-01-08T20:05:00Z,fourier-demo,1.995652429394,1.692750000000,-0.998992082412,0.044886738331
2024-01-08T20:06:00Z,fourier-demo,2.041138705706,1.692900000000,-0.998921999491,0.046420242713
2024-01-08T20:07:00Z,fourier-demo,2.070445729119,1.693050000000,-0.998849562562,0.047953637703
2024-01-08T20:08:00Z,fourier-demo,2.079091676881,1.693200000000,-0.998774771798,0.049486919688
2024-01-08T20:09:00Z,fourier-demo,2.063609038620,1.693350000000,-0.998697627373,0.051020085055
2024-01-08T20:10:00Z,fourier-demo,2.021734926181,1.693500000000,-0.998618129470,0.052553130191
2024-01-08T20:11:00Z,fourier-demo,1.952548158969,1.693650000000,-0.998536278277,0.054086051483
2024-01-08T20:12:00Z,fourier-demo,1.856546833861,1.693800000000,-0.998452073985,0.055618845319
2024-01-08T20:13:00Z,fourier-demo,1.735662606214,1.693950000000,-0.998365516794,0.057151508086
2024-01-08T20:14:00Z,fourier-demo,1.593210590254,1.694100000000,-0.998276606907,0.058684036173
2024-01-08T20:15:00Z,fourier-demo,1.433776521575,1.694250000000,-0.998185344535,0.060216425968
2024-01-08T20:16:00Z,fourier-demo,1.263045498091,1.694400000000,-0.998091729891,0.061748673860
2024-01-08T20:17:00Z,fourier-demo,1.087579117181,1.694550000000,-0.997995763197,0.063280776239
2024-01-08T20:18:00Z,fourier-demo,0.914550051648,1.694700000000,-0.997897444678,0.064812729493
2024-01-08T20:19:00Z,fourier-demo,0.751444962434,1.694850000000,-0.997796774568,0.066344530013
2024-01-08T20:20:00Z,fourier-demo,0.605748053905,1.695000000000,-0.997693753101,0.067876174189
2024-01-08T20:21:00Z,fourier-demo,0.484618478321,1.695150000000,-0.997588380523,0.069407658412
2024-01-08T20:22:00Z,fourier-demo,0.394575151123,1.695300000000,-0.997480657080,0.070938979073
2024-01-08T20:23:00Z,fourier-demo,0.341202331628,1.695450000000,-0.997370583026,0.072470132562
2024-01-08T20:24:00Z,fourier-demo,0.328888561359,1.695600000000,-0.997258158622,0.074001115272
2024-01-08T20:25:00Z,fourier-demo,0.360610264402,1.695750000000,-0.997143384132,0.075531923595
2024-01-08T20:26:00Z,fourier-demo,0.437769552162,1.695900000000,-0.997026259826,0.077062553923
2024-01-08T20:27:00Z,fourier-demo,0.560093609837,1.696050000000,-0.996906785981,0.078593002650
2024-01-08T20:28:00Z,fourier-demo,0.725600561514,1.696200000000,-0.996784962877,0.080123266168
2024-01-08T20:29:00Z,fourier-demo,0.930634015964,1.696350000000,-0.996660790803,0.081653340873
2024-01-08T20:30:00Z,fourier-demo,1.169965695908,1.696500000000,-0.996534270051,0.083183223157
2024-01-08T20:31:00Z,fourier-demo,1.436962764191,1.696650000000,-0.996405400918,0.084712909416
2024-01-08T20:32:00Z,fourier-demo,1.723813795290,1.696800000000,-0.996274183709,0.086242396046
2024-01-08T20:33:00Z,fourier-demo,2.021804909304,1.696950000000,-0.996140618732,0.087771679440
2024-01-08T20:34:00Z,fourier-demo,2.321635488278,1.697100000000,-0.996004706303,0.089300755997
2024-01-08T20:35:00Z,fourier-demo,2.613761218090,1.697250000000,-0.995866446742,0.090829622113
2024-01-08T20:36:00Z,fourier-demo,2.888751012815,1.697400000000,-0.995725840375,0.092358274184
2024-01-08T20:37:00Z,fourier-demo,3.137643732465,1.697550000000,-0.995582887532,0.093886708608
2024-01-08T20:38:00Z,fourier-demo,3.352290527073,1.697700000000,-0.995437588551,0.095414921784
2024-01-08T20:39:00Z,fourier-demo,3.525669135100,1.697850000000,-0.995289943775,0.096942910110
2024-01-08T20:40:00Z,fourier-demo,3.652157513480,1.698000000000,-0.995139953551,0.098470669986
2024-01-08T20:41:00Z,fourier-demo,3.727755739256,1.698150000000,-0.994987618232,0.099998197811
2024-01-08T20:42:00Z,fourier-demo,3.750247136466,1.698300000000,-0.994832938178,0.101525489985
2024-01-08T20:43:00Z,fourier-demo,3.719291966207,1.698450000000,-0.994675913753,0.103052542910
2024-01-08T20:44:00Z,fourier-demo,3.636449677005,1.698600000000,-0.994516545327,0.104579352986
2024-01-08T20:45:00Z,fourier-demo,3.505128539491,1.698750000000,-0.994354833276,0.106105916617
2024-01-08T20:46:00Z,fourier-demo,3.330464370232,1.698900000000,-0.994190777980,0.107632230203
2024-01-08T20:47:00Z,fourier-demo,3.119132867873,1.699050000000,-0.994024379828,0.109158290150
2024-01-08T20:48:00Z,fourier-demo,2.879102726740,1.699200000000,-0.993855639209,0.110684092859
2024-01-08T20:49:00Z,fourier-demo,2.619339051957,1.699350000000,-0.993684556523,0.112209634737
2024-01-08T20:50:00Z,fourier-demo,2.349468580378,1.699500000000,-0.993511132172,0.113734912187
2024-01-08T20:51:00Z,fourier-demo,2.079419733298,1.699650000000,-0.993335366565,0.115259921615
2024-01-08T20:52:00Z,fourier-demo,1.819051528213,1.699800000000,-0.993157260117,0.116784659428
2024-01-08T20:53:00Z,fourier-demo,1.577785817483,1.699950000000,-0.992976813246,0.118309122032
2024-01-08T20:54:00Z,fourier-demo,1.364257183730,1.700100000000,-0.992794026378,0.119833305835
2024-01-08T20:55:00Z,fourier-demo,1.185994110799,1.700250000000,-0.992608899945,0.121357207246
2024-01-08T20:56:00Z,fourier-demo,1.049143794026,1.700400000000,-0.992421434381,0.122880822672
2024-01-08T20:57:00Z,fourier-demo,0.958251205212,1.700550000000,-0.992231630130,0.124404148524
2024-01-08T20:58:00Z,fourier-demo,0.916100856882,1.700700000000,-0.992039487638,0.125927181211
2024-01-08T20:59:00Z,fourier-demo,0.923627205144,1.700850000000,-0.991845007357,0.127449917146
2024-01-08T21:00:00Z,fourier-demo,0.979896891981,1.701000000000,-0.991648189747,0.128972352738
2024-01-08T21:01:00Z,fourier-demo,1.082163166982,1.701150000000,-0.991449035272,0.130494484401
2024-01-08T21:02:00Z,fourier-demo,1.225989960913,1.701300000000,-0.991247544399,0.132016308548
2024-01-08T21:03:00Z,fourier-demo,1.405440324876,1.701450000000,-0.991043717605,0.133537821592
2024-01-08T21:04:00Z,fourier-demo,1.613321410313,1.701600000000,-0.990837555370,0.135059019948
2024-01-08T21:05:00Z,fourier-demo,1.841475948954,1.701750000000,-0.990629058179,0.136579900031
2024-01-08T21:06:00Z,fourier-demo,2.081108386713,1.701900000000,-0.990418226523,0.138100458256
2024-01-08T21:07:00Z,fourier-demo,2.323132503744,1.702050000000,-0.990205060901,0.139620691042
2024-01-08T21:08:00Z,fourier-demo,2.558526566524,1.702200000000,-0.989989561813,0.141140594805
2024-01-08T21:09:00Z,fourier-demo,2.778681837461,1.702350000000,-0.989771729768,0.142660165963
2024-01-08T21:10:00Z,fourier-demo,2.975730620458,1.702500000000,-0.989551565279,0.144179400936
2024-01-08T21:11:00Z,fourier-demo,3.142840931144,1.702650000000,-0.989329068865,0.145698296143
2024-01-08T21:12:00Z,fourier-demo,3.274466309485,1.702800000000,-0.989104241050,0.147216848005
2024-01-08T21:13:00Z,fourier-demo,3.366541180457,1.702950000000,-0.988877082364,0.148735052944
2024-01-08T21:14:00Z,fourier-demo,3.416614437229,1.703100000000,-0.988647593343,0.150252907382
2024-01-08T21:15:00Z,fourier-demo,3.423916477089,1.703250000000,-0.988415774527,0.151770407742
2024-01-08T21:16:00Z,fourier-demo,3.389357658096,1.703400000000,-0.988181626462,0.153287550447
2024-01-08T21:17:00Z,fourier-demo,3.315458951710,1.703550000000,-0.987945149701,0.154804331923
2024-01-08T21:18:00Z,fourier-demo,3.206218328534,1.703700000000,-0.987706344800,0.156320748596
2024-01-08T21:19:00Z,fourier-demo,3.066919017875,1.703850000000,-0.987465212323,0.157836796891
2024-01-08T21:20:00Z,fourier-demo,2.903888121014,1.704000000000,-0.987221752837,0.159352473236
2024-01-08T21:21:00Z,fourier-demo,2.724216037845,1.704150000000,-0.986975966916,0.160867774060
2024-01-08T21:22:00Z,fourier-demo,2.535448706636,1.704300000000,-0.986727855139,0.162382695791
2024-01-08T21:23:00Z,fourier-demo,2.345265695327,1.704450000000,-0.986477418092,0.163897234859
2024-01-08T21:24:00Z,fourier-demo,2.161157678763,1.704600000000,-0.986224656364,0.165411387696
2024-01-08T21:25:00Z,fourier-demo,1.990116770701,1.704750000000,-0.985969570551,0.166925150734
2024-01-08T21:26:00Z,fourier-demo,1.838352556741,1.704900000000,-0.985712161254,0.168438520404
2024-01-08T21:27:00Z,fourier-demo,1.711045521695,1.705050000000,-0.985452429080,0.169951493141
2024-01-08T21:28:00Z,fourier-demo,1.612147931381,1.705200000000,-0.985190374640,0.171464065379
2024-01-08T21:29:00Z,fourier-demo,1.544240183122,1.705350000000,-0.984925998553,0.172976233554
2024-01-08T21:30:00Z,fourier-demo,1.508448267024,1.705500000000,-0.984659301441,0.174487994102
2024-01-08T21:31:00Z,fourier-demo,1.504425380352,1.705650000000,-0.984390283933,0.175999343461
2024-01-08T21:32:00Z,fourier-demo,1.530398018288,1.705800000000,-0.984118946662,0.177510278070
2024-01-08T21:33:00Z,fourier-demo,1.583274139097,1.705950000000,-0.983845290269,0.179020794366
2024-01-08T21:34:00Z,fourier-demo,1.658808383327,1.706100000000,-0.983569315398,0.180530888792
2024-01-08T21:35:00Z,fourier-demo,1.751816923947,1.706250000000,-0.983291022699,0.182040557789
2024-01-08T21:36:00Z,fourier-demo,1.856432436774,1.706400000000,-0.983010412828,0.183549797798
2024-01-08T21:37:00Z,fourier-demo,1.966387994769,1.706550000000,-0.982727486447,0.185058605263
2024-01-08T21:38:00Z,fourier-demo,2.075317475708,1.706700000000,-0.982442244222,0.186566976630
2024-01-08T21:39:00Z,fourier-demo,2.177059380628,1.706850000000,-0.982154686825,0.188074908342
2024-01-08T21:40:00Z,fourier-demo,2.265950819034,1.707000000000,-0.981864814934,0.189582396846
2024-01-08T21:41:00Z,fourier-demo,2.337098832140,1.707150000000,-0.981572629233,0.191089438591
2024-01-08T21:42:00Z,fourier-demo,2.386617180108,1.707300000000,-0.981278130409,0.192596030025
2024-01-08T21:43:00Z,fourier-demo,2.411818174088,1.707450000000,-0.980981319157,0.194102167597
2024-01-08T21:44:00Z,fourier-demo,2.411351028428,1.707600000000,-0.980682196175,0.195607847758
2024-01-08T21:45:00Z,fourier-demo,2.385280464497,1.707750000000,-0.980380762170,0.197113066960
2024-01-08T21:46:00Z,fourier-demo,2.335101821529,1.707900000000,-0.980077017852,0.198617821655
2024-01-08T21:47:00Z,fourier-demo,2.263691617177,1.708050000000,-0.979770963935,0.200122108298
2024-01-08T21:48:00Z,fourier-demo,2.175195239614,1.708200000000,-0.979462601142,0.201625923344
2024-01-08T21:49:00Z,fourier-demo,2.074856130151,1.708350000000,-0.979151930199,0.203129263249
2024-01-08T21:50:00Z,fourier-demo,1.968793319179,1.708500000000,-0.978838951838,0.204632124471
2024-01-08T21:51:00Z,fourier-demo,1.863736404354,1.708650000000,-0.978523666796,0.206134503467
2024-01-08T21:52:00Z,fourier-demo,1.766728915317,1.708800000000,-0.978206075818,0.207636396697
2024-01-08T21:53:00Z,fourier-demo,1.684812415892,1.708950000000,-0.977886179650,0.209137800622
2024-01-08T21:54:00Z,fourier-demo,1.624704593166,1.709100000000,-0.977563979048,0.210638711705
2024-01-08T21:55:00Z,fourier-demo,1.592484934343,1.709250000000,-0.977239474769,0.212139126407
2024-01-08T21:56:00Z,fourier-demo,1.593301380636,1.709400000000,-0.976912667580,0.213639041193
2024-01-08T21:57:00Z,fourier-demo,1.631110579550,1.709550000000,-0.976583558250,0.215138452529
2024-01-08T21:58:00Z,fourier-demo,1.708463062639,1.709700000000,-0.976252147554,0.216637356880
2024-01-08T21:59:00Z,fourier-demo,1.826342906636,1.709850000000,-0.975918436274,0.218135750716
2024-01-08T22:00:00Z,fourier-demo,1.984069263066,1.710000000000,-0.975582425196,0.219633630504
2024-01-08T22:01:00Z,fourier-demo,2.179264652852,1.710150000000,-0.975244115112,0.221130992716
2024-01-08T22:02:00Z,fourier-demo,2.407892219163,1.710300000000,-0.974903506819,0.222627833821
2024-01-08T22:03:00Z,fourier-demo,2.664361323922,1.710450000000,-0.974560601120,0.224124150294
2024-01-08T22:04:00Z,fourier-demo,2.941698075634,1.710600000000,-0.974215398822,0.225619938608
2024-01-08T22:05:00Z,fourier-demo,3.231774703014,1.710750000000,-0.973867900740,0.227115195237
2024-01-08T22:06:00Z,fourier-demo,3.525589249907,1.710900000000,-0.973518107693,0.228609916659
2024-01-08T22:07:00Z,fourier-demo,3.813584962626,1.711050000000,-0.973166020503,0.230104099350
2024-01-08T22:08:00Z,fourier-demo,4.085997057832,1.711200000000,-0.972811640002,0.231597739791
2024-01-08T22:09:00Z,fourier-demo,4.333213367391,1.711350000000,-0.972454967024,0.233090834460
2024-01-08T22:10:00Z,fourier-demo,4.546134706280,1.711500000000,-0.972096002411,0.234583379840
2024-01-08T22:11:00Z,fourier-demo,4.716520728445,1.711650000000,-0.971734747007,0.236075372413
2024-01-08T22:12:00Z,fourier-demo,4.837307528551,1.711800000000,-0.971371201664,0.237566808663
2024-01-08T22:13:00Z,fourier-demo,4.902884296328,1.711950000000,-0.971005367238,0.239057685076
2024-01-08T22:14:00Z,fourier-demo,4.909317893477,1.712100000000,-0.970637244593,0.240547998138
2024-01-08T22:15:00Z,fourier-demo,4.854516238931,1.712250000000,-0.970266834595,0.242037744338
2024-01-08T22:16:00Z,fourier-demo,4.738323776015,1.712400000000,-0.969894138118,0.243526920164
2024-01-08T22:17:00Z,fourier-demo,4.562544958968,1.712550000000,-0.969519156039,0.245015522107
2024-01-08T22:18:00Z,fourier-demo,4.330894529288,1.712700000000,-0.969141889242,0.246503546660
2024-01-08T22:19:00Z,fourier-demo,4.048876240456,1.712850000000,-0.968762338617,0.247990990315
2024-01-08T22:20:00Z,fourier-demo,3.723594516206,1.713000000000,-0.968380505057,0.249477849568
2024-01-08T22:21:00Z,fourier-demo,3.363506178883,1.713150000000,-0.967996389463,0.250964120914
2024-01-08T22:22:00Z,fourier-demo,2.978121753402,1.713300000000,-0.967609992740,0.252449800852
2024-01-08T22:23:00Z,fourier-demo,2.577667843379,1.713450000000,-0.967221315798,0.253934885879
2024-01-08T22:24:00Z,fourier-demo,2.172723608903,1.713600000000,-0.966830359553,0.255419372498
2024-01-08T22:25:00Z,fourier-demo,1.773845388283,1.713750000000,-0.966437124926,0.256903257208
2024-01-08T22:26:00Z,fourier-demo,1.391193958316,1.713900000000,-0.966041612845,0.258386536514
2024-01-08T22:27:00Z,fourier-demo,1.034178801093,1.714050000000,-0.965643824241,0.259869206919
2024-01-08T22:28:00Z,fourier-demo,0.711133045633,1.714200000000,-0.965243760052,0.261351264931
2024-01-08T22:29:00Z,fourier-demo,0.429031508206,1.714350000000,-0.964841421220,0.262832707055
2024-01-08T22:30:00Z,fourier-demo,0.193262516863,1.714500000000,-0.964436808694,0.264313529803
2024-01-08T22:31:00Z,fourier-demo,0.007462044050,1.714650000000,-0.964029923426,0.265793729682
2024-01-08T22:32:00Z,fourier-demo,-0.126583826071,1.714800000000,-0.963620766377,0.267273303207
2024-01-08T22:33:00Z,fourier-demo,-0.208964800551,1.714950000000,-0.963209338510,0.268752246889
2024-01-08T22:34:00Z,fourier-demo,-0.241600211087,1.715100000000,-0.962795640794,0.270230557244
2024-01-08T22:35:00Z,fourier-demo,-0.228123201762,1.715250000000,-0.962379674205,0.271708230787
2024-01-08T22:36:00Z,fourier-demo,-0.173700450987,1.715400000000,-0.961961439722,0.273185264038
2024-01-08T22:37:00Z,fourier-demo,-0.084795145109,1.715550000000,-0.961540938332,0.274661653514
2024-01-08T22:38:00Z,fourier-demo,0.031116861968,1.715700000000,-0.961118171026,0.276137395737
2024-01-08T22:39:00Z,fourier-demo,0.165865961367,1.715850000000,-0.960693138798,0.277612487230
2024-01-08T22:40:00Z,fourier-demo,0.310929706444,1.716000000000,-0.960265842652,0.279086924515
2024-01-08T22:41:00Z,fourier-demo,0.457781875084,1.716150000000,-0.959836283594,0.280560704119
2024-01-08T22:42:00Z,fourier-demo,0.598235590081,1.716300000000,-0.959404462637,0.282033822568
2024-01-08T22:43:00Z,fourier-demo,0.724766755026,1.716450000000,-0.958970380797,0.283506276391
2024-01-08T22:44:00Z,fourier-demo,0.830804963528,1.716600000000,-0.958534039099,0.284978062119
2024-01-08T22:45:00Z,fourier-demo,0.910980457642,1.716750000000,-0.958095438569,0.286449176282
2024-01-08T22:46:00Z,fourier-demo,0.961317587380,1.716900000000,-0.957654580243,0.287919615414
2024-01-08T22:47:00Z,fourier-demo,0.979367479119,1.717050000000,-0.957211465158,0.289389376049
2024-01-08T22:48:00Z,fourier-demo,0.964275163171,1.717200000000,-0.956766094359,0.290858454725
2024-01-08T22:49:00Z,fourier-demo,0.916779134680,1.717350000000,-0.956318468895,0.292326847980
2024-01-08T22:50:00Z,fourier-demo,0.839144115325,1.717500000000,-0.955868589822,0.293794552352
2024-01-08T22:51:00Z,fourier-demo,0.735030531210,1.717650000000,-0.955416458199,0.295261564383
2024-01-08T22:52:00Z,fourier-demo,0.609306812203,1.717800000000,-0.954962075092,0.296727880617
2024-01-08T22:53:00Z,fourier-demo,0.467812943923,1.717950000000,-0.954505441572,0.298193497597
2024-01-08T22:54:00Z,fourier-demo,0.317085670755,1.718100000000,-0.954046558715,0.299658411871
2024-01-08T22:55:00Z,fourier-demo,0.164057276694,1.718250000000,-0.953585427601,0.301122619985
2024-01-08T22:56:00Z,fourier-demo,0.015740898848,1.718400000000,-0.953122049319,0.302586118489
2024-01-08T22:57:00Z,fourier-demo,-0.121084185053,1.718550000000,-0.952656424959,0.304048903935
2024-01-08T22:58:00Z,fourier-demo,-0.240173927316,1.718700000000,-0.952188555620,0.305510972875
2024-01-08T22:59:00Z,fourier-demo,-0.336094800603,1.718850000000,-0.951718442403,0.306972321864
2024-01-08T23:00:00Z,fourier-demo,-0.404461426898,1.719000000000,-0.951246086416,0.308432947459
2024-01-08T23:01:00Z,fourier-demo,-0.442126600971,1.719150000000,-0.950771488773,0.309892846216
2024-01-08T23:02:00Z,fourier-demo,-0.447315811420,1.719300000000,-0.950294650592,0.311352014697
2024-01-08T23:03:00Z,fourier-demo,-0.419700734369,1.719450000000,-0.949815572997,0.312810449461
2024-01-08T23:04:00Z,fourier-demo,-0.360408772755,1.719600000000,-0.949334257117,0.314268147073
2024-01-08T23:05:00Z,fourier-demo,-0.271968429522,1.719750000000,-0.948850704085,0.315725104098
2024-01-08T23:06:00Z,fourier-demo,-0.158193023087,1.719900000000,-0.948364915042,0.317181317101
2024-01-08T23:07:00Z,fourier-demo,-0.024007864993,1.720050000000,-0.947876891132,0.318636782651
2024-01-08T23:08:00Z,fourier-demo,0.124771585778,1.720200000000,-0.947386633505,0.320091497319
2024-01-08T23:09:00Z,fourier-demo,0.281700999337,1.720350000000,-0.946894143317,0.321545457676
2024-01-08T23:10:00Z,fourier-demo,0.439996614632,1.720500000000,-0.946399421728,0.322998660296
2024-01-08T23:11:00Z,fourier-demo,0.592840372248,1.720650000000,-0.945902469904,0.324451101754
2024-01-08T23:12:00Z,fourier-demo,0.733687590378,1.720800000000,-0.945403289016,0.325902778628
2024-01-08T23:13:00Z,fourier-demo,0.856563905529,1.720950000000,-0.944901880241,0.327353687496
2024-01-08T23:14:00Z,fourier-demo,0.956338628084,1.721100000000,-0.944398244759,0.328803824940
2024-01-08T23:15:00Z,fourier-demo,1.028962630899,1.721250000000,-0.943892383759,0.330253187543
2024-01-08T23:16:00Z,fourier-demo,1.071660357223,1.721400000000,-0.943384298431,0.331701771888
2024-01-08T23:17:00Z,fourier-demo,1.083067441866,1.721550000000,-0.942873989974,0.333149574562
2024-01-08T23:18:00Z,fourier-demo,1.063307708033,1.721700000000,-0.942361459589,0.334596592153
2024-01-08T23:19:00Z,fourier-demo,1.014005838079,1.721850000000,-0.941846708485,0.336042821252
2024-01-08T23:20:00Z,fourier-demo,0.938234714641,1.722000000000,-0.941329737875,0.337488258450
2024-01-08T23:21:00Z,fourier-demo,0.840399177642,1.722150000000,-0.940810548977,0.338932900341
2024-01-08T23:22:00Z,fourier-demo,0.726060628519,1.722300000000,-0.940289143014,0.340376743520
2024-01-08T23:23:00Z,fourier-demo,0.601709424273,1.722450000000,-0.939765521216,0.341819784586
2024-01-08T23:24:00Z,fourier-demo,0.474494236028,1.722600000000,-0.939239684815,0.343262020137
2024-01-08T23:25:00Z,fourier-demo,0.351919406701,1.722750000000,-0.938711635052,0.344703446775
2024-01-08T23:26:00Z,fourier-demo,0.241522751976,1.722900000000,-0.938181373170,0.346144061103
2024-01-08T23:27:00Z,fourier-demo,0.150547148703,1.723050000000,-0.937648900420,0.347583859726
2024-01-08T23:28:00Z,fourier-demo,0.085619606135,1.723200000000,-0.937114218055,0.349022839251
2024-01-08T23:29:00Z,fourier-demo,0.052451302198,1.723350000000,-0.936577327337,0.350460996288
2024-01-08T23:30:00Z,fourier-demo,0.055571295919,1.723500000000,-0.936038229529,0.351898327446
2024-01-08T23:31:00Z,fourier-demo,0.098105328353,1.723650000000,-0.935496925904,0.353334829340
2024-01-08T23:32:00Z,fourier-demo,0.181609349441,1.723800000000,-0.934953417736,0.354770498583
2024-01-08T23:33:00Z,fourier-demo,0.305965228432,1.723950000000,-0.934407706305,0.356205331793
2024-01-08T23:34:00Z,fourier-demo,0.469343609015,1.724100000000,-0.933859792899,0.357639325588
2024-01-08T23:35:00Z,fourier-demo,0.668236158237,1.724250000000,-0.933309678808,0.359072476589
2024-01-08T23:36:00Z,fourier-demo,0.897556640966,1.724400000000,-0.932757365328,0.360504781418
2024-01-08T23:37:00Z,fourier-demo,1.150807443965,1.724550000000,-0.932202853762,0.361936236702
2024-01-08T23:38:00Z,fourier-demo,1.420305490180,1.724700000000,-0.931646145416,0.363366839065
2024-01-08T23:39:00Z,fourier-demo,1.697459034499,1.724850000000,-0.931087241601,0.364796585137
2024-01-08T23:40:00Z,fourier-demo,1.973084717541,1.725000000000,-0.930526143635,0.366225471549
2024-01-08T23:41:00Z,fourier-demo,2.237752561025,1.725150000000,-0.929962852841,0.367653494933
2024-01-08T23:42:00Z,fourier-demo,2.482145387012,1.725300000000,-0.929397370545,0.369080651924
2024-01-08T23:43:00Z,fourier-demo,2.697418483895,1.725450000000,-0.928829698080,0.370506939159
2024-01-08T23:44:00Z,fourier-demo,2.875545252734,1.725600000000,-0.928259836784,0.371932353278
2024-01-08T23:45:00Z,fourier-demo,3.009635053219,1.725750000000,-0.927687787999,0.373356890920
2024-01-08T23:46:00Z,fourier-demo,3.094210511033,1.725900000000,-0.927113553075,0.374780548728
2024-01-08T23:47:00Z,fourier-demo,3.125433106522,1.726050000000,-0.926537133363,0.376203323349
2024-01-08T23:48:00Z,fourier-demo,3.101267876477,1.726200000000,-0.925958530223,0.377625211429
2024-01-08T23:49:00Z,fourier-demo,3.021580445854,1.726350000000,-0.925377745018,0.379046209617
2024-01-08T23:50:00Z,fourier-demo,2.888162268822,1.726500000000,-0.924794779117,0.380466314565
2024-01-08T23:51:00Z,fourier-demo,2.704682791382,1.726650000000,-0.924209633893,0.381885522925
2024-01-08T23:52:00Z,fourier-demo,2.476570137034,1.726800000000,-0.923622310725,0.383303831355
2024-01-08T23:53:00Z,fourier-demo,2.210824745988,1.726950000000,-0.923032810997,0.384721236511
2024-01-08T23:54:00Z,fourier-demo,1.915773053246,1.727100000000,-0.922441136099,0.386137735053
2024-01-08T23:55:00Z,fourier-demo,1.600770664470,1.727250000000,-0.921847287425,0.387553323644
2024-01-08T23:56:00Z,fourier-demo,1.275866485091,1.727400000000,-0.921251266374,0.388967998946
2024-01-08T23:57:00Z,fourier-demo,0.951440797387,1.727550000000,-0.920653074351,0.390381757627
2024-01-08T23:58:00Z,fourier-demo,0.637831300073,1.727700000000,-0.920052712765,0.391794596355
2024-01-08T23:59:00Z,fourier-demo,0.344961584720,1.727850000000,-0.919450183032,0.393206511801
2024-01-09T00:00:00Z,fourier-demo,0.081986404658,1.728000000000,-0.918845486571,0.394617500637
2024-01-09T00:01:00Z,fourier-demo,-0.143032599692,1.728150000000,-0.918238624807,0.396027559538
2024-01-09T00:02:00Z,fourier-demo,-0.323408291466,1.728300000000,-0.917629599170,0.397436685181
2024-01-09T00:03:00Z,fourier-demo,-0.454055846873,1.728450000000,-0.917018411095,0.398844874246
2024-01-09T00:04:00Z,fourier-demo,-0.531658440580,1.728600000000,-0.916405062024,0.400252123414
2024-01-09T00:05:00Z,fourier-demo,-0.554764754203,1.728750000000,-0.915789553400,0.401658429369
2024-01-09T00:06:00Z,fourier-demo,-0.523814980361,1.728900000000,-0.915171886675,0.403063788797
2024-01-09T00:07:00Z,fourier-demo,-0.441094844495,1.729050000000,-0.914552063304,0.404468198386
2024-01-09T00:08:00Z,fourier-demo,-0.310620025567,1.729200000000,-0.913930084748,0.405871654827
2024-01-09T00:09:00Z,fourier-demo,-0.137956109272,1.729350000000,-0.913305952473,0.407274154812
2024-01-09T00:10:00Z,fourier-demo,0.070018257522,1.729500000000,-0.912679667949,0.408675695036
2024-01-09T00:11:00Z,fourier-demo,0.305395126803,1.729650000000,-0.912051232652,0.410076272196
2024-01-09T00:12:00Z,fourier-demo,0.559556232226,1.729800000000,-0.911420648063,0.411475882993
2024-01-09T00:13:00Z,fourier-demo,0.823514176050,1.729950000000,-0.910787915668,0.412874524127
2024-01-09T00:14:00Z,fourier-demo,1.088262007198,1.730100000000,-0.910153036959,0.414272192302
2024-01-09T00:15:00Z,fourier-demo,1.345117146358,1.730250000000,-0.909516013430,0.415668884226
2024-01-09T00:16:00Z,fourier-demo,1.586045953715,1.730400000000,-0.908876846585,0.417064596606
2024-01-09T00:17:00Z,fourier-demo,1.803956129528,1.730550000000,-0.908235537928,0.418459326154
2024-01-09T00:18:00Z,fourier-demo,1.992945549023,1.730700000000,-0.907592088971,0.419853069582
2024-01-09T00:19:00Z,fourier-demo,2.148498001497,1.730850000000,-0.906946501230,0.421245823607
2024-01-09T00:20:00Z,fourier-demo,2.267618551166,1.731000000000,-0.906298776227,0.422637584947
2024-01-09T00:21:00Z,fourier-demo,2.348903770887,1.731150000000,-0.905648915488,0.424028350320
2024-01-09T00:22:00Z,fourier-demo,2.392544814597,1.731300000000,-0.904996920545,0.425418116451
2024-01-09T00:23:00Z,fourier-demo,2.400264078190,1.731450000000,-0.904342792933,0.426806880064
2024-01-09T00:24:00Z,fourier-demo,2.375188937048,1.731600000000,-0.903686534195,0.428194637887
2024-01-09T00:25:00Z,fourier-demo,2.321668629046,1.731750000000,-0.903028145877,0.429581386648
2024-01-09T00:26:00Z,fourier-demo,2.245042668914,1.731900000000,-0.902367629530,0.430967123081
2024-01-09T00:27:00Z,fourier-demo,2.151371138609,1.732050000000,-0.901704986711,0.432351843919
2024-01-09T00:28:00Z,fourier-demo,2.047138719176,1.732200000000,-0.901040218982,0.433735545899
2024-01-09T00:29:00Z,fourier-demo,1.938945350727,1.732350000000,-0.900373327909,0.435118225762
2024-01-09T00:30:00Z,fourier-demo,1.833196888039,1.732500000000,-0.899704315064,0.436499880247
2024-01-09T00:31:00Z,fourier-demo,1.735809040982,1.732650000000,-0.899033182022,0.437880506100
2024-01-09T00:32:00Z,fourier-demo,1.651937256471,1.732800000000,-0.898359930367,0.439260100067
2024-01-09T00:33:00Z,fourier-demo,1.585744039005,1.732950000000,-0.897684561684,0.440638658897
2024-01-09T00:34:00Z,fourier-demo,1.540213569507,1.733100000000,-0.897007077565,0.442016179341
2024-01-09T00:35:00Z,fourier-demo,1.517021435800,1.733250000000,-0.896327479606,0.443392658152
2024-01-09T00:36:00Z,fourier-demo,1.516464918409,1.733400000000,-0.895645769409,0.444768092088
2024-01-09T00:37:00Z,fourier-demo,1.537456681416,1.733550000000,-0.894961948580,0.446142477907
2024-01-09T00:38:00Z,fourier-demo,1.577582007918,1.733700000000,-0.894276018732,0.447515812371
2024-01-09T00:39:00Z,fourier-demo,1.633217006328,1.733850000000,-0.893587981479,0.448888092241
2024-01-09T00:40:00Z,fourier-demo,1.699702610074,1.734000000000,-0.892897838444,0.450259314286
2024-01-09T00:41:00Z,fourier-demo,1.771566807873,1.734150000000,-0.892205591253,0.451629475274
2024-01-09T00:42:00Z,fourier-demo,1.842785473865,1.734300000000,-0.891511241538,0.452998571975
2024-01-09T00:43:00Z,fourier-demo,1.907070502835,1.734450000000,-0.890814790934,0.454366601164
2024-01-09T00:44:00Z,fourier-demo,1.958172765005,1.734600000000,-0.890116241083,0.455733559616
2024-01-09T00:45:00Z,fourier-demo,1.990186727453,1.734750000000,-0.889415593631,0.457099444111
2024-01-09T00:46:00Z,fourier-demo,1.997843473369,1.734900000000,-0.888712850229,0.458464251429
2024-01-09T00:47:00Z,fourier-demo,1.976779291646,1.735050000000,-0.888008012533,0.459827978355
2024-01-09T00:48:00Z,fourier-demo,1.923767990178,1.735200000000,-0.887301082204,0.461190621674
2024-01-09T00:49:00Z,fourier-demo,1.836906566714,1.735350000000,-0.886592060908,0.462552178175
2024-01-09T00:50:00Z,fourier-demo,1.715745790739,1.735500000000,-0.885880950316,0.463912644651
2024-01-09T00:51:00Z,fourier-demo,1.561359529651,1.735650000000,-0.885167752104,0.465272017894
2024-01-09T00:52:00Z,fourier-demo,1.376349198642,1.735800000000,-0.884452467952,0.466630294702
2024-01-09T00:53:00Z,fourier-demo,1.164782421307,1.735950000000,-0.883735099546,0.467987471874
2024-01-09T00:54:00Z,fourier-demo,0.932067745058,1.736100000000,-0.883015648576,0.469343546211
2024-01-09T00:55:00Z,fourier-demo,0.684769948086,1.736250000000,-0.882294116738,0.470698514517
2024-01-09T00:56:00Z,fourier-demo,0.430372991030,1.736400000000,-0.881570505733,0.472052373601
2024-01-09T00:57:00Z,fourier-demo,0.176999902314,1.736550000000,-0.880844817265,0.473405120270
2024-01-09T00:58:00Z,fourier-demo,-0.066899252012,1.736700000000,-0.880117053044,0.474756751338
2024-01-09T00:59:00Z,fourier-demo,-0.292878753196,1.736850000000,-0.879387214786,0.476107263620
2024-01-09T01:00:00Z,fourier-demo,-0.492834510289,1.737000000000,-0.878655304210,0.477456653932
2024-01-09T01:01:00Z,fourier-demo,-0.659333428825,1.737150000000,-0.877921323042,0.478804919094
2024-01-09T01:02:00Z,fourier-demo,-0.785921278412,1.737300000000,-0.877185273010,0.480152055931
2024-01-09T01:03:00Z,fourier-demo,-0.867396247425,1.737450000000,-0.876447155850,0.481498061266
2024-01-09T01:04:00Z,fourier-demo,-0.900036679724,1.737600000000,-0.875706973300,0.482842931928
2024-01-09T01:05:00Z,fourier-demo,-0.881773272627,1.737750000000,-0.874964727106,0.484186664749
2024-01-09T01:06:00Z,fourier-demo,-0.812298205734,1.737900000000,-0.874220419016,0.485529256560
2024-01-09T01:07:00Z,fourier-demo,-0.693106178443,1.738050000000,-0.873474050784,0.486870704199
2024-01-09T01:08:00Z,fourier-demo,-0.527465058686,1.738200000000,-0.872725624169,0.488211004504
2024-01-09T01:09:00Z,fourier-demo,-0.320316676052,1.738350000000,-0.871975140935,0.489550154316
2024-01-09T01:10:00Z,fourier-demo,-0.078111114091,1.738500000000,-0.871222602851,0.490888150480
2024-01-09T01:11:00Z,fourier-demo,0.191419445811,1.738650000000,-0.870468011689,0.492224989844
2024-01-09T01:12:00Z,fourier-demo,0.479538812991,1.738800000000,-0.869711369228,0.493560669256
2024-01-09T01:13:00Z,fourier-demo,0.776826163676,1.738950000000,-0.868952677251,0.494895185568
2024-01-09T01:14:00Z,fourier-demo,1.073524353190,1.739100000000,-0.868191937546,0.496228535637
2024-01-09T01:15:00Z,fourier-demo,1.359903598135,1.739250000000,-0.867429151905,0.497560716320
2024-01-09T01:16:00Z,fourier-demo,1.626626290760,1.739400000000,-0.866664322127,0.498891724478
2024-01-09T01:17:00Z,fourier-demo,1.865098606850,1.739550000000,-0.865897450013,0.500221556973
2024-01-09T01:18:00Z,fourier-demo,2.067795043984,1.739700000000,-0.865128537371,0.501550210673
2024-01-09T01:19:00Z,fourier-demo,2.228543060380,1.739850000000,-0.864357586013,0.502877682446
2024-01-09T01:20:00Z,fourier-demo,2.342756535140,1.740000000000,-0.863584597755,0.504203969164
2024-01-09T01:21:00Z,fourier-demo,2.407608776490,1.740150000000,-0.862809574419,0.505529067701
2024-01-09T01:22:00Z,fourier-demo,2.422138185222,1.740300000000,-0.862032517832,0.506852974935
2024-01-09T01:23:00Z,fourier-demo,2.387282340299,1.740450000000,-0.861253429824,0.508175687747
2024-01-09T01:24:00Z,fourier-demo,2.305839105369,1.740600000000,-0.860472312232,0.509497203018
2024-01-09T01:25:00Z,fourier-demo,2.182356244777,1.740750000000,-0.859689166896,0.510817517635
2024-01-09T01:26:00Z,fourier-demo,2.022953868974,1.740900000000,-0.858903995661,0.512136628486
2024-01-09T01:27:00Z,fourier-demo,1.835086687979,1.741050000000,-0.858116800379,0.513454532463
2024-01-09T01:28:00Z,fourier-demo,1.627255430547,1.741200000000,-0.857327582904,0.514771226460
2024-01-09T01:29:00Z,fourier-demo,1.408678790154,1.741350000000,-0.856536345096,0.516086707375
2024-01-09T01:30:00Z,fourier-demo,1.188938806310,1.741500000000,-0.855743088820,0.517400972106
2024-01-09T01:31:00Z,fourier-demo,0.977613618908,1.741650000000,-0.854947815945,0.518714017558
2024-01-09T01:32:00Z,fourier-demo,0.783912003361,1.741800000000,-0.854150528344,0.520025840636
2024-01-09T01:33:00Z,fourier-demo,0.616323986768,1.741950000000,-0.853351227898,0.521336438248
2024-01-09T01:34:00Z,fourier-demo,0.482301165343,1.742100000000,-0.852549916489,0.522645807306
2024-01-09T01:35:00Z,fourier-demo,0.387979119161,1.742250000000,-0.851746596006,0.523953944725
2024-01-09T01:36:00Z,fourier-demo,0.337952602110,1.742400000000,-0.850941268341,0.525260847421
2024-01-09T01:37:00Z,fourier-demo,0.335112043183,1.742550000000,-0.850133935393,0.526566512316
2024-01-09T01:38:00Z,fourier-demo,0.380547417123,1.742700000000,-0.849324599065,0.527870936331
2024-01-09T01:39:00Z,fourier-demo,0.473522828985,1.742850000000,-0.848513261263,0.529174116394
2024-01-09T01:40:00Z,fourier-demo,0.611522318511,1.743000000000,-0.847699923899,0.530476049433
2024-01-09T01:41:00Z,fourier-demo,0.790364541703,1.743150000000,-0.846884588890,0.531776732380
2024-01-09T01:42:00Z,fourier-demo,1.004381243869,1.743300000000,-0.846067258158,0.533076162170
2024-01-09T01:43:00Z,fourier-demo,1.246651911738,1.743450000000,-0.845247933628,0.534374335740
2024-01-09T01:44:00Z,fourier-demo,1.509284783728,1.743600000000,-0.844426617231,0.535671250033
2024-01-09T01:45:00Z,fourier-demo,1.783732596042,1.743750000000,-0.843603310903,0.536966901990
2024-01-09T01:46:00Z,fourier-demo,2.061130119722,1.743900000000,-0.842778016584,0.538261288560
2024-01-09T01:47:00Z,fourier-demo,2.332639752564,1.744050000000,-0.841950736219,0.539554406692
2024-01-09T01:48:00Z,fourier-demo,2.589791200367,1.744200000000,-0.841121471757,0.540846253338
2024-01-09T01:49:00Z,fourier-demo,2.824801621846,1.744350000000,-0.840290225152,0.542136825454
2024-01-09T01:50:00Z,fourier-demo,3.030863504979,1.744500000000,-0.839456998364,0.543426119999
2024-01-09T01:51:00Z,fourier-demo,3.202388951282,1.744650000000,-0.838621793356,0.544714133935
2024-01-09T01:52:00Z,fourier-demo,3.335200909033,1.744800000000,-0.837784612096,0.546000864226
2024-01-09T01:53:00Z,fourier-demo,3.426664139177,1.744950000000,-0.836945456556,0.547286307841
2024-01-09T01:54:00Z,fourier-demo,3.475751225126,1.745100000000,-0.836104328715,0.548570461749
2024-01-09T01:55:00Z,fourier-demo,3.483041645395,1.745250000000,-0.835261230555,0.549853322925
2024-01-09T01:56:00Z,fourier-demo,3.450654704188,1.745400000000,-0.834416164062,0.551134888346
2024-01-09T01:57:00Z,fourier-demo,3.382119845151,1.745550000000,-0.833569131228,0.552415154991
2024-01-09T01:58:00Z,fourier-demo,3.282190445358,1.745700000000,-0.832720134049,0.553694119844
2024-01-09T01:59:00Z,fourier-demo,3.156609494660,1.745850000000,-0.831869174525,0.554971779890
2024-01-09T02:00:00Z,fourier-demo,3.011837515196,1.746000000000,-0.831016254663,0.556248132119
2024-01-09T02:01:00Z,fourier-demo,2.854754587722,1.746150000000,-0.830161376471,0.557523173523
2024-01-09T02:02:00Z,fourier-demo,2.692349363985,1.746300000000,-0.829304541965,0.558796901098
2024-01-09T02:03:00Z,fourier-demo,2.531408416906,1.746450000000,-0.828445753163,0.560069311841
2024-01-09T02:04:00Z,fourier-demo,2.378219194650,1.746600000000,-0.827585012090,0.561340402754
2024-01-09T02:05:00Z,fourier-demo,2.238299205196,1.746750000000,-0.826722320773,0.562610170842
2024-01-09T02:06:00Z,fourier-demo,2.116162892616,1.746900000000,-0.825857681247,0.563878613113
2024-01-09T02:07:00Z,fourier-demo,2.015136023950,1.747050000000,-0.824991095547,0.565145726577
2024-01-09T02:08:00Z,fourier-demo,1.937225355451,1.747200000000,-0.824122565717,0.566411508248
2024-01-09T02:09:00Z,fourier-demo,1.883048974704,1.747350000000,-0.823252093803,0.567675955144
2024-01-09T02:10:00Z,fourier-demo,1.851830119709,1.747500000000,-0.822379681857,0.568939064284
2024-01-09T02:11:00Z,fourier-demo,1.841454565717,1.747650000000,-0.821505331934,0.570200832693
2024-01-09T02:12:00Z,fourier-demo,1.848588958268,1.747800000000,-0.820629046095,0.571461257396
2024-01-09T02:13:00Z,fourier-demo,1.868854869489,1.747950000000,-0.819750826405,0.572720335424
2024-01-09T02:14:00Z,fourier-demo,1.897050972640,1.748100000000,-0.818870674933,0.573978063810
2024-01-09T02:15:00Z,fourier-demo,1.927413666474,1.748250000000,-0.817988593754,0.575234439589
2024-01-09T02:16:00Z,fourier-demo,1.953904822258,1.748400000000,-0.817104584945,0.576489459801
2024-01-09T02:17:00Z,fourier-demo,1.970514141868,1.748550000000,-0.816218650592,0.577743121488
2024-01-09T02:18:00Z,fourier-demo,1.971562954790,1.748700000000,-0.815330792780,0.578995421696
2024-01-09T02:19:00Z,fourier-demo,1.951996173616,1.748850000000,-0.814441013603,0.580246357474
2024-01-09T02:20:00Z,fourier-demo,1.907649576757,1.749000000000,-0.813549315157,0.581495925874
2024-01-09T02:21:00Z,fourier-demo,1.835480576136,1.749150000000,-0.812655699543,0.582744123951
2024-01-09T02:22:00Z,fourier-demo,1.733752116307,1.749300000000,-0.811760168868,0.583990948765
2024-01-09T02:23:00Z,fourier-demo,1.602161279144,1.749450000000,-0.810862725242,0.585236397376
2024-01-09T02:24:00Z,fourier-demo,1.441906455826,1.749600000000,-0.809963370779,0.586480466849
2024-01-09T02:25:00Z,fourier-demo,1.255689501327,1.749750000000,-0.809062107600,0.587723154254
2024-01-09T02:26:00Z,fourier-demo,1.047652000933,1.749900000000,-0.808158937827,0.588964456661
2024-01-09T02:27:00Z,fourier-demo,0.823247541275,1.750050000000,-0.807253863589,0.590204371146
2024-01-09T02:28:00Z,fourier-demo,0.589054576048,1.750200000000,-0.806346887020,0.591442894786
2024-01-09T02:29:00Z,fourier-demo,0.352536997004,1.750350000000,-0.805438010256,0.592680024663
2024-01-09T02:30:00Z,fourier-demo,0.121761759404,1.750500000000,-0.804527235439,0.593915757862
2024-01-09T02:31:00Z,fourier-demo,-0.094915225363,1.750650000000,-0.803614564716,0.595150091470
2024-01-09T02:32:00Z,fourier-demo,-0.289182307033,1.750800000000,-0.802700000237,0.596383022579
2024-01-09T02:33:00Z,fourier-demo,-0.453110903152,1.750950000000,-0.801783544157,0.597614548282
2024-01-09T02:34:00Z,fourier-demo,-0.579486028814,1.751100000000,-0.800865198637,0.598844665679
2024-01-09T02:35:00Z,fourier-demo,-0.662114904776,1.751250000000,-0.799944965840,0.600073371870
2024-01-09T02:36:00Z,fourier-demo,-0.696100781544,1.751400000000,-0.799022847934,0.601300663960
2024-01-09T02:37:00Z,fourier-demo,-0.678070429838,1.751550000000,-0.798098847094,0.602526539057
2024-01-09T02:38:00Z,fourier-demo,-0.606345539206,1.751700000000,-0.797172965496,0.603750994271
2024-01-09T02:39:00Z,fourier-demo,-0.481050465115,1.751850000000,-0.796245205322,0.604974026717
2024-01-09T02:40:00Z,fourier-demo,-0.304151281992,1.752000000000,-0.795315568758,0.606195633513
2024-01-09T02:41:00Z,fourier-demo,-0.079423834133,1.752150000000,-0.794384057996,0.607415811781
2024-01-09T02:42:00Z,fourier-demo,0.187648682778,1.752300000000,-0.793450675230,0.608634558644
2024-01-09T02:43:00Z,fourier-demo,0.490045244549,1.752450000000,-0.792515422661,0.609851871232
2024-01-09T02:44:00Z,fourier-demo,0.819437552416,1.752600000000,-0.791578302491,0.611067746675
2024-01-09T02:45:00Z,fourier-demo,1.166473070285,1.752750000000,-0.790639316929,0.612282182107
2024-01-09T02:46:00Z,fourier-demo,1.521099858173,1.752900000000,-0.789698468188,0.613495174668
2024-01-09T02:47:00Z,fourier-demo,1.872920797798,1.753050000000,-0.788755758486,0.614706721498
2024-01-09T02:48:00Z,fourier-demo,2.211563582275,1.753200000000,-0.787811190043,0.615916819743
2024-01-09T02:49:00Z,fourier-demo,2.527052161236,1.753350000000,-0.786864765086,0.617125466551
2024-01-09T02:50:00Z,fourier-demo,2.810165224090,1.753500000000,-0.785916485845,0.618332659073
2024-01-09T02:51:00Z,fourier-demo,3.052767772788,1.753650000000,-0.784966354555,0.619538394465
2024-01-09T02:52:00Z,fourier-demo,3.248102863382,1.753800000000,-0.784014373454,0.620742669886
2024-01-09T02:53:00Z,fourier-demo,3.391032142040,1.753950000000,-0.783060544787,0.621945482497
2024-01-09T02:54:00Z,fourier-demo,3.478215804305,1.754100000000,-0.782104870800,0.623146829464
2024-01-09T02:55:00Z,fourier-demo,3.508224985766,1.754250000000,-0.781147353746,0.624346707957
2024-01-09T02:56:00Z,fourier-demo,3.481582252459,1.754400000000,-0.780187995881,0.625545115146
2024-01-09T02:57:00Z,fourier-demo,3.400728693102,1.754550000000,-0.779226799466,0.626742048209
2024-01-09T02:58:00Z,fourier-demo,3.269919008647,1.754700000000,-0.778263766767,0.627937504325
2024-01-09T02:59:00Z,fourier-demo,3.095048831065,1.754850000000,-0.777298900052,0.629131480676
2024-01-09T03:00:00Z,fourier-demo,2.883421168654,1.755000000000,-0.776332201595,0.630323974450
2024-01-09T03:01:00Z,fourier-demo,2.643461262151,1.755150000000,-0.775363673675,0.631514982835
2024-01-09T03:02:00Z,fourier-demo,2.384391148700,1.755300000000,-0.774393318574,0.632704503025
2024-01-09T03:03:00Z,fourier-demo,2.115876788599,1.755450000000,-0.773421138579,0.633892532217
2024-01-09T03:04:00Z,fourier-demo,1.847661650379,1.755600000000,-0.772447135979,0.635079067611
2024-01-09T03:05:00Z,fourier-demo,1.589201132153,1.755750000000,-0.771471313072,0.636264106411
2024-01-09T03:06:00Z,fourier-demo,1.349312102540,1.755900000000,-0.770493672156,0.637447645825
2024-01-09T03:07:00Z,fourier-demo,1.135851177909,1.756050000000,-0.769514215535,0.638629683063
2024-01-09T03:08:00Z,fourier-demo,0.955434142034,1.756200000000,-0.768532945518,0.639810215341
2024-01-09T03:09:00Z,fourier-demo,0.813207209769,1.756350000000,-0.767549864416,0.640989239875
2024-01-09T03:10:00Z,fourier-demo,0.712678707979,1.756500000000,-0.766564974547,0.642166753888
2024-01-09T03:11:00Z,fourier-demo,0.655617281871,1.756650000000,-0.765578278231,0.643342754604
2024-01-09T03:12:00Z,fourier-demo,0.642020033744,1.756800000000,-0.764589777793,0.644517239253
2024-01-09T03:13:00Z,fourier-demo,0.670151174128,1.756950000000,-0.763599475564,0.645690205066
2024-01-09T03:14:00Z,fourier-demo,0.736648927228,1.757100000000,-0.762607373876,0.646861649280
2024-01-09T03:15:00Z,fourier-demo,0.836695698897,1.757250000000,-0.761613475068,0.648031569134
2024-01-09T03:16:00Z,fourier-demo,0.964243996619,1.757400000000,-0.760617781482,0.649199961871
2024-01-09T03:17:00Z,fourier-demo,1.112288389074,1.757550000000,-0.759620295464,0.650366824737
2024-01-09T03:18:00Z,fourier-demo,1.273171996360,1.757700000000,-0.758621019365,0.651532154983
2024-01-09T03:19:00Z,fourier-demo,1.438914682716,1.757850000000,-0.757619955540,0.652695949863
2024-01-09T03:20:00Z,fourier-demo,1.601549333945,1.758000000000,-0.756617106347,0.653858206634
2024-01-09T03:21:00Z,fourier-demo,1.753452372136,1.758150000000,-0.755612474150,0.655018922558
2024-01-09T03:22:00Z,fourier-demo,1.887654998234,1.758300000000,-0.754606061317,0.656178094898
2024-01-09T03:23:00Z,fourier-demo,1.998122542825,1.758450000000,-0.753597870219,0.657335720923
2024-01-09T03:24:00Z,fourier-demo,2.079990708937,1.758600000000,-0.752587903232,0.658491797906
2024-01-09T03:25:00Z,fourier-demo,2.129749348362,1.758750000000,-0.751576162736,0.659646323121
2024-01-09T03:26:00Z,fourier-demo,2.145366647348,1.758900000000,-0.750562651115,0.660799293849
2024-01-09T03:27:00Z,fourier-demo,2.126349115371,1.759050000000,-0.749547370758,0.661950707372
2024-01-09T03:28:00Z,fourier-demo,2.073735467621,1.759200000000,-0.748530324056,0.663100560977
2024-01-09T03:29:00Z,fourier-demo,1.990025256112,1.759350000000,-0.747511513408,0.664248851954
2024-01-09T03:30:00Z,fourier-demo,1.879045821856,1.759500000000,-0.746490941214,0.665395577597
2024-01-09T03:31:00Z,fourier-demo,1.745763699083,1.759650000000,-0.745468609878,0.666540735204
2024-01-09T03:32:00Z,fourier-demo,1.596048896923,1.759800000000,-0.744444521810,0.667684322077
2024-01-09T03:33:00Z,fourier-demo,1.436402419775,1.759950000000,-0.743418679424,0.668826335519
2024-01-09T03:34:00Z,fourier-demo,1.273658885644,1.760100000000,-0.742391085136,0.669966772841
2024-01-09T03:35:00Z,fourier-demo,1.114677100715,1.760250000000,-0.741361741368,0.671105631354
2024-01-09T03:36:00Z,fourier-demo,0.966031907925,1.760400000000,-0.740330650547,0.672242908375
2024-01-09T03:37:00Z,fourier-demo,0.833720529076,1.760550000000,-0.739297815101,0.673378601224
2024-01-09T03:38:00Z,fourier-demo,0.722895969105,1.760700000000,-0.738263237465,0.674512707224
2024-01-09T03:39:00Z,fourier-demo,0.637638875038,1.760850000000,-0.737226920077,0.675645223704
2024-01-09T03:40:00Z,fourier-demo,0.580777590587,1.761000000000,-0.736188865379,0.676776147993
2024-01-09T03:41:00Z,fourier-demo,0.553764089093,1.761150000000,-0.735149075817,0.677905477427
2024-01-09T03:42:00Z,fourier-demo,0.556611088658,1.761300000000,-0.734107553841,0.679033209345
2024-01-09T03:43:00Z,fourier-demo,0.587893052834,1.761450000000,-0.733064301906,0.680159341090
2024-01-09T03:44:00Z,fourier-demo,0.644811066359,1.761600000000,-0.732019322470,0.681283870006
2024-01-09T03:45:00Z,fourier-demo,0.723318861225,1.761750000000,-0.730972617996,0.682406793445
2024-01-09T03:46:00Z,fourier-demo,0.818304666679,1.761900000000,-0.729924190951,0.683528108760
2024-01-09T03:47:00Z,fourier-demo,0.923821176031,1.762050000000,-0.728874043805,0.684647813308
2024-01-09T03:48:00Z,fourier-demo,1.033353862548,1.762200000000,-0.727822179032,0.685765904452
2024-01-09T03:49:00Z,fourier-demo,1.140116222423,1.762350000000,-0.726768599112,0.686882379556
2024-01-09T03:50:00Z,fourier-demo,1.237359344043,1.762500000000,-0.725713306528,0.687997235989
2024-01-09T03:51:00Z,fourier-demo,1.318682549262,1.762650000000,-0.724656303766,0.689110471124
2024-01-09T03:52:00Z,fourier-demo,1.378331752230,1.762800000000,-0.723597593317,0.690222082337
2024-01-09T03:53:00Z,fourier-demo,1.411472639602,1.762950000000,-0.722537177676,0.691332067010
2024-01-09T03:54:00Z,fourier-demo,1.414426774817,1.763100000000,-0.721475059342,0.692440422526
2024-01-09T03:55:00Z,fourier-demo,1.384860228406,1.763250000000,-0.720411240818,0.693547146273
2024-01-09T03:56:00Z,fourier-demo,1.321916274819,1.763400000000,-0.719345724610,0.694652235644
2024-01-09T03:57:00Z,fourier-demo,1.226285995061,1.763550000000,-0.718278513231,0.695755688033
2024-01-09T03:58:00Z,fourier-demo,1.100213189017,1.763700000000,-0.717209609194,0.696857500842
2024-01-09T03:59:00Z,fourier-demo,0.947432726682,1.763850000000,-0.716139015019,0.697957671473
2024-01-09T04:00:00Z,fourier-demo,0.773044241133,1.764000000000,-0.715066733228,0.699056197333
2024-01-09T04:01:00Z,fourier-demo,0.583325773806,1.764150000000,-0.713992766349,0.700153075835
2024-01-09T04:02:00Z,fourier-demo,0.385494512484,1.764300000000,-0.712917116912,0.701248304393
2024-01-09T04:03:00Z,fourier-demo,0.187424009509,1.764450000000,-0.711839787452,0.702341880426
2024-01-09T04:04:00Z,fourier-demo,-0.002670861207,1.764600000000,-0.710760780508,0.703433801357
2024-01-09T04:05:00Z,fourier-demo,-0.176568533164,1.764750000000,-0.709680098623,0.704524064613
2024-01-09T04:06:00Z,fourier-demo,-0.326381384306,1.764900000000,-0.708597744343,0.705612667625
2024-01-09T04:07:00Z,fourier-demo,-0.444888454322,1.765050000000,-0.707513720219,0.706699607827
2024-01-09T04:08:00Z,fourier-demo,-0.525846533484,1.765200000000,-0.706428028805,0.707784882658
2024-01-09T04:09:00Z,fourier-demo,-0.564266695344,1.765350000000,-0.705340672660,0.708868489560
2024-01-09T04:10:00Z,fourier-demo,-0.556644658386,1.765500000000,-0.704251654346,0.709950425981
2024-01-09T04:11:00Z,fourier-demo,-0.501135154547,1.765650000000,-0.703160976431,0.711030689369
2024-01-09T04:12:00Z,fourier-demo,-0.397662683600,1.765800000000,-0.702068641483,0.712109277181
2024-01-09T04:13:00Z,fourier-demo,-0.247963553368,1.765950000000,-0.700974652077,0.713186186873
2024-01-09T04:14:00Z,fourier-demo,-0.055556844964,1.766100000000,-0.699879010791,0.714261415908
2024-01-09T04:15:00Z,fourier-demo,0.174355211065,1.766250000000,-0.698781720207,0.715334961752
2024-01-09T04:16:00Z,fourier-demo,0.435054123037,1.766400000000,-0.697682782911,0.716406821875
2024-01-09T04:17:00Z,fourier-demo,0.718533250550,1.766550000000,-0.696582201493,0.717476993752
2024-01-09T04:18:00Z,fourier-demo,1.015778618518,1.766700000000,-0.695479978545,0.718545474861
2024-01-09T04:19:00Z,fourier-demo,1.317091762935,1.766850000000,-0.694376116666,0.719612262683
2024-01-09T04:20:00Z,fourier-demo,1.612442213202,1.767000000000,-0.693270618457,0.720677354705
2024-01-09T04:21:00Z,fourier-demo,1.891835983665,1.767150000000,-0.692163486523,0.721740748416
2024-01-09T04:22:00Z,fourier-demo,2.145685758368,1.767300000000,-0.691054723473,0.722802441311
2024-01-09T04:23:00Z,fourier-demo,2.365168336699,1.767450000000,-0.689944331920,0.723862430888
2024-01-09T04:24:00Z,fourier-demo,2.542555369172,1.767600000000,-0.688832314480,0.724920714649
2024-01-09T04:25:00Z,fourier-demo,2.671504434024,1.767750000000,-0.687718673775,0.725977290100
2024-01-09T04:26:00Z,fourier-demo,2.747299046070,1.767900000000,-0.686603412428,0.727032154752
2024-01-09T04:27:00Z,fourier-demo,2.767028187652,1.768050000000,-0.685486533067,0.728085306117
2024-01-09T04:28:00Z,fourier-demo,2.729698327269,1.768200000000,-0.684368038325,0.729136741715
2024-01-09T04:29:00Z,fourier-demo,2.636273549060,1.768350000000,-0.683247930837,0.730186459068
2024-01-09T04:30:00Z,fourier-demo,2.489642248733,1.768500000000,-0.682126213243,0.731234455702
2024-01-09T04:31:00Z,fourier-demo,2.294511744752,1.768650000000,-0.681002888187,0.732280729148
2024-01-09T04:32:00Z,fourier-demo,2.057234991077,1.768800000000,-0.679877958315,0.733325276939
2024-01-09T04:33:00Z,fourier-demo,1.785576245400,1.768950000000,-0.678751426279,0.734368096614
2024-01-09T04:34:00Z,fourier-demo,1.488424937201,1.769100000000,-0.677623294732,0.735409185717
2024-01-09T04:35:00Z,fourier-demo,1.175468997286,1.769250000000,-0.676493566334,0.736448541792
2024-01-09T04:36:00Z,fourier-demo,0.856840473811,1.769400000000,-0.675362243748,0.737486162392
2024-01-09T04:37:00Z,fourier-demo,0.542747306942,1.769550000000,-0.674229329638,0.738522045071
2024-01-09T04:38:00Z,fourier-demo,0.243105623832,1.769700000000,-0.673094826674,0.739556187388
2024-01-09T04:39:00Z,fourier-demo,-0.032813171090,1.769850000000,-0.671958737531,0.740588586906
2024-01-09T04:40:00Z,fourier-demo,-0.276706893832,1.770000000000,-0.670821064886,0.741619241191
2024-01-09T04:41:00Z,fourier-demo,-0.481526251755,1.770150000000,-0.669681811419,0.742648147816
2024-01-09T04:42:00Z,fourier-demo,-0.641706968641,1.770300000000,-0.668540979815,0.743675304356
2024-01-09T04:43:00Z,fourier-demo,-0.753341764441,1.770450000000,-0.667398572762,0.744700708389
2024-01-09T04:44:00Z,fourier-demo,-0.814286046760,1.770600000000,-0.666254592954,0.745724357500
2024-01-09T04:45:00Z,fourier-demo,-0.824193864127,1.770750000000,-0.665109043084,0.746746249276
2024-01-09T04:46:00Z,fourier-demo,-0.784483490554,1.770900000000,-0.663961925854,0.747766381309
2024-01-09T04:47:00Z,fourier-demo,-0.698234842084,1.771050000000,-0.662813243966,0.748784751195
2024-01-09T04:48:00Z,fourier-demo,-0.570023653803,1.771200000000,-0.661663000128,0.749801356535
2024-01-09T04:49:00Z,fourier-demo,-0.405699859545,1.771350000000,-0.660511197049,0.750816194932
2024-01-09T04:50:00Z,fourier-demo,-0.212119814674,1.771500000000,-0.659357837444,0.751829263996
2024-01-09T04:51:00Z,fourier-demo,0.003156203688,1.771650000000,-0.658202924032,0.752840561338
2024-01-09T04:52:00Z,fourier-demo,0.232188466666,1.771800000000,-0.657046459533,0.753850084576
2024-01-09T04:53:00Z,fourier-demo,0.466990691663,1.771950000000,-0.655888446673,0.754857831330
2024-01-09T04:54:00Z,fourier-demo,0.699857595091,1.772100000000,-0.654728888181,0.755863799227
2024-01-09T04:55:00Z,fourier-demo,0.923673661372,1.772250000000,-0.653567786789,0.756867985894
2024-01-09T04:56:00Z,fourier-demo,1.132190575278,1.772400000000,-0.652405145234,0.757870388966
2024-01-09T04:57:00Z,fourier-demo,1.320262162312,1.772550000000,-0.651240966255,0.758871006081
2024-01-09T04:58:00Z,fourier-demo,1.484027532570,1.772700000000,-0.650075252596,0.759869834881
2024-01-09T04:59:00Z,fourier-demo,1.621035349667,1.772850000000,-0.648908007005,0.760866873011
2024-01-09T05:00:00Z,fourier-demo,1.730304654950,1.773000000000,-0.647739232230,0.761862118122
2024-01-09T05:01:00Z,fourier-demo,1.812320363931,1.773150000000,-0.646568931028,0.762855567870
2024-01-09T05:02:00Z,fourier-demo,1.868964305306,1.773300000000,-0.645397106155,0.763847219912
2024-01-09T05:03:00Z,fourier-demo,1.903385378870,1.773450000000,-0.644223760373,0.764837071912
2024-01-09T05:04:00Z,fourier-demo,1.919814955343,1.773600000000,-0.643048896448,0.765825121537
2024-01-09T05:05:00Z,fourier-demo,1.923335923389,1.773750000000,-0.641872517148,0.766811366459
2024-01-09T05:06:00Z,fourier-demo,1.919615712846,1.773900000000,-0.640694625244,0.767795804354
2024-01-09T05:07:00Z,fourier-demo,1.914615109307,1.774050000000,-0.639515223514,0.768778432901
2024-01-09T05:08:00Z,fourier-demo,1.914285662716,1.774200000000,-0.638334314735,0.769759249786
2024-01-09T05:09:00Z,fourier-demo,1.924268941175,1.774350000000,-0.637151901692,0.770738252697
2024-01-09T05:10:00Z,fourier-demo,1.949610772934,1.774500000000,-0.635967987169,0.771715439327
2024-01-09T05:11:00Z,fourier-demo,1.994502959392,1.774650000000,-0.634782573959,0.772690807373
2024-01-09T05:12:00Z,fourier-demo,2.062063757979,1.774800000000,-0.633595664853,0.773664354536
2024-01-09T05:13:00Z,fourier-demo,2.154166775425,1.774950000000,-0.632407262649,0.774636078523
2024-01-09T05:14:00Z,fourier-demo,2.271325848507,1.775100000000,-0.631217370147,0.775605977043
2024-01-09T05:15:00Z,fourier-demo,2.412641106700,1.775250000000,-0.630025990152,0.776574047811
2024-01-09T05:16:00Z,fourier-demo,2.575808808544,1.775400000000,-0.628833125470,0.777540288545
2024-01-09T05:17:00Z,fourier-demo,2.757194829227,1.775550000000,-0.627638778914,0.778504696969
2024-01-09T05:18:00Z,fourier-demo,2.951968963853,1.775700000000,-0.626442953297,0.779467270810
2024-01-09T05:19:00Z,fourier-demo,3.154294612053,1.775850000000,-0.625245651438,0.780428007800
2024-01-09T05:20:00Z,fourier-demo,3.357566033449,1.776000000000,-0.624046876158,0.781386905673
2024-01-09T05:21:00Z,fourier-demo,3.554683309029,1.776150000000,-0.622846630281,0.782343962172
2024-01-09T05:22:00Z,fourier-demo,3.738353496810,1.776300000000,-0.621644916638,0.783299175040
2024-01-09T05:23:00Z,fourier-demo,3.901405300541,1.776450000000,-0.620441738058,0.784252542027
2024-01-09T05:24:00Z,fourier-demo,4.037103926951,1.776600000000,-0.619237097379,0.785204060885
2024-01-09T05:25:00Z,fourier-demo,4.139452718411,1.776750000000,-0.618030997437,0.786153729373
2024-01-09T05:26:00Z,fourier-demo,4.203468618499,1.776900000000,-0.616823441077,0.787101545252
2024-01-09T05:27:00Z,fourier-demo,4.225419540064,1.777050000000,-0.615614431143,0.788047506289
2024-01-09T05:28:00Z,fourier-demo,4.203013218297,1.777200000000,-0.614403970484,0.788991610255
2024-01-09T05:29:00Z,fourier-demo,4.135529083977,1.777350000000,-0.613192061953,0.789933854925
2024-01-09T05:30:00Z,fourier-demo,4.023887005005,1.777500000000,-0.611978708407,0.790874238079
2024-01-09T05:31:00Z,fourier-demo,3.870649323061,1.777650000000,-0.610763912703,0.791812757500
2024-01-09T05:32:00Z,fourier-demo,3.679955351303,1.777800000000,-0.609547677705,0.792749410977
2024-01-09T05:33:00Z,fourier-demo,3.457390285909,1.777950000000,-0.608330006280,0.793684196302
2024-01-09T05:34:00Z,fourier-demo,3.209793204519,1.778100000000,-0.607110901296,0.794617111273
2024-01-09T05:35:00Z,fourier-demo,2.945011366014,1.778250000000,-0.605890365626,0.795548153691
2024-01-09T05:36:00Z,fourier-demo,2.671610283712,1.778400000000,-0.604668402147,0.796477321362
2024-01-09T05:37:00Z,fourier-demo,2.398550924259,1.778550000000,-0.603445013739,0.797404612097
2024-01-09T05:38:00Z,fourier-demo,2.134846808956,1.778700000000,-0.602220203284,0.798330023710
2024-01-09T05:39:00Z,fourier-demo,1.889214703265,1.778850000000,-0.600993973668,0.799253554021
2024-01-09T05:40:00Z,fourier-demo,1.669732934675,1.779000000000,-0.599766327782,0.800175200853
2024-01-09T05:41:00Z,fourier-demo,1.483521163068,1.779150000000,-0.598537268517,0.801094962034
2024-01-09T05:42:00Z,fourier-demo,1.336454647892,1.779300000000,-0.597306798772,0.802012835397
2024-01-09T05:43:00Z,fourier-demo,1.232924743135,1.779450000000,-0.596074921445,0.802928818778
2024-01-09T05:44:00Z,fourier-demo,1.175655556156,1.779600000000,-0.594841639439,0.803842910020
2024-01-09T05:45:00Z,fourier-demo,1.165584501386,1.779750000000,-0.593606955660,0.804755106968
2024-01-09T05:46:00Z,fourier-demo,1.201811953534,1.779900000000,-0.592370873019,0.805665407473
2024-01-09T05:47:00Z,fourier-demo,1.281622458714,1.780050000000,-0.591133394428,0.806573809389
2024-01-09T05:48:00Z,fourier-demo,1.400577106927,1.780200000000,-0.589894522803,0.807480310576
2024-01-09T05:49:00Z,fourier-demo,1.552673820989,1.780350000000,-0.588654261063,0.808384908897
2024-01-09T05:50:00Z,fourier-demo,1.730569590696,1.780500000000,-0.587412612132,0.809287602221
2024-01-09T05:51:00Z,fourier-demo,1.925856187441,1.780650000000,-0.586169578935,0.810188388420
2024-01-09T05:52:00Z,fourier-demo,2.129378734793,1.780800000000,-0.584925164402,0.811087265372
2024-01-09T05:53:00Z,fourier-demo,2.331584772754,1.780950000000,-0.583679371466,0.811984230959
2024-01-09T05:54:00Z,fourier-demo,2.522890208213,1.781100000000,-0.582432203061,0.812879283066
2024-01-09T05:55:00Z,fourier-demo,2.694047842483,1.781250000000,-0.581183662127,0.813772419585
2024-01-09T05:56:00Z,fourier-demo,2.836504037694,1.781400000000,-0.579933751606,0.814663638410
2024-01-09T05:57:00Z,fourier-demo,2.942729532823,1.781550000000,-0.578682474444,0.815552937443
2024-01-09T05:58:00Z,fourier-demo,3.006511429699,1.781700000000,-0.577429833589,0.816440314586
2024-01-09T05:59:00Z,fourier-demo,3.023194898871,1.781850000000,-0.576175831994,0.817325767749
2024-01-09T06:00:00Z,fourier-demo,2.989865143331,1.782000000000,-0.574920472613,0.818209294845
2024-01-09T06:01:00Z,fourier-demo,2.905462524649,1.782150000000,-0.573663758405,0.819090893792
2024-01-09T06:02:00Z,fourier-demo,2.770826405623,1.782300000000,-0.572405692331,0.819970562513
2024-01-09T06:03:00Z,fourier-demo,2.588666089281,1.782450000000,-0.571146277355,0.820848298934
2024-01-09T06:04:00Z,fourier-demo,2.363460121987,1.782600000000,-0.569885516447,0.821724100988
2024-01-09T06:05:00Z,fourier-demo,2.101288062070,1.782750000000,-0.568623412577,0.822597966609
2024-01-09T06:06:00Z,fourier-demo,1.809601480683,1.782900000000,-0.567359968718,0.823469893740
2024-01-09T06:07:00Z,fourier-demo,1.496943351165,1.783050000000,-0.566095187849,0.824339880325
2024-01-09T06:08:00Z,fourier-demo,1.172627001219,1.783200000000,-0.564829072950,0.825207924314
2024-01-09T06:09:00Z,fourier-demo,0.846387367635,1.783350000000,-0.563561627004,0.826074023662
2024-01-09T06:10:00Z,fourier-demo,0.528018343980,1.783500000000,-0.562292852999,0.826938176327
2024-01-09T06:11:00Z,fourier-demo,0.227010506002,1.783650000000,-0.561022753924,0.827800380273
2024-01-09T06:12:00Z,fourier-demo,-0.047796581245,1.783800000000,-0.559751332772,0.828660633468
2024-01-09T06:13:00Z,fourier-demo,-0.288533921741,1.783950000000,-0.558478592540,0.829518933885
2024-01-09T06:14:00Z,fourier-demo,-0.488582153587,1.784100000000,-0.557204536227,0.830375279502
2024-01-09T06:15:00Z,fourier-demo,-0.642799449057,1.784250000000,-0.555929166834,0.831229668300
2024-01-09T06:16:00Z,fourier-demo,-0.747689688308,1.784400000000,-0.554652487369,0.832082098266
2024-01-09T06:17:00Z,fourier-demo,-0.801504792322,1.784550000000,-0.553374500838,0.832932567392
2024-01-09T06:18:00Z,fourier-demo,-0.804277783853,1.784700000000,-0.552095210255,0.833781073672
2024-01-09T06:19:00Z,fourier-demo,-0.757785954837,1.784850000000,-0.550814618633,0.834627615108
2024-01-09T06:20:00Z,fourier-demo,-0.665446340321,1.785000000000,-0.549532728990,0.835472189704
2024-01-09T06:21:00Z,fourier-demo,-0.532148417456,1.785150000000,-0.548249544347,0.836314795471
2024-01-09T06:22:00Z,fourier-demo,-0.364031453196,1.785300000000,-0.546965067729,0.837155430422
2024-01-09T06:23:00Z,fourier-demo,-0.168216114452,1.785450000000,-0.545679302161,0.837994092576
2024-01-09T06:24:00Z,fourier-demo,0.047498258756,1.785600000000,-0.544392250674,0.838830779959
2024-01-09T06:25:00Z,fourier-demo,0.274958004842,1.785750000000,-0.543103916301,0.839665490596
2024-01-09T06:26:00Z,fourier-demo,0.505987619913,1.785900000000,-0.541814302078,0.840498222522
2024-01-09T06:27:00Z,fourier-demo,0.732716640576,1.786050000000,-0.540523411044,0.841328973775
2024-01-09T06:28:00Z,fourier-demo,0.947887543919,1.786200000000,-0.539231246241,0.842157742396
2024-01-09T06:29:00Z,fourier-demo,1.145132165247,1.786350000000,-0.537937810715,0.842984526432
2024-01-09T06:30:00Z,fourier-demo,1.319205532134,1.786500000000,-0.536643107512,0.843809323935
2024-01-09T06:31:00Z,fourier-demo,1.466167863132,1.786650000000,-0.535347139684,0.844632132962
2024-01-09T06:32:00Z,fourier-demo,1.583507703441,1.786800000000,-0.534049910286,0.845452951573
2024-01-09T06:33:00Z,fourier-demo,1.670201675164,1.786950000000,-0.532751422373,0.846271777835
2024-01-09T06:34:00Z,fourier-demo,1.726709002153,1.787100000000,-0.531451679007,0.847088609817
2024-01-09T06:35:00Z,fourier-demo,1.754901717481,1.787250000000,-0.530150683249,0.847903445594
2024-01-09T06:36:00Z,fourier-demo,1.757934161387,1.787400000000,-0.528848438167,0.848716283247
2024-01-09T06:37:00Z,fourier-demo,1.740057917356,1.787550000000,-0.527544946828,0.849527120860
2024-01-09T06:38:00Z,fourier-demo,1.706390608819,1.787700000000,-0.526240212304,0.850335956522
2024-01-09T06:39:00Z,fourier-demo,1.662648894911,1.787850000000,-0.524934237671,0.851142788327
2024-01-09T06:40:00Z,fourier-demo,1.614857481810,1.788000000000,-0.523627026005,0.851947614374
2024-01-09T06:41:00Z,fourier-demo,1.569046945601,1.788150000000,-0.522318580388,0.852750432766
2024-01-09T06:42:00Z,fourier-demo,1.530953603273,1.788300000000,-0.521008903901,0.853551241611
2024-01-09T06:43:00Z,fourier-demo,1.505734552557,1.788450000000,-0.519697999633,0.854350039022
2024-01-09T06:44:00Z,fourier-demo,1.497710334039,1.788600000000,-0.518385870672,0.855146823117
2024-01-09T06:45:00Z,fourier-demo,1.510146478487,1.788750000000,-0.517072520110,0.855941592018
2024-01-09T06:46:00Z,fourier-demo,1.545083538276,1.788900000000,-0.515757951042,0.856734343853
2024-01-09T06:47:00Z,fourier-demo,1.603223133474,1.789050000000,-0.514442166566,0.857525076752
2024-01-09T06:48:00Z,fourier-demo,1.683875156763,1.789200000000,-0.513125169783,0.858313788853
2024-01-09T06:49:00Z,fourier-demo,1.784968676010,1.789350000000,-0.511806963796,0.859100478297
2024-01-09T06:50:00Z,fourier-demo,1.903126357508,1.789500000000,-0.510487551712,0.859885143230
2024-01-09T06:51:00Z,fourier-demo,2.033799519616,1.789650000000,-0.509166936640,0.860667781803
2024-01-09T06:52:00Z,fourier-demo,2.171458328745,1.789800000000,-0.507845121691,0.861448392171
2024-01-09T06:53:00Z,fourier-demo,2.309829275690,1.789950000000,-0.506522109982,0.862226972496
2024-01-09T06:54:00Z,fourier-demo,2.442170019432,1.790100000000,-0.505197904629,0.863003520942
2024-01-09T06:55:00Z,fourier-demo,2.561570043535,1.790250000000,-0.503872508754,0.863778035679
2024-01-09T06:56:00Z,fourier-demo,2.661264406406,1.790400000000,-0.502545925479,0.864550514883
2024-01-09T06:57:00Z,fourier-demo,2.734947230352,1.790550000000,-0.501218157931,0.865320956732
2024-01-09T06:58:00Z,fourier-demo,2.777071493426,1.790700000000,-0.499889209239,0.866089359412
2024-01-09T06:59:00Z,fourier-demo,2.783122167205,1.790850000000,-0.498559082534,0.866855721111
2024-01-09T07:00:00Z,fourier-demo,2.749850764903,1.791000000000,-0.497227780951,0.867620040024
2024-01-09T07:01:00Z,fourier-demo,2.675460886698,1.791150000000,-0.495895307627,0.868382314349
2024-01-09T07:02:00Z,fourier-demo,2.559736311723,1.791300000000,-0.494561665703,0.869142542289
2024-01-09T07:03:00Z,fourier-demo,2.404105509022,1.791450000000,-0.493226858320,0.869900722055
2024-01-09T07:04:00Z,fourier-demo,2.211639028443,1.791600000000,-0.491890888625,0.870656851858
2024-01-09T07:05:00Z,fourier-demo,1.986978981033,1.791750000000,-0.490553759766,0.871410929917
2024-01-09T07:06:00Z,fourier-demo,1.736202614571,1.791900000000,-0.489215474894,0.872162954455
2024-01-09T07:07:00Z,fourier-demo,1.466624718541,1.792050000000,-0.487876037163,0.872912923700
2024-01-09T07:08:00Z,fourier-demo,1.186546141937,1.792200000000,-0.486535449728,0.873660835884
2024-01-09T07:09:00Z,fourier-demo,0.904957971534,1.792350000000,-0.485193715750,0.874406689245
2024-01-09T07:10:00Z,fourier-demo,0.631212804067,1.792500000000,-0.483850838389,0.875150482026
2024-01-09T07:11:00Z,fourier-demo,0.374675974495,1.792650000000,-0.482506820812,0.875892212473
2024-01-09T07:12:00Z,fourier-demo,0.144370514446,1.792800000000,-0.481161666184,0.876631878838
2024-01-09T07:13:00Z,fourier-demo,-0.051370029027,1.792950000000,-0.479815377676,0.877369479379
2024-01-09T07:14:00Z,fourier-demo,-0.205227000371,1.793100000000,-0.478467958460,0.878105012357
2024-01-09T07:15:00Z,fourier-demo,-0.311187135364,1.793250000000,-0.477119411712,0.878838476040
2024-01-09T07:16:00Z,fourier-demo,-0.364786337461,1.793400000000,-0.475769740610,0.879569868697
2024-01-09T07:17:00Z,fourier-demo,-0.363296713737,1.793550000000,-0.474418948333,0.880299188607
2024-01-09T07:18:00Z,fourier-demo,-0.305849064480,1.793700000000,-0.473067038066,0.881026434050
2024-01-09T07:19:00Z,fourier-demo,-0.193485554277,1.793850000000,-0.471714012994,0.881751603313
2024-01-09T07:20:00Z,fourier-demo,-0.029140047265,1.794000000000,-0.470359876306,0.882474694686
2024-01-09T07:21:00Z,fourier-demo,0.182453545992,1.794150000000,-0.469004631192,0.883195706466
2024-01-09T07:22:00Z,fourier-demo,0.434921703383,1.794300000000,-0.467648280847,0.883914636954
2024-01-09T07:23:00Z,fourier-demo,0.720474563325,1.794450000000,-0.466290828466,0.884631484455
2024-01-09T07:24:00Z,fourier-demo,1.030183583529,1.794600000000,-0.464932277249,0.885346247279
2024-01-09T07:25:00Z,fourier-demo,1.354302963473,1.794750000000,-0.463572630397,0.886058923744
2024-01-09T07:26:00Z,fourier-demo,1.682622456709,1.794900000000,-0.462211891115,0.886769512169
2024-01-09T07:27:00Z,fourier-demo,2.004837940770,1.795050000000,-0.460850062608,0.887478010879
2024-01-09T07:28:00Z,fourier-demo,2.310925397828,1.795200000000,-0.459487148086,0.888184418206
2024-01-09T07:29:00Z,fourier-demo,2.591503817499,1.795350000000,-0.458123150761,0.888888732484
2024-01-09T07:30:00Z,fourier-demo,2.838172970121,1.795500000000,-0.456758073847,0.889590952054
2024-01-09T07:31:00Z,fourier-demo,3.043812997075,1.795650000000,-0.455391920561,0.890291075260
2024-01-09T07:32:00Z,fourier-demo,3.202834283953,1.795800000000,-0.454024694122,0.890989100454
2024-01-09T07:33:00Z,fourier-demo,3.311368061263,1.795950000000,-0.452656397753,0.891685025989
2024-01-09T07:34:00Z,fourier-demo,3.367390535964,1.796100000000,-0.451287034678,0.892378850227
2024-01-09T07:35:00Z,fourier-demo,3.370776000251,1.796250000000,-0.449916608123,0.893070571531
2024-01-09T07:36:00Z,fourier-demo,3.323277184731,1.796400000000,-0.448545121319,0.893760188273
2024-01-09T07:37:00Z,fourier-demo,3.228434007751,1.796550000000,-0.447172577496,0.894447698826
2024-01-09T07:38:00Z,fourier-demo,3.091414704689,1.796700000000,-0.445798979891,0.895133101571
2024-01-09T07:39:00Z,fourier-demo,2.918795986378,1.796850000000,-0.444424331739,0.895816394893
2024-01-09T07:40:00Z,fourier-demo,2.718291267294,1.797000000000,-0.443048636280,0.896497577180
2024-01-09T07:41:00Z,fourier-demo,2.498438025678,1.797150000000,-0.441671896756,0.897176646829
2024-01-09T07:42:00Z,fourier-demo,2.268256928465,1.797300000000,-0.440294116411,0.897853602239
2024-01-09T07:43:00Z,fourier-demo,2.036896411338,1.797450000000,-0.438915298493,0.898528441814
2024-01-09T07:44:00Z,fourier-demo,1.813276906940,1.797600000000,-0.437535446249,0.899201163965
2024-01-09T07:45:00Z,fourier-demo,1.605748843132,1.797750000000,-0.436154562933,0.899871767105
2024-01-09T07:46:00Z,fourier-demo,1.421777892913,1.797900000000,-0.434772651798,0.900540249655
2024-01-09T07:47:00Z,fourier-demo,1.267669775491,1.798050000000,-0.433389716101,0.901206610039
2024-01-09T07:48:00Z,fourier-demo,1.148345233747,1.798200000000,-0.432005759100,0.901870846687
2024-01-09T07:49:00Z,fourier-demo,1.067173716434,1.798350000000,-0.430620784057,0.902532958034
2024-01-09T07:50:00Z,fourier-demo,1.025871860376,1.798500000000,-0.429234794236,0.903192942520
2024-01-09T07:51:00Z,fourier-demo,1.024470198931,1.798650000000,-0.427847792903,0.903850798588
2024-01-09T07:52:00Z,fourier-demo,1.061348727395,1.798800000000,-0.426459783326,0.904506524689
2024-01-09T07:53:00Z,fourier-demo,1.133339148423,1.798950000000,-0.425070768777,0.905160119278
2024-01-09T07:54:00Z,fourier-demo,1.235888915516,1.799100000000,-0.423680752528,0.905811580814
2024-01-09T07:55:00Z,fourier-demo,1.363279700454,1.799250000000,-0.422289737855,0.906460907763
2024-01-09T07:56:00Z,fourier-demo,1.508890732478,1.799400000000,-0.420897728037,0.907108098593
2024-01-09T07:57:00Z,fourier-demo,1.665495681307,1.799550000000,-0.419504726354,0.907753151780
2024-01-09T07:58:00Z,fourier-demo,1.825580454141,1.799700000000,-0.418110736087,0.908396065804
2024-01-09T07:59:00Z,fourier-demo,1.981668500718,1.799850000000,-0.416715760523,0.909036839150
2024-01-09T08:00:00Z,fourier-demo,2.126640000390,1.800000000000,-0.415319802949,0.909675470307
2024-01-09T08:01:00Z,fourier-demo,2.254031648534,1.800150000000,-0.413922866653,0.910311957771
2024-01-09T08:02:00Z,fourier-demo,2.358304650524,1.800300000000,-0.412524954929,0.910946300042
2024-01-09T08:03:00Z,fourier-demo,2.435069931778,1.800450000000,-0.411126071071,0.911578495625
2024-01-09T08:04:00Z,fourier-demo,2.481261422735,1.800600000000,-0.409726218374,0.912208543030
2024-01-09T08:05:00Z,fourier-demo,2.495250500578,1.800750000000,-0.408325400138,0.912836440772
2024-01-09T08:06:00Z,fourier-demo,2.476897172141,1.800900000000,-0.406923619664,0.913462187373
2024-01-09T08:07:00Z,fourier-demo,2.427536260554,1.801050000000,-0.405520880255,0.914085781356
2024-01-09T08:08:00Z,fourier-demo,2.349899600517,1.801200000000,-0.404117185217,0.914707221253
2024-01-09T08:09:00Z,fourier-demo,2.247977939829,1.801350000000,-0.402712537858,0.915326505599
2024-01-09T08:10:00Z,fourier-demo,2.126828776284,1.801500000000,-0.401306941488,0.915943632935
2024-01-09T08:11:00Z,fourier-demo,1.992338624547,1.801650000000,-0.399900399419,0.916558601806
2024-01-09T08:12:00Z,fourier-demo,1.850950113258,1.801800000000,-0.398492914965,0.917171410764
2024-01-09T08:13:00Z,fourier-demo,1.709365779764,1.801950000000,-0.397084491445,0.917782058364
2024-01-09T08:14:00Z,fourier-demo,1.574241397761,1.802100000000,-0.395675132175,0.918390543167
2024-01-09T08:15:00Z,fourier-demo,1.451882102002,1.802250000000,-0.394264840479,0.918996863739
2024-01-09T08:16:00Z,fourier-demo,1.347954446367,1.802400000000,-0.392853619679,0.919601018652
2024-01-09T08:17:00Z,fourier-demo,1.267226852476,1.802550000000,-0.391441473101,0.920203006481
2024-01-09T08:18:00Z,fourier-demo,1.213349703996,1.802700000000,-0.390028404072,0.920802825808
2024-01-09T08:19:00Z,fourier-demo,1.188684666575,1.802850000000,-0.388614415924,0.921400475220
2024-01-09T08:20:00Z,fourier-demo,1.194190734677,1.803000000000,-0.387199511986,0.921995953309
2024-01-09T08:21:00Z,fourier-demo,1.229372110516,1.803150000000,-0.385783695595,0.922589258670
2024-01-09T08:22:00Z,fourier-demo,1.292290406321,1.803300000000,-0.384366970087,0.923180389906
2024-01-09T08:23:00Z,fourier-demo,1.379640937838,1.803450000000,-0.382949338799,0.923769345623
2024-01-09T08:24:00Z,fourier-demo,1.486890157323,1.803600000000,-0.381530805073,0.924356124435
2024-01-09T08:25:00Z,fourier-demo,1.608468671486,1.803750000000,-0.380111372252,0.924940724957
2024-01-09T08:26:00Z,fourier-demo,1.738011912218,1.803900000000,-0.378691043680,0.925523145813
2024-01-09T08:27:00Z,fourier-demo,1.868638474744,1.804050000000,-0.377269822705,0.926103385630
2024-01-09T08:28:00Z,fourier-demo,1.993254494962,1.804200000000,-0.375847712676,0.926681443041
2024-01-09T08:29:00Z,fourier-demo,2.104871274367,1.804350000000,-0.374424716944,0.927257316683
2024-01-09T08:30:00Z,fourier-demo,2.196922726468,1.804500000000,-0.373000838862,0.927831005199
2024-01-09T08:31:00Z,fourier-demo,2.263569140706,1.804650000000,-0.371576081787,0.928402507237
2024-01-09T08:32:00Z,fourier-demo,2.299974243429,1.804800000000,-0.370150449074,0.928971821451
2024-01-09T08:33:00Z,fourier-demo,2.302543562004,1.804950000000,-0.368723944085,0.929538946499
2024-01-09T08:34:00Z,fourier-demo,2.269113627010,1.805100000000,-0.367296570180,0.930103881045
2024-01-09T08:35:00Z,fourier-demo,2.199083517135,1.805250000000,-0.365868330723,0.930666623756
2024-01-09T08:36:00Z,fourier-demo,2.093482582000,1.805400000000,-0.364439229081,0.931227173308
2024-01-09T08:37:00Z,fourier-demo,1.954970775080,1.805550000000,-0.363009268620,0.931785528379
2024-01-09T08:38:00Z,fourier-demo,1.787770786016,1.805700000000,-0.361578452710,0.932341687653
2024-01-09T08:39:00Z,fourier-demo,1.597533966367,1.805850000000,-0.360146784724,0.932895649820
2024-01-09T08:40:00Z,fourier-demo,1.391144780135,1.806000000000,-0.358714268035,0.933447413574
2024-01-09T08:41:00Z,fourier-demo,1.176471067850,1.806150000000,-0.357280906019,0.933996977615
2024-01-09T08:42:00Z,fourier-demo,0.962069685267,1.806300000000,-0.355846702053,0.934544340648
2024-01-09T08:43:00Z,fourier-demo,0.756858970877,1.806450000000,-0.354411659518,0.935089501384
2024-01-09T08:44:00Z,fourier-demo,0.569770931952,1.806600000000,-0.352975781795,0.935632458536
2024-01-09T08:45:00Z,fourier-demo,0.409396956547,1.806750000000,-0.351539072268,0.936173210826
2024-01-09T08:46:00Z,fourier-demo,0.283641219833,1.806900000000,-0.350101534322,0.936711756980
2024-01-09T08:47:00Z,fourier-demo,0.199395740850,1.807050000000,-0.348663171346,0.937248095729
2024-01-09T08:48:00Z,fourier-demo,0.162250267207,1.807200000000,-0.347223986728,0.937782225808
2024-01-09T08:49:00Z,fourier-demo,0.176248850410,1.807350000000,-0.345783983861,0.938314145958
2024-01-09T08:50:00Z,fourier-demo,0.243703175301,1.807500000000,-0.344343166137,0.938843854927
2024-01-09T08:51:00Z,fourier-demo,0.365070495231,1.807650000000,-0.342901536952,0.939371351466
2024-01-09T08:52:00Z,fourier-demo,0.538901488678,1.807800000000,-0.341459099704,0.939896634332
2024-01-09T08:53:00Z,fourier-demo,0.761860594938,1.807950000000,-0.340015857791,0.940419702288
2024-01-09T08:54:00Z,fourier-demo,1.028818517412,1.808100000000,-0.338571814615,0.940940554099
2024-01-09T08:55:00Z,fourier-demo,1.333013718518,1.808250000000,-0.337126973578,0.941459188540
2024-01-09T08:56:00Z,fourier-demo,1.666276986137,1.808400000000,-0.335681338085,0.941975604388
2024-01-09T08:57:00Z,fourier-demo,2.019310638614,1.808550000000,-0.334234911544,0.942489800425
2024-01-09T08:58:00Z,fourier-demo,2.382011755302,1.808700000000,-0.332787697362,0.943001775441
2024-01-09T08:59:00Z,fourier-demo,2.743827060770,1.808850000000,-0.331339698950,0.943511528228
2024-01-09T09:00:00Z,fourier-demo,3.094125824161,1.809000000000,-0.329890919720,0.944019057586
2024-01-09T09:01:00Z,fourier-demo,3.422576412227,1.809150000000,-0.328441363087,0.944524362319
2024-01-09T09:02:00Z,fourier-demo,3.719511984449,1.809300000000,-0.326991032467,0.945027441235
2024-01-09T09:03:00Z,fourier-demo,3.976271247620,1.809450000000,-0.325539931276,0.945528293149
2024-01-09T09:04:00Z,fourier-demo,4.185501177829,1.809600000000,-0.324088062935,0.946026916881
2024-01-09T09:05:00Z,fourier-demo,4.341410129996,1.809750000000,-0.322635430866,0.946523311255
2024-01-09T09:06:00Z,fourier-demo,4.439961727743,1.809900000000,-0.321182038491,0.947017475103
2024-01-09T09:07:00Z,fourier-demo,4.479002279571,1.810050000000,-0.319727889235,0.947509407260
2024-01-09T09:08:00Z,fourier-demo,4.458317106087,1.810200000000,-0.318272986525,0.947999106565
2024-01-09T09:09:00Z,fourier-demo,4.379613980512,1.810350000000,-0.316817333790,0.948486571866
2024-01-09T09:10:00Z,fourier-demo,4.246434767327,1.810500000000,-0.315360934460,0.948971802014
2024-01-09T09:11:00Z,fourier-demo,4.063999175221,1.810650000000,-0.313903791966,0.949454795864
2024-01-09T09:12:00Z,fourier-demo,3.838987206503,1.810800000000,-0.312445909744,0.949935552279
2024-01-09T09:13:00Z,fourier-demo,3.579269278575,1.810950000000,-0.310987291228,0.950414070127
2024-01-09T09:14:00Z,fourier-demo,3.293595017892,1.811100000000,-0.309527939856,0.950890348278
2024-01-09T09:15:00Z,fourier-demo,2.991253302189,1.811250000000,-0.308067859067,0.951364385612
2024-01-09T09:16:00Z,fourier-demo,2.681717190134,1.811400000000,-0.306607052301,0.951836181010
2024-01-09T09:17:00Z,fourier-demo,2.374287887252,1.811550000000,-0.305145523001,0.952305733361
2024-01-09T09:18:00Z,fourier-demo,2.077751834068,1.811700000000,-0.303683274611,0.952773041559
2024-01-09T09:19:00Z,fourier-demo,1.800064371173,1.811850000000,-0.302220310578,0.953238104502
2024-01-09T09:20:00Z,fourier-demo,1.548072263701,1.812000000000,-0.300756634347,0.953700921094
2024-01-09T09:21:00Z,fourier-demo,1.327285703998,1.812150000000,-0.299292249370,0.954161490245
2024-01-09T09:22:00Z,fourier-demo,1.141708325370,1.812300000000,-0.297827159096,0.954619810870
2024-01-09T09:23:00Z,fourier-demo,0.993731337983,1.812450000000,-0.296361366979,0.955075881887
2024-01-09T09:24:00Z,fourier-demo,0.884095240383,1.812600000000,-0.294894876472,0.955529702223
2024-01-09T09:25:00Z,fourier-demo,0.811919775752,1.812750000000,-0.293427691031,0.955981270808
2024-01-09T09:26:00Z,fourier-demo,0.774800005374,1.812900000000,-0.291959814114,0.956430586578
2024-01-09T09:27:00Z,fourier-demo,0.768963677191,1.813050000000,-0.290491249179,0.956877648475
2024-01-09T09:28:00Z,fourier-demo,0.789482584891,1.813200000000,-0.289021999689,0.957322455443
2024-01-09T09:29:00Z,fourier-demo,0.830528443790,1.813350000000,-0.287552069104,0.957765006436
2024-01-09T09:30:00Z,fourier-demo,0.885662041813,1.813500000000,-0.286081460890,0.958205300411
2024-01-09T09:31:00Z,fourier-demo,0.948143128637,1.813650000000,-0.284610178510,0.958643336329
2024-01-09T09:32:00Z,fourier-demo,1.011247735202,1.813800000000,-0.283138225434,0.959079113159
2024-01-09T09:33:00Z,fourier-demo,1.068579399605,1.813950000000,-0.281665605129,0.959512629874
2024-01-09T09:34:00Z,fourier-demo,1.114361121011,1.814100000000,-0.280192321065,0.959943885452
2024-01-09T09:35:00Z,fourier-demo,1.143695754918,1.814250000000,-0.278718376716,0.960372878876
2024-01-09T09:36:00Z,fourier-demo,1.152783962466,1.814400000000,-0.277243775553,0.960799609137
2024-01-09T09:37:00Z,fourier-demo,1.139090674316,1.814550000000,-0.275768521052,0.961224075228
2024-01-09T09:38:00Z,fourier-demo,1.101453248447,1.814700000000,-0.274292616689,0.961646276148
2024-01-09T09:39:00Z,fourier-demo,1.040126998102,1.814850000000,-0.272816065943,0.962066210904
2024-01-09T09:40:00Z,fourier-demo,0.956766437046,1.815000000000,-0.271338872293,0.962483878505
2024-01-09T09:41:00Z,fourier-demo,0.854343323002,1.815150000000,-0.269861039220,0.962899277968
2024-01-09T09:42:00Z,fourier-demo,0.737005262997,1.815300000000,-0.268382570207,0.963312408313
2024-01-09T09:43:00Z,fourier-demo,0.609881164793,1.815450000000,-0.266903468737,0.963723268566
2024-01-09T09:44:00Z,fourier-demo,0.478842072093,1.815600000000,-0.265423738297,0.964131857760
2024-01-09T09:45:00Z,fourier-demo,0.350227814108,1.815750000000,-0.263943382373,0.964538174932
2024-01-09T09:46:00Z,fourier-demo,0.230551353783,1.815900000000,-0.262462404455,0.964942219124
2024-01-09T09:47:00Z,fourier-demo,0.126193673222,1.816050000000,-0.260980808031,0.965343989384
2024-01-09T09:48:00Z,fourier-demo,0.043102449704,1.816200000000,-0.259498596593,0.965743484765
2024-01-09T09:49:00Z,fourier-demo,-0.013492365957,1.816350000000,-0.258015773635,0.966140704326
2024-01-09T09:50:00Z,fourier-demo,-0.039333649693,1.816500000000,-0.256532342650,0.966535647131
2024-01-09T09:51:00Z,fourier-demo,-0.031351679255,1.816650000000,-0.255048307135,0.966928312248
2024-01-09T09:52:00Z,fourier-demo,0.012171332213,1.816800000000,-0.253563670587,0.967318698754
2024-01-09T09:53:00Z,fourier-demo,0.091494170125,1.816950000000,-0.252078436503,0.967706805727
2024-01-09T09:54:00Z,fourier-demo,0.205372039476,1.817100000000,-0.250592608385,0.968092632253
2024-01-09T09:55:00Z,fourier-demo,0.351076869306,1.817250000000,-0.249106189734,0.968476177423
2024-01-09T09:56:00Z,fourier-demo,0.524482165794,1.817400000000,-0.247619184052,0.968857440333
2024-01-09T09:57:00Z,fourier-demo,0.720209353241,1.817550000000,-0.246131594844,0.969236420085
2024-01-09T09:58:00Z,fourier-demo,0.931829934652,1.817700000000,-0.244643425615,0.969613115786
2024-01-09T09:59:00Z,fourier-demo,1.152115423033,1.817850000000,-0.243154679872,0.969987526547
2024-01-09T10:00:00Z,fourier-demo,1.373324939972,1.818000000000,-0.241665361123,0.970359651487
2024-01-09T10:01:00Z,fourier-demo,1.587518735691,1.818150000000,-0.240175472879,0.970729489728
2024-01-09T10:02:00Z,fourier-demo,1.786884723547,1.818300000000,-0.238685018650,0.971097040399
2024-01-09T10:03:00Z,fourier-demo,1.964064491339,1.818450000000,-0.237194001948,0.971462302634
2024-01-09T10:04:00Z,fourier-demo,2.112465179436,1.818600000000,-0.235702426288,0.971825275573
2024-01-09T10:05:00Z,fourier-demo,2.226544106274,1.818750000000,-0.234210295184,0.972185958359
2024-01-09T10:06:00Z,fourier-demo,2.302054056785,1.818900000000,-0.232717612151,0.972544350143
2024-01-09T10:07:00Z,fourier-demo,2.336238687951,1.819050000000,-0.231224380709,0.972900450080
2024-01-09T10:08:00Z,fourier-demo,2.327969486147,1.819200000000,-0.229730604376,0.973254257331
2024-01-09T10:09:00Z,fourier-demo,2.277818053409,1.819350000000,-0.228236286672,0.973605771063
2024-01-09T10:10:00Z,fourier-demo,2.188060109211,1.819500000000,-0.226741431118,0.973954990446
2024-01-09T10:11:00Z,fourier-demo,2.062610364559,1.819650000000,-0.225246041237,0.974301914658
2024-01-09T10:12:00Z,fourier-demo,1.906890243383,1.819800000000,-0.223750120553,0.974646542882
2024-01-09T10:13:00Z,fourier-demo,1.727633177046,1.819950000000,-0.222253672592,0.974988874306
2024-01-09T10:14:00Z,fourier-demo,1.532634768652,1.820100000000,-0.220756700879,0.975328908121
2024-01-09T10:15:00Z,fourier-demo,1.330457409245,1.820250000000,-0.219259208942,0.975666643528
2024-01-09T10:16:00Z,fourier-demo,1.130100833752,1.820400000000,-0.217761200311,0.976002079731
2024-01-09T10:17:00Z,fourier-demo,0.940651551909,1.820550000000,-0.216262678515,0.976335215938
2024-01-09T10:18:00Z,fourier-demo,0.770925018149,1.820700000000,-0.214763647086,0.976666051366
2024-01-09T10:19:00Z,fourier-demo,0.629114775280,1.820850000000,-0.213264109557,0.976994585233
2024-01-09T10:20:00Z,fourier-demo,0.522462603268,1.821000000000,-0.211764069460,0.977320816767
2024-01-09T10:21:00Z,fourier-demo,0.456962933239,1.821150000000,-0.210263530332,0.977644745198
2024-01-09T10:22:00Z,fourier-demo,0.437113477973,1.821300000000,-0.208762495707,0.977966369762
2024-01-09T10:23:00Z,fourier-demo,0.465722235401,1.821450000000,-0.207260969124,0.978285689703
2024-01-09T10:24:00Z,fourier-demo,0.543778812682,1.821600000000,-0.205758954120,0.978602704267
2024-01-09T10:25:00Z,fourier-demo,0.670395483840,1.821750000000,-0.204256454236,0.978917412708
2024-01-09T10:26:00Z,fourier-demo,0.842820635627,1.821900000000,-0.202753473011,0.979229814284
2024-01-09T10:27:00Z,fourier-demo,1.056524385359,1.822050000000,-0.201250013989,0.979539908258
2024-01-09T10:28:00Z,fourier-demo,1.305353286766,1.822200000000,-0.199746080711,0.979847693900
2024-01-09T10:29:00Z,fourier-demo,1.581748291037,1.822350000000,-0.198241676723,0.980153170484
2024-01-09T10:30:00Z,fourier-demo,1.877017611436,1.822500000000,-0.196736805568,0.980456337291
2024-01-09T10:31:00Z,fourier-demo,2.181653952700,1.822650000000,-0.195231470794,0.980757193607
2024-01-09T10:32:00Z,fourier-demo,2.485683799384,1.822800000000,-0.193725675947,0.981055738722
2024-01-09T10:33:00Z,fourier-demo,2.779035181693,1.822950000000,-0.192219424577,0.981351971932
2024-01-09T10:34:00Z,fourier-demo,3.051909604671,1.823100000000,-0.190712720233,0.981645892540
2024-01-09T10:35:00Z,fourier-demo,3.295143666315,1.823250000000,-0.189205566465,0.981937499854
2024-01-09T10:36:00Z,fourier-demo,3.500546308621,1.823400000000,-0.187697966826,0.982226793185
2024-01-09T10:37:00Z,fourier-demo,3.661198625517,1.823550000000,-0.186189924867,0.982513771852
2024-01-09T10:38:00Z,fourier-demo,3.771704653314,1.823700000000,-0.184681444143,0.982798435179
2024-01-09T10:39:00Z,fourier-demo,3.828383531607,1.823850000000,-0.183172528208,0.983080782494
2024-01-09T10:40:00Z,fourier-demo,3.829395765982,1.824000000000,-0.181663180618,0.983360813134
2024-01-09T10:41:00Z,fourier-demo,3.774798953361,1.824150000000,-0.180153404931,0.983638526437
2024-01-09T10:42:00Z,fourier-demo,3.666531139920,1.824300000000,-0.178643204704,0.983913921750
2024-01-09T10:43:00Z,fourier-demo,3.508322856558,1.824450000000,-0.177132583495,0.984186998423
2024-01-09T10:44:00Z,fourier-demo,3.305541701764,1.824600000000,-0.175621544865,0.984457755812
2024-01-09T10:45:00Z,fourier-demo,3.064976002313,1.824750000000,-0.174110092375,0.984726193281
2024-01-09T10:46:00Z,fourier-demo,2.794566471545,1.824900000000,-0.172598229586,0.984992310195
2024-01-09T10:47:00Z,fourier-demo,2.503096806945,1.825050000000,-0.171085960061,0.985256105929
2024-01-09T10:48:00Z,fourier-demo,2.199855742510,1.825200000000,-0.169573287364,0.985517579860
2024-01-09T10:49:00Z,fourier-demo,1.894284134461,1.825350000000,-0.168060215059,0.985776731372
2024-01-09T10:50:00Z,fourier-demo,1.595621169646,1.825500000000,-0.166546746713,0.986033559854
2024-01-09T10:51:00Z,fourier-demo,1.312563725230,1.825650000000,-0.165032885891,0.986288064702
2024-01-09T10:52:00Z,fourier-demo,1.052952280503,1.825800000000,-0.163518636162,0.986540245316
2024-01-09T10:53:00Z,fourier-demo,0.823495613896,1.825950000000,-0.162004001093,0.986790101100
2024-01-09T10:54:00Z,fourier-demo,0.629544860068,1.826100000000,-0.160488984254,0.987037631468
2024-01-09T10:55:00Z,fourier-demo,0.474925422271,1.826250000000,-0.158973589215,0.987282835834
2024-01-09T10:56:00Z,fourier-demo,0.361832820489,1.826400000000,-0.157457819548,0.987525713621
2024-01-09T10:57:00Z,fourier-demo,0.290795905668,1.826550000000,-0.155941678823,0.987766264258
2024-01-09T10:58:00Z,fourier-demo,0.260708093962,1.826700000000,-0.154425170615,0.988004487176
2024-01-09T10:59:00Z,fourier-demo,0.268924486385,1.826850000000,-0.152908298496,0.988240381816
2024-01-09T11:00:00Z,fourier-demo,0.311420052748,1.827000000000,-0.151391066042,0.988473947620
2024-01-09T11:01:00Z,fourier-demo,0.383001584354,1.827150000000,-0.149873476828,0.988705184038
2024-01-09T11:02:00Z,fourier-demo,0.477563958333,1.827300000000,-0.148355534429,0.988934090526
2024-01-09T11:03:00Z,fourier-demo,0.588379495755,1.827450000000,-0.146837242424,0.989160666544
2024-01-09T11:04:00Z,fourier-demo,0.708407906897,1.827600000000,-0.145318604390,0.989384911558
2024-01-09T11:05:00Z,fourier-demo,0.830613551933,1.827750000000,-0.143799623906,0.989606825039
2024-01-09T11:06:00Z,fourier-demo,0.948276533932,1.827900000000,-0.142280304551,0.989826406466
2024-01-09T11:07:00Z,fourier-demo,1.055284490491,1.828050000000,-0.140760649906,0.990043655319
2024-01-09T11:08:00Z,fourier-demo,1.146392844710,1.828200000000,-0.139240663551,0.990258571088
2024-01-09T11:09:00Z,fourier-demo,1.217442677077,1.828350000000,-0.137720349070,0.990471153266
2024-01-09T11:10:00Z,fourier-demo,1.265527228038,1.828500000000,-0.136199710044,0.990681401352
2024-01-09T11:11:00Z,fourier-demo,1.289100258854,1.828650000000,-0.134678750057,0.990889314850
2024-01-09T11:12:00Z,fourier-demo,1.288021993127,1.828800000000,-0.133157472693,0.991094893270
2024-01-09T11:13:00Z,fourier-demo,1.263541028972,1.828950000000,-0.131635881537,0.991298136129
2024-01-09T11:14:00Z,fourier-demo,1.218213341020,1.829100000000,-0.130113980175,0.991499042946
2024-01-09T11:15:00Z,fourier-demo,1.155762168766,1.829250000000,-0.128591772193,0.991697613249
2024-01-09T11:16:00Z,fourier-demo,1.080885101745,1.829400000000,-0.127069261179,0.991893846570
2024-01-09T11:17:00Z,fourier-demo,0.999016918170,1.829550000000,-0.125546450720,0.992087742446
2024-01-09T11:18:00Z,fourier-demo,0.916058618538,1.829700000000,-0.124023344405,0.992279300420
2024-01-09T11:19:00Z,fourier-demo,0.838084540846,1.829850000000,-0.122499945823,0.992468520042
2024-01-09T11:20:00Z,fourier-demo,0.771040389283,1.830000000000,-0.120976258564,0.992655400864
2024-01-09T11:21:00Z,fourier-demo,0.720445414010,1.830150000000,-0.119452286218,0.992839942447
2024-01-09T11:22:00Z,fourier-demo,0.691111828716,1.830300000000,-0.117928032378,0.993022144355
2024-01-09T11:23:00Z,fourier-demo,0.686893850893,1.830450000000,-0.116403500635,0.993202006160
2024-01-09T11:24:00Z,fourier-demo,0.710477525889,1.830600000000,-0.114878694581,0.993379527437
2024-01-09T11:25:00Z,fourier-demo,0.763220800023,1.830750000000,-0.113353617811,0.993554707769
2024-01-09T11:26:00Z,fourier-demo,0.845051210298,1.830900000000,-0.111828273917,0.993727546741
2024-01-09T11:27:00Z,fourier-demo,0.954426145097,1.831050000000,-0.110302666494,0.993898043948
2024-01-09T11:28:00Z,fourier-demo,1.088358001428,1.831200000000,-0.108776799139,0.994066198987
2024-01-09T11:29:00Z,fourier-demo,1.242503828554,1.831350000000,-0.107250675445,0.994232011462
2024-01-09T11:30:00Z,fourier-demo,1.411316318656,1.831500000000,-0.105724299010,0.994395480983
2024-01-09T11:31:00Z,fourier-demo,1.588250395653,1.831650000000,-0.104197673431,0.994556607163
2024-01-09T11:32:00Z,fourier-demo,1.766017272156,1.831800000000,-0.102670802305,0.994715389624
2024-01-09T11:33:00Z,fourier-demo,1.936875790887,1.831950000000,-0.101143689231,0.994871827990
2024-01-09T11:34:00Z,fourier-demo,2.092949226821,1.832100000000,-0.099616337806,0.995025921895
2024-01-09T11:35:00Z,fourier-demo,2.226554568939,1.832250000000,-0.098088751631,0.995177670973
2024-01-09T11:36:00Z,fourier-demo,2.330530675043,1.832400000000,-0.096560934305,0.995327074868
2024-01-09T11:37:00Z,fourier-demo,2.398551627285,1.832550000000,-0.095032889429,0.995474133228
2024-01-09T11:38:00Z,fourier-demo,2.425412114449,1.832700000000,-0.093504620603,0.995618845706
2024-01-09T11:39:00Z,fourier-demo,2.407272711038,1.832850000000,-0.091976131430,0.995761211962
2024-01-09T11:40:00Z,fourier-demo,2.341854471797,1.833000000000,-0.090447425510,0.995901231658
2024-01-09T11:41:00Z,fourier-demo,2.228574251718,1.833150000000,-0.088918506446,0.996038904467
2024-01-09T11:42:00Z,fourier-demo,2.068614515607,1.833300000000,-0.087389377842,0.996174230062
2024-01-09T11:43:00Z,fourier-demo,1.864924022836,1.833450000000,-0.085860043301,0.996307208126
2024-01-09T11:44:00Z,fourier-demo,1.622148555595,1.833600000000,-0.084330506426,0.996437838345
2024-01-09T11:45:00Z,fourier-demo,1.346493689658,1.833750000000,-0.082800770823,0.996566120411
2024-01-09T11:46:00Z,fourier-demo,1.045524369996,1.833900000000,-0.081270840095,0.996692054022
2024-01-09T11:47:00Z,fourier-demo,0.727908636649,1.834050000000,-0.079740717849,0.996815638881
2024-01-09T11:48:00Z,fourier-demo,0.403115143307,1.834200000000,-0.078210407690,0.996936874696
2024-01-09T11:49:00Z,fourier-demo,0.081076027857,1.834350000000,-0.076679913225,0.997055761183
2024-01-09T11:50:00Z,fourier-demo,-0.228171848409,1.834500000000,-0.075149238060,0.997172298060
2024-01-09T11:51:00Z,fourier-demo,-0.514853338411,1.834650000000,-0.073618385802,0.997286485054
2024-01-09T11:52:00Z,fourier-demo,-0.769814790574,1.834800000000,-0.072087360059,0.997398321895
2024-01-09T11:53:00Z,fourier-demo,-0.984863037706,1.834950000000,-0.070556164439,0.997507808320
2024-01-09T11:54:00Z,fourier-demo,-1.153070223603,1.835100000000,-0.069024802550,0.997614944071
2024-01-09T11:55:00Z,fourier-demo,-1.269032402994,1.835250000000,-0.067493278000,0.997719728894
2024-01-09T11:56:00Z,fourier-demo,-1.329071643464,1.835400000000,-0.065961594399,0.997822162544
2024-01-09T11:57:00Z,fourier-demo,-1.331373566911,1.835550000000,-0.064429755357,0.997922244779
2024-01-09T11:58:00Z,fourier-demo,-1.276054804368,1.835700000000,-0.062897764483,0.998019975363
2024-01-09T11:59:00Z,fourier-demo,-1.165157599719,1.835850000000,-0.061365625388,0.998115354065
2024-01-09T12:00:00Z,fourier-demo,-1.002571673788,1.836000000000,-0.059833341681,0.998208380662
2024-01-09T12:01:00Z,fourier-demo,-0.793886334683,1.836150000000,-0.058300916975,0.998299054933
2024-01-09T12:02:00Z,fourier-demo,-0.546178577196,1.836300000000,-0.056768354879,0.998387376665
2024-01-09T12:03:00Z,fourier-demo,-0.267745442460,1.836450000000,-0.055235659006,0.998473345650
2024-01-09T12:04:00Z,fourier-demo,0.032208893057,1.836600000000,-0.053702832968,0.998556961686
2024-01-09T12:05:00Z,fourier-demo,0.343919051217,1.836750000000,-0.052169880377,0.998638224575
2024-01-09T12:06:00Z,fourier-demo,0.657423872223,1.836900000000,-0.050636804844,0.998717134125
2024-01-09T12:07:00Z,fourier-demo,0.962937038493,1.837050000000,-0.049103609984,0.998793690152
2024-01-09T12:08:00Z,fourier-demo,1.251208445744,1.837200000000,-0.047570299409,0.998867892473
2024-01-09T12:09:00Z,fourier-demo,1.513862268819,1.837350000000,-0.046036876732,0.998939740916
2024-01-09T12:10:00Z,fourier-demo,1.743698635501,1.837500000000,-0.044503345567,0.999009235309
2024-01-09T12:11:00Z,fourier-demo,1.934947309118,1.837650000000,-0.042969709527,0.999076375490
2024-01-09T12:12:00Z,fourier-demo,2.083463729328,1.837800000000,-0.041435972228,0.999141161301
2024-01-09T12:13:00Z,fourier-demo,2.186860090777,1.837950000000,-0.039902137283,0.999203592588
2024-01-09T12:14:00Z,fourier-demo,2.244566756471,1.838100000000,-0.038368208306,0.999263669204
2024-01-09T12:15:00Z,fourier-demo,2.257822100438,1.838250000000,-0.036834188913,0.999321391008
2024-01-09T12:16:00Z,fourier-demo,2.229591739176,1.838400000000,-0.035300082718,0.999376757865
2024-01-09T12:17:00Z,fourier-demo,2.164420927294,1.838550000000,-0.033765893337,0.999429769642
2024-01-09T12:18:00Z,fourier-demo,2.068226545985,1.838700000000,-0.032231624386,0.999480426216
2024-01-09T12:19:00Z,fourier-demo,1.948037496364,1.838850000000,-0.030697279479,0.999528727467
2024-01-09T12:20:00Z,fourier-demo,1.811694327438,1.839000000000,-0.029162862232,0.999574673282
2024-01-09T12:21:00Z,fourier-demo,1.667520499672,1.839150000000,-0.027628376261,0.999618263551
2024-01-09T12:22:00Z,fourier-demo,1.523978747361,1.839300000000,-0.026093825183,0.999659498173
2024-01-09T12:23:00Z,fourier-demo,1.389326514626,1.839450000000,-0.024559212614,0.999698377050
2024-01-09T12:24:00Z,fourier-demo,1.271284381692,1.839600000000,-0.023024542170,0.999734900090
2024-01-09T12:25:00Z,fourier-demo,1.176730774499,1.839750000000,-0.021489817467,0.999769067208
2024-01-09T12:26:00Z,fourier-demo,1.111435088639,1.839900000000,-0.019955042123,0.999800878322
2024-01-09T12:27:00Z,fourier-demo,1.079839707588,1.840050000000,-0.018420219753,0.999830333359
2024-01-09T12:28:00Z,fourier-demo,1.084899323967,1.840200000000,-0.016885353976,0.999857432248
2024-01-09T12:29:00Z,fourier-demo,1.127983567461,1.840350000000,-0.015350448407,0.999882174925
2024-01-09T12:30:00Z,fourier-demo,1.208846303441,1.840500000000,-0.013815506664,0.999904561334
2024-01-09T12:31:00Z,fourier-demo,1.325662201363,1.840650000000,-0.012280532365,0.999924591419
2024-01-09T12:32:00Z,fourier-demo,1.475128395420,1.840800000000,-0.010745529125,0.999942265135
2024-01-09T12:33:00Z,fourier-demo,1.652626385884,1.840950000000,-0.009210500564,0.999957582440
2024-01-09T12:34:00Z,fourier-demo,1.852436867702,1.841100000000,-0.007675450297,0.999970543298
2024-01-09T12:35:00Z,fourier-demo,2.067998023946,1.841250000000,-0.006140381943,0.999981147677
2024-01-09T12:36:00Z,fourier-demo,2.292196073298,1.841400000000,-0.004605299118,0.999989395554
2024-01-09T12:37:00Z,fourier-demo,2.517675583964,1.841550000000,-0.003070205442,0.999995286908
2024-01-09T12:38:00Z,fourier-demo,2.737156312606,1.841700000000,-0.001535104530,0.999998821726
2024-01-09T12:39:00Z,fourier-demo,2.943743126048,1.841850000000,-0.000000000000,1.000000000000
2024-01-09T12:40:00Z,fourier-demo,3.131215922559,1.842000000000,0.001535104530,0.999998821726
2024-01-09T12:41:00Z,fourier-demo,3.294287372374,1.842150000000,0.003070205442,0.999995286908
2024-01-09T12:42:00Z,fourier-demo,3.428817705281,1.842300000000,0.004605299118,0.999989395554
2024-01-09T12:43:00Z,fourier-demo,3.531977627262,1.842450000000,0.006140381943,0.999981147677
2024-01-09T12:44:00Z,fourier-demo,3.602352670583,1.842600000000,0.007675450297,0.999970543298
2024-01-09T12:45:00Z,fourier-demo,3.639984779681,1.842750000000,0.009210500564,0.999957582440
2024-01-09T12:46:00Z,fourier-demo,3.646349604405,1.842900000000,0.010745529125,0.999942265135
2024-01-09T12:47:00Z,fourier-demo,3.624270701674,1.843050000000,0.012280532365,0.999924591419
2024-01-09T12:48:00Z,fourier-demo,3.577774522640,1.843200000000,0.013815506664,0.999904561334
2024-01-09T12:49:00Z,fourier-demo,3.511892573914,1.843350000000,0.015350448407,0.999882174925
2024-01-09T12:50:00Z,fourier-demo,3.432419383600,1.843500000000,0.016885353976,0.999857432248
2024-01-09T12:51:00Z,fourier-demo,3.345636782698,1.843650000000,0.018420219753,0.999830333359
2024-01-09T12:52:00Z,fourier-demo,3.258016451409,1.843800000000,0.019955042123,0.999800878322
2024-01-09T12:53:00Z,fourier-demo,3.175913617971,1.843950000000,0.021489817467,0.999769067208
2024-01-09T12:54:00Z,fourier-demo,3.105265195541,1.844100000000,0.023024542170,0.999734900090
2024-01-09T12:55:00Z,fourier-demo,3.051305483173,1.844250000000,0.024559212614,0.999698377050
2024-01-09T12:56:00Z,fourier-demo,3.018311846273,1.844400000000,0.026093825183,0.999659498173
2024-01-09T12:57:00Z,fourier-demo,3.009391558812,1.844550000000,0.027628376261,0.999618263551
2024-01-09T12:58:00Z,fourier-demo,3.026319284503,1.844700000000,0.029162862232,0.999574673282
2024-01-09T12:59:00Z,fourier-demo,3.069432567245,1.844850000000,0.030697279479,0.999528727467
2024-01-09T13:00:00Z,fourier-demo,3.137590279080,1.845000000000,0.032231624386,0.999480426216
2024-01-09T13:01:00Z,fourier-demo,3.228196336659,1.845150000000,0.033765893337,0.999429769642
2024-01-09T13:02:00Z,fourier-demo,3.337288253694,1.845300000000,0.035300082718,0.999376757865
2024-01-09T13:03:00Z,fourier-demo,3.459687360574,1.845450000000,0.036834188913,0.999321391008
2024-01-09T13:04:00Z,fourier-demo,3.589204906745,1.845600000000,0.038368208306,0.999263669204
2024-01-09T13:05:00Z,fourier-demo,3.718895875065,1.845750000000,0.039902137283,0.999203592588
2024-01-09T13:06:00Z,fourier-demo,3.841350279724,1.845900000000,0.041435972228,0.999141161301
2024-01-09T13:07:00Z,fourier-demo,3.949010076342,1.846050000000,0.042969709527,0.999076375490
2024-01-09T13:08:00Z,fourier-demo,4.034498653826,1.846200000000,0.044503345567,0.999009235309
2024-01-09T13:09:00Z,fourier-demo,4.090949251702,1.846350000000,0.046036876732,0.998939740916
2024-01-09T13:10:00Z,fourier-demo,4.112318581645,1.846500000000,0.047570299409,0.998867892473
2024-01-09T13:11:00Z,fourier-demo,4.093672432311,1.846650000000,0.049103609984,0.998793690152
2024-01-09T13:12:00Z,fourier-demo,4.031431083726,1.846800000000,0.050636804844,0.998717134125
2024-01-09T13:13:00Z,fourier-demo,3.923563910322,1.846950000000,0.052169880377,0.998638224575
2024-01-09T13:14:00Z,fourier-demo,3.769724548289,1.847100000000,0.053702832968,0.998556961686
2024-01-09T13:15:00Z,fourier-demo,3.571320363035,1.847250000000,0.055235659006,0.998473345650
2024-01-09T13:16:00Z,fourier-demo,3.331512580856,1.847400000000,0.056768354879,0.998387376665
2024-01-09T13:17:00Z,fourier-demo,3.055146239009,1.847550000000,0.058300916975,0.998299054933
2024-01-09T13:18:00Z,fourier-demo,2.748611946844,1.847700000000,0.059833341681,0.998208380662
2024-01-09T13:19:00Z,fourier-demo,2.419644222061,1.847850000000,0.061365625388,0.998115354065
2024-01-09T13:20:00Z,fourier-demo,2.077063757284,1.848000000000,0.062897764483,0.998019975363
2024-01-09T13:21:00Z,fourier-demo,1.730473277324,1.848150000000,0.064429755357,0.997922244779
2024-01-09T13:22:00Z,fourier-demo,1.389918571954,1.848300000000,0.065961594399,0.997822162544
2024-01-09T13:23:00Z,fourier-demo,1.065527753880,1.848450000000,0.067493278000,0.997719728894
2024-01-09T13:24:00Z,fourier-demo,0.767142736031,1.848600000000,0.069024802550,0.997614944071
2024-01-09T13:25:00Z,fourier-demo,0.503957306966,1.848750000000,0.070556164439,0.997507808320
2024-01-09T13:26:00Z,fourier-demo,0.284175991167,1.848900000000,0.072087360059,0.997398321895
2024-01-09T13:27:00Z,fourier-demo,0.114707118799,1.849050000000,0.073618385802,0.997286485054
2024-01-09T13:28:00Z,fourier-demo,0.000902227013,1.849200000000,0.075149238060,0.997172298060
2024-01-09T13:29:00Z,fourier-demo,-0.053647876413,1.849350000000,0.076679913225,0.997055761183
2024-01-09T13:30:00Z,fourier-demo,-0.047252264772,1.849500000000,0.078210407690,0.996936874696
2024-01-09T13:31:00Z,fourier-demo,0.019811325832,1.849650000000,0.079740717849,0.996815638881
2024-01-09T13:32:00Z,fourier-demo,0.145300906178,1.849800000000,0.081270840095,0.996692054022
2024-01-09T13:33:00Z,fourier-demo,0.325087777168,1.849950000000,0.082800770823,0.996566120411
2024-01-09T13:34:00Z,fourier-demo,0.553304269769,1.850100000000,0.084330506426,0.996437838345
2024-01-09T13:35:00Z,fourier-demo,0.822555981982,1.850250000000,0.085860043301,0.996307208126
2024-01-09T13:36:00Z,fourier-demo,1.124190277961,1.850400000000,0.087389377842,0.996174230062
2024-01-09T13:37:00Z,fourier-demo,1.448610608564,1.850550000000,0.088918506446,0.996038904467
2024-01-09T13:38:00Z,fourier-demo,1.785624425036,1.850700000000,0.090447425510,0.995901231658
2024-01-09T13:39:00Z,fourier-demo,2.124811159689,1.850850000000,0.091976131430,0.995761211962
2024-01-09T13:40:00Z,fourier-demo,2.455895991388,1.851000000000,0.093504620603,0.995618845706
2024-01-09T13:41:00Z,fourier-demo,2.769114929069,1.851150000000,0.095032889429,0.995474133228
2024-01-09T13:42:00Z,fourier-demo,3.055557140203,1.851300000000,0.096560934305,0.995327074868
2024-01-09T13:43:00Z,fourier-demo,3.307471406324,1.851450000000,0.098088751631,0.995177670973
2024-01-09T13:44:00Z,fourier-demo,3.518525064962,1.851600000000,0.099616337806,0.995025921895
2024-01-09T13:45:00Z,fourier-demo,3.684005736011,1.851750000000,0.101143689231,0.994871827990
2024-01-09T13:46:00Z,fourier-demo,3.800958451518,1.851900000000,0.102670802305,0.994715389624
2024-01-09T13:47:00Z,fourier-demo,3.868253416453,1.852050000000,0.104197673431,0.994556607163
2024-01-09T13:48:00Z,fourier-demo,3.886582418137,1.852200000000,0.105724299010,0.994395480983
2024-01-09T13:49:00Z,fourier-demo,3.858384760319,1.852350000000,0.107250675445,0.994232011462
2024-01-09T13:50:00Z,fourier-demo,3.787706408520,1.852500000000,0.108776799139,0.994066198987
2024-01-09T13:51:00Z,fourier-demo,3.679998682487,1.852650000000,0.110302666494,0.993898043948
2024-01-09T13:52:00Z,fourier-demo,3.541865212410,1.852800000000,0.111828273917,0.993727546741
2024-01-09T13:53:00Z,fourier-demo,3.380767892266,1.852950000000,0.113353617811,0.993554707769
2024-01-09T13:54:00Z,fourier-demo,3.204704135349,1.853100000000,0.114878694581,0.993379527437
2024-01-09T13:55:00Z,fourier-demo,3.021868801351,1.853250000000,0.116403500635,0.993202006160
2024-01-09T13:56:00Z,fourier-demo,2.840314679603,1.853400000000,0.117928032378,0.993022144355
2024-01-09T13:57:00Z,fourier-demo,2.667625360137,1.853550000000,0.119452286218,0.992839942447
2024-01-09T13:58:00Z,fourier-demo,2.510613707169,1.853700000000,0.120976258564,0.992655400864
2024-01-09T13:59:00Z,fourier-demo,2.375057995691,1.853850000000,0.122499945823,0.992468520042
2024-01-09T14:00:00Z,fourier-demo,2.265486129992,1.854000000000,0.124023344405,0.992279300420
2024-01-09T14:01:00Z,fourier-demo,2.185016302231,1.854150000000,0.125546450720,0.992087742446
2024-01-09T14:02:00Z,fourier-demo,2.135260055406,1.854300000000,0.127069261179,0.991893846570
2024-01-09T14:03:00Z,fourier-demo,2.116291087752,1.854450000000,0.128591772193,0.991697613249
2024-01-09T14:04:00Z,fourier-demo,2.126680383424,1.854600000000,0.130113980175,0.991499042946
2024-01-09T14:05:00Z,fourier-demo,2.163595491000,1.854750000000,0.131635881537,0.991298136129
2024-01-09T14:06:00Z,fourier-demo,2.222959110753,1.854900000000,0.133157472693,0.991094893270
2024-01-09T14:07:00Z,fourier-demo,2.299659703244,1.855050000000,0.134678750057,0.990889314850
2024-01-09T14:08:00Z,fourier-demo,2.387804696038,1.855200000000,0.136199710044,0.990681401352
2024-01-09T14:09:00Z,fourier-demo,2.481005129779,1.855350000000,0.137720349070,0.990471153266
2024-01-09T14:10:00Z,fourier-demo,2.572679320182,1.855500000000,0.139240663551,0.990258571088
2024-01-09T14:11:00Z,fourier-demo,2.656362370072,1.855650000000,0.140760649906,0.990043655319
2024-01-09T14:12:00Z,fourier-demo,2.726008175056,1.855800000000,0.142280304551,0.989826406466
2024-01-09T14:13:00Z,fourier-demo,2.776270934536,1.855950000000,0.143799623906,0.989606825039
2024-01-09T14:14:00Z,fourier-demo,2.802754090436,1.856100000000,0.145318604390,0.989384911558
2024-01-09T14:15:00Z,fourier-demo,2.802216030438,1.856250000000,0.146837242424,0.989160666544
2024-01-09T14:16:00Z,fourier-demo,2.772723751358,1.856400000000,0.148355534429,0.988934090526
2024-01-09T14:17:00Z,fourier-demo,2.713747903813,1.856550000000,0.149873476828,0.988705184038
2024-01-09T14:18:00Z,fourier-demo,2.626195138486,1.856700000000,0.151391066042,0.988473947620
2024-01-09T14:19:00Z,fourier-demo,2.512376343208,1.856850000000,0.152908298496,0.988240381816
2024-01-09T14:20:00Z,fourier-demo,2.375912087296,1.857000000000,0.154425170615,0.988004487176
2024-01-09T14:21:00Z,fourier-demo,2.221579261845,1.857150000000,0.155941678823,0.987766264258
2024-01-09T14:22:00Z,fourier-demo,2.055105410528,1.857300000000,0.157457819548,0.987525713621
2024-01-09T14:23:00Z,fourier-demo,1.882919480616,1.857450000000,0.158973589215,0.987282835834
2024-01-09T14:24:00Z,fourier-demo,1.711869595188,1.857600000000,0.160488984254,0.987037631468
2024-01-09T14:25:00Z,fourier-demo,1.548919876588,1.857750000000,0.162004001093,0.986790101100
2024-01-09T14:26:00Z,fourier-demo,1.400839278293,1.857900000000,0.163518636162,0.986540245316
2024-01-09T14:27:00Z,fourier-demo,1.273895768221,1.858050000000,0.165032885891,0.986288064702
2024-01-09T14:28:00Z,fourier-demo,1.173569034211,1.858200000000,0.166546746713,0.986033559854
2024-01-09T14:29:00Z,fourier-demo,1.104294158376,1.858350000000,0.168060215059,0.985776731372
2024-01-09T14:30:00Z,fourier-demo,1.069247460109,1.858500000000,0.169573287364,0.985517579860
2024-01-09T14:31:00Z,fourier-demo,1.070183988515,1.858650000000,0.171085960061,0.985256105929
2024-01-09T14:32:00Z,fourier-demo,1.107334024237,1.858800000000,0.172598229586,0.984992310195
2024-01-09T14:33:00Z,fourier-demo,1.179363514974,1.858950000000,0.174110092375,0.984726193281
2024-01-09T14:34:00Z,fourier-demo,1.283400718566,1.859100000000,0.175621544865,0.984457755812
2024-01-09T14:35:00Z,fourier-demo,1.415128571589,1.859250000000,0.177132583495,0.984186998423
2024-01-09T14:36:00Z,fourier-demo,1.568939553504,1.859400000000,0.178643204704,0.983913921750
2024-01-09T14:37:00Z,fourier-demo,1.738147190282,1.859550000000,0.180153404931,0.983638526437
2024-01-09T14:38:00Z,fourier-demo,1.915245945752,1.859700000000,0.181663180618,0.983360813134
2024-01-09T14:39:00Z,fourier-demo,2.092209183290,1.859850000000,0.183172528208,0.983080782494
2024-01-09T14:40:00Z,fourier-demo,2.260813230989,1.860000000000,0.184681444143,0.982798435179
2024-01-09T14:41:00Z,fourier-demo,2.412974419413,1.860150000000,0.186189924867,0.982513771852
2024-01-09T14:42:00Z,fourier-demo,2.541085331793,1.860300000000,0.187697966826,0.982226793185
2024-01-09T14:43:00Z,fourier-demo,2.638336439808,1.860450000000,0.189205566465,0.981937499854
2024-01-09T14:44:00Z,fourier-demo,2.699009798334,1.860600000000,0.190712720233,0.981645892540
2024-01-09T14:45:00Z,fourier-demo,2.718732521221,1.860750000000,0.192219424577,0.981351971932
2024-01-09T14:46:00Z,fourier-demo,2.694679316071,1.860900000000,0.193725675947,0.981055738722
2024-01-09T14:47:00Z,fourier-demo,2.625715357164,1.861050000000,0.195231470794,0.980757193607
2024-01-09T14:48:00Z,fourier-demo,2.512473141718,1.861200000000,0.196736805568,0.980456337291
2024-01-09T14:49:00Z,fourier-demo,2.357359610315,1.861350000000,0.198241676723,0.980153170484
2024-01-09T14:50:00Z,fourier-demo,2.164492610695,1.861500000000,0.199746080711,0.979847693900
2024-01-09T14:51:00Z,fourier-demo,1.939568632032,1.861650000000,0.201250013989,0.979539908258
2024-01-09T14:52:00Z,fourier-demo,1.689666518275,1.861800000000,0.202753473011,0.979229814284
2024-01-09T14:53:00Z,fourier-demo,1.422994471123,1.861950000000,0.204256454236,0.978917412708
2024-01-09T14:54:00Z,fourier-demo,1.148589969488,1.862100000000,0.205758954120,0.978602704267
2024-01-09T14:55:00Z,fourier-demo,0.875984168215,1.862250000000,0.207260969124,0.978285689703
2024-01-09T14:56:00Z,fourier-demo,0.614843815080,1.862400000000,0.208762495707,0.977966369762
2024-01-09T14:57:00Z,fourier-demo,0.374604680806,1.862550000000,0.210263530331,0.977644745198
2024-01-09T14:58:00Z,fourier-demo,0.164110892398,1.862700000000,0.211764069460,0.977320816767
2024-01-09T14:59:00Z,fourier-demo,-0.008725621631,1.862850000000,0.213264109557,0.976994585233
2024-01-09T15:00:00Z,fourier-demo,-0.137232118090,1.863000000000,0.214763647086,0.976666051366
2024-01-09T15:01:00Z,fourier-demo,-0.216236295715,1.863150000000,0.216262678515,0.976335215938
2024-01-09T15:02:00Z,fourier-demo,-0.242271442877,1.863300000000,0.217761200311,0.976002079731
2024-01-09T15:03:00Z,fourier-demo,-0.213717299475,1.863450000000,0.219259208942,0.975666643528
2024-01-09T15:04:00Z,fourier-demo,-0.130870987840,1.863600000000,0.220756700879,0.975328908121
2024-01-09T15:05:00Z,fourier-demo,0.004054872845,1.863750000000,0.222253672592,0.974988874306
2024-01-09T15:06:00Z,fourier-demo,0.187006877507,1.863900000000,0.223750120553,0.974646542882
2024-01-09T15:07:00Z,fourier-demo,0.412235502817,1.864050000000,0.225246041237,0.974301914658
2024-01-09T15:08:00Z,fourier-demo,0.672504100048,1.864200000000,0.226741431118,0.973954990446
2024-01-09T15:09:00Z,fourier-demo,0.959354045186,1.864350000000,0.228236286672,0.973605771063
2024-01-09T15:10:00Z,fourier-demo,1.263415669977,1.864500000000,0.229730604376,0.973254257331
2024-01-09T15:11:00Z,fourier-demo,1.574752806205,1.864650000000,0.231224380709,0.972900450080
2024-01-09T15:12:00Z,fourier-demo,1.883227472895,1.864800000000,0.232717612151,0.972544350143
2024-01-09T15:13:00Z,fourier-demo,2.178870474242,1.864950000000,0.234210295184,0.972185958359
2024-01-09T15:14:00Z,fourier-demo,2.452243484814,1.865100000000,0.235702426288,0.971825275573
2024-01-09T15:15:00Z,fourier-demo,2.694778585003,1.865250000000,0.237194001948,0.971462302634
2024-01-09T15:16:00Z,fourier-demo,2.899082156988,1.865400000000,0.238685018650,0.971097040399
2024-01-09T15:17:00Z,fourier-demo,3.059191520523,1.865550000000,0.240175472879,0.970729489728
2024-01-09T15:18:00Z,fourier-demo,3.170774618176,1.865700000000,0.241665361123,0.970359651487
2024-01-09T15:19:00Z,fourier-demo,3.231265372199,1.865850000000,0.243154679872,0.969987526547
2024-01-09T15:20:00Z,fourier-demo,3.239929935599,1.866000000000,0.244643425615,0.969613115786
2024-01-09T15:21:00Z,fourier-demo,3.197861842258,1.866150000000,0.246131594844,0.969236420085
2024-01-09T15:22:00Z,fourier-demo,3.107906911899,1.866300000000,0.247619184052,0.968857440333
2024-01-09T15:23:00Z,fourier-demo,2.974521569665,1.866450000000,0.249106189734,0.968476177423
2024-01-09T15:24:00Z,fourier-demo,2.803570883445,1.866600000000,0.250592608385,0.968092632253
2024-01-09T15:25:00Z,fourier-demo,2.602074997932,1.866750000000,0.252078436503,0.967706805727
2024-01-09T15:26:00Z,fourier-demo,2.377914657207,1.866900000000,0.253563670587,0.967318698754
2024-01-09T15:27:00Z,fourier-demo,2.139508076513,1.867050000000,0.255048307135,0.966928312248
2024-01-09T15:28:00Z,fourier-demo,1.895472486596,1.867200000000,0.256532342650,0.966535647131
2024-01-09T15:29:00Z,fourier-demo,1.654284188745,1.867350000000,0.258015773635,0.966140704326
2024-01-09T15:30:00Z,fourier-demo,1.423950906521,1.867500000000,0.259498596593,0.965743484765
2024-01-09T15:31:00Z,fourier-demo,1.211709605140,1.867650000000,0.260980808031,0.965343989384
2024-01-09T15:32:00Z,fourier-demo,1.023761798590,1.867800000000,0.262462404455,0.964942219124
2024-01-09T15:33:00Z,fourier-demo,0.865056727082,1.867950000000,0.263943382373,0.964538174932
2024-01-09T15:34:00Z,fourier-demo,0.739130731915,1.868100000000,0.265423738297,0.964131857760
2024-01-09T15:35:00Z,fourier-demo,0.648008767277,1.868250000000,0.266903468737,0.963723268566
2024-01-09T15:36:00Z,fourier-demo,0.592171368181,1.868400000000,0.268382570207,0.963312408313
2024-01-09T15:37:00Z,fourier-demo,0.570587649154,1.868550000000,0.269861039220,0.962899277968
2024-01-09T15:38:00Z,fourier-demo,0.580812153138,1.868700000000,0.271338872293,0.962483878505
2024-01-09T15:39:00Z,fourier-demo,0.619140717917,1.868850000000,0.272816065943,0.962066210904
2024-01-09T15:40:00Z,fourier-demo,0.680818087595,1.869000000000,0.274292616689,0.961646276148
2024-01-09T15:41:00Z,fourier-demo,0.760287869520,1.869150000000,0.275768521052,0.961224075228
2024-01-09T15:42:00Z,fourier-demo,0.851473709858,1.869300000000,0.277243775553,0.960799609137
2024-01-09T15:43:00Z,fourier-demo,0.948079304374,1.869450000000,0.278718376716,0.960372878876
2024-01-09T15:44:00Z,fourier-demo,1.043894126016,1.869600000000,0.280192321065,0.959943885452
2024-01-09T15:45:00Z,fourier-demo,1.133091567107,1.869750000000,0.281665605129,0.959512629874
2024-01-09T15:46:00Z,fourier-demo,1.210506567962,1.869900000000,0.283138225434,0.959079113159
2024-01-09T15:47:00Z,fourier-demo,1.271880719305,1.870050000000,0.284610178510,0.958643336329
2024-01-09T15:48:00Z,fourier-demo,1.314064244019,1.870200000000,0.286081460890,0.958205300411
2024-01-09T15:49:00Z,fourier-demo,1.335166125199,1.870350000000,0.287552069104,0.957765006436
2024-01-09T15:50:00Z,fourier-demo,1.334645874124,1.870500000000,0.289021999689,0.957322455443
2024-01-09T15:51:00Z,fourier-demo,1.313342930946,1.870650000000,0.290491249179,0.956877648475
2024-01-09T15:52:00Z,fourier-demo,1.273442358152,1.870800000000,0.291959814114,0.956430586578
2024-01-09T15:53:00Z,fourier-demo,1.218378211277,1.870950000000,0.293427691031,0.955981270808
2024-01-09T15:54:00Z,fourier-demo,1.152678639293,1.871100000000,0.294894876472,0.955529702223
2024-01-09T15:55:00Z,fourier-demo,1.081759267347,1.871250000000,0.296361366979,0.955075881887
2024-01-09T15:56:00Z,fourier-demo,1.011673642868,1.871400000000,0.297827159096,0.954619810870
2024-01-09T15:57:00Z,fourier-demo,0.948831389257,1.871550000000,0.299292249370,0.954161490245
2024-01-09T15:58:00Z,fourier-demo,0.899696131481,1.871700000000,0.300756634347,0.953700921094
2024-01-09T15:59:00Z,fourier-demo,0.870476174981,1.871850000000,0.302220310578,0.953238104502
2024-01-09T16:00:00Z,fourier-demo,0.866821294522,1.872000000000,0.303683274611,0.952773041559
2024-01-09T16:01:00Z,fourier-demo,0.893538806027,1.872150000000,0.305145523001,0.952305733361
2024-01-09T16:02:00Z,fourier-demo,0.954341358754,1.872300000000,0.306607052301,0.951836181010
2024-01-09T16:03:00Z,fourier-demo,1.051637626409,1.872450000000,0.308067859067,0.951364385612
2024-01-09T16:04:00Z,fourier-demo,1.186375344925,1.872600000000,0.309527939856,0.950890348278
2024-01-09T16:05:00Z,fourier-demo,1.357944012217,1.872750000000,0.310987291228,0.950414070127
2024-01-09T16:06:00Z,fourier-demo,1.564142118314,1.872900000000,0.312445909744,0.949935552279
2024-01-09T16:07:00Z,fourier-demo,1.801211113242,1.873050000000,0.313903791966,0.949454795864
2024-01-09T16:08:00Z,fourier-demo,2.063935554282,1.873200000000,0.315360934460,0.948971802014
2024-01-09T16:09:00Z,fourier-demo,2.345806117481,1.873350000000,0.316817333790,0.948486571866
2024-01-09T16:10:00Z,fourier-demo,2.639239524492,1.873500000000,0.318272986525,0.947999106565
2024-01-09T16:11:00Z,fourier-demo,2.935847033714,1.873650000000,0.319727889235,0.947509407260
2024-01-09T16:12:00Z,fourier-demo,3.226741074055,1.873800000000,0.321182038491,0.947017475103
2024-01-09T16:13:00Z,fourier-demo,3.502867946724,1.873950000000,0.322635430866,0.946523311255
2024-01-09T16:14:00Z,fourier-demo,3.755353354462,1.874100000000,0.324088062935,0.946026916881
2024-01-09T16:15:00Z,fourier-demo,3.975846888162,1.874250000000,0.325539931276,0.945528293149
2024-01-09T16:16:00Z,fourier-demo,4.156851535520,1.874400000000,0.326991032467,0.945027441235
2024-01-09T16:17:00Z,fourier-demo,4.292024779687,1.874550000000,0.328441363087,0.944524362319
2024-01-09T16:18:00Z,fourier-demo,4.376438909269,1.874700000000,0.329890919720,0.944019057586
2024-01-09T16:19:00Z,fourier-demo,4.406789723279,1.874850000000,0.331339698950,0.943511528228
2024-01-09T16:20:00Z,fourier-demo,4.381544823557,1.875000000000,0.332787697362,0.943001775441
2024-01-09T16:21:00Z,fourier-demo,4.301025062473,1.875150000000,0.334234911544,0.942489800425
2024-01-09T16:22:00Z,fourier-demo,4.167415359710,1.875300000000,0.335681338085,0.941975604388
2024-01-09T16:23:00Z,fourier-demo,3.984703911947,1.875450000000,0.337126973578,0.941459188540
2024-01-09T16:24:00Z,fourier-demo,3.758551679496,1.875600000000,0.338571814615,0.940940554099
2024-01-09T16:25:00Z,fourier-demo,3.496096828750,1.875750000000,0.340015857791,0.940419702288
2024-01-09T16:26:00Z,fourier-demo,3.205701424884,1.875900000000,0.341459099704,0.939896634332
2024-01-09T16:27:00Z,fourier-demo,2.896649999665,1.876050000000,0.342901536952,0.939371351466
2024-01-09T16:28:00Z,fourier-demo,2.578811569244,1.876200000000,0.344343166137,0.938843854927
2024-01-09T16:29:00Z,fourier-demo,2.262278167109,1.876350000000,0.345783983861,0.938314145958
2024-01-09T16:30:00Z,fourier-demo,1.956993926775,1.876500000000,0.347223986728,0.937782225808
2024-01-09T16:31:00Z,fourier-demo,1.672389157456,1.876650000000,0.348663171346,0.937248095729
2024-01-09T16:32:00Z,fourier-demo,1.417033686692,1.876800000000,0.350101534322,0.936711756980
2024-01-09T16:33:00Z,fourier-demo,1.198323002746,1.876950000000,0.351539072268,0.936173210826
2024-01-09T16:34:00Z,fourier-demo,1.022209446111,1.877100000000,0.352975781795,0.935632458536
2024-01-09T16:35:00Z,fourier-demo,0.892988924963,1.877250000000,0.354411659518,0.935089501384
2024-01-09T16:36:00Z,fourier-demo,0.813151435098,1.877400000000,0.355846702053,0.934544340648
2024-01-09T16:37:00Z,fourier-demo,0.783301139297,1.877550000000,0.357280906019,0.933996977615
2024-01-09T16:38:00Z,fourier-demo,0.802149005743,1.877700000000,0.358714268035,0.933447413574
2024-01-09T16:39:00Z,fourier-demo,0.866578131252,1.877850000000,0.360146784724,0.932895649820
2024-01-09T16:40:00Z,fourier-demo,0.971778998425,1.878000000000,0.361578452710,0.932341687653
2024-01-09T16:41:00Z,fourier-demo,1.111449152405,1.878150000000,0.363009268620,0.931785528379
2024-01-09T16:42:00Z,fourier-demo,1.278049243841,1.878300000000,0.364439229081,0.931227173308
2024-01-09T16:43:00Z,fourier-demo,1.463105172230,1.878450000000,0.365868330723,0.930666623756
2024-01-09T16:44:00Z,fourier-demo,1.657544266673,1.878600000000,0.367296570180,0.930103881045
2024-01-09T16:45:00Z,fourier-demo,1.852052131252,1.878750000000,0.368723944085,0.929538946499
2024-01-09T16:46:00Z,fourier-demo,2.037436011726,1.878900000000,0.370150449074,0.928971821451
2024-01-09T16:47:00Z,fourier-demo,2.204980339222,1.879050000000,0.371576081787,0.928402507237
2024-01-09T16:48:00Z,fourier-demo,2.346780482122,1.879200000000,0.373000838862,0.927831005199
2024-01-09T16:49:00Z,fourier-demo,2.456041672908,1.879350000000,0.374424716944,0.927257316683
2024-01-09T16:50:00Z,fourier-demo,2.527331533366,1.879500000000,0.375847712676,0.926681443041
2024-01-09T16:51:00Z,fourier-demo,2.556776538980,1.879650000000,0.377269822705,0.926103385630
2024-01-09T16:52:00Z,fourier-demo,2.542195062755,1.879800000000,0.378691043680,0.925523145813
2024-01-09T16:53:00Z,fourier-demo,2.483162225896,1.879950000000,0.380111372252,0.924940724957
2024-01-09T16:54:00Z,fourier-demo,2.381004552030,1.880100000000,0.381530805073,0.924356124435
2024-01-09T16:55:00Z,fourier-demo,2.238725259970,1.880250000000,0.382949338799,0.923769345623
2024-01-09T16:56:00Z,fourier-demo,2.060863821880,1.880400000000,0.384366970087,0.923180389906
2024-01-09T16:57:00Z,fourier-demo,1.853296045759,1.880550000000,0.385783695595,0.922589258670
2024-01-09T16:58:00Z,fourier-demo,1.622983306636,1.880700000000,0.387199511986,0.921995953309
2024-01-09T16:59:00Z,fourier-demo,1.377681554363,1.880850000000,0.388614415924,0.921400475220
2024-01-09T17:00:00Z,fourier-demo,1.125622286693,1.881000000000,0.390028404072,0.920802825808
2024-01-09T17:01:00Z,fourier-demo,0.875178732291,1.881150000000,0.391441473101,0.920203006481
2024-01-09T17:02:00Z,fourier-demo,0.634530997765,1.881300000000,0.392853619679,0.919601018652
2024-01-09T17:03:00Z,fourier-demo,0.411343876876,1.881450000000,0.394264840479,0.918996863739
2024-01-09T17:04:00Z,fourier-demo,0.212470402639,1.881600000000,0.395675132175,0.918390543167
2024-01-09T17:05:00Z,fourier-demo,0.043693071512,1.881750000000,0.397084491445,0.917782058364
2024-01-09T17:06:00Z,fourier-demo,-0.090486967987,1.881900000000,0.398492914965,0.917171410764
2024-01-09T17:07:00Z,fourier-demo,-0.187004523138,1.882050000000,0.399900399419,0.916558601806
2024-01-09T17:08:00Z,fourier-demo,-0.244322906219,1.882200000000,0.401306941488,0.915943632935
2024-01-09T17:09:00Z,fourier-demo,-0.262461185298,1.882350000000,0.402712537858,0.915326505599
2024-01-09T17:10:00Z,fourier-demo,-0.242955635319,1.882500000000,0.404117185217,0.914707221253
2024-01-09T17:11:00Z,fourier-demo,-0.188757636165,1.882650000000,0.405520880255,0.914085781356
2024-01-09T17:12:00Z,fourier-demo,-0.104072908382,1.882800000000,0.406923619664,0.913462187373
2024-01-09T17:13:00Z,fourier-demo,0.005850591771,1.882950000000,0.408325400138,0.912836440772
2024-01-09T17:14:00Z,fourier-demo,0.134976678621,1.883100000000,0.409726218374,0.912208543030
2024-01-09T17:15:00Z,fourier-demo,0.276765688019,1.883250000000,0.411126071071,0.911578495625
2024-01-09T17:16:00Z,fourier-demo,0.424477569555,1.883400000000,0.412524954929,0.910946300042
2024-01-09T17:17:00Z,fourier-demo,0.571480191788,1.883550000000,0.413922866653,0.910311957771
2024-01-09T17:18:00Z,fourier-demo,0.711549558263,1.883700000000,0.415319802949,0.909675470307
2024-01-09T17:19:00Z,fourier-demo,0.839149015605,1.883850000000,0.416715760523,0.909036839150
2024-01-09T17:20:00Z,fourier-demo,0.949675459475,1.884000000000,0.418110736087,0.908396065804
2024-01-09T17:21:00Z,fourier-demo,1.039661970640,1.884150000000,0.419504726354,0.907753151780
2024-01-09T17:22:00Z,fourier-demo,1.106928182214,1.884300000000,0.420897728037,0.907108098593
2024-01-09T17:23:00Z,fourier-demo,1.150671912340,1.884450000000,0.422289737855,0.906460907763
2024-01-09T17:24:00Z,fourier-demo,1.171498101030,1.884600000000,0.423680752528,0.905811580814
2024-01-09T17:25:00Z,fourier-demo,1.171383761515,1.884750000000,0.425070768777,0.905160119278
2024-01-09T17:26:00Z,fourier-demo,1.153580383807,1.884900000000,0.426459783326,0.904506524689
2024-01-09T17:27:00Z,fourier-demo,1.122457897919,1.885050000000,0.427847792903,0.903850798588
2024-01-09T17:28:00Z,fourier-demo,1.083296804932,1.885200000000,0.429234794236,0.903192942520
2024-01-09T17:29:00Z,fourier-demo,1.042037311669,1.885350000000,0.430620784057,0.902532958034
2024-01-09T17:30:00Z,fourier-demo,1.004996165943,1.885500000000,0.432005759100,0.901870846687
2024-01-09T17:31:00Z,fourier-demo,0.978563306277,1.885650000000,0.433389716101,0.901206610039
2024-01-09T17:32:00Z,fourier-demo,0.968891352893,1.885800000000,0.434772651798,0.900540249655
2024-01-09T17:33:00Z,fourier-demo,0.981591336677,1.885950000000,0.436154562933,0.899871767105
2024-01-09T17:34:00Z,fourier-demo,1.021447873257,1.886100000000,0.437535446249,0.899201163965
2024-01-09T17:35:00Z,fourier-demo,1.092166246784,1.886250000000,0.438915298493,0.898528441814
2024-01-09T17:36:00Z,fourier-demo,1.196162601872,1.886400000000,0.440294116411,0.897853602239
2024-01-09T17:37:00Z,fourier-demo,1.334406703557,1.886550000000,0.441671896756,0.897176646829
2024-01-09T17:38:00Z,fourier-demo,1.506324584654,1.886700000000,0.443048636280,0.896497577180
2024-01-09T17:39:00Z,fourier-demo,1.709765944914,1.886850000000,0.444424331739,0.895816394893
2024-01-09T17:40:00Z,fourier-demo,1.941038497422,1.887000000000,0.445798979891,0.895133101571
2024-01-09T17:41:00Z,fourier-demo,2.195008684209,1.887150000000,0.447172577496,0.894447698826
2024-01-09T17:42:00Z,fourier-demo,2.465265419105,1.887300000000,0.448545121319,0.893760188273
2024-01-09T17:43:00Z,fourier-demo,2.744340875442,1.887450000000,0.449916608123,0.893070571531
2024-01-09T17:44:00Z,fourier-demo,3.023979928241,1.887600000000,0.451287034678,0.892378850227
2024-01-09T17:45:00Z,fourier-demo,3.295447784952,1.887750000000,0.452656397753,0.891685025989
2024-01-09T17:46:00Z,fourier-demo,3.549863681867,1.887900000000,0.454024694122,0.890989100454
2024-01-09T17:47:00Z,fourier-demo,3.778547354542,1.888050000000,0.455391920561,0.890291075260
2024-01-09T17:48:00Z,fourier-demo,3.973364359401,1.888200000000,0.456758073847,0.889590952054
2024-01-09T17:49:00Z,fourier-demo,4.127056257897,1.888350000000,0.458123150761,0.888888732484
2024-01-09T17:50:00Z,fourier-demo,4.233542178760,1.888500000000,0.459487148086,0.888184418206
2024-01-09T17:51:00Z,fourier-demo,4.288179329284,1.888650000000,0.460850062608,0.887478010879
2024-01-09T17:52:00Z,fourier-demo,4.287971592107,1.888800000000,0.462211891115,0.886769512169
2024-01-09T17:53:00Z,fourier-demo,4.231717357352,1.888950000000,0.463572630397,0.886058923744
2024-01-09T17:54:00Z,fourier-demo,4.120090120820,1.889100000000,0.464932277249,0.885346247279
2024-01-09T17:55:00Z,fourier-demo,3.955648031553,1.889250000000,0.466290828466,0.884631484455
2024-01-09T17:56:00Z,fourier-demo,3.742771389527,1.889400000000,0.467648280847,0.883914636954
2024-01-09T17:57:00Z,fourier-demo,3.487529962851,1.889550000000,0.469004631192,0.883195706466
2024-01-09T17:58:00Z,fourier-demo,3.197484797396,1.889700000000,0.470359876306,0.882474694686
2024-01-09T17:59:00Z,fourier-demo,2.881431816831,1.889850000000,0.471714012994,0.881751603313
2024-01-09T18:00:00Z,fourier-demo,2.549096851030,1.890000000000,0.473067038066,0.881026434050
2024-01-09T18:01:00Z,fourier-demo,2.210793690579,1.890150000000,0.474418948333,0.880299188607
2024-01-09T18:02:00Z,fourier-demo,1.877058265041,1.890300000000,0.475769740610,0.879569868697
2024-01-09T18:03:00Z,fourier-demo,1.558273021462,1.890450000000,0.477119411712,0.878838476040
2024-01-09T18:04:00Z,fourier-demo,1.264295997152,1.890600000000,0.478467958460,0.878105012357
2024-01-09T18:05:00Z,fourier-demo,1.004108919779,1.890750000000,0.479815377676,0.877369479379
2024-01-09T18:06:00Z,fourier-demo,0.785497934175,1.890900000000,0.481161666184,0.876631878838
2024-01-09T18:07:00Z,fourier-demo,0.614779278266,1.891050000000,0.482506820812,0.875892212473
2024-01-09T18:08:00Z,fourier-demo,0.496580461440,1.891200000000,0.483850838389,0.875150482026
2024-01-09T18:09:00Z,fourier-demo,0.433685308575,1.891350000000,0.485193715750,0.874406689245
2024-01-09T18:10:00Z,fourier-demo,0.426948710211,1.891500000000,0.486535449728,0.873660835884
2024-01-09T18:11:00Z,fourier-demo,0.475284165421,1.891650000000,0.487876037163,0.872912923700
2024-01-09T18:12:00Z,fourier-demo,0.575724330123,1.891800000000,0.489215474894,0.872162954455
2024-01-09T18:13:00Z,fourier-demo,0.723551905341,1.891950000000,0.490553759766,0.871410929917
2024-01-09T18:14:00Z,fourier-demo,0.912495433473,1.892100000000,0.491890888625,0.870656851858
2024-01-09T18:15:00Z,fourier-demo,1.134982027072,1.892250000000,0.493226858320,0.869900722055
2024-01-09T18:16:00Z,fourier-demo,1.382436836237,1.892400000000,0.494561665703,0.869142542289
2024-01-09T18:17:00Z,fourier-demo,1.645617256286,1.892550000000,0.495895307627,0.868382314349
2024-01-09T18:18:00Z,fourier-demo,1.914968559003,1.892700000000,0.497227780951,0.867620040024
2024-01-09T18:19:00Z,fourier-demo,2.180986850547,1.892850000000,0.498559082534,0.866855721111
2024-01-09T18:20:00Z,fourier-demo,2.434575047413,1.893000000000,0.499889209239,0.866089359412
2024-01-09T18:21:00Z,fourier-demo,2.667377925797,1.893150000000,0.501218157931,0.865320956732
2024-01-09T18:22:00Z,fourier-demo,2.872083223184,1.893300000000,0.502545925479,0.864550514883
2024-01-09T18:23:00Z,fourier-demo,3.042677214930,1.893450000000,0.503872508754,0.863778035679
2024-01-09T18:24:00Z,fourier-demo,3.174645093169,1.893600000000,0.505197904629,0.863003520942
2024-01-09T18:25:00Z,fourier-demo,3.265108761861,1.893750000000,0.506522109982,0.862226972496
2024-01-09T18:26:00Z,fourier-demo,3.312897236205,1.893900000000,0.507845121691,0.861448392171
2024-01-09T18:27:00Z,fourier-demo,3.318547591489,1.894050000000,0.509166936640,0.860667781803
2024-01-09T18:28:00Z,fourier-demo,3.284237232945,1.894200000000,0.510487551712,0.859885143230
2024-01-09T18:29:00Z,fourier-demo,3.213651039011,1.894350000000,0.511806963796,0.859100478297
2024-01-09T18:30:00Z,fourier-demo,3.111789552349,1.894500000000,0.513125169783,0.858313788853
2024-01-09T18:31:00Z,fourier-demo,2.984726749525,1.894650000000,0.514442166566,0.857525076752
2024-01-09T18:32:00Z,fourier-demo,2.839327916095,1.894800000000,0.515757951042,0.856734343853
2024-01-09T18:33:00Z,fourier-demo,2.682939708424,1.894950000000,0.517072520110,0.855941592018
2024-01-09T18:34:00Z,fourier-demo,2.523065534841,1.895100000000,0.518385870672,0.855146823117
2024-01-09T18:35:00Z,fourier-demo,2.367039895133,1.895250000000,0.519697999633,0.854350039022
2024-01-09T18:36:00Z,fourier-demo,2.221715260067,1.895400000000,0.521008903901,0.853551241611
2024-01-09T18:37:00Z,fourier-demo,2.093174455584,1.895550000000,0.522318580388,0.852750432766
2024-01-09T18:38:00Z,fourier-demo,1.986480366825,1.895700000000,0.523627026005,0.851947614374
2024-01-09T18:39:00Z,fourier-demo,1.905473144157,1.895850000000,0.524934237671,0.851142788327
2024-01-09T18:40:00Z,fourier-demo,1.852623045509,1.896000000000,0.526240212304,0.850335956522
2024-01-09T18:41:00Z,fourier-demo,1.828944672451,1.896150000000,0.527544946828,0.849527120860
2024-01-09T18:42:00Z,fourier-demo,1.833975750516,1.896300000000,0.528848438167,0.848716283247
2024-01-09T18:43:00Z,fourier-demo,1.865820875713,1.896450000000,0.530150683249,0.847903445594
2024-01-09T18:44:00Z,fourier-demo,1.921257912215,1.896600000000,0.531451679007,0.847088609817
2024-01-09T18:45:00Z,fourier-demo,1.995902094255,1.896750000000,0.532751422373,0.846271777835
2024-01-09T18:46:00Z,fourier-demo,2.084420467259,1.896900000000,0.534049910286,0.845452951573
2024-01-09T18:47:00Z,fourier-demo,2.180787199068,1.897050000000,0.535347139684,0.844632132962
2024-01-09T18:48:00Z,fourier-demo,2.278568588701,1.897200000000,0.536643107512,0.843809323935
2024-01-09T18:49:00Z,fourier-demo,2.371225367710,1.897350000000,0.537937810715,0.842984526432
2024-01-09T18:50:00Z,fourier-demo,2.452419178360,1.897500000000,0.539231246241,0.842157742396
2024-01-09T18:51:00Z,fourier-demo,2.516309952918,1.897650000000,0.540523411044,0.841328973775
2024-01-09T18:52:00Z,fourier-demo,2.557831315324,1.897800000000,0.541814302078,0.840498222522
2024-01-09T18:53:00Z,fourier-demo,2.572932063857,1.897950000000,0.543103916301,0.839665490596
2024-01-09T18:54:00Z,fourier-demo,2.558773231880,1.898100000000,0.544392250674,0.838830779959
2024-01-09T18:55:00Z,fourier-demo,2.513872103494,1.898250000000,0.545679302161,0.837994092576
2024-01-09T18:56:00Z,fourier-demo,2.438186803917,1.898400000000,0.546965067729,0.837155430422
2024-01-09T18:57:00Z,fourier-demo,2.333137597271,1.898550000000,0.548249544347,0.836314795471
2024-01-09T18:58:00Z,fourier-demo,2.201563703035,1.898700000000,0.549532728990,0.835472189704
2024-01-09T18:59:00Z,fourier-demo,2.047617175169,1.898850000000,0.550814618633,0.834627615108
2024-01-09T19:00:00Z,fourier-demo,1.876598061412,1.899000000000,0.552095210255,0.833781073672
2024-01-09T19:01:00Z,fourier-demo,1.694737563097,1.899150000000,0.553374500838,0.832932567392
2024-01-09T19:02:00Z,fourier-demo,1.508938143760,1.899300000000,0.554652487369,0.832082098266
2024-01-09T19:03:00Z,fourier-demo,1.326481394763,1.899450000000,0.555929166834,0.831229668300
2024-01-09T19:04:00Z,fourier-demo,1.154715880128,1.899600000000,0.557204536227,0.830375279502
2024-01-09T19:05:00Z,fourier-demo,1.000738091202,1.899750000000,0.558478592540,0.829518933885
2024-01-09T19:06:00Z,fourier-demo,0.871080005666,1.899900000000,0.559751332772,0.828660633468
2024-01-09T19:07:00Z,fourier-demo,0.771416548517,1.900050000000,0.561022753924,0.827800380273
2024-01-09T19:08:00Z,fourier-demo,0.706305501482,1.900200000000,0.562292852999,0.826938176327
2024-01-09T19:09:00Z,fourier-demo,0.678971131589,1.900350000000,0.563561627004,0.826074023662
2024-01-09T19:10:00Z,fourier-demo,0.691141060438,1.900500000000,0.564829072950,0.825207924314
2024-01-09T19:11:00Z,fourier-demo,0.742943743979,1.900650000000,0.566095187849,0.824339880325
2024-01-09T19:12:00Z,fourier-demo,0.832871465877,1.900800000000,0.567359968718,0.823469893740
2024-01-09T19:13:00Z,fourier-demo,0.957811066453,1.900950000000,0.568623412577,0.822597966609
2024-01-09T19:14:00Z,fourier-demo,1.113141843544,1.901100000000,0.569885516447,0.821724100988
2024-01-09T19:15:00Z,fourier-demo,1.292897285572,1.901250000000,0.571146277355,0.820848298934
2024-01-09T19:16:00Z,fourier-demo,1.489984644887,1.901400000000,0.572405692331,0.819970562513
2024-01-09T19:17:00Z,fourier-demo,1.696453940141,1.901550000000,0.573663758405,0.819090893792
2024-01-09T19:18:00Z,fourier-demo,1.903805890251,1.901700000000,0.574920472613,0.818209294845
2024-01-09T19:19:00Z,fourier-demo,2.103326615746,1.901850000000,0.576175831994,0.817325767749
2024-01-09T19:20:00Z,fourier-demo,2.286435765674,1.902000000000,0.577429833589,0.816440314586
2024-01-09T19:21:00Z,fourier-demo,2.445034089386,1.902150000000,0.578682474444,0.815552937443
2024-01-09T19:22:00Z,fourier-demo,2.571836400249,1.902300000000,0.579933751606,0.814663638410
2024-01-09T19:23:00Z,fourier-demo,2.660676377313,1.902450000000,0.581183662127,0.813772419585
2024-01-09T19:24:00Z,fourier-demo,2.706770702616,1.902600000000,0.582432203061,0.812879283066
2024-01-09T19:25:00Z,fourier-demo,2.706931594923,1.902750000000,0.583679371466,0.811984230959
2024-01-09T19:26:00Z,fourier-demo,2.659718813170,1.902900000000,0.584925164402,0.811087265372
2024-01-09T19:27:00Z,fourier-demo,2.565524584161,1.903050000000,0.586169578935,0.810188388420
2024-01-09T19:28:00Z,fourier-demo,2.426587563512,1.903200000000,0.587412612132,0.809287602221
2024-01-09T19:29:00Z,fourier-demo,2.246934759392,1.903350000000,0.588654261063,0.808384908897
2024-01-09T19:30:00Z,fourier-demo,2.032253221568,1.903500000000,0.589894522803,0.807480310576
2024-01-09T19:31:00Z,fourier-demo,1.789696107226,1.903650000000,0.591133394428,0.806573809389
2024-01-09T19:32:00Z,fourier-demo,1.527630366527,1.903800000000,0.592370873019,0.805665407473
2024-01-09T19:33:00Z,fourier-demo,1.255335638008,1.903950000000,0.593606955660,0.804755106968
2024-01-09T19:34:00Z,fourier-demo,0.982665911678,1.904100000000,0.594841639439,0.803842910020
2024-01-09T19:35:00Z,fourier-demo,0.719687025940,1.904250000000,0.596074921445,0.802928818778
2024-01-09T19:36:00Z,fourier-demo,0.476304051987,1.904400000000,0.597306798772,0.802012835397
2024-01-09T19:37:00Z,fourier-demo,0.261893045807,1.904550000000,0.598537268517,0.801094962034
2024-01-09T19:38:00Z,fourier-demo,0.084951495668,1.904700000000,0.599766327782,0.800175200853
2024-01-09T19:39:00Z,fourier-demo,-0.047218932034,1.904850000000,0.600993973668,0.799253554021
2024-01-09T19:40:00Z,fourier-demo,-0.128785014470,1.905000000000,0.602220203284,0.798330023710
2024-01-09T19:41:00Z,fourier-demo,-0.155599388985,1.905150000000,0.603445013739,0.797404612097
2024-01-09T19:42:00Z,fourier-demo,-0.125354375084,1.905300000000,0.604668402147,0.796477321362
2024-01-09T19:43:00Z,fourier-demo,-0.037666328972,1.905450000000,0.605890365626,0.795548153691
2024-01-09T19:44:00Z,fourier-demo,0.105912593520,1.905600000000,0.607110901296,0.794617111273
2024-01-09T19:45:00Z,fourier-demo,0.301955519949,1.905750000000,0.608330006280,0.793684196302
2024-01-09T19:46:00Z,fourier-demo,0.545292169372,1.905900000000,0.609547677705,0.792749410977
2024-01-09T19:47:00Z,fourier-demo,0.829204999997,1.906050000000,0.610763912703,0.791812757500
2024-01-09T19:48:00Z,fourier-demo,1.145682267852,1.906200000000,0.611978708407,0.790874238079
2024-01-09T19:49:00Z,fourier-demo,1.485717848876,1.906350000000,0.613192061953,0.789933854925
2024-01-09T19:50:00Z,fourier-demo,1.839645870597,1.906500000000,0.614403970484,0.788991610255
2024-01-09T19:51:00Z,fourier-demo,2.197496878164,1.906650000000,0.615614431143,0.788047506289
2024-01-09T19:52:00Z,fourier-demo,2.549361475188,1.906800000000,0.616823441077,0.787101545252
2024-01-09T19:53:00Z,fourier-demo,2.885747163107,1.906950000000,0.618030997437,0.786153729373
2024-01-09T19:54:00Z,fourier-demo,3.197914460768,1.907100000000,0.619237097379,0.785204060885
2024-01-09T19:55:00Z,fourier-demo,3.478179302605,1.907250000000,0.620441738058,0.784252542027
2024-01-09T19:56:00Z,fourier-demo,3.720170150460,1.907400000000,0.621644916638,0.783299175040
2024-01-09T19:57:00Z,fourier-demo,3.919030150794,1.907550000000,0.622846630281,0.782343962172
2024-01-09T19:58:00Z,fourier-demo,4.071556947404,1.907700000000,0.624046876158,0.781386905673
2024-01-09T19:59:00Z,fourier-demo,4.176275325962,1.907850000000,0.625245651438,0.780428007800
2024-01-09T20:00:00Z,fourier-demo,4.233440615329,1.908000000000,0.626442953297,0.779467270810
2024-01-09T20:01:00Z,fourier-demo,4.244973589151,1.908150000000,0.627638778914,0.778504696969
2024-01-09T20:02:00Z,fourier-demo,4.214330384515,1.908300000000,0.628833125470,0.777540288545
2024-01-09T20:03:00Z,fourier-demo,4.146313569424,1.908450000000,0.630025990152,0.776574047811
2024-01-09T20:04:00Z,fourier-demo,4.046832841128,1.908600000000,0.631217370147,0.775605977043
2024-01-09T20:05:00Z,fourier-demo,3.922625827810,1.908750000000,0.632407262649,0.774636078523
2024-01-09T20:06:00Z,fourier-demo,3.780951016331,1.908900000000,0.633595664853,0.773664354536
2024-01-09T20:07:00Z,fourier-demo,3.629265876719,1.909050000000,0.634782573959,0.772690807373
2024-01-09T20:08:00Z,fourier-demo,3.474903758430,1.909200000000,0.635967987169,0.771715439327
2024-01-09T20:09:00Z,fourier-demo,3.324763075275,1.909350000000,0.637151901692,0.770738252697
2024-01-09T20:10:00Z,fourier-demo,3.185021679369,1.909500000000,0.638334314735,0.769759249786
2024-01-09T20:11:00Z,fourier-demo,3.060888176834,1.909650000000,0.639515223514,0.768778432901
2024-01-09T20:12:00Z,fourier-demo,2.956400308130,1.909800000000,0.640694625244,0.767795804354
2024-01-09T20:13:00Z,fourier-demo,2.874278472525,1.909950000000,0.641872517148,0.766811366459
2024-01-09T20:14:00Z,fourier-demo,2.815840105024,1.910100000000,0.643048896448,0.765825121537
2024-01-09T20:15:00Z,fourier-demo,2.780978014032,1.910250000000,0.644223760373,0.764837071912
2024-01-09T20:16:00Z,fourier-demo,2.768203067384,1.910400000000,0.645397106155,0.763847219912
2024-01-09T20:17:00Z,fourier-demo,2.774748886271,1.910550000000,0.646568931028,0.762855567870
2024-01-09T20:18:00Z,fourier-demo,2.796733584335,1.910700000000,0.647739232230,0.761862118122
2024-01-09T20:19:00Z,fourier-demo,2.829371181426,1.910850000000,0.648908007005,0.760866873011
2024-01-09T20:20:00Z,fourier-demo,2.867223228141,1.911000000000,0.650075252596,0.759869834881
2024-01-09T20:21:00Z,fourier-demo,2.904479484866,1.911150000000,0.651240966255,0.758871006081
2024-01-09T20:22:00Z,fourier-demo,2.935255277731,1.911300000000,0.652405145234,0.757870388966
2024-01-09T20:23:00Z,fourier-demo,2.953892454104,1.911450000000,0.653567786789,0.756867985894
2024-01-09T20:24:00Z,fourier-demo,2.955250710929,1.911600000000,0.654728888181,0.755863799227
2024-01-09T20:25:00Z,fourier-demo,2.934976476423,1.911750000000,0.655888446673,0.754857831330
2024-01-09T20:26:00Z,fourier-demo,2.889737472460,1.911900000000,0.657046459533,0.753850084576
2024-01-09T20:27:00Z,fourier-demo,2.817412532024,1.912050000000,0.658202924032,0.752840561338
2024-01-09T20:28:00Z,fourier-demo,2.717228133493,1.912200000000,0.659357837444,0.751829263996
2024-01-09T20:29:00Z,fourier-demo,2.589835362822,1.912350000000,0.660511197049,0.750816194932
2024-01-09T20:30:00Z,fourier-demo,2.437323532713,1.912500000000,0.661663000128,0.749801356535
2024-01-09T20:31:00Z,fourier-demo,2.263169369992,1.912650000000,0.662813243966,0.748784751195
2024-01-09T20:32:00Z,fourier-demo,2.072123417380,1.912800000000,0.663961925854,0.747766381309
2024-01-09T20:33:00Z,fourier-demo,1.870037969848,1.912950000000,0.665109043084,0.746746249276
2024-01-09T20:34:00Z,fourier-demo,1.663643367554,1.913100000000,0.666254592954,0.745724357500
2024-01-09T20:35:00Z,fourier-demo,1.460281692630,1.913250000000,0.667398572762,0.744700708389
2024-01-09T20:36:00Z,fourier-demo,1.267608772777,1.913400000000,0.668540979815,0.743675304356
2024-01-09T20:37:00Z,fourier-demo,1.093276802778,1.913550000000,0.669681811419,0.742648147816
2024-01-09T20:38:00Z,fourier-demo,0.944610796157,1.913700000000,0.670821064886,0.741619241191
2024-01-09T20:39:00Z,fourier-demo,0.828292434496,1.913850000000,0.671958737531,0.740588586906
2024-01-09T20:40:00Z,fourier-demo,0.750064675038,1.914000000000,0.673094826674,0.739556187388
2024-01-09T20:41:00Z,fourier-demo,0.714469715068,1.914150000000,0.674229329638,0.738522045071
2024-01-09T20:42:00Z,fourier-demo,0.724631623824,1.914300000000,0.675362243748,0.737486162392
2024-01-09T20:43:00Z,fourier-demo,0.782093190762,1.914450000000,0.676493566334,0.736448541792
2024-01-09T20:44:00Z,fourier-demo,0.886714373983,1.914600000000,0.677623294732,0.735409185717
2024-01-09T20:45:00Z,fourier-demo,1.036637252222,1.914750000000,0.678751426279,0.734368096614
2024-01-09T20:46:00Z,fourier-demo,1.228319688890,1.914900000000,0.679877958315,0.733325276939
2024-01-09T20:47:00Z,fourier-demo,1.456637117287,1.915050000000,0.681002888187,0.732280729148
2024-01-09T20:48:00Z,fourier-demo,1.715049066607,1.915200000000,0.682126213243,0.731234455702
2024-01-09T20:49:00Z,fourier-demo,1.995824383143,1.915350000000,0.683247930837,0.730186459068
2024-01-09T20:50:00Z,fourier-demo,2.290316669616,1.915500000000,0.684368038325,0.729136741715
2024-01-09T20:51:00Z,fourier-demo,2.589279367959,1.915650000000,0.685486533067,0.728085306117
2024-01-09T20:52:00Z,fourier-demo,2.883208233939,1.915800000000,0.686603412428,0.727032154752
2024-01-09T20:53:00Z,fourier-demo,3.162697765321,1.915950000000,0.687718673775,0.725977290100
2024-01-09T20:54:00Z,fourier-demo,3.418797498907,1.916100000000,0.688832314480,0.724920714649
2024-01-09T20:55:00Z,fourier-demo,3.643354013364,1.916250000000,0.689944331920,0.723862430888
2024-01-09T20:56:00Z,fourier-demo,3.829324969321,1.916400000000,0.691054723473,0.722802441311
2024-01-09T20:57:00Z,fourier-demo,3.971052567084,1.916550000000,0.692163486523,0.721740748416
2024-01-09T20:58:00Z,fourier-demo,4.064485364392,1.916700000000,0.693270618457,0.720677354705
2024-01-09T20:59:00Z,fourier-demo,4.107339409828,1.916850000000,0.694376116666,0.719612262683
2024-01-09T21:00:00Z,fourier-demo,4.099192031205,1.917000000000,0.695479978545,0.718545474861
2024-01-09T21:01:00Z,fourier-demo,4.041504276846,1.917150000000,0.696582201493,0.717476993752
2024-01-09T21:02:00Z,fourier-demo,3.937570834000,1.917300000000,0.697682782911,0.716406821875
2024-01-09T21:03:00Z,fourier-demo,3.792399128849,1.917450000000,0.698781720207,0.715334961752
2024-01-09T21:04:00Z,fourier-demo,3.612522130299,1.917600000000,0.699879010791,0.714261415908
2024-01-09T21:05:00Z,fourier-demo,3.405752021125,1.917750000000,0.700974652077,0.713186186873
2024-01-09T21:06:00Z,fourier-demo,3.180884258354,1.917900000000,0.702068641483,0.712109277181
2024-01-09T21:07:00Z,fourier-demo,2.947363524458,1.918050000000,0.703160976431,0.711030689369
2024-01-09T21:08:00Z,fourier-demo,2.714924591963,1.918200000000,0.704251654346,0.709950425981
2024-01-09T21:09:00Z,fourier-demo,2.493222124902,1.918350000000,0.705340672660,0.708868489560
2024-01-09T21:10:00Z,fourier-demo,2.291463880553,1.918500000000,0.706428028805,0.707784882658
2024-01-09T21:11:00Z,fourier-demo,2.118061636357,1.918650000000,0.707513720219,0.706699607827
2024-01-09T21:12:00Z,fourier-demo,1.980313455480,1.918800000000,0.708597744343,0.705612667625
2024-01-09T21:13:00Z,fourier-demo,1.884129648911,1.918950000000,0.709680098623,0.704524064613
2024-01-09T21:14:00Z,fourier-demo,1.833813043227,1.919100000000,0.710760780508,0.703433801357
2024-01-09T21:15:00Z,fourier-demo,1.831901992013,1.919250000000,0.711839787452,0.702341880426
2024-01-09T21:16:00Z,fourier-demo,1.879082063255,1.919400000000,0.712917116912,0.701248304393
2024-01-09T21:17:00Z,fourier-demo,1.974169596315,1.919550000000,0.713992766349,0.700153075835
2024-01-09T21:18:00Z,fourier-demo,2.114167460997,1.919700000000,0.715066733228,0.699056197333
2024-01-09T21:19:00Z,fourier-demo,2.294390483411,1.919850000000,0.716139015019,0.697957671473
2024-01-09T21:20:00Z,fourier-demo,2.508655244546,1.920000000000,0.717209609194,0.696857500842
2024-01-09T21:21:00Z,fourier-demo,2.749526418889,1.920150000000,0.718278513231,0.695755688033
2024-01-09T21:22:00Z,fourier-demo,3.008609604189,1.920300000000,0.719345724610,0.694652235644
2024-01-09T21:23:00Z,fourier-demo,3.276878788399,1.920450000000,0.720411240818,0.693547146273
2024-01-09T21:24:00Z,fourier-demo,3.545025278108,1.920600000000,0.721475059342,0.692440422526
2024-01-09T21:25:00Z,fourier-demo,3.803814126492,1.920750000000,0.722537177676,0.691332067010
2024-01-09T21:26:00Z,fourier-demo,4.044433878640,1.920900000000,0.723597593317,0.690222082337
2024-01-09T21:27:00Z,fourier-demo,4.258825805251,1.921050000000,0.724656303766,0.689110471124
2024-01-09T21:28:00Z,fourier-demo,4.439979706218,1.921200000000,0.725713306528,0.687997235989
2024-01-09T21:29:00Z,fourier-demo,4.582184794918,1.921350000000,0.726768599112,0.686882379556
2024-01-09T21:30:00Z,fourier-demo,4.681226062392,1.921500000000,0.727822179032,0.685765904452
2024-01-09T21:31:00Z,fourier-demo,4.734518789681,1.921650000000,0.728874043805,0.684647813308
2024-01-09T21:32:00Z,fourier-demo,4.741176432879,1.921800000000,0.729924190951,0.683528108760
2024-01-09T21:33:00Z,fourier-demo,4.702009843628,1.921950000000,0.730972617996,0.682406793445
2024-01-09T21:34:00Z,fourier-demo,4.619458595588,1.922100000000,0.732019322470,0.681283870006
2024-01-09T21:35:00Z,fourier-demo,4.497457949810,1.922250000000,0.733064301906,0.680159341090
2024-01-09T21:36:00Z,fourier-demo,4.341247596096,1.922400000000,0.734107553841,0.679033209345
2024-01-09T21:37:00Z,fourier-demo,4.157130647193,1.922550000000,0.735149075817,0.677905477427
2024-01-09T21:38:00Z,fourier-demo,3.952193343033,1.922700000000,0.736188865379,0.676776147993
2024-01-09T21:39:00Z,fourier-demo,3.733997462968,1.922850000000,0.737226920077,0.675645223704
2024-01-09T21:40:00Z,fourier-demo,3.510258483244,1.923000000000,0.738263237465,0.674512707224
2024-01-09T21:41:00Z,fourier-demo,3.288523013564,1.923150000000,0.739297815101,0.673378601224
2024-01-09T21:42:00Z,fourier-demo,3.075858981699,1.923300000000,0.740330650547,0.672242908375
2024-01-09T21:43:00Z,fourier-demo,2.878571413044,1.923450000000,0.741361741368,0.671105631354
2024-01-09T21:44:00Z,fourier-demo,2.701955500060,1.923600000000,0.742391085136,0.669966772841
2024-01-09T21:45:00Z,fourier-demo,2.550097023576,1.923750000000,0.743418679424,0.668826335519
2024-01-09T21:46:00Z,fourier-demo,2.425728142906,1.923900000000,0.744444521810,0.667684322077
2024-01-09T21:47:00Z,fourier-demo,2.330144200087,1.924050000000,0.745468609878,0.666540735204
2024-01-09T21:48:00Z,fourier-demo,2.263184584386,1.924200000000,0.746490941214,0.665395577597
2024-01-09T21:49:00Z,fourier-demo,2.223277984726,1.924350000000,0.747511513408,0.664248851954
2024-01-09T21:50:00Z,fourier-demo,2.207549632954,1.924500000000,0.748530324056,0.663100560977
2024-01-09T21:51:00Z,fourier-demo,2.211985522972,1.924650000000,0.749547370758,0.661950707372
2024-01-09T21:52:00Z,fourier-demo,2.231646188470,1.924800000000,0.750562651115,0.660799293849
2024-01-09T21:53:00Z,fourier-demo,2.260920534862,1.924950000000,0.751576162736,0.659646323121
2024-01-09T21:54:00Z,fourier-demo,2.293808535655,1.925100000000,0.752587903232,0.658491797906
2024-01-09T21:55:00Z,fourier-demo,2.324220389701,1.925250000000,0.753597870219,0.657335720923
2024-01-09T21:56:00Z,fourier-demo,2.346279043986,1.925400000000,0.754606061317,0.656178094898
2024-01-09T21:57:00Z,fourier-demo,2.354612845433,1.925550000000,0.755612474150,0.655018922558
2024-01-09T21:58:00Z,fourier-demo,2.344625500645,1.925700000000,0.756617106347,0.653858206634
2024-01-09T21:59:00Z,fourier-demo,2.312731477398,1.925850000000,0.757619955540,0.652695949863
2024-01-09T22:00:00Z,fourier-demo,2.256546436544,1.926000000000,0.758621019365,0.651532154984
2024-01-09T22:01:00Z,fourier-demo,2.175024177665,1.926150000000,0.759620295464,0.650366824737
2024-01-09T22:02:00Z,fourier-demo,2.068533837825,1.926300000000,0.760617781482,0.649199961871
2024-01-09T22:03:00Z,fourier-demo,1.938873606684,1.926450000000,0.761613475068,0.648031569134
2024-01-09T22:04:00Z,fourier-demo,1.789219908413,1.926600000000,0.762607373876,0.646861649280
2024-01-09T22:05:00Z,fourier-demo,1.624013739818,1.926750000000,0.763599475564,0.645690205066
2024-01-09T22:06:00Z,fourier-demo,1.448788531006,1.926900000000,0.764589777793,0.644517239253
2024-01-09T22:07:00Z,fourier-demo,1.269946398516,1.927050000000,0.765578278231,0.643342754604
2024-01-09T22:08:00Z,fourier-demo,1.094491886635,1.927200000000,0.766564974547,0.642166753888
2024-01-09T22:09:00Z,fourier-demo,0.929734147637,1.927350000000,0.767549864416,0.640989239875
2024-01-09T22:10:00Z,fourier-demo,0.782969918005,1.927500000000,0.768532945518,0.639810215341
2024-01-09T22:11:00Z,fourier-demo,0.661160545655,1.927650000000,0.769514215535,0.638629683063
2024-01-09T22:12:00Z,fourier-demo,0.570616674298,1.927800000000,0.770493672156,0.637447645825
2024-01-09T22:13:00Z,fourier-demo,0.516703978907,1.927950000000,0.771471313072,0.636264106411
2024-01-09T22:14:00Z,fourier-demo,0.503582577882,1.928100000000,0.772447135979,0.635079067611
2024-01-09T22:15:00Z,fourier-demo,0.533991452651,1.928250000000,0.773421138579,0.633892532217
2024-01-09T22:16:00Z,fourier-demo,0.609087435781,1.928400000000,0.774393318574,0.632704503025
2024-01-09T22:17:00Z,fourier-demo,0.728346155252,1.928550000000,0.775363673675,0.631514982835
2024-01-09T22:18:00Z,fourier-demo,0.889529833416,1.928700000000,0.776332201595,0.630323974450
2024-01-09T22:19:00Z,fourier-demo,1.088724135297,1.928850000000,0.777298900052,0.629131480676
2024-01-09T22:20:00Z,fourier-demo,1.320443452483,1.929000000000,0.778263766767,0.627937504325
2024-01-09T22:21:00Z,fourier-demo,1.577801210508,1.929150000000,0.779226799466,0.626742048209
2024-01-09T22:22:00Z,fourier-demo,1.852739113871,1.929300000000,0.780187995881,0.625545115146
2024-01-09T22:23:00Z,fourier-demo,2.136306803290,1.929450000000,0.781147353746,0.624346707957
2024-01-09T22:24:00Z,fourier-demo,2.418981294823,1.929600000000,0.782104870800,0.623146829464
2024-01-09T22:25:00Z,fourier-demo,2.691013887016,1.929750000000,0.783060544787,0.621945482497
2024-01-09T22:26:00Z,fourier-demo,2.942791029969,1.929900000000,0.784014373454,0.620742669886
2024-01-09T22:27:00Z,fourier-demo,3.165194999376,1.930050000000,0.784966354555,0.619538394465
2024-01-09T22:28:00Z,fourier-demo,3.349950136953,1.930200000000,0.785916485845,0.618332659073
2024-01-09T22:29:00Z,fourier-demo,3.489940911292,1.930350000000,0.786864765086,0.617125466551
2024-01-09T22:30:00Z,fourier-demo,3.579489101476,1.930500000000,0.787811190043,0.615916819743
2024-01-09T22:31:00Z,fourier-demo,3.614578968765,1.930650000000,0.788755758486,0.614706721498
2024-01-09T22:32:00Z,fourier-demo,3.593021297072,1.930800000000,0.789698468188,0.613495174668
2024-01-09T22:33:00Z,fourier-demo,3.514549570495,1.930950000000,0.790639316929,0.612282182107
2024-01-09T22:34:00Z,fourier-demo,3.380844219746,1.931100000000,0.791578302491,0.611067746675
2024-01-09T22:35:00Z,fourier-demo,3.195483702209,1.931250000000,0.792515422661,0.609851871232
2024-01-09T22:36:00Z,fourier-demo,2.963824068183,1.931400000000,0.793450675230,0.608634558644
2024-01-09T22:37:00Z,fourier-demo,2.692811492459,1.931550000000,0.794384057996,0.607415811781
2024-01-09T22:38:00Z,fourier-demo,2.390734901606,1.931700000000,0.795315568758,0.606195633513
2024-01-09T22:39:00Z,fourier-demo,2.066928196319,1.931850000000,0.796245205322,0.604974026717
2024-01-09T22:40:00Z,fourier-demo,1.731433559242,1.932000000000,0.797172965496,0.603750994271
2024-01-09T22:41:00Z,fourier-demo,1.394638871648,1.932150000000,0.798098847094,0.602526539057
2024-01-09T22:42:00Z,fourier-demo,1.066903275314,1.932300000000,0.799022847934,0.601300663960
2024-01-09T22:43:00Z,fourier-demo,0.758185368279,1.932450000000,0.799944965840,0.600073371870
2024-01-09T22:44:00Z,fourier-demo,0.477688396857,1.932600000000,0.800865198637,0.598844665679
2024-01-09T22:45:00Z,fourier-demo,0.233536106738,1.932750000000,0.801783544157,0.597614548282
2024-01-09T22:46:00Z,fourier-demo,0.032491671860,1.932900000000,0.802700000237,0.596383022579
2024-01-09T22:47:00Z,fourier-demo,-0.120269618315,1.933050000000,0.803614564716,0.595150091470
2024-01-09T22:48:00Z,fourier-demo,-0.221325393811,1.933200000000,0.804527235439,0.593915757862
2024-01-09T22:49:00Z,fourier-demo,-0.269102939026,1.933350000000,0.805438010256,0.592680024663
2024-01-09T22:50:00Z,fourier-demo,-0.263904336292,1.933500000000,0.806346887020,0.591442894786
2024-01-09T22:51:00Z,fourier-demo,-0.207859581778,1.933650000000,0.807253863589,0.590204371146
2024-01-09T22:52:00Z,fourier-demo,-0.104810100574,1.933800000000,0.808158937827,0.588964456661
2024-01-09T22:53:00Z,fourier-demo,0.039872156575,1.933950000000,0.809062107600,0.587723154254
2024-01-09T22:54:00Z,fourier-demo,0.219522315304,1.934100000000,0.809963370779,0.586480466849
2024-01-09T22:55:00Z,fourier-demo,0.426466942380,1.934250000000,0.810862725242,0.585236397376
2024-01-09T22:56:00Z,fourier-demo,0.652343430193,1.934400000000,0.811760168868,0.583990948765
2024-01-09T22:57:00Z,fourier-demo,0.888441332633,1.934550000000,0.812655699543,0.582744123951
2024-01-09T22:58:00Z,fourier-demo,1.126051792518,1.934700000000,0.813549315157,0.581495925874
2024-01-09T22:59:00Z,fourier-demo,1.356810973734,1.934850000000,0.814441013603,0.580246357474
2024-01-09T23:00:00Z,fourier-demo,1.573023756074,1.935000000000,0.815330792780,0.578995421696
2024-01-09T23:01:00Z,fourier-demo,1.767954851658,1.935150000000,0.816218650592,0.577743121488
2024-01-09T23:02:00Z,fourier-demo,1.936075920204,1.935300000000,0.817104584945,0.576489459801
2024-01-09T23:03:00Z,fourier-demo,2.073259136869,1.935450000000,0.817988593754,0.575234439589
2024-01-09T23:04:00Z,fourier-demo,2.176909922675,1.935600000000,0.818870674933,0.573978063810
2024-01-09T23:05:00Z,fourier-demo,2.246034090289,1.935750000000,0.819750826405,0.572720335424
2024-01-09T23:06:00Z,fourier-demo,2.281237382214,1.935900000000,0.820629046095,0.571461257396
2024-01-09T23:07:00Z,fourier-demo,2.284658171978,1.936050000000,0.821505331934,0.570200832693
2024-01-09T23:08:00Z,fourier-demo,2.259836847105,1.936200000000,0.822379681857,0.568939064284
2024-01-09T23:09:00Z,fourier-demo,2.211527982736,1.936350000000,0.823252093803,0.567675955144
2024-01-09T23:10:00Z,fourier-demo,2.145463740895,1.936500000000,0.824122565717,0.566411508248
2024-01-09T23:11:00Z,fourier-demo,2.068078897710,1.936650000000,0.824991095547,0.565145726577
2024-01-09T23:12:00Z,fourier-demo,1.986209429446,1.936800000000,0.825857681247,0.563878613113
2024-01-09T23:13:00Z,fourier-demo,1.906777616282,1.936950000000,0.826722320773,0.562610170842
2024-01-09T23:14:00Z,fourier-demo,1.836477109350,1.937100000000,0.827585012090,0.561340402754
2024-01-09T23:15:00Z,fourier-demo,1.781471332966,1.937250000000,0.828445753163,0.560069311841
2024-01-09T23:16:00Z,fourier-demo,1.747117964694,1.937400000000,0.829304541965,0.558796901098
2024-01-09T23:17:00Z,fourier-demo,1.737731078227,1.937550000000,0.830161376471,0.557523173523
2024-01-09T23:18:00Z,fourier-demo,1.756390897144,1.937700000000,0.831016254663,0.556248132119
2024-01-09T23:19:00Z,fourier-demo,1.804809060198,1.937850000000,0.831869174525,0.554971779890
2024-01-09T23:20:00Z,fourier-demo,1.883254926574,1.938000000000,0.832720134049,0.553694119844
2024-01-09T23:21:00Z,fourier-demo,1.990545851529,1.938150000000,0.833569131228,0.552415154991
2024-01-09T23:22:00Z,fourier-demo,2.124101647142,1.938300000000,0.834416164062,0.551134888346
2024-01-09T23:23:00Z,fourier-demo,2.280060722600,1.938450000000,0.835261230555,0.549853322925
2024-01-09T23:24:00Z,fourier-demo,2.453452786586,1.938600000000,0.836104328715,0.548570461749
2024-01-09T23:25:00Z,fourier-demo,2.638420599440,1.938750000000,0.836945456556,0.547286307841
2024-01-09T23:26:00Z,fourier-demo,2.828481184390,1.938900000000,0.837784612096,0.546000864226
2024-01-09T23:27:00Z,fourier-demo,3.016815231672,1.939050000000,0.838621793356,0.544714133935
2024-01-09T23:28:00Z,fourier-demo,3.196572226426,1.939200000000,0.839456998364,0.543426119999
2024-01-09T23:29:00Z,fourier-demo,3.361178151141,1.939350000000,0.840290225152,0.542136825454
2024-01-09T23:30:00Z,fourier-demo,3.504632484509,1.939500000000,0.841121471757,0.540846253338
2024-01-09T23:31:00Z,fourier-demo,3.621781646647,1.939650000000,0.841950736219,0.539554406692
2024-01-09T23:32:00Z,fourier-demo,3.708557008359,1.939800000000,0.842778016584,0.538261288560
2024-01-09T23:33:00Z,fourier-demo,3.762167049796,1.939950000000,0.843603310903,0.536966901990
2024-01-09T23:34:00Z,fourier-demo,3.781235161124,1.940100000000,0.844426617231,0.535671250033
2024-01-09T23:35:00Z,fourier-demo,3.765876845922,1.940250000000,0.845247933628,0.534374335740
2024-01-09T23:36:00Z,fourier-demo,3.717712623517,1.940400000000,0.846067258158,0.533076162170
2024-01-09T23:37:00Z,fourier-demo,3.639815624309,1.940550000000,0.846884588890,0.531776732380
2024-01-09T23:38:00Z,fourier-demo,3.536595620838,1.940700000000,0.847699923899,0.530476049433
2024-01-09T23:39:00Z,fourier-demo,3.413623922934,1.940850000000,0.848513261263,0.529174116394
2024-01-09T23:40:00Z,fourier-demo,3.277406076197,1.941000000000,0.849324599065,0.527870936331
2024-01-09T23:41:00Z,fourier-demo,3.135111534976,1.941150000000,0.850133935393,0.526566512316
2024-01-09T23:42:00Z,fourier-demo,2.994271340625,1.941300000000,0.850941268341,0.525260847421
2024-01-09T23:43:00Z,fourier-demo,2.862456245296,1.941450000000,0.851746596006,0.523953944725
2024-01-09T23:44:00Z,fourier-demo,2.746948621217,1.941600000000,0.852549916489,0.522645807306
2024-01-09T23:45:00Z,fourier-demo,2.654421846697,1.941750000000,0.853351227898,0.521336438248
2024-01-09T23:46:00Z,fourier-demo,2.590640646670,1.941900000000,0.854150528344,0.520025840636
2024-01-09T23:47:00Z,fourier-demo,2.560195094584,1.942050000000,0.854947815945,0.518714017558
2024-01-09T23:48:00Z,fourier-demo,2.566279683611,1.942200000000,0.855743088820,0.517400972106
2024-01-09T23:49:00Z,fourier-demo,2.610527100268,1.942350000000,0.856536345096,0.516086707375
2024-01-09T23:50:00Z,fourier-demo,2.692904153864,1.942500000000,0.857327582904,0.514771226460
2024-01-09T23:51:00Z,fourier-demo,2.811674818777,1.942650000000,0.858116800379,0.513454532463
2024-01-09T23:52:00Z,fourier-demo,2.963432634654,1.942800000000,0.858903995661,0.512136628486
2024-01-09T23:53:00Z,fourier-demo,3.143201892535,1.942950000000,0.859689166896,0.510817517635
2024-01-09T23:54:00Z,fourier-demo,3.344604227396,1.943100000000,0.860472312232,0.509497203018
2024-01-09T23:55:00Z,fourier-demo,3.560084554434,1.943250000000,0.861253429824,0.508175687747
2024-01-09T23:56:00Z,fourier-demo,3.781187837356,1.943400000000,0.862032517832,0.506852974935
2024-01-09T23:57:00Z,fourier-demo,3.998876062575,1.943550000000,0.862809574419,0.505529067701
2024-01-09T23:58:00Z,fourier-demo,4.203873100555,1.943700000000,0.863584597755,0.504203969164
2024-01-09T23:59:00Z,fourier-demo,4.387023934653,1.943850000000,0.864357586013,0.502877682446
2024-01-10T00:00:00Z,fourier-demo,4.539654078864,1.944000000000,0.865128537371,0.501550210673
2024-01-10T00:01:00Z,fourier-demo,4.653914916935,1.944150000000,0.865897450013,0.500221556973
2024-01-10T00:02:00Z,fourier-demo,4.723101181503,1.944300000000,0.866664322127,0.498891724478
2024-01-10T00:03:00Z,fourier-demo,4.741927834831,1.944450000000,0.867429151905,0.497560716320
2024-01-10T00:04:00Z,fourier-demo,4.706755171363,1.944600000000,0.868191937546,0.496228535637
2024-01-10T00:05:00Z,fourier-demo,4.615752974612,1.944750000000,0.868952677251,0.494895185568
2024-01-10T00:06:00Z,fourier-demo,4.468996946488,1.944900000000,0.869711369228,0.493560669256
2024-01-10T00:07:00Z,fourier-demo,4.268493290140,1.945050000000,0.870468011689,0.492224989844
2024-01-10T00:08:00Z,fourier-demo,4.018130160768,1.945200000000,0.871222602851,0.490888150480
2024-01-10T00:09:00Z,fourier-demo,3.723557588518,1.945350000000,0.871975140935,0.489550154316
2024-01-10T00:10:00Z,fourier-demo,3.392000307077,1.945500000000,0.872725624169,0.488211004504
2024-01-10T00:11:00Z,fourier-demo,3.032010576845,1.945650000000,0.873474050784,0.486870704199
2024-01-10T00:12:00Z,fourier-demo,2.653170465563,1.945800000000,0.874220419016,0.485529256560
2024-01-10T00:13:00Z,fourier-demo,2.265755046240,1.945950000000,0.874964727106,0.484186664749
2024-01-10T00:14:00Z,fourier-demo,1.880369511816,1.946100000000,0.875706973300,0.482842931928
2024-01-10T00:15:00Z,fourier-demo,1.507574226229,1.946250000000,0.876447155850,0.481498061266
2024-01-10T00:16:00Z,fourier-demo,1.157512191584,1.946400000000,0.877185273010,0.480152055931
2024-01-10T00:17:00Z,fourier-demo,0.839553292756,1.946550000000,0.877921323042,0.478804919094
2024-01-10T00:18:00Z,fourier-demo,0.561968989300,1.946700000000,0.878655304210,0.477456653932
2024-01-10T00:19:00Z,fourier-demo,0.331649888391,1.946850000000,0.879387214786,0.476107263620
2024-01-10T00:20:00Z,fourier-demo,0.153876902183,1.947000000000,0.880117053044,0.474756751338
2024-01-10T00:21:00Z,fourier-demo,0.032154538994,1.947150000000,0.880844817265,0.473405120270
2024-01-10T00:22:00Z,fourier-demo,-0.031887612436,1.947300000000,0.881570505733,0.472052373601
2024-01-10T00:23:00Z,fourier-demo,-0.038521871543,1.947450000000,0.882294116738,0.470698514517
2024-01-10T00:24:00Z,fourier-demo,0.010122556887,1.947600000000,0.883015648576,0.469343546211
2024-01-10T00:25:00Z,fourier-demo,0.110174242295,1.947750000000,0.883735099546,0.467987471874
2024-01-10T00:26:00Z,fourier-demo,0.256198697386,1.947900000000,0.884452467952,0.466630294702
2024-01-10T00:27:00Z,fourier-demo,0.441434394088,1.948050000000,0.885167752104,0.465272017894
2024-01-10T00:28:00Z,fourier-demo,0.658075748095,1.948200000000,0.885880950316,0.463912644651
2024-01-10T00:29:00Z,fourier-demo,0.897591386087,1.948350000000,0.886592060908,0.462552178175
2024-01-10T00:30:00Z,fourier-demo,1.151064682365,1.948500000000,0.887301082204,0.461190621674
2024-01-10T00:31:00Z,fourier-demo,1.409542757088,1.948650000000,0.888008012533,0.459827978355
2024-01-10T00:32:00Z,fourier-demo,1.664379896758,1.948800000000,0.888712850229,0.458464251429
2024-01-10T00:33:00Z,fourier-demo,1.907561696896,1.948950000000,0.889415593631,0.457099444111
2024-01-10T00:34:00Z,fourier-demo,2.131997121070,1.949100000000,0.890116241083,0.455733559616
2024-01-10T00:35:00Z,fourier-demo,2.331767081180,1.949250000000,0.890814790934,0.454366601164
2024-01-10T00:36:00Z,fourier-demo,2.502320011844,1.949400000000,0.891511241538,0.452998571975
2024-01-10T00:37:00Z,fourier-demo,2.640607158850,1.949550000000,0.892205591253,0.451629475274
2024-01-10T00:38:00Z,fourier-demo,2.745152834694,1.949700000000,0.892897838444,0.450259314286
2024-01-10T00:39:00Z,fourier-demo,2.816057608334,1.949850000000,0.893587981479,0.448888092241
2024-01-10T00:40:00Z,fourier-demo,2.854935179648,1.950000000000,0.894276018732,0.447515812371
2024-01-10T00:41:00Z,fourier-demo,2.864786426918,1.950150000000,0.894961948580,0.446142477907
2024-01-10T00:42:00Z,fourier-demo,2.849816695729,1.950300000000,0.895645769409,0.444768092089
2024-01-10T00:43:00Z,fourier-demo,2.815204714091,1.950450000000,0.896327479606,0.443392658152
2024-01-10T00:44:00Z,fourier-demo,2.766833476788,1.950600000000,0.897007077565,0.442016179341
2024-01-10T00:45:00Z,fourier-demo,2.710994962151,1.950750000000,0.897684561684,0.440638658897
2024-01-10T00:46:00Z,fourier-demo,2.654081565089,1.950900000000,0.898359930367,0.439260100067
2024-01-10T00:47:00Z,fourier-demo,2.602277610407,1.951050000000,0.899033182022,0.437880506100
2024-01-10T00:48:00Z,fourier-demo,2.561264231694,1.951200000000,0.899704315064,0.436499880247
2024-01-10T00:49:00Z,fourier-demo,2.535950267958,1.951350000000,0.900373327909,0.435118225762
2024-01-10T00:50:00Z,fourier-demo,2.530240670050,1.951500000000,0.901040218982,0.433735545899
2024-01-10T00:51:00Z,fourier-demo,2.546852271111,1.951650000000,0.901704986711,0.432351843919
2024-01-10T00:52:00Z,fourier-demo,2.587184728428,1.951800000000,0.902367629530,0.430967123081
2024-01-10T00:53:00Z,fourier-demo,2.651252074047,1.951950000000,0.903028145877,0.429581386648
2024-01-10T00:54:00Z,fourier-demo,2.737677717120,1.952100000000,0.903686534195,0.428194637887
2024-01-10T00:55:00Z,fourier-demo,2.843753030516,1.952250000000,0.904342792933,0.426806880064
2024-01-10T00:56:00Z,fourier-demo,2.965556940543,1.952400000000,0.904996920545,0.425418116451
2024-01-10T00:57:00Z,fourier-demo,3.098131334769,1.952550000000,0.905648915488,0.424028350320
2024-01-10T00:58:00Z,fourier-demo,3.235704717330,1.952700000000,0.906298776227,0.422637584947
2024-01-10T00:59:00Z,fourier-demo,3.371954473063,1.952850000000,0.906946501230,0.421245823607
2024-01-10T01:00:00Z,fourier-demo,3.500296437659,1.953000000000,0.907592088971,0.419853069582
2024-01-10T01:01:00Z,fourier-demo,3.614189280247,1.953150000000,0.908235537928,0.418459326154
2024-01-10T01:02:00Z,fourier-demo,3.707440537389,1.953300000000,0.908876846585,0.417064596606
2024-01-10T01:03:00Z,fourier-demo,3.774501021670,1.953450000000,0.909516013430,0.415668884226
2024-01-10T01:04:00Z,fourier-demo,3.810734769491,1.953600000000,0.910153036959,0.414272192302
2024-01-10T01:05:00Z,fourier-demo,3.812652673662,1.953750000000,0.910787915668,0.412874524127
2024-01-10T01:06:00Z,fourier-demo,3.778099427139,1.953900000000,0.911420648063,0.411475882993
2024-01-10T01:07:00Z,fourier-demo,3.706385324066,1.954050000000,0.912051232652,0.410076272196
2024-01-10T01:08:00Z,fourier-demo,3.598356744428,1.954200000000,0.912679667949,0.408675695036
2024-01-10T01:09:00Z,fourier-demo,3.456401695101,1.954350000000,0.913305952473,0.407274154812
2024-01-10T01:10:00Z,fourier-demo,3.284389488089,1.954500000000,0.913930084748,0.405871654827
2024-01-10T01:11:00Z,fourier-demo,3.087546394223,1.954650000000,0.914552063304,0.404468198386
2024-01-10T01:12:00Z,fourier-demo,2.872271803748,1.954800000000,0.915171886675,0.403063788797
2024-01-10T01:13:00Z,fourier-demo,2.645901942121,1.954950000000,0.915789553400,0.401658429369
2024-01-10T01:14:00Z,fourier-demo,2.416430425731,1.955100000000,0.916405062024,0.400252123414
2024-01-10T01:15:00Z,fourier-demo,2.192196804608,1.955250000000,0.917018411095,0.398844874246
2024-01-10T01:16:00Z,fourier-demo,1.981555649767,1.955400000000,0.917629599170,0.397436685181
2024-01-10T01:17:00Z,fourier-demo,1.792539641833,1.955550000000,0.918238624807,0.396027559538
2024-01-10T01:18:00Z,fourier-demo,1.632530466440,1.955700000000,0.918845486571,0.394617500637
2024-01-10T01:19:00Z,fourier-demo,1.507951104429,1.955850000000,0.919450183032,0.393206511801
2024-01-10T01:20:00Z,fourier-demo,1.423992328019,1.956000000000,0.920052712765,0.391794596355
2024-01-10T01:21:00Z,fourier-demo,1.384384908075,1.956150000000,0.920653074351,0.390381757627
2024-01-10T01:22:00Z,fourier-demo,1.391227253888,1.956300000000,0.921251266374,0.388967998946
2024-01-10T01:23:00Z,fourier-demo,1.444876017208,1.956450000000,0.921847287425,0.387553323644
2024-01-10T01:24:00Z,fourier-demo,1.543904684635,1.956600000000,0.922441136099,0.386137735053
2024-01-10T01:25:00Z,fourier-demo,1.685132458385,1.956750000000,0.923032810997,0.384721236511
2024-01-10T01:26:00Z,fourier-demo,1.863722895435,1.956900000000,0.923622310725,0.383303831355
2024-01-10T01:27:00Z,fourier-demo,2.073348953994,1.957050000000,0.924209633893,0.381885522925
2024-01-10T01:28:00Z,fourier-demo,2.306418399200,1.957200000000,0.924794779117,0.380466314565
2024-01-10T01:29:00Z,fourier-demo,2.554351056847,1.957350000000,0.925377745018,0.379046209617
2024-01-10T01:30:00Z,fourier-demo,2.807897275644,1.957500000000,0.925958530223,0.377625211429
2024-01-10T01:31:00Z,fourier-demo,3.057485252163,1.957650000000,0.926537133363,0.376203323349
2024-01-10T01:32:00Z,fourier-demo,3.293583658621,1.957800000000,0.927113553075,0.374780548728
2024-01-10T01:33:00Z,fourier-demo,3.507065342208,1.957950000000,0.927687787999,0.373356890920
2024-01-10T01:34:00Z,fourier-demo,3.689557764227,1.958100000000,0.928259836784,0.371932353278
2024-01-10T01:35:00Z,fourier-demo,3.833766322995,1.958250000000,0.928829698080,0.370506939159
2024-01-10T01:36:00Z,fourier-demo,3.933757738177,1.958400000000,0.929397370545,0.369080651924
2024-01-10T01:37:00Z,fourier-demo,3.985192224909,1.958550000000,0.929962852841,0.367653494933
2024-01-10T01:38:00Z,fourier-demo,3.985495192052,1.958700000000,0.930526143635,0.366225471549
2024-01-10T01:39:00Z,fourier-demo,3.933961579597,1.958850000000,0.931087241601,0.364796585137
2024-01-10T01:40:00Z,fourier-demo,3.831788610009,1.959000000000,0.931646145416,0.363366839065
2024-01-10T01:41:00Z,fourier-demo,3.682035560113,1.959150000000,0.932202853762,0.361936236702
2024-01-10T01:42:00Z,fourier-demo,3.489512049863,1.959300000000,0.932757365328,0.360504781418
2024-01-10T01:43:00Z,fourier-demo,3.260599175550,1.959450000000,0.933309678808,0.359072476589
2024-01-10T01:44:00Z,fourier-demo,3.003010473592,1.959600000000,0.933859792899,0.357639325588
2024-01-10T01:45:00Z,fourier-demo,2.725502079833,1.959750000000,0.934407706305,0.356205331793
2024-01-10T01:46:00Z,fourier-demo,2.437543452478,1.959900000000,0.934953417736,0.354770498583
2024-01-10T01:47:00Z,fourier-demo,2.148961573896,1.960050000000,0.935496925904,0.353334829340
2024-01-10T01:48:00Z,fourier-demo,1.869572575365,1.960200000000,0.936038229529,0.351898327446
2024-01-10T01:49:00Z,fourier-demo,1.608815198500,1.960350000000,0.936577327337,0.350460996288
2024-01-10T01:50:00Z,fourier-demo,1.375400399175,1.960500000000,0.937114218055,0.349022839251
2024-01-10T01:51:00Z,fourier-demo,1.176990719311,1.960650000000,0.937648900420,0.347583859726
2024-01-10T01:52:00Z,fourier-demo,1.019921827188,1.960800000000,0.938181373170,0.346144061103
2024-01-10T01:53:00Z,fourier-demo,0.908976908331,1.960950000000,0.938711635052,0.344703446775
2024-01-10T01:54:00Z,fourier-demo,0.847222446687,1.961100000000,0.939239684815,0.343262020137
2024-01-10T01:55:00Z,fourier-demo,0.835911457182,1.961250000000,0.939765521216,0.341819784586
2024-01-10T01:56:00Z,fourier-demo,0.874457516670,1.961400000000,0.940289143014,0.340376743520
2024-01-10T01:57:00Z,fourier-demo,0.960480101136,1.961550000000,0.940810548977,0.338932900341
2024-01-10T01:58:00Z,fourier-demo,1.089918887824,1.961700000000,0.941329737875,0.337488258450
2024-01-10T01:59:00Z,fourier-demo,1.257211937362,1.961850000000,0.941846708485,0.336042821252
2024-01-10T02:00:00Z,fourier-demo,1.455530143600,1.962000000000,0.942361459589,0.334596592153
2024-01-10T02:01:00Z,fourier-demo,1.677058129885,1.962150000000,0.942873989974,0.333149574562
2024-01-10T02:02:00Z,fourier-demo,1.913309968439,1.962300000000,0.943384298431,0.331701771888
2024-01-10T02:03:00Z,fourier-demo,2.155466776455,1.962450000000,0.943892383759,0.330253187543
2024-01-10T02:04:00Z,fourier-demo,2.394722450750,1.962600000000,0.944398244759,0.328803824940
2024-01-10T02:05:00Z,fourier-demo,2.622623572861,1.962750000000,0.944901880241,0.327353687496
2024-01-10T02:06:00Z,fourier-demo,2.831389855841,1.962900000000,0.945403289016,0.325902778628
2024-01-10T02:07:00Z,fourier-demo,3.014202397006,1.963050000000,0.945902469904,0.324451101754
2024-01-10T02:08:00Z,fourier-demo,3.165448409114,1.963200000000,0.946399421728,0.322998660296
2024-01-10T02:09:00Z,fourier-demo,3.280912966685,1.963350000000,0.946894143317,0.321545457676
2024-01-10T02:10:00Z,fourier-demo,3.357910546401,1.963500000000,0.947386633505,0.320091497319
2024-01-10T02:11:00Z,fourier-demo,3.395351667766,1.963650000000,0.947876891132,0.318636782651
2024-01-10T02:12:00Z,fourier-demo,3.393742647630,1.963800000000,0.948364915042,0.317181317101
2024-01-10T02:13:00Z,fourier-demo,3.355119258058,1.963950000000,0.948850704085,0.315725104098
2024-01-10T02:14:00Z,fourier-demo,3.282917807000,1.964100000000,0.949334257117,0.314268147073
2024-01-10T02:15:00Z,fourier-demo,3.181789732864,1.964250000000,0.949815572997,0.312810449461
2024-01-10T02:16:00Z,fourier-demo,3.057368112044,1.964400000000,0.950294650592,0.311352014697
2024-01-10T02:17:00Z,fourier-demo,2.915996428080,1.964550000000,0.950771488773,0.309892846216
2024-01-10T02:18:00Z,fourier-demo,2.764431462954,1.964700000000,0.951246086416,0.308432947459
2024-01-10T02:19:00Z,fourier-demo,2.609533183588,1.964850000000,0.951718442403,0.306972321864
2024-01-10T02:20:00Z,fourier-demo,2.457954969273,1.965000000000,0.952188555620,0.305510972875
2024-01-10T02:21:00Z,fourier-demo,2.315847440124,1.965150000000,0.952656424959,0.304048903935
2024-01-10T02:22:00Z,fourier-demo,2.188588507376,1.965300000000,0.953122049319,0.302586118489
2024-01-10T02:23:00Z,fourier-demo,2.080551101107,1.965450000000,0.953585427601,0.301122619985
2024-01-10T02:24:00Z,fourier-demo,1.994918388909,1.965600000000,0.954046558715,0.299658411871
2024-01-10T02:25:00Z,fourier-demo,1.933554249140,1.965750000000,0.954505441572,0.298193497597
2024-01-10T02:26:00Z,fourier-demo,1.896934390457,1.965900000000,0.954962075092,0.296727880617
2024-01-10T02:27:00Z,fourier-demo,1.884140914229,1.966050000000,0.955416458199,0.295261564383
2024-01-10T02:28:00Z,fourier-demo,1.892920406513,1.966200000000,0.955868589822,0.293794552352
2024-01-10T02:29:00Z,fourier-demo,1.919802934273,1.966350000000,0.956318468895,0.292326847980
2024-01-10T02:30:00Z,fourier-demo,1.960276719600,1.966500000000,0.956766094359,0.290858454725
2024-01-10T02:31:00Z,fourier-demo,2.009010884010,1.966650000000,0.957211465158,0.289389376049
2024-01-10T02:32:00Z,fourier-demo,2.060116591911,1.966800000000,0.957654580243,0.287919615414
2024-01-10T02:33:00Z,fourier-demo,2.107435264122,1.966950000000,0.958095438569,0.286449176282
2024-01-10T02:34:00Z,fourier-demo,2.144841348261,1.967100000000,0.958534039099,0.284978062119
2024-01-10T02:35:00Z,fourier-demo,2.166546472815,1.967250000000,0.958970380797,0.283506276391
2024-01-10T02:36:00Z,fourier-demo,2.167391703834,1.967400000000,0.959404462637,0.282033822568
2024-01-10T02:37:00Z,fourier-demo,2.143115072855,1.967550000000,0.959836283594,0.280560704119
2024-01-10T02:38:00Z,fourier-demo,2.090582534120,1.967700000000,0.960265842652,0.279086924515
2024-01-10T02:39:00Z,fourier-demo,2.007971998313,1.967850000000,0.960693138798,0.277612487230
2024-01-10T02:40:00Z,fourier-demo,1.894902018160,1.968000000000,0.961118171026,0.276137395737
2024-01-10T02:41:00Z,fourier-demo,1.752498989226,1.968150000000,0.961540938332,0.274661653514
2024-01-10T02:42:00Z,fourier-demo,1.583399283158,1.968300000000,0.961961439722,0.273185264038
2024-01-10T02:43:00Z,fourier-demo,1.391685445266,1.968450000000,0.962379674205,0.271708230787
2024-01-10T02:44:00Z,fourier-demo,1.182758351693,1.968600000000,0.962795640794,0.270230557244
2024-01-10T02:45:00Z,fourier-demo,0.963149919403,1.968750000000,0.963209338510,0.268752246889
2024-01-10T02:46:00Z,fourier-demo,0.740283482920,1.968900000000,0.963620766377,0.267273303207
2024-01-10T02:47:00Z,fourier-demo,0.522191190630,1.969050000000,0.964029923426,0.265793729682
2024-01-10T02:48:00Z,fourier-demo,0.317199637187,1.969200000000,0.964436808694,0.264313529803
2024-01-10T02:49:00Z,fourier-demo,0.133596359001,1.969350000000,0.964841421220,0.262832707055
2024-01-10T02:50:00Z,fourier-demo,-0.020709282582,1.969500000000,0.965243760052,0.261351264931
2024-01-10T02:51:00Z,fourier-demo,-0.138516959733,1.969650000000,0.965643824241,0.259869206919
2024-01-10T02:52:00Z,fourier-demo,-0.213644329195,1.969800000000,0.966041612845,0.258386536514
2024-01-10T02:53:00Z,fourier-demo,-0.241201209168,1.969950000000,0.966437124926,0.256903257208
2024-01-10T02:54:00Z,fourier-demo,-0.217817428012,1.970100000000,0.966830359553,0.255419372498
2024-01-10T02:55:00Z,fourier-demo,-0.141814582237,1.970250000000,0.967221315798,0.253934885879
2024-01-10T02:56:00Z,fourier-demo,-0.013314139819,1.970400000000,0.967609992740,0.252449800852
2024-01-10T02:57:00Z,fourier-demo,0.165723157790,1.970550000000,0.967996389463,0.250964120914
2024-01-10T02:58:00Z,fourier-demo,0.391528907032,1.970700000000,0.968380505057,0.249477849568
2024-01-10T02:59:00Z,fourier-demo,0.658629138036,1.970850000000,0.968762338617,0.247990990315
2024-01-10T03:00:00Z,fourier-demo,0.960013533402,1.971000000000,0.969141889242,0.246503546660
2024-01-10T03:01:00Z,fourier-demo,1.287365699937,1.971150000000,0.969519156039,0.245015522107
2024-01-10T03:02:00Z,fourier-demo,1.631345948613,1.971300000000,0.969894138118,0.243526920164
2024-01-10T03:03:00Z,fourier-demo,1.981915898363,1.971450000000,0.970266834595,0.242037744338
2024-01-10T03:04:00Z,fourier-demo,2.328692502047,1.971600000000,0.970637244593,0.240547998138
2024-01-10T03:05:00Z,fourier-demo,2.661317868539,1.971750000000,0.971005367238,0.239057685076
2024-01-10T03:06:00Z,fourier-demo,2.969830573960,1.971900000000,0.971371201664,0.237566808663
2024-01-10T03:07:00Z,fourier-demo,3.245024046008,1.972050000000,0.971734747007,0.236075372413
2024-01-10T03:08:00Z,fourier-demo,3.478778073640,1.972200000000,0.972096002411,0.234583379840
2024-01-10T03:09:00Z,fourier-demo,3.664350521861,1.972350000000,0.972454967024,0.233090834460
2024-01-10T03:10:00Z,fourier-demo,3.796617877372,1.972500000000,0.972811640002,0.231597739791
2024-01-10T03:11:00Z,fourier-demo,3.872255253494,1.972650000000,0.973166020503,0.230104099350
2024-01-10T03:12:00Z,fourier-demo,3.889848861811,1.972800000000,0.973518107693,0.228609916659
2024-01-10T03:13:00Z,fourier-demo,3.849936617721,1.972950000000,0.973867900740,0.227115195237
2024-01-10T03:14:00Z,fourier-demo,3.754975380443,1.973100000000,0.974215398822,0.225619938608
2024-01-10T03:15:00Z,fourier-demo,3.609236221082,1.973250000000,0.974560601120,0.224124150294
2024-01-10T03:16:00Z,fourier-demo,3.418631948409,1.973400000000,0.974903506819,0.222627833821
2024-01-10T03:17:00Z,fourier-demo,3.190483787041,1.973550000000,0.975244115112,0.221130992716
2024-01-10T03:18:00Z,fourier-demo,2.933236489386,1.973700000000,0.975582425196,0.219633630504
2024-01-10T03:19:00Z,fourier-demo,2.656133175235,1.973850000000,0.975918436274,0.218135750716
2024-01-10T03:20:00Z,fourier-demo,2.368862750407,1.974000000000,0.976252147554,0.216637356880
2024-01-10T03:21:00Z,fourier-demo,2.081193796361,1.974150000000,0.976583558250,0.215138452529
2024-01-10T03:22:00Z,fourier-demo,1.802609304777,1.974300000000,0.976912667580,0.213639041193
2024-01-10T03:23:00Z,fourier-demo,1.541956536383,1.974450000000,0.977239474769,0.212139126407
2024-01-10T03:24:00Z,fourier-demo,1.307125616559,1.974600000000,0.977563979048,0.210638711705
2024-01-10T03:25:00Z,fourier-demo,1.104769269543,1.974750000000,0.977886179650,0.209137800622
2024-01-10T03:26:00Z,fourier-demo,0.940074388520,1.974900000000,0.978206075818,0.207636396697
2024-01-10T03:27:00Z,fourier-demo,0.816594010465,1.975050000000,0.978523666796,0.206134503467
2024-01-10T03:28:00Z,fourier-demo,0.736145799568,1.975200000000,0.978838951838,0.204632124471
2024-01-10T03:29:00Z,fourier-demo,0.698780442008,1.975350000000,0.979151930199,0.203129263249
2024-01-10T03:30:00Z,fourier-demo,0.702820527864,1.975500000000,0.979462601142,0.201625923344
2024-01-10T03:31:00Z,fourier-demo,0.744967658090,1.975650000000,0.979770963935,0.200122108298
2024-01-10T03:32:00Z,fourier-demo,0.820472780913,1.975800000000,0.980077017852,0.198617821655
2024-01-10T03:33:00Z,fourier-demo,0.923362243528,1.975950000000,0.980380762170,0.197113066960
2024-01-10T03:34:00Z,fourier-demo,1.046709843291,1.976100000000,0.980682196175,0.195607847758
2024-01-10T03:35:00Z,fourier-demo,1.182943366375,1.976250000000,0.980981319157,0.194102167597
2024-01-10T03:36:00Z,fourier-demo,1.324172782974,1.976400000000,0.981278130409,0.192596030025
2024-01-10T03:37:00Z,fourier-demo,1.462526478828,1.976550000000,0.981572629233,0.191089438591
2024-01-10T03:38:00Z,fourier-demo,1.590481673586,1.976700000000,0.981864814934,0.189582396846
2024-01-10T03:39:00Z,fourier-demo,1.701175514893,1.976850000000,0.982154686825,0.188074908342
2024-01-10T03:40:00Z,fourier-demo,1.788684227332,1.977000000000,0.982442244222,0.186566976630
2024-01-10T03:41:00Z,fourier-demo,1.848259099183,1.977150000000,0.982727486447,0.185058605263
2024-01-10T03:42:00Z,fourier-demo,1.876509948115,1.977300000000,0.983010412828,0.183549797798
2024-01-10T03:43:00Z,fourier-demo,1.871528941778,1.977450000000,0.983291022699,0.182040557789
2024-01-10T03:44:00Z,fourier-demo,1.832950167513,1.977600000000,0.983569315398,0.180530888792
2024-01-10T03:45:00Z,fourier-demo,1.761943042842,1.977750000000,0.983845290269,0.179020794366
2024-01-10T03:46:00Z,fourier-demo,1.661140423140,1.977900000000,0.984118946662,0.177510278070
2024-01-10T03:47:00Z,fourier-demo,1.534504980836,1.978050000000,0.984390283933,0.175999343461
2024-01-10T03:48:00Z,fourier-demo,1.387139989582,1.978200000000,0.984659301441,0.174487994102
2024-01-10T03:49:00Z,fourier-demo,1.225052941597,1.978350000000,0.984925998553,0.172976233554
2024-01-10T03:50:00Z,fourier-demo,1.054882362721,1.978500000000,0.985190374640,0.171464065379
2024-01-10T03:51:00Z,fourier-demo,0.883599688154,1.978650000000,0.985452429080,0.169951493141
2024-01-10T03:52:00Z,fourier-demo,0.718199061202,1.978800000000,0.985712161254,0.168438520404
2024-01-10T03:53:00Z,fourier-demo,0.565388377272,1.978950000000,0.985969570551,0.166925150734
2024-01-10T03:54:00Z,fourier-demo,0.431294797434,1.979100000000,0.986224656364,0.165411387696
2024-01-10T03:55:00Z,fourier-demo,0.321197305235,1.979250000000,0.986477418092,0.163897234859
2024-01-10T03:56:00Z,fourier-demo,0.239297704722,1.979400000000,0.986727855139,0.162382695791
2024-01-10T03:57:00Z,fourier-demo,0.188539806165,1.979550000000,0.986975966916,0.160867774060
2024-01-10T03:58:00Z,fourier-demo,0.170484488047,1.979700000000,0.987221752836,0.159352473236
2024-01-10T03:59:00Z,fourier-demo,0.185245945107,1.979850000000,0.987465212323,0.157836796891
2024-01-10T04:00:00Z,fourier-demo,0.231491831882,1.980000000000,0.987706344800,0.156320748596
2024-01-10T04:01:00Z,fourier-demo,0.306507297408,1.980150000000,0.987945149701,0.154804331923
2024-01-10T04:02:00Z,fourier-demo,0.406320192552,1.980300000000,0.988181626462,0.153287550447
2024-01-10T04:03:00Z,fourier-demo,0.525882129748,1.980450000000,0.988415774527,0.151770407742
2024-01-10T04:04:00Z,fourier-demo,0.659297694118,1.980600000000,0.988647593343,0.150252907382
2024-01-10T04:05:00Z,fourier-demo,0.800092044280,1.980750000000,0.988877082364,0.148735052944
2024-01-10T04:06:00Z,fourier-demo,0.941505486687,1.980900000000,0.989104241050,0.147216848005
2024-01-10T04:07:00Z,fourier-demo,1.076802428363,1.981050000000,0.989329068865,0.145698296143
2024-01-10T04:08:00Z,fourier-demo,1.199581459211,1.981200000000,0.989551565279,0.144179400936
2024-01-10T04:09:00Z,fourier-demo,1.304073214542,1.981350000000,0.989771729768,0.142660165963
2024-01-10T04:10:00Z,fourier-demo,1.385413126501,1.981500000000,0.989989561813,0.141140594805
2024-01-10T04:11:00Z,fourier-demo,1.439877171532,1.981650000000,0.990205060901,0.139620691042
2024-01-10T04:12:00Z,fourier-demo,1.465070219910,1.981800000000,0.990418226523,0.138100458256
2024-01-10T04:13:00Z,fourier-demo,1.460058531472,1.981950000000,0.990629058179,0.136579900030
2024-01-10T04:14:00Z,fourier-demo,1.425440239979,1.982100000000,0.990837555370,0.135059019948
2024-01-10T04:15:00Z,fourier-demo,1.363350232722,1.982250000000,0.991043717605,0.133537821592
2024-01-10T04:16:00Z,fourier-demo,1.277398556707,1.982400000000,0.991247544399,0.132016308548
2024-01-10T04:17:00Z,fourier-demo,1.172544255912,1.982550000000,0.991449035272,0.130494484401
2024-01-10T04:18:00Z,fourier-demo,1.054909251239,1.982700000000,0.991648189747,0.128972352738
2024-01-10T04:19:00Z,fourier-demo,0.931539404074,1.982850000000,0.991845007357,0.127449917146
2024-01-10T04:20:00Z,fourier-demo,0.810122150900,1.983000000000,0.992039487638,0.125927181211
2024-01-10T04:21:00Z,fourier-demo,0.698671966845,1.983150000000,0.992231630130,0.124404148524
2024-01-10T04:22:00Z,fourier-demo,0.605196332153,1.983300000000,0.992421434381,0.122880822672
2024-01-10T04:23:00Z,fourier-demo,0.537355777648,1.983450000000,0.992608899945,0.121357207246
2024-01-10T04:24:00Z,fourier-demo,0.502131934568,1.983600000000,0.992794026378,0.119833305835
2024-01-10T04:25:00Z,fourier-demo,0.505517294485,1.983750000000,0.992976813246,0.118309122032
2024-01-10T04:26:00Z,fourier-demo,0.552239603448,1.983900000000,0.993157260117,0.116784659428
2024-01-10T04:27:00Z,fourier-demo,0.645532501146,1.984050000000,0.993335366565,0.115259921615
2024-01-10T04:28:00Z,fourier-demo,0.786962222546,1.984200000000,0.993511132172,0.113734912187
2024-01-10T04:29:00Z,fourier-demo,0.976317977942,1.984350000000,0.993684556523,0.112209634737
2024-01-10T04:30:00Z,fourier-demo,1.211571105815,1.984500000000,0.993855639209,0.110684092859
2024-01-10T04:31:00Z,fourier-demo,1.488905353337,1.984650000000,0.994024379828,0.109158290150
2024-01-10T04:32:00Z,fourier-demo,1.802817792231,1.984800000000,0.994190777980,0.107632230203
2024-01-10T04:33:00Z,fourier-demo,2.146287038547,1.984950000000,0.994354833276,0.106105916617
2024-01-10T04:34:00Z,fourier-demo,2.511002728947,1.985100000000,0.994516545327,0.104579352986
2024-01-10T04:35:00Z,fourier-demo,2.887647723688,1.985250000000,0.994675913753,0.103052542910
2024-01-10T04:36:00Z,fourier-demo,3.266222358754,1.985400000000,0.994832938178,0.101525489985
2024-01-10T04:37:00Z,fourier-demo,3.636398344247,1.985550000000,0.994987618232,0.099998197811
2024-01-10T04:38:00Z,fourier-demo,3.987888673796,1.985700000000,0.995139953551,0.098470669986
2024-01-10T04:39:00Z,fourier-demo,4.310819220962,1.985850000000,0.995289943775,0.096942910110
2024-01-10T04:40:00Z,fourier-demo,4.596087582341,1.986000000000,0.995437588551,0.095414921784
2024-01-10T04:41:00Z,fourier-demo,4.835695188601,1.986150000000,0.995582887532,0.093886708608
2024-01-10T04:42:00Z,fourier-demo,5.023039726204,1.986300000000,0.995725840375,0.092358274184
2024-01-10T04:43:00Z,fourier-demo,5.153156453475,1.986450000000,0.995866446742,0.090829622113
2024-01-10T04:44:00Z,fourier-demo,5.222898993201,1.986600000000,0.996004706303,0.089300755997
2024-01-10T04:45:00Z,fourier-demo,5.231052559980,1.986750000000,0.996140618732,0.087771679440
2024-01-10T04:46:00Z,fourier-demo,5.178375238327,1.986900000000,0.996274183709,0.086242396046
2024-01-10T04:47:00Z,fourier-demo,5.067565760339,1.987050000000,0.996405400918,0.084712909416
2024-01-10T04:48:00Z,fourier-demo,4.903159125270,1.987200000000,0.996534270051,0.083183223157
2024-01-10T04:49:00Z,fourier-demo,4.691354241278,1.987350000000,0.996660790803,0.081653340873
2024-01-10T04:50:00Z,fourier-demo,4.439780437670,1.987500000000,0.996784962877,0.080123266168
2024-01-10T04:51:00Z,fourier-demo,4.157212086870,1.987650000000,0.996906785981,0.078593002650
2024-01-10T04:52:00Z,fourier-demo,3.853242593158,1.987800000000,0.997026259826,0.077062553923
2024-01-10T04:53:00Z,fourier-demo,3.537930569139,1.987950000000,0.997143384132,0.075531923595
2024-01-10T04:54:00Z,fourier-demo,3.221432068605,1.988100000000,0.997258158622,0.074001115272
2024-01-10T04:55:00Z,fourier-demo,2.913633234591,1.988250000000,0.997370583026,0.072470132562
2024-01-10T04:56:00Z,fourier-demo,2.623797635346,1.988400000000,0.997480657080,0.070938979073
2024-01-10T04:57:00Z,fourier-demo,2.360241903296,1.988550000000,0.997588380523,0.069407658412
2024-01-10T04:58:00Z,fourier-demo,2.130052090763,1.988700000000,0.997693753101,0.067876174189
2024-01-10T04:59:00Z,fourier-demo,1.938851461181,1.988850000000,0.997796774568,0.066344530013
2024-01-10T05:00:00Z,fourier-demo,1.790628315585,1.989000000000,0.997897444678,0.064812729493
2024-01-10T05:01:00Z,fourier-demo,1.687629998263,1.989150000000,0.997995763197,0.063280776239
2024-01-10T05:02:00Z,fourier-demo,1.630326533148,1.989300000000,0.998091729891,0.061748673860
2024-01-10T05:03:00Z,fourier-demo,1.617444523662,1.989450000000,0.998185344535,0.060216425968
2024-01-10T05:04:00Z,fourier-demo,1.646069118191,1.989600000000,0.998276606907,0.058684036173
2024-01-10T05:05:00Z,fourier-demo,1.711809116169,1.989750000000,0.998365516794,0.057151508086
2024-01-10T05:06:00Z,fourier-demo,1.809017776579,1.989900000000,0.998452073985,0.055618845319
2024-01-10T05:07:00Z,fourier-demo,1.931059693075,1.990050000000,0.998536278277,0.054086051483
2024-01-10T05:08:00Z,fourier-demo,2.070612306490,1.990200000000,0.998618129470,0.052553130191
2024-01-10T05:09:00Z,fourier-demo,2.219989307984,1.990350000000,0.998697627373,0.051020085055
2024-01-10T05:10:00Z,fourier-demo,2.371472396715,1.990500000000,0.998774771798,0.049486919688
2024-01-10T05:11:00Z,fourier-demo,2.517637625143,1.990650000000,0.998849562562,0.047953637703
2024-01-10T05:12:00Z,fourier-demo,2.651662900408,1.990800000000,0.998921999491,0.046420242713
2024-01-10T05:13:00Z,fourier-demo,2.767604096007,1.990950000000,0.998992082412,0.044886738331
2024-01-10T05:14:00Z,fourier-demo,2.860628625922,1.991100000000,0.999059811161,0.043353128171
2024-01-10T05:15:00Z,fourier-demo,2.927197184322,1.991250000000,0.999125185579,0.041819415848
2024-01-10T05:16:00Z,fourier-demo,2.965186580299,1.991400000000,0.999188205511,0.040285604975
2024-01-10T05:17:00Z,fourier-demo,2.973949105836,1.991550000000,0.999248870808,0.038751699168
2024-01-10T05:18:00Z,fourier-demo,2.954306562046,1.991700000000,0.999307181329,0.037217702040
2024-01-10T05:19:00Z,fourier-demo,2.908479822140,1.991850000000,0.999363136934,0.035683617207
2024-01-10T05:20:00Z,fourier-demo,2.839957515523,1.992000000000,0.999416737493,0.034149448284
2024-01-10T05:21:00Z,fourier-demo,2.753309964059,1.992150000000,0.999467982880,0.032615198886
2024-01-10T05:22:00Z,fourier-demo,2.653956783656,1.992300000000,0.999516872972,0.031080872628
2024-01-10T05:23:00Z,fourier-demo,2.547898487930,1.992450000000,0.999563407656,0.029546473128
2024-01-10T05:24:00Z,fourier-demo,2.441423916570,1.992600000000,0.999607586822,0.028012003999
2024-01-10T05:25:00Z,fourier-demo,2.340806298297,1.992750000000,0.999649410365,0.026477468859
2024-01-10T05:26:00Z,fourier-demo,2.252001206540,1.992900000000,0.999688878187,0.024942871323
2024-01-10T05:27:00Z,fourier-demo,2.180359557350,1.993050000000,0.999725990194,0.023408215009
2024-01-10T05:28:00Z,fourier-demo,2.130368138572,1.993200000000,0.999760746300,0.021873503532
2024-01-10T05:29:00Z,fourier-demo,2.105428974858,1.993350000000,0.999793146423,0.020338740509
2024-01-10T05:30:00Z,fourier-demo,2.107687174343,1.993500000000,0.999823190486,0.018803929556
2024-01-10T05:31:00Z,fourier-demo,2.137914838828,1.993650000000,0.999850878418,0.017269074292
2024-01-10T05:32:00Z,fourier-demo,2.195456236183,1.993800000000,0.999876210154,0.015734178332
2024-01-10T05:33:00Z,fourier-demo,2.278236830511,1.993950000000,0.999899185635,0.014199245293
2024-01-10T05:34:00Z,fourier-demo,2.382836050733,1.994100000000,0.999919804806,0.012664278794
2024-01-10T05:35:00Z,fourier-demo,2.504620964650,1.994250000000,0.999938067618,0.011129282450
2024-01-10T05:36:00Z,fourier-demo,2.637935426166,1.994400000000,0.999953974029,0.009594259880
2024-01-10T05:37:00Z,fourier-demo,2.776336886576,1.994550000000,0.999967524002,0.008059214701
2024-01-10T05:38:00Z,fourier-demo,2.912871005796,1.994700000000,0.999978717503,0.006524150529
2024-01-10T05:39:00Z,fourier-demo,3.040372552165,1.994850000000,0.999987554508,0.004989070983
2024-01-10T05:40:00Z,fourier-demo,3.151779909151,1.995000000000,0.999994034994,0.003453979680
2024-01-10T05:41:00Z,fourier-demo,3.240449863592,1.995150000000,0.999998158948,0.001918880238
2024-01-10T05:42:00Z,fourier-demo,3.300459260766,1.995300000000,0.999999926358,0.000383776274
2024-01-10T05:43:00Z,fourier-demo,3.326880581781,1.995450000000,0.999999337221,-0.001151328595
2024-01-10T05:44:00Z,fourier-demo,3.316019510246,1.995600000000,0.999996391538,-0.002686430751
2024-01-10T05:45:00Z,fourier-demo,3.265604067689,1.995750000000,0.999991089317,-0.004221526575
2024-01-10T05:46:00Z,fourier-demo,3.174916849294,1.995900000000,0.999983430569,-0.005756612452
2024-01-10T05:47:00Z,fourier-demo,3.044864204084,1.996050000000,0.999973415313,-0.007291684763
2024-01-10T05:48:00Z,fourier-demo,2.877978781958,1.996200000000,0.999961043573,-0.008826739890
2024-01-10T05:49:00Z,fourier-demo,2.678354608715,1.996350000000,0.999946315377,-0.010361774218
2024-01-10T05:50:00Z,fourier-demo,2.451516636731,1.996500000000,0.999929230760,-0.011896784127
2024-01-10T05:51:00Z,fourier-demo,2.204229438921,1.996650000000,0.999909789762,-0.013431766000
2024-01-10T05:52:00Z,fourier-demo,1.944252254755,1.996800000000,0.999887992430,-0.014966716221
2024-01-10T05:53:00Z,fourier-demo,1.680049854507,1.996950000000,0.999863838814,-0.016501631173
2024-01-10T05:54:00Z,fourier-demo,1.420470567947,1.997100000000,0.999837328972,-0.018036507237
2024-01-10T05:55:00Z,fourier-demo,1.174404248081,1.997250000000,0.999808462966,-0.019571340798
2024-01-10T05:56:00Z,fourier-demo,0.950433849374,1.997400000000,0.999777240865,-0.021106128237
2024-01-10T05:57:00Z,fourier-demo,0.756494654398,1.997550000000,0.999743662740,-0.022640865940
2024-01-10T05:58:00Z,fourier-demo,0.599554966755,1.997700000000,0.999707728673,-0.024175550288
2024-01-10T05:59:00Z,fourier-demo,0.485331308374,1.997850000000,0.999669438747,-0.025710177665
2024-01-10T06:00:00Z,fourier-demo,0.418049846090,1.998000000000,0.999628793053,-0.027244744454
2024-01-10T06:01:00Z,fourier-demo,0.400263977564,1.998150000000,0.999585791686,-0.028779247041
2024-01-10T06:02:00Z,fourier-demo,0.432735801833,1.998300000000,0.999540434748,-0.030313681807
2024-01-10T06:03:00Z,fourier-demo,0.514386673535,1.998450000000,0.999492722345,-0.031848045138
2024-01-10T06:04:00Z,fourier-demo,0.642319293976,1.998600000000,0.999442654591,-0.033382333418
2024-01-10T06:05:00Z,fourier-demo,0.811910937451,1.998750000000,0.999390231603,-0.034916543031
2024-01-10T06:06:00Z,fourier-demo,1.016974563286,1.998900000000,0.999335453504,-0.036450670361
2024-01-10T06:07:00Z,fourier-demo,1.249981838072,1.999050000000,0.999278320424,-0.037984711793
2024-01-10T06:08:00Z,fourier-demo,1.502339599388,1.999200000000,0.999218832498,-0.039518663713
2024-01-10T06:09:00Z,fourier-demo,1.764709133023,1.999350000000,0.999156989865,-0.041052522505
2024-01-10T06:10:00Z,fourier-demo,2.027355898327,1.999500000000,0.999092792671,-0.042586284554
2024-01-10T06:11:00Z,fourier-demo,2.280516091549,1.999650000000,0.999026241068,-0.044119946247
2024-01-10T06:12:00Z,fourier-demo,2.514765735892,1.999800000000,0.998957335213,-0.045653503970
2024-01-10T06:13:00Z,fourier-demo,2.721377858291,1.999950000000,0.998886075267,-0.047186954108
2024-01-10T06:14:00Z,fourier-demo,2.892653762476,2.000100000000,0.998812461399,-0.048720293047
2024-01-10T06:15:00Z,fourier-demo,3.022215417827,2.000250000000,0.998736493782,-0.050253517175
2024-01-10T06:16:00Z,fourier-demo,3.105247513611,2.000400000000,0.998658172595,-0.051786622878
2024-01-10T06:17:00Z,fourier-demo,3.138679716718,2.000550000000,0.998577498023,-0.053319606543
2024-01-10T06:18:00Z,fourier-demo,3.121302038037,2.000700000000,0.998494470256,-0.054852464559
2024-01-10T06:19:00Z,fourier-demo,3.053808862587,2.000850000000,0.998409089489,-0.056385193311
2024-01-10T06:20:00Z,fourier-demo,2.938770024704,2.001000000000,0.998321355925,-0.057917789190
2024-01-10T06:21:00Z,fourier-demo,2.780530197850,2.001150000000,0.998231269768,-0.059450248582
2024-01-10T06:22:00Z,fourier-demo,2.585040702714,2.001300000000,0.998138831233,-0.060982567877
2024-01-10T06:23:00Z,fourier-demo,2.359630502842,2.001450000000,0.998044040536,-0.062514743464
2024-01-10T06:24:00Z,fourier-demo,2.112725547021,2.001600000000,0.997946897901,-0.064046771732
2024-01-10T06:25:00Z,fourier-demo,1.853527635867,2.001750000000,0.997847403557,-0.065578649071
2024-01-10T06:26:00Z,fourier-demo,1.591665555842,2.001900000000,0.997745557739,-0.067110371870
2024-01-10T06:27:00Z,fourier-demo,1.336832274763,2.002050000000,0.997641360686,-0.068641936521
2024-01-10T06:28:00Z,fourier-demo,1.098422487458,2.002200000000,0.997534812643,-0.070173339413
2024-01-10T06:29:00Z,fourier-demo,0.885184719573,2.002350000000,0.997425913863,-0.071704576939
2024-01-10T06:30:00Z,fourier-demo,0.704901546484,2.002500000000,0.997314664602,-0.073235645490
2024-01-10T06:31:00Z,fourier-demo,0.564110290278,2.002650000000,0.997201065121,-0.074766541457
2024-01-10T06:32:00Z,fourier-demo,0.467874870802,2.002800000000,0.997085115689,-0.076297261234
2024-01-10T06:33:00Z,fourier-demo,0.419617376360,2.002950000000,0.996966816578,-0.077827801212
2024-01-10T06:34:00Z,fourier-demo,0.421015472702,2.003100000000,0.996846168069,-0.079358157785
2024-01-10T06:35:00Z,fourier-demo,0.471969085654,2.003250000000,0.996723170443,-0.080888327348
2024-01-10T06:36:00Z,fourier-demo,0.570636982949,2.003400000000,0.996597823993,-0.082418306293
2024-01-10T06:37:00Z,fourier-demo,0.713541059081,2.003550000000,0.996470129013,-0.083948091015
2024-01-10T06:38:00Z,fourier-demo,0.895733408317,2.003700000000,0.996340085804,-0.085477677910
2024-01-10T06:39:00Z,fourier-demo,1.111018765663,2.003850000000,0.996207694672,-0.087007063373
2024-01-10T06:40:00Z,fourier-demo,1.352222705285,2.004000000000,0.996072955929,-0.088536243799
2024-01-10T06:41:00Z,fourier-demo,1.611494198734,2.004150000000,0.995935869894,-0.090065215585
2024-01-10T06:42:00Z,fourier-demo,1.880629823327,2.004300000000,0.995796436889,-0.091593975129
2024-01-10T06:43:00Z,fourier-demo,2.151406125981,2.004450000000,0.995654657242,-0.093122518827
2024-01-10T06:44:00Z,fourier-demo,2.415906420305,2.004600000000,0.995510531288,-0.094650843077
2024-01-10T06:45:00Z,fourier-demo,2.666828632141,2.004750000000,0.995364059366,-0.096178944278
2024-01-10T06:46:00Z,fourier-demo,2.897761695351,2.004900000000,0.995215241822,-0.097706818829
2024-01-10T06:47:00Z,fourier-demo,3.103419397232,2.005050000000,0.995064079006,-0.099234463130
2024-01-10T06:48:00Z,fourier-demo,3.279822422306,2.005200000000,0.994910571274,-0.100761873579
2024-01-10T06:49:00Z,fourier-demo,3.424421566799,2.005350000000,0.994754718989,-0.102289046579
2024-01-10T06:50:00Z,fourier-demo,3.536157601067,2.005500000000,0.994596522517,-0.103815978529
2024-01-10T06:51:00Z,fourier-demo,3.615455939167,2.005650000000,0.994435982231,-0.105342665832
2024-01-10T06:52:00Z,fourier-demo,3.664157022429,2.005800000000,0.994273098510,-0.106869104890
2024-01-10T06:53:00Z,fourier-demo,3.685386023326,2.005950000000,0.994107871737,-0.108395292106
2024-01-10T06:54:00Z,fourier-demo,3.683368015344,2.006100000000,0.993940302302,-0.109921223884
2024-01-10T06:55:00Z,fourier-demo,3.663197029084,2.006250000000,0.993770390600,-0.111446896627
2024-01-10T06:56:00Z,fourier-demo,3.630569330365,2.006400000000,0.993598137030,-0.112972306740
2024-01-10T06:57:00Z,fourier-demo,3.591492733959,2.006550000000,0.993423542000,-0.114497450628
2024-01-10T06:58:00Z,fourier-demo,3.551984745654,2.006700000000,0.993246605920,-0.116022324698
2024-01-10T06:59:00Z,fourier-demo,3.517772765783,2.006850000000,0.993067329208,-0.117546925355
2024-01-10T07:00:00Z,fourier-demo,3.494009471205,2.007000000000,0.992885712285,-0.119071249008
2024-01-10T07:01:00Z,fourier-demo,3.485015825286,2.007150000000,0.992701755580,-0.120595292064
2024-01-10T07:02:00Z,fourier-demo,3.494062974731,2.007300000000,0.992515459527,-0.122119050931
2024-01-10T07:03:00Z,fourier-demo,3.523202627962,2.007450000000,0.992326824564,-0.123642522019
2024-01-10T07:04:00Z,fourier-demo,3.573153441329,2.007600000000,0.992135851136,-0.125165701738
2024-01-10T07:05:00Z,fourier-demo,3.643248552971,2.007750000000,0.991942539692,-0.126688586497
2024-01-10T07:06:00Z,fourier-demo,3.731446798806,2.007900000000,0.991746890690,-0.128211172709
2024-01-10T07:07:00Z,fourier-demo,3.834407429349,2.008050000000,0.991548904588,-0.129733456785
2024-01-10T07:08:00Z,fourier-demo,3.947625432820,2.008200000000,0.991348581855,-0.131255435138
2024-01-10T07:09:00Z,fourier-demo,4.065621972317,2.008350000000,0.991145922962,-0.132777104182
2024-01-10T07:10:00Z,fourier-demo,4.182182071090,2.008500000000,0.990940928387,-0.134298460330
2024-01-10T07:11:00Z,fourier-demo,4.290629629156,2.008650000000,0.990733598613,-0.135819499997
2024-01-10T07:12:00Z,fourier-demo,4.384128212794,2.008800000000,0.990523934128,-0.137340219599
2024-01-10T07:13:00Z,fourier-demo,4.455994894811,2.008950000000,0.990311935427,-0.138860615553
2024-01-10T07:14:00Z,fourier-demo,4.500013787446,2.009100000000,0.990097603008,-0.140380684275
2024-01-10T07:15:00Z,fourier-demo,4.510735829118,2.009250000000,0.989880937378,-0.141900422183
2024-01-10T07:16:00Z,fourier-demo,4.483751865774,2.009400000000,0.989661939046,-0.143419825696
2024-01-10T07:17:00Z,fourier-demo,4.415927089154,2.009550000000,0.989440608530,-0.144938891234
2024-01-10T07:18:00Z,fourier-demo,4.305586417230,2.009700000000,0.989216946350,-0.146457615216
2024-01-10T07:19:00Z,fourier-demo,4.152642365015,2.009850000000,0.988990953033,-0.147975994064
2024-01-10T07:20:00Z,fourier-demo,3.958659277242,2.010000000000,0.988762629112,-0.149494024199
2024-01-10T07:21:00Z,fourier-demo,3.726850383520,2.010150000000,0.988531975125,-0.151011702045
2024-01-10T07:22:00Z,fourier-demo,3.462006885645,2.010300000000,0.988298991616,-0.152529024025
2024-01-10T07:23:00Z,fourier-demo,3.170361083260,2.010450000000,0.988063679134,-0.154045986562
2024-01-10T07:24:00Z,fourier-demo,2.859388273195,2.010600000000,0.987826038233,-0.155562586083
2024-01-10T07:25:00Z,fourier-demo,2.537554707385,2.010750000000,0.987586069473,-0.157078819014
2024-01-10T07:26:00Z,fourier-demo,2.214021158991,2.010900000000,0.987343773420,-0.158594681780
2024-01-10T07:27:00Z,fourier-demo,1.898313532551,2.011050000000,0.987099150644,-0.160110170811
2024-01-10T07:28:00Z,fourier-demo,1.599973383247,2.011200000000,0.986852201723,-0.161625282535
2024-01-10T07:29:00Z,fourier-demo,1.328202122679,2.011350000000,0.986602927238,-0.163140013381
2024-01-10T07:30:00Z,fourier-demo,1.091513044998,2.011500000000,0.986351327776,-0.164654359780
2024-01-10T07:31:00Z,fourier-demo,0.897405091519,2.011650000000,0.986097403931,-0.166168318163
2024-01-10T07:32:00Z,fourier-demo,0.752071491071,2.011800000000,0.985841156300,-0.167681884962
2024-01-10T07:33:00Z,fourier-demo,0.660155097315,2.011950000000,0.985582585488,-0.169195056612
2024-01-10T07:34:00Z,fourier-demo,0.624560445044,2.012100000000,0.985321692105,-0.170707829545
2024-01-10T07:35:00Z,fourier-demo,0.646330336867,2.012250000000,0.985058476764,-0.172220200197
2024-01-10T07:36:00Z,fourier-demo,0.724592238052,2.012400000000,0.984792940086,-0.173732165004
2024-01-10T07:37:00Z,fourier-demo,0.856577002715,2.012550000000,0.984525082697,-0.175243720403
2024-01-10T07:38:00Z,fourier-demo,1.037709589918,2.012700000000,0.984254905228,-0.176754862832
2024-01-10T07:39:00Z,fourier-demo,1.261768569180,2.012850000000,0.983982408316,-0.178265588729
2024-01-10T07:40:00Z,fourier-demo,1.521108477069,2.013000000000,0.983707592603,-0.179775894536
2024-01-10T07:41:00Z,fourier-demo,1.806936580588,2.013150000000,0.983430458736,-0.181285776692
2024-01-10T07:42:00Z,fourier-demo,2.109633430645,2.013300000000,0.983151007369,-0.182795231639
2024-01-10T07:43:00Z,fourier-demo,2.419104837869,2.013450000000,0.982869239160,-0.184304255821
2024-01-10T07:44:00Z,fourier-demo,2.725151644646,2.013600000000,0.982585154773,-0.185812845681
2024-01-10T07:45:00Z,fourier-demo,3.017842952442,2.013750000000,0.982298754878,-0.187320997664
2024-01-10T07:46:00Z,fourier-demo,3.287878321536,2.013900000000,0.982010040149,-0.188828708217
2024-01-10T07:47:00Z,fourier-demo,3.526924897010,2.014050000000,0.981719011267,-0.190335973786
2024-01-10T07:48:00Z,fourier-demo,3.727916412784,2.014200000000,0.981425668918,-0.191842790819
2024-01-10T07:49:00Z,fourier-demo,3.885302544399,2.014350000000,0.981130013793,-0.193349155765
2024-01-10T07:50:00Z,fourier-demo,3.995239059791,2.014500000000,0.980832046588,-0.194855065075
2024-01-10T07:51:00Z,fourier-demo,4.055711575533,2.014650000000,0.980531768007,-0.196360515200
2024-01-10T07:52:00Z,fourier-demo,4.066588368648,2.014800000000,0.980229178756,-0.197865502592
2024-01-10T07:53:00Z,fourier-demo,4.029600514448,2.014950000000,0.979924279548,-0.199370023705
2024-01-10T07:54:00Z,fourier-demo,3.948250504933,2.015100000000,0.979617071103,-0.200874074993
2024-01-10T07:55:00Z,fourier-demo,3.827653333824,2.015250000000,0.979307554143,-0.202377652911
2024-01-10T07:56:00Z,fourier-demo,3.674316699153,2.015400000000,0.978995729399,-0.203880753917
2024-01-10T07:57:00Z,fourier-demo,3.495869365237,2.015550000000,0.978681597606,-0.205383374468
2024-01-10T07:58:00Z,fourier-demo,3.300748746799,2.015700000000,0.978365159503,-0.206885511024
2024-01-10T07:59:00Z,fourier-demo,3.097860348180,2.015850000000,0.978046415836,-0.208387160044
2024-01-10T08:00:00Z,fourier-demo,2.896222747433,2.016000000000,0.977725367356,-0.209888317990
2024-01-10T08:01:00Z,fourier-demo,2.704612317158,2.016150000000,0.977402014820,-0.211388981324
2024-01-10T08:02:00Z,fourier-demo,2.531221802314,2.016300000000,0.977076358991,-0.212889146510
2024-01-10T08:03:00Z,fourier-demo,2.383346234311,2.016450000000,0.976748400634,-0.214388810013
2024-01-10T08:04:00Z,fourier-demo,2.267108477995,2.016600000000,0.976418140524,-0.215887968298
2024-01-10T08:05:00Z,fourier-demo,2.187235033405,2.016750000000,0.976085579438,-0.217386617833
2024-01-10T08:06:00Z,fourier-demo,2.146890616639,2.016900000000,0.975750718160,-0.218884755087
2024-01-10T08:07:00Z,fourier-demo,2.147577610668,2.017050000000,0.975413557480,-0.220382376528
2024-01-10T08:08:00Z,fourier-demo,2.189103807379,2.017200000000,0.975074098192,-0.221879478627
2024-01-10T08:09:00Z,fourier-demo,2.269619066112,2.017350000000,0.974732341095,-0.223376057857
2024-01-10T08:10:00Z,fourier-demo,2.385718705921,2.017500000000,0.974388286995,-0.224872110691
2024-01-10T08:11:00Z,fourier-demo,2.532608743344,2.017650000000,0.974041936703,-0.226367633603
2024-01-10T08:12:00Z,fourier-demo,2.704325594971,2.017800000000,0.973693291036,-0.227862623069
2024-01-10T08:13:00Z,fourier-demo,2.894000685695,2.017950000000,0.973342350814,-0.229357075566
2024-01-10T08:14:00Z,fourier-demo,3.094158627517,2.018100000000,0.972989116865,-0.230850987572
2024-01-10T08:15:00Z,fourier-demo,3.297036331658,2.018250000000,0.972633590021,-0.232344355567
2024-01-10T08:16:00Z,fourier-demo,3.494909640441,2.018400000000,0.972275771119,-0.233837176031
2024-01-10T08:17:00Z,fourier-demo,3.680413845153,2.018550000000,0.971915661004,-0.235329445447
2024-01-10T08:18:00Z,fourier-demo,3.846844799404,2.018700000000,0.971553260524,-0.236821160298
2024-01-10T08:19:00Z,fourier-demo,3.988428228371,2.018850000000,0.971188570533,-0.238312317069
2024-01-10T08:20:00Z,fourier-demo,4.100546234578,2.019000000000,0.970821591889,-0.239802912246
2024-01-10T08:21:00Z,fourier-demo,4.179911851343,2.019150000000,0.970452325459,-0.241292942315
2024-01-10T08:22:00Z,fourier-demo,4.224684718054,2.019300000000,0.970080772112,-0.242782403767
2024-01-10T08:23:00Z,fourier-demo,4.234523454251,2.019450000000,0.969706932724,-0.244271293090
2024-01-10T08:24:00Z,fourier-demo,4.210572987810,2.019600000000,0.969330808175,-0.245759606776
2024-01-10T08:25:00Z,fourier-demo,4.155387835174,2.019750000000,0.968952399352,-0.247247341318
2024-01-10T08:26:00Z,fourier-demo,4.072795024555,2.019900000000,0.968571707148,-0.248734493211
2024-01-10T08:27:00Z,fourier-demo,3.967702884961,2.020050000000,0.968188732458,-0.250221058948
2024-01-10T08:28:00Z,fourier-demo,3.845864189714,2.020200000000,0.967803476186,-0.251707035028
2024-01-10T08:29:00Z,fourier-demo,3.713604049292,2.020350000000,0.967415939239,-0.253192417948
2024-01-10T08:30:00Z,fourier-demo,3.577524415874,2.020500000000,0.967026122531,-0.254677204208
2024-01-10T08:31:00Z,fourier-demo,3.444198030429,2.020650000000,0.966634026979,-0.256161390310
2024-01-10T08:32:00Z,fourier-demo,3.319865072555,2.020800000000,0.966239653509,-0.257644972755
2024-01-10T08:33:00Z,fourier-demo,3.210145646004,2.020950000000,0.965843003050,-0.259127948047
2024-01-10T08:34:00Z,fourier-demo,3.119780554323,2.021100000000,0.965444076536,-0.260610312692
2024-01-10T08:35:00Z,fourier-demo,3.052411619561,2.021250000000,0.965042874907,-0.262092063197
2024-01-10T08:36:00Z,fourier-demo,3.010411122476,2.021400000000,0.964639399109,-0.263573196069
2024-01-10T08:37:00Z,fourier-demo,2.994767864595,2.021550000000,0.964233650093,-0.265053707819
2024-01-10T08:38:00Z,fourier-demo,3.005034957056,2.021700000000,0.963825628814,-0.266533594957
2024-01-10T08:39:00Z,fourier-demo,3.039341827876,2.021850000000,0.963415336235,-0.268012853996
2024-01-10T08:40:00Z,fourier-demo,3.094470216543,2.022000000000,0.963002773322,-0.269491481450
2024-01-10T08:41:00Z,fourier-demo,3.165991205871,2.022150000000,0.962587941047,-0.270969473835
2024-01-10T08:42:00Z,fourier-demo,3.248457738863,2.022300000000,0.962170840389,-0.272446827667
2024-01-10T08:43:00Z,fourier-demo,3.335644691289,2.022450000000,0.961751472329,-0.273923539465
2024-01-10T08:44:00Z,fourier-demo,3.420826518141,2.022600000000,0.961329837856,-0.275399605750
2024-01-10T08:45:00Z,fourier-demo,3.497080849764,2.022750000000,0.960905937965,-0.276875023042
2024-01-10T08:46:00Z,fourier-demo,3.557605250667,2.022900000000,0.960479773652,-0.278349787865
2024-01-10T08:47:00Z,fourier-demo,3.596033720024,2.023050000000,0.960051345924,-0.279823896744
2024-01-10T08:48:00Z,fourier-demo,3.606739435498,2.023200000000,0.959620655790,-0.281297346205
2024-01-10T08:49:00Z,fourier-demo,3.585110725924,2.023350000000,0.959187704264,-0.282770132775
2024-01-10T08:50:00Z,fourier-demo,3.527788285417,2.023500000000,0.958752492366,-0.284242252984
2024-01-10T08:51:00Z,fourier-demo,3.432853170624,2.023650000000,0.958315021124,-0.285713703362
2024-01-10T08:52:00Z,fourier-demo,3.299957092845,2.023800000000,0.957875291566,-0.287184480443
2024-01-10T08:53:00Z,fourier-demo,3.130388847658,2.023950000000,0.957433304730,-0.288654580760
2024-01-10T08:54:00Z,fourier-demo,2.927073321792,2.024100000000,0.956989061657,-0.290124000849
2024-01-10T08:55:00Z,fourier-demo,2.694502274342,2.024250000000,0.956542563394,-0.291592737247
2024-01-10T08:56:00Z,fourier-demo,2.438598894251,2.024400000000,0.956093810994,-0.293060786492
2024-01-10T08:57:00Z,fourier-demo,2.166520873385,2.024550000000,0.955642805513,-0.294528145126
2024-01-10T08:58:00Z,fourier-demo,1.886409291944,2.024700000000,0.955189548014,-0.295994809691
2024-01-10T08:59:00Z,fourier-demo,1.607092885247,2.024850000000,0.954734039567,-0.297460776730
2024-01-10T09:00:00Z,fourier-demo,1.337759153929,2.025000000000,0.954276281243,-0.298926042788
2024-01-10T09:01:00Z,fourier-demo,1.087605215040,2.025150000000,0.953816274122,-0.300390604413
2024-01-10T09:02:00Z,fourier-demo,0.865482208995,2.025300000000,0.953354019288,-0.301854458154
2024-01-10T09:03:00Z,fourier-demo,0.679547438074,2.025450000000,0.952889517830,-0.303317600560
2024-01-10T09:04:00Z,fourier-demo,0.536938199622,2.025600000000,0.952422770843,-0.304780028184
2024-01-10T09:05:00Z,fourier-demo,0.443480498177,2.025750000000,0.951953779427,-0.306241737579
2024-01-10T09:06:00Z,fourier-demo,0.403444505576,2.025900000000,0.951482544686,-0.307702725301
2024-01-10T09:07:00Z,fourier-demo,0.419356838482,2.026050000000,0.951009067732,-0.309162987907
2024-01-10T09:08:00Z,fourier-demo,0.491877510477,2.026200000000,0.950533349680,-0.310622521956
2024-01-10T09:09:00Z,fourier-demo,0.619746879467,2.026350000000,0.950055391651,-0.312081324008
2024-01-10T09:10:00Z,fourier-demo,0.799805152598,2.026500000000,0.949575194772,-0.313539390626
2024-01-10T09:11:00Z,fourier-demo,1.027084141208,2.026650000000,0.949092760174,-0.314996718374
2024-01-10T09:12:00Z,fourier-demo,1.294968093343,2.026800000000,0.948608088993,-0.316453303816
2024-01-10T09:13:00Z,fourier-demo,1.595417686637,2.026950000000,0.948121182373,-0.317909143522
2024-01-10T09:14:00Z,fourier-demo,1.919248750904,2.027100000000,0.947632041461,-0.319364234060
2024-01-10T09:15:00Z,fourier-demo,2.256455109177,2.027250000000,0.947140667409,-0.320818572000
2024-01-10T09:16:00Z,fourier-demo,2.596563166457,2.027400000000,0.946647061375,-0.322272153917
2024-01-10T09:17:00Z,fourier-demo,2.929004608182,2.027550000000,0.946151224522,-0.323724976384
2024-01-10T09:18:00Z,fourier-demo,3.243492846888,2.027700000000,0.945653158020,-0.325177035978
2024-01-10T09:19:00Z,fourier-demo,3.530388704842,2.027850000000,0.945152863041,-0.326628329276
2024-01-10T09:20:00Z,fourier-demo,3.781041248761,2.028000000000,0.944650340764,-0.328078852860
2024-01-10T09:21:00Z,fourier-demo,3.988090682780,2.028150000000,0.944145592375,-0.329528603310
2024-01-10T09:22:00Z,fourier-demo,4.145721717474,2.028300000000,0.943638619061,-0.330977577211
2024-01-10T09:23:00Z,fourier-demo,4.249857804811,2.028450000000,0.943129422019,-0.332425771147
2024-01-10T09:24:00Z,fourier-demo,4.298288981675,2.028600000000,0.942618002447,-0.333873181706
2024-01-10T09:25:00Z,fourier-demo,4.290728702812,2.028750000000,0.942104361552,-0.335319805477
2024-01-10T09:26:00Z,fourier-demo,4.228797861155,2.028900000000,0.941588500543,-0.336765639052
2024-01-10T09:27:00Z,fourier-demo,4.115937075664,2.029050000000,0.941070420636,-0.338210679022
2024-01-10T09:28:00Z,fourier-demo,3.957251157791,2.029200000000,0.940550123052,-0.339654921982
2024-01-10T09:29:00Z,fourier-demo,3.759292333296,2.029350000000,0.940027609017,-0.341098364530
2024-01-10T09:30:00Z,fourier-demo,3.529791189319,2.029500000000,0.939502879763,-0.342541003263
2024-01-10T09:31:00Z,fourier-demo,3.277346341193,2.029650000000,0.938975936526,-0.343982834783
2024-01-10T09:32:00Z,fourier-demo,3.011085388599,2.029800000000,0.938446780548,-0.345423855690
2024-01-10T09:33:00Z,fourier-demo,2.740310793924,2.029950000000,0.937915413075,-0.346864062590
2024-01-10T09:34:00Z,fourier-demo,2.474144825210,2.030100000000,0.937381835360,-0.348303452088
2024-01-10T09:35:00Z,fourier-demo,2.221187643179,2.030250000000,0.936846048661,-0.349742020792
2024-01-10T09:36:00Z,fourier-demo,1.989201980470,2.030400000000,0.936308054240,-0.351179765313
2024-01-10T09:37:00Z,fourier-demo,1.784836689102,2.030550000000,0.935767853364,-0.352616682263
2024-01-10T09:38:00Z,fourier-demo,1.613399768524,2.030700000000,0.935225447308,-0.354052768254
2024-01-10T09:39:00Z,fourier-demo,1.478689400782,2.030850000000,0.934680837348,-0.355488019903
2024-01-10T09:40:00Z,fourier-demo,1.382889097750,2.031000000000,0.934134024769,-0.356922433828
2024-01-10T09:41:00Z,fourier-demo,1.326530407915,2.031150000000,0.933585010858,-0.358356006648
2024-01-10T09:42:00Z,fourier-demo,1.308523846099,2.031300000000,0.933033796911,-0.359788734986
2024-01-10T09:43:00Z,fourier-demo,1.326255913145,2.031450000000,0.932480384225,-0.361220615464
2024-01-10T09:44:00Z,fourier-demo,1.375747378294,2.031600000000,0.931924774105,-0.362651644709
2024-01-10T09:45:00Z,fourier-demo,1.451865514914,2.031750000000,0.931366967860,-0.364081819348
2024-01-10T09:46:00Z,fourier-demo,1.548580811363,2.031900000000,0.930806966805,-0.365511136011
2024-01-10T09:47:00Z,fourier-demo,1.659256911317,2.032050000000,0.930244772259,-0.366939591330
2024-01-10T09:48:00Z,fourier-demo,1.776961242953,2.032200000000,0.929680385547,-0.368367181938
2024-01-10T09:49:00Z,fourier-demo,1.894783026051,2.032350000000,0.929113808000,-0.369793904471
2024-01-10T09:50:00Z,fourier-demo,2.006145130291,2.032500000000,0.928545040952,-0.371219755568
2024-01-10T09:51:00Z,fourier-demo,2.105096604135,2.032650000000,0.927974085743,-0.372644731868
2024-01-10T09:52:00Z,fourier-demo,2.186573585855,2.032800000000,0.927400943720,-0.374068830013
2024-01-10T09:53:00Z,fourier-demo,2.246617708089,2.032950000000,0.926825616233,-0.375492046647
2024-01-10T09:54:00Z,fourier-demo,2.282542955655,2.033100000000,0.926248104637,-0.376914378416
2024-01-10T09:55:00Z,fourier-demo,2.293044155639,2.033250000000,0.925668410294,-0.378335821969
2024-01-10T09:56:00Z,fourier-demo,2.278242776114,2.033400000000,0.925086534569,-0.379756373955
2024-01-10T09:57:00Z,fourier-demo,2.239668381284,2.033550000000,0.924502478834,-0.381176031027
2024-01-10T09:58:00Z,fourier-demo,2.180176824980,2.033700000000,0.923916244465,-0.382594789841
2024-01-10T09:59:00Z,fourier-demo,2.103808947705,2.033850000000,0.923327832844,-0.384012647051
2024-01-10T10:00:00Z,fourier-demo,2.015596063365,2.034000000000,0.922737245357,-0.385429599318
2024-01-10T10:01:00Z,fourier-demo,1.921320775630,2.034150000000,0.922144483397,-0.386845643301
2024-01-10T10:02:00Z,fourier-demo,1.827243557224,2.034300000000,0.921549548359,-0.388260775664
2024-01-10T10:03:00Z,fourier-demo,1.739806979435,2.034450000000,0.920952441646,-0.389674993073
2024-01-10T10:04:00Z,fourier-demo,1.665330433689,2.034600000000,0.920353164665,-0.391088292194
2024-01-10T10:05:00Z,fourier-demo,1.609708602215,2.034750000000,0.919751718828,-0.392500669696
2024-01-10T10:06:00Z,fourier-demo,1.578126793348,2.034900000000,0.919148105553,-0.393912122253
2024-01-10T10:07:00Z,fourier-demo,1.574805564548,2.035050000000,0.918542326262,-0.395322646537
2024-01-10T10:08:00Z,fourier-demo,1.602785841185,2.035200000000,0.917934382383,-0.396732239224
2024-01-10T10:09:00Z,fourier-demo,1.663764051716,2.035350000000,0.917324275347,-0.398140896993
2024-01-10T10:10:00Z,fourier-demo,1.757984709702,2.035500000000,0.916712006594,-0.399548616524
2024-01-10T10:11:00Z,fourier-demo,1.884195466690,2.035650000000,0.916097577565,-0.400955394500
2024-01-10T10:12:00Z,fourier-demo,2.039667036807,2.035800000000,0.915480989709,-0.402361227606
2024-01-10T10:13:00Z,fourier-demo,2.220277662716,2.035950000000,0.914862244479,-0.403766112528
2024-01-10T10:14:00Z,fourier-demo,2.420659066566,2.036100000000,0.914241343333,-0.405170045957
2024-01-10T10:15:00Z,fourier-demo,2.634398221951,2.036250000000,0.913618287734,-0.406573024583
2024-01-10T10:16:00Z,fourier-demo,2.854286902096,2.036400000000,0.912993079150,-0.407975045100
2024-01-10T10:17:00Z,fourier-demo,3.072608904833,2.036550000000,0.912365719054,-0.409376104205
2024-01-10T10:18:00Z,fourier-demo,3.281453212280,2.036700000000,0.911736208926,-0.410776198596
2024-01-10T10:19:00Z,fourier-demo,3.473040181698,2.036850000000,0.911104550248,-0.412175324973
2024-01-10T10:20:00Z,fourier-demo,3.640047233159,2.037000000000,0.910470744509,-0.413573480040
2024-01-10T10:21:00Z,fourier-demo,3.775920426918,2.037150000000,0.909834793203,-0.414970660501
2024-01-10T10:22:00Z,fourier-demo,3.875158813682,2.037300000000,0.909196697828,-0.416366863064
2024-01-10T10:23:00Z,fourier-demo,3.933559475610,2.037450000000,0.908556459888,-0.417762084439
2024-01-10T10:24:00Z,fourier-demo,3.948412714118,2.037600000000,0.907914080892,-0.419156321338
2024-01-10T10:25:00Z,fourier-demo,3.918638820702,2.037750000000,0.907269562353,-0.420549570475
2024-01-10T10:26:00Z,fourier-demo,3.844860209056,2.037900000000,0.906622905791,-0.421941828568
2024-01-10T10:27:00Z,fourier-demo,3.729405295790,2.038050000000,0.905974112729,-0.423333092334
2024-01-10T10:28:00Z,fourier-demo,3.576243286937,2.038200000000,0.905323184696,-0.424723358496
2024-01-10T10:29:00Z,fourier-demo,3.390851845136,2.038350000000,0.904670123226,-0.426112623777
2024-01-10T10:30:00Z,fourier-demo,3.180022362867,2.038500000000,0.904014929858,-0.427500884904
2024-01-10T10:31:00Z,fourier-demo,2.951610137559,2.038650000000,0.903357606136,-0.428888138604
2024-01-10T10:32:00Z,fourier-demo,2.714239029437,2.038800000000,0.902698153610,-0.430274381610
2024-01-10T10:33:00Z,fourier-demo,2.476972088323,2.038950000000,0.902036573832,-0.431659610653
2024-01-10T10:34:00Z,fourier-demo,2.248961082686,2.039100000000,0.901372868363,-0.433043822470
2024-01-10T10:35:00Z,fourier-demo,2.039088792592,2.039250000000,0.900707038765,-0.434427013799
2024-01-10T10:36:00Z,fourier-demo,1.855618298769,2.039400000000,0.900039086609,-0.435809181380
2024-01-10T10:37:00Z,fourier-demo,1.705863296177,2.039550000000,0.899369013469,-0.437190321956
2024-01-10T10:38:00Z,fourier-demo,1.595892689014,2.039700000000,0.898696820922,-0.438570432273
2024-01-10T10:39:00Z,fourier-demo,1.530281415015,2.039850000000,0.898022510555,-0.439949509077
2024-01-10T10:40:00Z,fourier-demo,1.511917651937,2.040000000000,0.897346083954,-0.441327549120
2024-01-10T10:41:00Z,fourier-demo,1.541874350005,2.040150000000,0.896667542715,-0.442704549153
2024-01-10T10:42:00Z,fourier-demo,1.619350499371,2.040300000000,0.895986888437,-0.444080505933
2024-01-10T10:43:00Z,fourier-demo,1.741684783227,2.040450000000,0.895304122723,-0.445455416215
2024-01-10T10:44:00Z,fourier-demo,1.904441396247,2.040600000000,0.894619247183,-0.446829276761
2024-01-10T10:45:00Z,fourier-demo,2.101564940241,2.040750000000,0.893932263430,-0.448202084332
2024-01-10T10:46:00Z,fourier-demo,2.325598560158,2.040900000000,0.893243173083,-0.449573835694
2024-01-10T10:47:00Z,fourier-demo,2.567956964739,2.041050000000,0.892551977766,-0.450944527614
2024-01-10T10:48:00Z,fourier-demo,2.819243789082,2.041200000000,0.891858679109,-0.452314156862
2024-01-10T10:49:00Z,fourier-demo,3.069600989477,2.041350000000,0.891163278745,-0.453682720210
2024-01-10T10:50:00Z,fourier-demo,3.309076685391,2.041500000000,0.890465778312,-0.455050214434
2024-01-10T10:51:00Z,fourier-demo,3.527997131019,2.041650000000,0.889766179454,-0.456416636310
2024-01-10T10:52:00Z,fourier-demo,3.717328338771,2.041800000000,0.889064483820,-0.457781982618
2024-01-10T10:53:00Z,fourier-demo,3.869013295752,2.041950000000,0.888360693064,-0.459146250142
2024-01-10T10:54:00Z,fourier-demo,3.976271694558,2.042100000000,0.887654808843,-0.460509435666
2024-01-10T10:55:00Z,fourier-demo,4.033850601713,2.042250000000,0.886946832823,-0.461871535977
2024-01-10T10:56:00Z,fourier-demo,4.038216449734,2.042400000000,0.886236766670,-0.463232547867
2024-01-10T10:57:00Z,fourier-demo,3.987681082597,2.042550000000,0.885524612058,-0.464592468127
2024-01-10T10:58:00Z,fourier-demo,3.882457214291,2.042700000000,0.884810370665,-0.465951293553
2024-01-10T10:59:00Z,fourier-demo,3.724641469625,2.042850000000,0.884094044175,-0.467309020942
2024-01-10T11:00:00Z,fourier-demo,3.518126051973,2.043000000000,0.883375634276,-0.468665647096
2024-01-10T11:01:00Z,fourier-demo,3.268442907906,2.043150000000,0.882655142660,-0.470021168817
2024-01-10T11:02:00Z,fourier-demo,2.982546919736,2.043300000000,0.881932571025,-0.471375582911
2024-01-10T11:03:00Z,fourier-demo,2.668547046779,2.043450000000,0.881207921075,-0.472728886186
2024-01-10T11:04:00Z,fourier-demo,2.335396358500,2.043600000000,0.880481194516,-0.474081075454
2024-01-10T11:05:00Z,fourier-demo,1.992553476996,2.043750000000,0.879752393062,-0.475432147526
2024-01-10T11:06:00Z,fourier-demo,1.649629009778,2.043900000000,0.879021518430,-0.476782099220
2024-01-10T11:07:00Z,fourier-demo,1.316031064964,2.044050000000,0.878288572342,-0.478130927355
2024-01-10T11:08:00Z,fourier-demo,1.000623880760,2.044200000000,0.877553556525,-0.479478628752
2024-01-10T11:09:00Z,fourier-demo,0.711412973698,2.044350000000,0.876816472712,-0.480825200234
2024-01-10T11:10:00Z,fourier-demo,0.455269042715,2.044500000000,0.876077322640,-0.482170638629
2024-01-10T11:11:00Z,fourier-demo,0.237701208327,2.044650000000,0.875336108050,-0.483514940767
2024-01-10T11:12:00Z,fourier-demo,0.062688086818,2.044800000000,0.874592830688,-0.484858103478
2024-01-10T11:13:00Z,fourier-demo,-0.067427215074,2.044950000000,0.873847492308,-0.486200123598
2024-01-10T11:14:00Z,fourier-demo,-0.151974749383,2.045100000000,0.873100094664,-0.487540997965
2024-01-10T11:15:00Z,fourier-demo,-0.191927360634,2.045250000000,0.872350639519,-0.488880723419
2024-01-10T11:16:00Z,fourier-demo,-0.189804432972,2.045400000000,0.871599128639,-0.490219296801
2024-01-10T11:17:00Z,fourier-demo,-0.149514565993,2.045550000000,0.870845563793,-0.491556714959
2024-01-10T11:18:00Z,fourier-demo,-0.076144468834,2.045700000000,0.870089946759,-0.492892974740
2024-01-10T11:19:00Z,fourier-demo,0.024296476353,2.045850000000,0.869332279317,-0.494228072996
2024-01-10T11:20:00Z,fourier-demo,0.145164769754,2.046000000000,0.868572563252,-0.495562006580
2024-01-10T11:21:00Z,fourier-demo,0.279491967444,2.046150000000,0.867810800355,-0.496894772348
2024-01-10T11:22:00Z,fourier-demo,0.420301207398,2.046300000000,0.867046992421,-0.498226367161
2024-01-10T11:23:00Z,fourier-demo,0.560917610664,2.046450000000,0.866281141249,-0.499556787879
2024-01-10T11:24:00Z,fourier-demo,0.695259429752,2.046600000000,0.865513248645,-0.500886031368
2024-01-10T11:25:00Z,fourier-demo,0.818097710426,2.046750000000,0.864743316418,-0.502214094496
2024-01-10T11:26:00Z,fourier-demo,0.925273633749,2.046900000000,0.863971346383,-0.503540974132
2024-01-10T11:27:00Z,fourier-demo,1.013864553105,2.047050000000,0.863197340358,-0.504866667150
2024-01-10T11:28:00Z,fourier-demo,1.082291958489,2.047200000000,0.862421300168,-0.506191170426
2024-01-10T11:29:00Z,fourier-demo,1.130367094729,2.047350000000,0.861643227641,-0.507514480839
2024-01-10T11:30:00Z,fourier-demo,1.159272627511,2.047500000000,0.860863124611,-0.508836595269
2024-01-10T11:31:00Z,fourier-demo,1.171481479886,2.047650000000,0.860080992916,-0.510157510602
2024-01-10T11:32:00Z,fourier-demo,1.170616638763,2.047800000000,0.859296834400,-0.511477223725
2024-01-10T11:33:00Z,fourier-demo,1.161258244412,2.047950000000,0.858510650911,-0.512795731528
2024-01-10T11:34:00Z,fourier-demo,1.148706521618,2.048100000000,0.857722444300,-0.514113030903
2024-01-10T11:35:00Z,fourier-demo,1.138710995462,2.048250000000,0.856932216426,-0.515429118747
2024-01-10T11:36:00Z,fourier-demo,1.137177879322,2.048400000000,0.856139969150,-0.516743991957
2024-01-10T11:37:00Z,fourier-demo,1.149868467290,2.048550000000,0.855345704340,-0.518057647436
2024-01-10T11:38:00Z,fourier-demo,1.182101768437,2.048700000000,0.854549423868,-0.519370082087
2024-01-10T11:39:00Z,fourier-demo,1.238474468791,2.048850000000,0.853751129609,-0.520681292818
2024-01-10T11:40:00Z,fourier-demo,1.322610604627,2.049000000000,0.852950823446,-0.521991276539
2024-01-10T11:41:00Z,fourier-demo,1.436952106134,2.049150000000,0.852148507263,-0.523300030163
2024-01-10T11:42:00Z,fourier-demo,1.582599674241,2.049300000000,0.851344182953,-0.524607550606
2024-01-10T11:43:00Z,fourier-demo,1.759211355017,2.049450000000,0.850537852409,-0.525913834786
2024-01-10T11:44:00Z,fourier-demo,1.964963762395,2.049600000000,0.849729517533,-0.527218879626
2024-01-10T11:45:00Z,fourier-demo,2.196578270598,2.049750000000,0.848919180229,-0.528522682049
2024-01-10T11:46:00Z,fourier-demo,2.449411761413,2.049900000000,0.848106842406,-0.529825238983
2024-01-10T11:47:00Z,fourier-demo,2.717608781777,2.050050000000,0.847292505980,-0.531126547359
2024-01-10T11:48:00Z,fourier-demo,2.994309357172,2.050200000000,0.846476172869,-0.532426604111
2024-01-10T11:49:00Z,fourier-demo,3.271904324740,2.050350000000,0.845657844997,-0.533725406174
2024-01-10T11:50:00Z,fourier-demo,3.542327996003,2.050500000000,0.844837524292,-0.535022950487
2024-01-10T11:51:00Z,fourier-demo,3.797376318658,2.050650000000,0.844015212688,-0.536319233994
2024-01-10T11:52:00Z,fourier-demo,4.029037549220,2.050800000000,0.843190912121,-0.537614253639
2024-01-10T11:53:00Z,fourier-demo,4.229821822591,2.050950000000,0.842364624536,-0.538908006371
2024-01-10T11:54:00Z,fourier-demo,4.393075938621,2.051100000000,0.841536351878,-0.540200489141
2024-01-10T11:55:00Z,fourier-demo,4.513270183952,2.051250000000,0.840706096100,-0.541491698902
2024-01-10T11:56:00Z,fourier-demo,4.586245051277,2.051400000000,0.839873859159,-0.542781632613
2024-01-10T11:57:00Z,fourier-demo,4.609407266711,2.051550000000,0.839039643015,-0.544070287233
2024-01-10T11:58:00Z,fourier-demo,4.581866527339,2.051700000000,0.838203449634,-0.545357659726
2024-01-10T11:59:00Z,fourier-demo,4.504506705050,2.051850000000,0.837365280987,-0.546643747057
2024-01-10T12:00:00Z,fourier-demo,4.379987894413,2.052000000000,0.836525139050,-0.547928546197
2024-01-10T12:01:00Z,fourier-demo,4.212678465167,2.052150000000,0.835683025801,-0.549212054118
2024-01-10T12:02:00Z,fourier-demo,4.008519110773,2.052300000000,0.834838943226,-0.550494267794
2024-01-10T12:03:00Z,fourier-demo,3.774823648030,2.052450000000,0.833992893313,-0.551775184204
2024-01-10T12:04:00Z,fourier-demo,3.520023906099,2.052600000000,0.833144878057,-0.553054800330
2024-01-10T12:05:00Z,fourier-demo,3.253368340669,2.052750000000,0.832294899455,-0.554333113156
2024-01-10T12:06:00Z,fourier-demo,2.984585926135,2.052900000000,0.831442959511,-0.555610119670
2024-01-10T12:07:00Z,fourier-demo,2.723528336560,2.053050000000,0.830589060232,-0.556885816862
2024-01-10T12:08:00Z,fourier-demo,2.479804364399,2.053200000000,0.829733203631,-0.558160201727
2024-01-10T12:09:00Z,fourier-demo,2.262420905131,2.053350000000,0.828875391724,-0.559433271261
2024-01-10T12:10:00Z,fourier-demo,2.079444639394,2.053500000000,0.828015626534,-0.560705022464
2024-01-10T12:11:00Z,fourier-demo,1.937697778525,2.053650000000,0.827153910085,-0.561975452338
2024-01-10T12:12:00Z,fourier-demo,1.842499934516,2.053800000000,0.826290244409,-0.563244557892
2024-01-10T12:13:00Z,fourier-demo,1.797466382984,2.053950000000,0.825424631541,-0.564512336132
2024-01-10T12:14:00Z,fourier-demo,1.804370779432,2.054100000000,0.824557073521,-0.565778784073
2024-01-10T12:15:00Z,fourier-demo,1.863077853447,2.054250000000,0.823687572393,-0.567043898729
2024-01-10T12:16:00Z,fourier-demo,1.971548844434,2.054400000000,0.822816130206,-0.568307677120
2024-01-10T12:17:00Z,fourier-demo,2.125919567146,2.054550000000,0.821942749014,-0.569570116266
2024-01-10T12:18:00Z,fourier-demo,2.320648121590,2.054700000000,0.821067430875,-0.570831213194
2024-01-10T12:19:00Z,fourier-demo,2.548726505523,2.054850000000,0.820190177852,-0.572090964930
2024-01-10T12:20:00Z,fourier-demo,2.801947860089,2.055000000000,0.819310992012,-0.573349368508
2024-01-10T12:21:00Z,fourier-demo,3.071218881820,2.055150000000,0.818429875427,-0.574606420960
2024-01-10T12:22:00Z,fourier-demo,3.346905155995,2.055300000000,0.817546830173,-0.575862119326
2024-01-10T12:23:00Z,fourier-demo,3.619195878547,2.055450000000,0.816661858331,-0.577116460645
2024-01-10T12:24:00Z,fourier-demo,3.878473688198,2.055600000000,0.815774961987,-0.578369441961
2024-01-10T12:25:00Z,fourier-demo,4.115675156838,2.055750000000,0.814886143231,-0.579621060323
2024-01-10T12:26:00Z,fourier-demo,4.322627890857,2.055900000000,0.813995404157,-0.580871312780
2024-01-10T12:27:00Z,fourier-demo,4.492351162358,2.056050000000,0.813102746864,-0.582120196387
2024-01-10T12:28:00Z,fourier-demo,4.619308477181,2.056200000000,0.812208173457,-0.583367708200
2024-01-10T12:29:00Z,fourier-demo,4.699602435641,2.056350000000,0.811311686042,-0.584613845279
2024-01-10T12:30:00Z,fourier-demo,4.731104572581,2.056500000000,0.810413286733,-0.585858604688
2024-01-10T12:31:00Z,fourier-demo,4.713515480757,2.056650000000,0.809512977646,-0.587101983493
2024-01-10T12:32:00Z,fourier-demo,4.648353319670,2.056800000000,0.808610760905,-0.588343978765
2024-01-10T12:33:00Z,fourier-demo,4.538871676988,2.056950000000,0.807706638633,-0.589584587577
2024-01-10T12:34:00Z,fourier-demo,4.389910565876,2.057100000000,0.806800612963,-0.590823807004
2024-01-10T12:35:00Z,fourier-demo,4.207686994883,2.057250000000,0.805892686028,-0.592061634128
2024-01-10T12:36:00Z,fourier-demo,3.999533930471,2.057400000000,0.804982859970,-0.593298066030
2024-01-10T12:37:00Z,fourier-demo,3.773598490070,2.057550000000,0.804071136931,-0.594533099797
2024-01-10T12:38:00Z,fourier-demo,3.538511774673,2.057700000000,0.803157519061,-0.595766732518
2024-01-10T12:39:00Z,fourier-demo,3.303043812173,2.057850000000,0.802242008512,-0.596998961288
2024-01-10T12:40:00Z,fourier-demo,3.075757594088,2.058000000000,0.801324607442,-0.598229783201
2024-01-10T12:41:00Z,fourier-demo,2.864676130035,2.058150000000,0.800405318012,-0.599459195357
2024-01-10T12:42:00Z,fourier-demo,2.676975820383,2.058300000000,0.799484142390,-0.600687194859
2024-01-10T12:43:00Z,fourier-demo,2.518718285286,2.058450000000,0.798561082745,-0.601913778813
2024-01-10T12:44:00Z,fourier-demo,2.394631136872,2.058600000000,0.797636141253,-0.603138944329
2024-01-10T12:45:00Z,fourier-demo,2.307946109792,2.058750000000,0.796709320094,-0.604362688520
2024-01-10T12:46:00Z,fourier-demo,2.260300559846,2.058900000000,0.795780621452,-0.605585008501
2024-01-10T12:47:00Z,fourier-demo,2.251705700346,2.059050000000,0.794850047515,-0.606805901393
2024-01-10T12:48:00Z,fourier-demo,2.280582180456,2.059200000000,0.793917600476,-0.608025364318
2024-01-10T12:49:00Z,fourier-demo,2.343860832648,2.059350000000,0.792983282533,-0.609243394402
2024-01-10T12:50:00Z,fourier-demo,2.437143741833,2.059500000000,0.792047095888,-0.610459988776
2024-01-10T12:51:00Z,fourier-demo,2.554918326324,2.059650000000,0.791109042746,-0.611675144571
2024-01-10T12:52:00Z,fourier-demo,2.690814971239,2.059800000000,0.790169125318,-0.612888858925
2024-01-10T12:53:00Z,fourier-demo,2.837897005964,2.059950000000,0.789227345819,-0.614101128978
2024-01-10T12:54:00Z,fourier-demo,2.988970539904,2.060100000000,0.788283706468,-0.615311951872
2024-01-10T12:55:00Z,fourier-demo,3.136900916354,2.060250000000,0.787338209490,-0.616521324755
2024-01-10T12:56:00Z,fourier-demo,3.274922342889,2.060400000000,0.786390857112,-0.617729244775
2024-01-10T12:57:00Z,fourier-demo,3.396927615117,2.060550000000,0.785441651567,-0.618935709088
2024-01-10T12:58:00Z,fourier-demo,3.497725752901,2.060700000000,0.784490595091,-0.620140714849
2024-01-10T12:59:00Z,fourier-demo,3.573256775748,2.060850000000,0.783537689926,-0.621344259220
2024-01-10T13:00:00Z,fourier-demo,3.620754697644,2.061000000000,0.782582938317,-0.622546339363
2024-01-10T13:01:00Z,fourier-demo,3.638852043484,2.061150000000,0.781626342515,-0.623746952447
2024-01-10T13:02:00Z,fourier-demo,3.627621686662,2.061300000000,0.780667904773,-0.624946095641
2024-01-10T13:03:00Z,fourier-demo,3.588554476077,2.061450000000,0.779707627351,-0.626143766120
2024-01-10T13:04:00Z,fourier-demo,3.524473849873,2.061600000000,0.778745512510,-0.627339961062
2024-01-10T13:05:00Z,fourier-demo,3.439391308793,2.061750000000,0.777781562519,-0.628534677647
2024-01-10T13:06:00Z,fourier-demo,3.338309133063,2.061900000000,0.776815779649,-0.629727913061
2024-01-10T13:07:00Z,fourier-demo,3.226978968598,2.062050000000,0.775848166176,-0.630919664491
2024-01-10T13:08:00Z,fourier-demo,3.111626787733,2.062200000000,0.774878724380,-0.632109929129
2024-01-10T13:09:00Z,fourier-demo,2.998656168412,2.062350000000,0.773907456545,-0.633298704170
2024-01-10T13:10:00Z,fourier-demo,2.894342773599,2.062500000000,0.772934364961,-0.634485986813
2024-01-10T13:11:00Z,fourier-demo,2.804533310326,2.062650000000,0.771959451921,-0.635671774260
2024-01-10T13:12:00Z,fourier-demo,2.734362088225,2.062800000000,0.770982719721,-0.636856063716
2024-01-10T13:13:00Z,fourier-demo,2.687997586554,2.062950000000,0.770004170664,-0.638038852390
2024-01-10T13:14:00Z,fourier-demo,2.668430205578,2.063100000000,0.769023807056,-0.639220137496
2024-01-10T13:15:00Z,fourier-demo,2.677310673077,2.063250000000,0.768041631208,-0.640399916249
2024-01-10T13:16:00Z,fourier-demo,2.714846469857,2.063400000000,0.767057645432,-0.641578185870
2024-01-10T13:17:00Z,fourier-demo,2.779761216165,2.063550000000,0.766071852049,-0.642754943581
2024-01-10T13:18:00Z,fourier-demo,2.869319323758,2.063700000000,0.765084253382,-0.643930186610
2024-01-10T13:19:00Z,fourier-demo,2.979415475019,2.063850000000,0.764094851757,-0.645103912187
2024-01-10T13:20:00Z,fourier-demo,3.104725754432,2.064000000000,0.763103649506,-0.646276117546
2024-01-10T13:21:00Z,fourier-demo,3.238914642333,2.064150000000,0.762110648966,-0.647446799925
2024-01-10T13:22:00Z,fourier-demo,3.374889694806,2.064300000000,0.761115852476,-0.648615956564
2024-01-10T13:23:00Z,fourier-demo,3.505093676226,2.064450000000,0.760119262380,-0.649783584710
2024-01-10T13:24:00Z,fourier-demo,3.621822268352,2.064600000000,0.759120881028,-0.650949681610
2024-01-10T13:25:00Z,fourier-demo,3.717554321184,2.064750000000,0.758120710771,-0.652114244516
2024-01-10T13:26:00Z,fourier-demo,3.785280985351,2.064900000000,0.757118753967,-0.653277270684
2024-01-10T13:27:00Z,fourier-demo,3.818820001218,2.065050000000,0.756115012976,-0.654438757373
2024-01-10T13:28:00Z,fourier-demo,3.813101920705,2.065200000000,0.755109490165,-0.655598701846
2024-01-10T13:29:00Z,fourier-demo,3.764416085456,2.065350000000,0.754102187903,-0.656757101370
2024-01-10T13:30:00Z,fourier-demo,3.670605738243,2.065500000000,0.753093108563,-0.657913953215
2024-01-10T13:31:00Z,fourier-demo,3.531203641600,2.065650000000,0.752082254524,-0.659069254654
2024-01-10T13:32:00Z,fourier-demo,3.347501938258,2.065800000000,0.751069628167,-0.660223002966
2024-01-10T13:33:00Z,fourier-demo,3.122552616747,2.065950000000,0.750055231879,-0.661375195431
2024-01-10T13:34:00Z,fourier-demo,2.861097736103,2.066100000000,0.749039068050,-0.662525829334
2024-01-10T13:35:00Z,fourier-demo,2.569431402585,2.066250000000,0.748021139076,-0.663674901963
2024-01-10T13:36:00Z,fourier-demo,2.255198263105,2.066400000000,0.747001447354,-0.664822410611
2024-01-10T13:37:00Z,fourier-demo,1.927135871767,2.066550000000,0.745979995288,-0.665968352574
2024-01-10T13:38:00Z,fourier-demo,1.594770591401,2.066700000000,0.744956785285,-0.667112725151
2024-01-10T13:39:00Z,fourier-demo,1.268078616950,2.066850000000,0.743931819756,-0.668255525645
2024-01-10T13:40:00Z,fourier-demo,0.957125172742,2.067000000000,0.742905101116,-0.669396751363
2024-01-10T13:41:00Z,fourier-demo,0.671695880536,2.067150000000,0.741876631786,-0.670536399616
2024-01-10T13:42:00Z,fourier-demo,0.420934680235,2.067300000000,0.740846414188,-0.671674467719
2024-01-10T13:43:00Z,fourier-demo,0.213002493383,2.067450000000,0.739814450750,-0.672810952989
2024-01-10T13:44:00Z,fourier-demo,0.054770057756,2.067600000000,0.738780743905,-0.673945852747
2024-01-10T13:45:00Z,fourier-demo,-0.048442941025,2.067750000000,0.737745296088,-0.675079164321
2024-01-10T13:46:00Z,fourier-demo,-0.093072105934,2.067900000000,0.736708109739,-0.676210885039
2024-01-10T13:47:00Z,fourier-demo,-0.077447806430,2.068050000000,0.735669187303,-0.677341012234
2024-01-10T13:48:00Z,fourier-demo,-0.001864308121,2.068200000000,0.734628531227,-0.678469543242
2024-01-10T13:49:00Z,fourier-demo,0.131424271777,2.068350000000,0.733586143965,-0.679596475405
2024-01-10T13:50:00Z,fourier-demo,0.318281129821,2.068500000000,0.732542027972,-0.680721806067
2024-01-10T13:51:00Z,fourier-demo,0.552834130258,2.068650000000,0.731496185709,-0.681845532576
2024-01-10T13:52:00Z,fourier-demo,0.827687652310,2.068800000000,0.730448619641,-0.682967652283
2024-01-10T13:53:00Z,fourier-demo,1.134190700386,2.068950000000,0.729399332236,-0.684088162545
2024-01-10T13:54:00Z,fourier-demo,1.462750840840,2.069100000000,0.728348325967,-0.685207060721
2024-01-10T13:55:00Z,fourier-demo,1.803181741116,2.069250000000,0.727295603311,-0.686324344173
2024-01-10T13:56:00Z,fourier-demo,2.145070789194,2.069400000000,0.726241166748,-0.687440010270
2024-01-10T13:57:00Z,fourier-demo,2.478152514886,2.069550000000,0.725185018763,-0.688554056383
2024-01-10T13:58:00Z,fourier-demo,2.792673349764,2.069700000000,0.724127161846,-0.689666479885
2024-01-10T13:59:00Z,fourier-demo,3.079733655872,2.069850000000,0.723067598489,-0.690777278155
2024-01-10T14:00:00Z,fourier-demo,3.331593908315,2.070000000000,0.722006331189,-0.691886448576
2024-01-10T14:01:00Z,fourier-demo,3.541933393670,2.070150000000,0.720943362447,-0.692993988534
2024-01-10T14:02:00Z,fourier-demo,3.706051724545,2.070300000000,0.719878694768,-0.694099895418
2024-01-10T14:03:00Z,fourier-demo,3.821005791155,2.070450000000,0.718812330660,-0.695204166624
2024-01-10T14:04:00Z,fourier-demo,3.885677379029,2.070600000000,0.717744272637,-0.696306799548
2024-01-10T14:05:00Z,fourier-demo,3.900769471624,2.070750000000,0.716674523216,-0.697407791592
2024-01-10T14:06:00Z,fourier-demo,3.868732114600,2.070900000000,0.715603084918,-0.698507140161
2024-01-10T14:07:00Z,fourier-demo,3.793621528664,2.071050000000,0.714529960267,-0.699604842666
2024-01-10T14:08:00Z,fourier-demo,3.680898806752,2.071200000000,0.713455151792,-0.700700896518
2024-01-10T14:09:00Z,fourier-demo,3.537176911710,2.071350000000,0.712378662026,-0.701795299136
2024-01-10T14:10:00Z,fourier-demo,3.369926706925,2.071500000000,0.711300493507,-0.702888047940
2024-01-10T14:11:00Z,fourier-demo,3.187154323684,2.071650000000,0.710220648774,-0.703979140355
2024-01-10T14:12:00Z,fourier-demo,2.997063232965,2.071800000000,0.709139130373,-0.705068573810
2024-01-10T14:13:00Z,fourier-demo,2.807714904218,2.071950000000,0.708055940852,-0.706156345737
2024-01-10T14:14:00Z,fourier-demo,2.626701880411,2.072100000000,0.706971082763,-0.707242453574
2024-01-10T14:15:00Z,fourier-demo,2.460846481272,2.072250000000,0.705884558664,-0.708326894760
2024-01-10T14:16:00Z,fourier-demo,2.315937192360,2.072400000000,0.704796371114,-0.709409666740
2024-01-10T14:17:00Z,fourier-demo,2.196513155547,2.072550000000,0.703706522678,-0.710490766963
2024-01-10T14:18:00Z,fourier-demo,2.105705115487,2.072700000000,0.702615015925,-0.711570192881
2024-01-10T14:19:00Z,fourier-demo,2.045138782706,2.072850000000,0.701521853426,-0.712647941950
2024-01-10T14:20:00Z,fourier-demo,2.014903946415,2.073000000000,0.700427037758,-0.713724011631
2024-01-10T14:21:00Z,fourier-demo,2.013589917854,2.073150000000,0.699330571500,-0.714798399387
2024-01-10T14:22:00Z,fourier-demo,2.038385121555,2.073300000000,0.698232457236,-0.715871102687
2024-01-10T14:23:00Z,fourier-demo,2.085235991227,2.073450000000,0.697132697555,-0.716942119002
2024-01-10T14:24:00Z,fourier-demo,2.149057878565,2.073600000000,0.696031295048,-0.718011445810
2024-01-10T14:25:00Z,fourier-demo,2.223988547531,2.073750000000,0.694928252310,-0.719079080590
2024-01-10T14:26:00Z,fourier-demo,2.303673091142,2.073900000000,0.693823571940,-0.720145020826
2024-01-10T14:27:00Z,fourier-demo,2.381567843195,2.074050000000,0.692717256543,-0.721209264006
2024-01-10T14:28:00Z,fourier-demo,2.451250115087,2.074200000000,0.691609308724,-0.722271807622
2024-01-10T14:29:00Z,fourier-demo,2.506720397452,2.074350000000,0.690499731096,-0.723332649171
2024-01-10T14:30:00Z,fourier-demo,2.542684034719,2.074500000000,0.689388526272,-0.724391786152
2024-01-10T14:31:00Z,fourier-demo,2.554800291542,2.074650000000,0.688275696872,-0.725449216069
2024-01-10T14:32:00Z,fourier-demo,2.539888144757,2.074800000000,0.687161245517,-0.726504936431
2024-01-10T14:33:00Z,fourier-demo,2.496079993692,2.074950000000,0.686045174835,-0.727558944750
2024-01-10T14:34:00Z,fourier-demo,2.422916707411,2.075100000000,0.684927487454,-0.728611238542
2024-01-10T14:35:00Z,fourier-demo,2.321379927097,2.075250000000,0.683808186009,-0.729661815327
2024-01-10T14:36:00Z,fourier-demo,2.193860210965,2.075400000000,0.682687273138,-0.730710672630
2024-01-10T14:37:00Z,fourier-demo,2.044062336780,2.075550000000,0.681564751483,-0.731757807978
2024-01-10T14:38:00Z,fourier-demo,1.876851749704,2.075700000000,0.680440623687,-0.732803218904
2024-01-10T14:39:00Z,fourier-demo,1.698048649476,2.075850000000,0.679314892402,-0.733846902945
2024-01-10T14:40:00Z,fourier-demo,1.514178446551,2.076000000000,0.678187560278,-0.734888857641
2024-01-10T14:41:00Z,fourier-demo,1.332189188501,2.076150000000,0.677058629973,-0.735929080536
2024-01-10T14:42:00Z,fourier-demo,1.159147987546,2.076300000000,0.675928104148,-0.736967569180
2024-01-10T14:43:00Z,fourier-demo,1.001929407655,2.076450000000,0.674795985466,-0.738004321125
2024-01-10T14:44:00Z,fourier-demo,0.866909155902,2.076600000000,0.673662276596,-0.739039333927
2024-01-10T14:45:00Z,fourier-demo,0.759676251025,2.076750000000,0.672526980208,-0.740072605149
2024-01-10T14:46:00Z,fourier-demo,0.684776118431,2.076900000000,0.671390098979,-0.741104132355
2024-01-10T14:47:00Z,fourier-demo,0.645495814444,2.077050000000,0.670251635587,-0.742133913113
2024-01-10T14:48:00Z,fourier-demo,0.643700863989,2.077200000000,0.669111592716,-0.743161944998
2024-01-10T14:49:00Z,fourier-demo,0.679731075469,2.077350000000,0.667969973051,-0.744188225587
2024-01-10T14:50:00Z,fourier-demo,0.752360261262,2.077500000000,0.666826779284,-0.745212752460
2024-01-10T14:51:00Z,fourier-demo,0.858822142239,2.077650000000,0.665682014108,-0.746235523205
2024-01-10T14:52:00Z,fourier-demo,0.994901958982,2.077800000000,0.664535680221,-0.747256535411
2024-01-10T14:53:00Z,fourier-demo,1.155090564829,2.077950000000,0.663387780323,-0.748275786671
2024-01-10T14:54:00Z,fourier-demo,1.332795149950,2.078100000000,0.662238317122,-0.749293274583
2024-01-10T14:55:00Z,fourier-demo,1.520598350176,2.078250000000,0.661087293324,-0.750308996751
2024-01-10T14:56:00Z,fourier-demo,1.710555428852,2.078400000000,0.659934711643,-0.751322950780
2024-01-10T14:57:00Z,fourier-demo,1.894517570608,2.078550000000,0.658780574794,-0.752335134281
2024-01-10T14:58:00Z,fourier-demo,2.064468161981,2.078700000000,0.657624885498,-0.753345544869
2024-01-10T14:59:00Z,fourier-demo,2.212858304632,2.078850000000,0.656467646478,-0.754354180162
2024-01-10T15:00:00Z,fourier-demo,2.332927740129,2.079000000000,0.655308860460,-0.755361037784
2024-01-10T15:01:00Z,fourier-demo,2.418997865500,2.079150000000,0.654148530177,-0.756366115362
2024-01-10T15:02:00Z,fourier-demo,2.466724567312,2.079300000000,0.652986658361,-0.757369410527
2024-01-10T15:03:00Z,fourier-demo,2.473300157792,2.079450000000,0.651823247751,-0.758370920916
2024-01-10T15:04:00Z,fourier-demo,2.437595697518,2.079600000000,0.650658301089,-0.759370644168
2024-01-10T15:05:00Z,fourier-demo,2.360237355005,2.079750000000,0.649491821120,-0.760368577926
2024-01-10T15:06:00Z,fourier-demo,2.243613088868,2.079900000000,0.648323810593,-0.761364719841
2024-01-10T15:07:00Z,fourier-demo,2.091808736348,2.080050000000,0.647154272260,-0.762359067563
2024-01-10T15:08:00Z,fourier-demo,1.910475439493,2.080200000000,0.645983208878,-0.763351618750
2024-01-10T15:09:00Z,fourier-demo,1.706633121416,2.080350000000,0.644810623205,-0.764342371063
2024-01-10T15:10:00Z,fourier-demo,1.488417326620,2.080500000000,0.643636518006,-0.765331322167
2024-01-10T15:11:00Z,fourier-demo,1.264779055161,2.080650000000,0.642460896047,-0.766318469731
2024-01-10T15:12:00Z,fourier-demo,1.045149155941,2.080800000000,0.641283760098,-0.767303811430
2024-01-10T15:13:00Z,fourier-demo,0.839080320122,2.080950000000,0.640105112934,-0.768287344941
2024-01-10T15:14:00Z,fourier-demo,0.655880670856,2.081100000000,0.638924957331,-0.769269067946
2024-01-10T15:15:00Z,fourier-demo,0.504253340562,2.081250000000,0.637743296072,-0.770248978133
2024-01-10T15:16:00Z,fourier-demo,0.391956244700,2.081400000000,0.636560131941,-0.771227073191
2024-01-10T15:17:00Z,fourier-demo,0.325495507905,2.081550000000,0.635375467726,-0.772203350817
2024-01-10T15:18:00Z,fourier-demo,0.309864703989,2.081700000000,0.634189306218,-0.773177808708
2024-01-10T15:19:00Z,fourier-demo,0.348340287184,2.081850000000,0.633001650213,-0.774150444570
2024-01-10T15:20:00Z,fourier-demo,0.442341389624,2.082000000000,0.631812502510,-0.775121256109
2024-01-10T15:21:00Z,fourier-demo,0.591359627802,2.082150000000,0.630621865911,-0.776090241039
2024-01-10T15:22:00Z,fourier-demo,0.792961800480,2.082300000000,0.629429743221,-0.777057397075
2024-01-10T15:23:00Z,fourier-demo,1.042865483405,2.082450000000,0.628236137251,-0.778022721938
2024-01-10T15:24:00Z,fourier-demo,1.335084648053,2.082600000000,0.627041050812,-0.778986213355
2024-01-10T15:25:00Z,fourier-demo,1.662139668405,2.082750000000,0.625844486722,-0.779947869053
2024-01-10T15:26:00Z,fourier-demo,2.015323542732,2.082900000000,0.624646447799,-0.780907686767
2024-01-10T15:27:00Z,fourier-demo,2.385013948586,2.083050000000,0.623446936867,-0.781865664236
2024-01-10T15:28:00Z,fourier-demo,2.761018957429,2.083200000000,0.622245956754,-0.782821799201
2024-01-10T15:29:00Z,fourier-demo,3.132942932306,2.083350000000,0.621043510288,-0.783776089409
2024-01-10T15:30:00Z,fourier-demo,3.490558369740,2.083500000000,0.619839600304,-0.784728532612
2024-01-10T15:31:00Z,fourier-demo,3.824169255545,2.083650000000,0.618634229638,-0.785679126565
2024-01-10T15:32:00Z,fourier-demo,4.124951890323,2.083800000000,0.617427401132,-0.786627869028
2024-01-10T15:33:00Z,fourier-demo,4.385260087567,2.083950000000,0.616219117628,-0.787574757765
2024-01-10T15:34:00Z,fourier-demo,4.598883116153,2.084100000000,0.615009381976,-0.788519790545
2024-01-10T15:35:00Z,fourier-demo,4.761246689194,2.084250000000,0.613798197024,-0.789462965141
2024-01-10T15:36:00Z,fourier-demo,4.869549613753,2.084400000000,0.612585565628,-0.790404279330
2024-01-10T15:37:00Z,fourier-demo,4.922831316231,2.084550000000,0.611371490646,-0.791343730894
2024-01-10T15:38:00Z,fourier-demo,4.921968240621,2.084700000000,0.610155974937,-0.792281317619
2024-01-10T15:39:00Z,fourier-demo,4.869599967813,2.084850000000,0.608939021367,-0.793217037296
2024-01-10T15:40:00Z,fourier-demo,4.769988708270,2.085000000000,0.607720632803,-0.794150887719
2024-01-10T15:41:00Z,fourier-demo,4.628818463910,2.085150000000,0.606500812117,-0.795082866688
2024-01-10T15:42:00Z,fourier-demo,4.452942531179,2.085300000000,0.605279562183,-0.796012972007
2024-01-10T15:43:00Z,fourier-demo,4.250090030312,2.085450000000,0.604056885879,-0.796941201483
2024-01-10T15:44:00Z,fourier-demo,4.028543715066,2.085600000000,0.602832786087,-0.797867552930
2024-01-10T15:45:00Z,fourier-demo,3.796802380199,2.085750000000,0.601607265690,-0.798792024164
2024-01-10T15:46:00Z,fourier-demo,3.563241699220,2.085900000000,0.600380327578,-0.799714613007
2024-01-10T15:47:00Z,fourier-demo,3.335787273213,2.086050000000,0.599151974641,-0.800635317285
2024-01-10T15:48:00Z,fourier-demo,3.121613056965,2.086200000000,0.597922209774,-0.801554134828
2024-01-10T15:49:00Z,fourier-demo,2.926877178339,2.086350000000,0.596691035875,-0.802471063470
2024-01-10T15:50:00Z,fourier-demo,2.756505529834,2.086500000000,0.595458455845,-0.803386101051
2024-01-10T15:51:00Z,fourier-demo,2.614031456371,2.086650000000,0.594224472589,-0.804299245416
2024-01-10T15:52:00Z,fourier-demo,2.501497476364,2.086800000000,0.592989089016,-0.805210494410
2024-01-10T15:53:00Z,fourier-demo,2.419422353429,2.086950000000,0.591752308035,-0.806119845889
2024-01-10T15:54:00Z,fourier-demo,2.366834092158,2.087100000000,0.590514132562,-0.807027297707
2024-01-10T15:55:00Z,fourier-demo,2.341366676811,2.087250000000,0.589274565515,-0.807932847728
2024-01-10T15:56:00Z,fourier-demo,2.339415720344,2.087400000000,0.588033609814,-0.808836493817
2024-01-10T15:57:00Z,fourier-demo,2.356345752000,2.087550000000,0.586791268384,-0.809738233844
2024-01-10T15:58:00Z,fourier-demo,2.386739745219,2.087700000000,0.585547544153,-0.810638065685
2024-01-10T15:59:00Z,fourier-demo,2.424679761086,2.087850000000,0.584302440051,-0.811535987218
2024-01-10T16:00:00Z,fourier-demo,2.464046326466,2.088000000000,0.583055959013,-0.812431996329
2024-01-10T16:01:00Z,fourier-demo,2.498823431692,2.088150000000,0.581808103976,-0.813326090906
2024-01-10T16:02:00Z,fourier-demo,2.523395849392,2.088300000000,0.580558877881,-0.814218268841
2024-01-10T16:03:00Z,fourier-demo,2.532825850697,2.088450000000,0.579308283671,-0.815108528032
2024-01-10T16:04:00Z,fourier-demo,2.523097311090,2.088600000000,0.578056324294,-0.815996866381
2024-01-10T16:05:00Z,fourier-demo,2.491316616896,2.088750000000,0.576803002700,-0.816883281795
2024-01-10T16:06:00Z,fourier-demo,2.435861645256,2.088900000000,0.575548321842,-0.817767772185
2024-01-10T16:07:00Z,fourier-demo,2.356472317572,2.089050000000,0.574292284677,-0.818650335467
2024-01-10T16:08:00Z,fourier-demo,2.254278725923,2.089200000000,0.573034894166,-0.819530969560
2024-01-10T16:09:00Z,fourier-demo,2.131765499613,2.089350000000,0.571776153270,-0.820409672390
2024-01-10T16:10:00Z,fourier-demo,1.992673803728,2.089500000000,0.570516064957,-0.821286441886
2024-01-10T16:11:00Z,fourier-demo,1.841845029759,2.089650000000,0.569254632196,-0.822161275981
2024-01-10T16:12:00Z,fourier-demo,1.685012738849,2.089800000000,0.567991857960,-0.823034172615
2024-01-10T16:13:00Z,fourier-demo,1.528551646689,2.089950000000,0.566727745224,-0.823905129729
2024-01-10T16:14:00Z,fourier-demo,1.379194302433,2.090100000000,0.565462296967,-0.824774145272
2024-01-10T16:15:00Z,fourier-demo,1.243727534115,2.090250000000,0.564195516171,-0.825641217196
2024-01-10T16:16:00Z,fourier-demo,1.128681650213,2.090400000000,0.562927405822,-0.826506343457
2024-01-10T16:17:00Z,fourier-demo,1.040025762098,2.090550000000,0.561657968908,-0.827369522017
2024-01-10T16:18:00Z,fourier-demo,0.982882408497,2.090700000000,0.560387208420,-0.828230750841
2024-01-10T16:19:00Z,fourier-demo,0.961273927216,2.090850000000,0.559115127354,-0.829090027901
2024-01-10T16:20:00Z,fourier-demo,0.977911760421,2.091000000000,0.557841728706,-0.829947351170
2024-01-10T16:21:00Z,fourier-demo,1.034038148677,2.091150000000,0.556567015478,-0.830802718630
2024-01-10T16:22:00Z,fourier-demo,1.129327536222,2.091300000000,0.555290990673,-0.831656128263
2024-01-10T16:23:00Z,fourier-demo,1.261852562693,2.091450000000,0.554013657299,-0.832507578060
2024-01-10T16:24:00Z,fourier-demo,1.428116855158,2.091600000000,0.552735018365,-0.833357066013
2024-01-10T16:25:00Z,fourier-demo,1.623154068083,2.091750000000,0.551455076885,-0.834204590120
2024-01-10T16:26:00Z,fourier-demo,1.840689861721,2.091900000000,0.550173835875,-0.835050148385
2024-01-10T16:27:00Z,fourier-demo,2.073360875078,2.092050000000,0.548891298355,-0.835893738815
2024-01-10T16:28:00Z,fourier-demo,2.312982347014,2.092200000000,0.547607467346,-0.836735359422
2024-01-10T16:29:00Z,fourier-demo,2.550853967841,2.092350000000,0.546322345874,-0.837575008222
2024-01-10T16:30:00Z,fourier-demo,2.778091890297,2.092500000000,0.545035936968,-0.838412683237
2024-01-10T16:31:00Z,fourier-demo,2.985973662196,2.092650000000,0.543748243659,-0.839248382493
2024-01-10T16:32:00Z,fourier-demo,3.166282213016,2.092800000000,0.542459268981,-0.840082104021
2024-01-10T16:33:00Z,fourier-demo,3.311634960738,2.092950000000,0.541169015973,-0.840913845855
2024-01-10T16:34:00Z,fourier-demo,3.415784607995,2.093100000000,0.539877487674,-0.841743606036
2024-01-10T16:35:00Z,fourier-demo,3.473879249359,2.093250000000,0.538584687128,-0.842571382609
2024-01-10T16:36:00Z,fourier-demo,3.482670973184,2.093400000000,0.537290617382,-0.843397173622
2024-01-10T16:37:00Z,fourier-demo,3.440664149828,2.093550000000,0.535995281485,-0.844220977130
2024-01-10T16:38:00Z,fourier-demo,3.348196972666,2.093700000000,0.534698682490,-0.845042791191
2024-01-10T16:39:00Z,fourier-demo,3.207452463817,2.093850000000,0.533400823452,-0.845862613868
2024-01-10T16:40:00Z,fourier-demo,3.022397965881,2.094000000000,0.532101707430,-0.846680443231
2024-01-10T16:41:00Z,fourier-demo,2.798655000759,2.094150000000,0.530801337485,-0.847496277351
2024-01-10T16:42:00Z,fourier-demo,2.543304170825,2.094300000000,0.529499716682,-0.848310114306
2024-01-10T16:43:00Z,fourier-demo,2.264632392918,2.094450000000,0.528196848088,-0.849121952178
2024-01-10T16:44:00Z,fourier-demo,1.971832085513,2.094600000000,0.526892734772,-0.849931789054
2024-01-10T16:45:00Z,fourier-demo,1.674663879061,2.094750000000,0.525587379809,-0.850739623025
2024-01-10T16:46:00Z,fourier-demo,1.383095909398,2.094900000000,0.524280786275,-0.851545452189
2024-01-10T16:47:00Z,fourier-demo,1.106933723194,2.095050000000,0.522972957248,-0.852349274645
2024-01-10T16:48:00Z,fourier-demo,0.855455232790,2.095200000000,0.521663895810,-0.853151088500
2024-01-10T16:49:00Z,fourier-demo,0.637064988209,2.095350000000,0.520353605047,-0.853950891864
2024-01-10T16:50:00Z,fourier-demo,0.458981292791,2.095500000000,0.519042088046,-0.854748682852
2024-01-10T16:51:00Z,fourier-demo,0.326968405273,2.095650000000,0.517729347898,-0.855544459584
2024-01-10T16:52:00Z,fourier-demo,0.245124296449,2.095800000000,0.516415387696,-0.856338220186
2024-01-10T16:53:00Z,fourier-demo,0.215732234272,2.095950000000,0.515100210536,-0.857129962786
2024-01-10T16:54:00Z,fourier-demo,0.239181945551,2.096100000000,0.513783819519,-0.857919685519
2024-01-10T16:55:00Z,fourier-demo,0.313963347158,2.096250000000,0.512466217746,-0.858707386523
2024-01-10T16:56:00Z,fourier-demo,0.436732965841,2.096400000000,0.511147408322,-0.859493063943
2024-01-10T16:57:00Z,fourier-demo,0.602450289210,2.096550000000,0.509827394355,-0.860276715927
2024-01-10T16:58:00Z,fourier-demo,0.804578527175,2.096700000000,0.508506178955,-0.861058340628
2024-01-10T16:59:00Z,fourier-demo,1.035341724266,2.096850000000,0.507183765237,-0.861837936204
2024-01-10T17:00:00Z,fourier-demo,1.286027951050,2.097000000000,0.505860156316,-0.862615500818
2024-01-10T17:01:00Z,fourier-demo,1.547326506003,2.097150000000,0.504535355312,-0.863391032638
2024-01-10T17:02:00Z,fourier-demo,1.809685749688,2.097300000000,0.503209365346,-0.864164529837
2024-01-10T17:03:00Z,fourier-demo,2.063677422927,2.097450000000,0.501882189544,-0.864935990590
2024-01-10T17:04:00Z,fourier-demo,2.300353100011,2.097600000000,0.500553831032,-0.865705413082
2024-01-10T17:05:00Z,fourier-demo,2.511578803889,2.097750000000,0.499224292942,-0.866472795497
2024-01-10T17:06:00Z,fourier-demo,2.690334746322,2.097900000000,0.497893578406,-0.867238136028
2024-01-10T17:07:00Z,fourier-demo,2.830968613035,2.098050000000,0.496561690561,-0.868001432872
2024-01-10T17:08:00Z,fourier-demo,2.929392731775,2.098200000000,0.495228632544,-0.868762684229
2024-01-10T17:09:00Z,fourier-demo,2.983217761122,2.098350000000,0.493894407497,-0.869521888306
2024-01-10T17:10:00Z,fourier-demo,2.991818125535,2.098500000000,0.492559018565,-0.870279043313
2024-01-10T17:11:00Z,fourier-demo,2.956327191875,2.098650000000,0.491222468895,-0.871034147467
2024-01-10T17:12:00Z,fourier-demo,2.879563021434,2.098800000000,0.489884761635,-0.871787198987
2024-01-10T17:13:00Z,fourier-demo,2.765888323903,2.098950000000,0.488545899939,-0.872538196100
2024-01-10T17:14:00Z,fourier-demo,2.621010872182,2.099100000000,0.487205886961,-0.873287137035
2024-01-10T17:15:00Z,fourier-demo,2.451733002958,2.099250000000,0.485864725859,-0.874034020028
2024-01-10T17:16:00Z,fourier-demo,2.265660831857,2.099400000000,0.484522419795,-0.874778843318
2024-01-10T17:17:00Z,fourier-demo,2.070885373308,2.099550000000,0.483178971930,-0.875521605150
2024-01-10T17:18:00Z,fourier-demo,1.875648811563,2.099700000000,0.481834385431,-0.876262303775
2024-01-10T17:19:00Z,fourier-demo,1.688009679230,2.099850000000,0.480488663467,-0.877000937445
2024-01-10T17:20:00Z,fourier-demo,1.515520644049,2.100000000000,0.479141809208,-0.877737504422
2024-01-10T17:21:00Z,fourier-demo,1.364931987645,2.100150000000,0.477793825829,-0.878472002969
2024-01-10T17:22:00Z,fourier-demo,1.241932708683,2.100300000000,0.476444716506,-0.879204431354
2024-01-10T17:23:00Z,fourier-demo,1.150939546375,2.100450000000,0.475094484419,-0.879934787853
2024-01-10T17:24:00Z,fourier-demo,1.094942167230,2.100600000000,0.473743132749,-0.880663070744
2024-01-10T17:25:00Z,fourier-demo,1.075410374244,2.100750000000,0.472390664681,-0.881389278311
2024-01-10T17:26:00Z,fourier-demo,1.092266582465,2.100900000000,0.471037083402,-0.882113408842
2024-01-10T17:27:00Z,fourier-demo,1.143924066596,2.101050000000,0.469682392102,-0.882835460632
2024-01-10T17:28:00Z,fourier-demo,1.227388738420,2.101200000000,0.468326593974,-0.883555431978
2024-01-10T17:29:00Z,fourier-demo,1.338419567838,2.101350000000,0.466969692211,-0.884273321183
2024-01-10T17:30:00Z,fourier-demo,1.471740330412,2.101500000000,0.465611690012,-0.884989126557
2024-01-10T17:31:00Z,fourier-demo,1.621293246598,2.101650000000,0.464252590577,-0.885702846412
2024-01-10T17:32:00Z,fourier-demo,1.780523360376,2.101800000000,0.462892397109,-0.886414479066
2024-01-10T17:33:00Z,fourier-demo,1.942681258307,2.101950000000,0.461531112814,-0.887124022843
2024-01-10T17:34:00Z,fourier-demo,2.101131004948,2.102100000000,0.460168740898,-0.887831476070
2024-01-10T17:35:00Z,fourier-demo,2.249649996438,2.102250000000,0.458805284573,-0.888536837080
2024-01-10T17:36:00Z,fourier-demo,2.382707817400,2.102400000000,0.457440747051,-0.889240104211
2024-01-10T17:37:00Z,fourier-demo,2.495712110534,2.102550000000,0.456075131549,-0.889941275805
2024-01-10T17:38:00Z,fourier-demo,2.585210894501,2.102700000000,0.454708441284,-0.890640350211
2024-01-10T17:39:00Z,fourier-demo,2.649042634190,2.102850000000,0.453340679478,-0.891337325781
2024-01-10T17:40:00Z,fourier-demo,2.686427600357,2.103000000000,0.451971849352,-0.892032200872
2024-01-10T17:41:00Z,fourier-demo,2.697996559756,2.103150000000,0.450601954134,-0.892724973847
2024-01-10T17:42:00Z,fourier-demo,2.685755508123,2.103300000000,0.449230997050,-0.893415643074
2024-01-10T17:43:00Z,fourier-demo,2.652987885369,2.103450000000,0.447858981333,-0.894104206924
2024-01-10T17:44:00Z,fourier-demo,2.604098381701,2.103600000000,0.446485910214,-0.894790663776
2024-01-10T17:45:00Z,fourier-demo,2.544404943724,2.103750000000,0.445111786931,-0.895475012011
2024-01-10T17:46:00Z,fourier-demo,2.479887816756,2.103900000000,0.443736614720,-0.896157250016
2024-01-10T17:47:00Z,fourier-demo,2.416906320383,2.104050000000,0.442360396823,-0.896837376185
2024-01-10T17:48:00Z,fourier-demo,2.361895470834,2.104200000000,0.440983136483,-0.897515388914
2024-01-10T17:49:00Z,fourier-demo,2.321055476224,2.104350000000,0.439604836946,-0.898191286605
2024-01-10T17:50:00Z,fourier-demo,2.300047500270,2.104500000000,0.438225501458,-0.898865067667
2024-01-10T17:51:00Z,fourier-demo,2.303708900123,2.104650000000,0.436845133272,-0.899536730510
2024-01-10T17:52:00Z,fourier-demo,2.335800401046,2.104800000000,0.435463735639,-0.900206273552
2024-01-10T17:53:00Z,fourier-demo,2.398796404206,2.104950000000,0.434081311816,-0.900873695216
2024-01-10T17:54:00Z,fourier-demo,2.493727884931,2.105100000000,0.432697865059,-0.901538993928
2024-01-10T17:55:00Z,fourier-demo,2.620085197984,2.105250000000,0.431313398630,-0.902202168121
2024-01-10T17:56:00Z,fourier-demo,2.775785651183,2.105400000000,0.429927915790,-0.902863216232
2024-01-10T17:57:00Z,fourier-demo,2.957208039500,2.105550000000,0.428541419804,-0.903522136703
2024-01-10T17:58:00Z,fourier-demo,3.159293558040,2.105700000000,0.427153913940,-0.904178927981
2024-01-10T17:59:00Z,fourier-demo,3.375709748262,2.105850000000,0.425765401468,-0.904833588519
2024-01-10T18:00:00Z,fourier-demo,3.599071491173,2.106000000000,0.424375885660,-0.905486116774
2024-01-10T18:01:00Z,fourier-demo,3.821210653173,2.106150000000,0.422985369790,-0.906136511208
2024-01-10T18:02:00Z,fourier-demo,4.033483914596,2.106300000000,0.421593857135,-0.906784770288
2024-01-10T18:03:00Z,fourier-demo,4.227106654022,2.106450000000,0.420201350973,-0.907430892487
2024-01-10T18:04:00Z,fourier-demo,4.393499592618,2.106600000000,0.418807854588,-0.908074876282
2024-01-10T18:05:00Z,fourier-demo,4.524634271705,2.106750000000,0.417413371262,-0.908716720156
2024-01-10T18:06:00Z,fourier-demo,4.613363370979,2.106900000000,0.416017904282,-0.909356422596
2024-01-10T18:07:00Z,fourier-demo,4.653722379139,2.107050000000,0.414621456935,-0.909993982095
2024-01-10T18:08:00Z,fourier-demo,4.641190184221,2.107200000000,0.413224032514,-0.910629397149
2024-01-10T18:09:00Z,fourier-demo,4.572897716653,2.107350000000,0.411825634311,-0.911262666263
2024-01-10T18:10:00Z,fourier-demo,4.447775791677,2.107500000000,0.410426265621,-0.911893787943
2024-01-10T18:11:00Z,fourier-demo,4.266635678884,2.107650000000,0.409025929742,-0.912522760702
2024-01-10T18:12:00Z,fourier-demo,4.032178579511,2.107800000000,0.407624629974,-0.913149583058
2024-01-10T18:13:00Z,fourier-demo,3.748933009943,2.107950000000,0.406222369620,-0.913774253533
2024-01-10T18:14:00Z,fourier-demo,3.423121958772,2.108100000000,0.404819151983,-0.914396770657
2024-01-10T18:15:00Z,fourier-demo,3.062464488744,2.108250000000,0.403414980371,-0.915017132961
2024-01-10T18:16:00Z,fourier-demo,2.675919080364,2.108400000000,0.402009858092,-0.915635338984
2024-01-10T18:17:00Z,fourier-demo,2.273378354262,2.108550000000,0.400603788458,-0.916251387269
2024-01-10T18:18:00Z,fourier-demo,1.865326769692,2.108700000000,0.399196774783,-0.916865276365
2024-01-10T18:19:00Z,fourier-demo,1.462474396881,2.108850000000,0.397788820381,-0.917477004823
2024-01-10T18:20:00Z,fourier-demo,1.075380840167,2.109000000000,0.396379928571,-0.918086571204
2024-01-10T18:21:00Z,fourier-demo,0.714083806927,2.109150000000,0.394970102673,-0.918693974071
2024-01-10T18:22:00Z,fourier-demo,0.387746656709,2.109300000000,0.393559346009,-0.919299211992
2024-01-10T18:23:00Z,fourier-demo,0.104338531811,2.109450000000,0.392147661904,-0.919902283540
2024-01-10T18:24:00Z,fourier-demo,-0.129640606027,2.109600000000,0.390735053685,-0.920503187296
2024-01-10T18:25:00Z,fourier-demo,-0.309379476783,2.109750000000,0.389321524680,-0.921101921842
2024-01-10T18:26:00Z,fourier-demo,-0.431911154836,2.109900000000,0.387907078220,-0.921698485768
2024-01-10T18:27:00Z,fourier-demo,-0.496199069186,2.110050000000,0.386491717639,-0.922292877668
2024-01-10T18:28:00Z,fourier-demo,-0.503150240745,2.110200000000,0.385075446272,-0.922885096141
2024-01-10T18:29:00Z,fourier-demo,-0.455555539732,2.110350000000,0.383658267456,-0.923475139791
2024-01-10T18:30:00Z,fourier-demo,-0.357959624091,2.110500000000,0.382240184532,-0.924063007229
2024-01-10T18:31:00Z,fourier-demo,-0.216465986010,2.110650000000,0.380821200841,-0.924648697068
2024-01-10T18:32:00Z,fourier-demo,-0.038485076899,2.110800000000,0.379401319726,-0.925232207930
2024-01-10T18:33:00Z,fourier-demo,0.167564300607,2.110950000000,0.377980544534,-0.925813538437
2024-01-10T18:34:00Z,fourier-demo,0.392588340859,2.111100000000,0.376558878613,-0.926392687222
2024-01-10T18:35:00Z,fourier-demo,0.627173012610,2.111250000000,0.375136325313,-0.926969652918
2024-01-10T18:36:00Z,fourier-demo,0.861946174518,2.111400000000,0.373712887987,-0.927544434166
2024-01-10T18:37:00Z,fourier-demo,1.087932726039,2.111550000000,0.372288569989,-0.928117029612
2024-01-10T18:38:00Z,fourier-demo,1.296888854947,2.111700000000,0.370863374675,-0.928687437906
2024-01-10T18:39:00Z,fourier-demo,1.481602366215,2.111850000000,0.369437305404,-0.929255657705
2024-01-10T18:40:00Z,fourier-demo,1.636147520839,2.112000000000,0.368010365537,-0.929821687668
2024-01-10T18:41:00Z,fourier-demo,1.756084717694,2.112150000000,0.366582558435,-0.930385526463
2024-01-10T18:42:00Z,fourier-demo,1.838597637792,2.112300000000,0.365153887465,-0.930947172760
2024-01-10T18:43:00Z,fourier-demo,1.882563044575,2.112450000000,0.363724355992,-0.931506625236
2024-01-10T18:44:00Z,fourier-demo,1.888551190461,2.112600000000,0.362293967385,-0.932063882573
2024-01-10T18:45:00Z,fourier-demo,1.858757606094,2.112750000000,0.360862725016,-0.932618943457
2024-01-10T18:46:00Z,fourier-demo,1.796869829271,2.112900000000,0.359430632256,-0.933171806580
2024-01-10T18:47:00Z,fourier-demo,1.707875252099,2.113050000000,0.357997692482,-0.933722470640
2024-01-10T18:48:00Z,fourier-demo,1.597818621136,2.113200000000,0.356563909068,-0.934270934339
2024-01-10T18:49:00Z,fourier-demo,1.473519720632,2.113350000000,0.355129285395,-0.934817196384
2024-01-10T18:50:00Z,fourier-demo,1.342263323199,2.113500000000,0.353693824844,-0.935361255488
2024-01-10T18:51:00Z,fourier-demo,1.211474542944,2.113650000000,0.352257530795,-0.935903110369
2024-01-10T18:52:00Z,fourier-demo,1.088393232081,2.113800000000,0.350820406636,-0.936442759750
2024-01-10T18:53:00Z,fourier-demo,0.979761004147,2.113950000000,0.349382455751,-0.936980202359
2024-01-10T18:54:00Z,fourier-demo,0.891533849369,2.114100000000,0.347943681530,-0.937515436931
2024-01-10T18:55:00Z,fourier-demo,0.828632157725,2.114250000000,0.346504087364,-0.938048462202
2024-01-10T18:56:00Z,fourier-demo,0.794738331646,2.114400000000,0.345063676644,-0.938579276919
2024-01-10T18:57:00Z,fourier-demo,0.792150121883,2.114550000000,0.343622452765,-0.939107879828
2024-01-10T18:58:00Z,fourier-demo,0.821695442656,2.114700000000,0.342180419124,-0.939634269686
2024-01-10T18:59:00Z,fourier-demo,0.882711814640,2.114850000000,0.340737579118,-0.940158445251
2024-01-10T19:00:00Z,fourier-demo,0.973090855267,2.115000000000,0.339293936148,-0.940680405288
2024-01-10T19:01:00Z,fourier-demo,1.089385498300,2.115150000000,0.337849493616,-0.941200148568
2024-01-10T19:02:00Z,fourier-demo,1.226974992136,2.115300000000,0.336404254925,-0.941717673864
2024-01-10T19:03:00Z,fourier-demo,1.380280307770,2.115450000000,0.334958223482,-0.942232979958
2024-01-10T19:04:00Z,fourier-demo,1.543020482685,2.115600000000,0.333511402695,-0.942746065636
2024-01-10T19:05:00Z,fourier-demo,1.708498723061,2.115750000000,0.332063795971,-0.943256929688
2024-01-10T19:06:00Z,fourier-demo,1.869905853817,2.115900000000,0.330615406724,-0.943765570911
2024-01-10T19:07:00Z,fourier-demo,2.020627994837,2.116050000000,0.329166238366,-0.944271988105
2024-01-10T19:08:00Z,fourier-demo,2.154545181325,2.116200000000,0.327716294312,-0.944776180078
2024-01-10T19:09:00Z,fourier-demo,2.266308042936,2.116350000000,0.326265577979,-0.945278145641
2024-01-10T19:10:00Z,fourier-demo,2.351580593375,2.116500000000,0.324814092786,-0.945777883611
2024-01-10T19:11:00Z,fourier-demo,2.407238620313,2.116650000000,0.323361842153,-0.946275392811
2024-01-10T19:12:00Z,fourier-demo,2.431515045098,2.116800000000,0.321908829502,-0.946770672068
2024-01-10T19:13:00Z,fourier-demo,2.424085864461,2.116950000000,0.320455058259,-0.947263720215
2024-01-10T19:14:00Z,fourier-demo,2.386092799260,2.117100000000,0.319000531847,-0.947754536091
2024-01-10T19:15:00Z,fourier-demo,2.320101453733,2.117250000000,0.317545253696,-0.948243118538
2024-01-10T19:16:00Z,fourier-demo,2.229996521543,2.117400000000,0.316089227235,-0.948729466406
2024-01-10T19:17:00Z,fourier-demo,2.120818248352,2.117550000000,0.314632455894,-0.949213578547
2024-01-10T19:18:00Z,fourier-demo,1.998546863654,2.117700000000,0.313174943107,-0.949695453822
2024-01-10T19:19:00Z,fourier-demo,1.869843922620,2.117850000000,0.311716692308,-0.950175091095
2024-01-10T19:20:00Z,fourier-demo,1.741761358862,2.118000000000,0.310257706934,-0.950652489235
2024-01-10T19:21:00Z,fourier-demo,1.621430463225,2.118150000000,0.308797990424,-0.951127647117
2024-01-10T19:22:00Z,fourier-demo,1.515743912421,2.118300000000,0.307337546216,-0.951600563622
2024-01-10T19:23:00Z,fourier-demo,1.431044335538,2.118450000000,0.305876377753,-0.952071237636
2024-01-10T19:24:00Z,fourier-demo,1.372832709940,2.118600000000,0.304414488477,-0.952539668048
2024-01-10T19:25:00Z,fourier-demo,1.345509127336,2.118750000000,0.302951881835,-0.953005853756
2024-01-10T19:26:00Z,fourier-demo,1.352157195475,2.118900000000,0.301488561272,-0.953469793660
2024-01-10T19:27:00Z,fourier-demo,1.394381592262,2.119050000000,0.300024530236,-0.953931486668
2024-01-10T19:28:00Z,fourier-demo,1.472206137850,2.119200000000,0.298559792179,-0.954390931691
2024-01-10T19:29:00Z,fourier-demo,1.584037284105,2.119350000000,0.297094350552,-0.954848127647
2024-01-10T19:30:00Z,fourier-demo,1.726695240296,2.119500000000,0.295628208808,-0.955303073457
2024-01-10T19:31:00Z,fourier-demo,1.895512168826,2.119650000000,0.294161370402,-0.955755768051
2024-01-10T19:32:00Z,fourier-demo,2.084494109401,2.119800000000,0.292693838791,-0.956206210362
2024-01-10T19:33:00Z,fourier-demo,2.286540638383,2.119950000000,0.291225617432,-0.956654399327
2024-01-10T19:34:00Z,fourier-demo,2.493713851449,2.120100000000,0.289756709787,-0.957100333890
2024-01-10T19:35:00Z,fourier-demo,2.697546172111,2.120250000000,0.288287119317,-0.957544013002
2024-01-10T19:36:00Z,fourier-demo,2.889374822508,2.120400000000,0.286816849484,-0.957985435616
2024-01-10T19:37:00Z,fourier-demo,3.060689615934,2.120550000000,0.285345903754,-0.958424600692
2024-01-10T19:38:00Z,fourier-demo,3.203480092319,2.120700000000,0.283874285593,-0.958861507194
2024-01-10T19:39:00Z,fourier-demo,3.310567946250,2.120850000000,0.282401998468,-0.959296154095
2024-01-10T19:40:00Z,fourier-demo,3.375911196679,2.121000000000,0.280929045850,-0.959728540368
2024-01-10T19:41:00Z,fourier-demo,3.394867599729,2.121150000000,0.279455431209,-0.960158664996
2024-01-10T19:42:00Z,fourier-demo,3.364406369684,2.121300000000,0.277981158019,-0.960586526965
2024-01-10T19:43:00Z,fourier-demo,3.283259286226,2.121450000000,0.276506229752,-0.961012125266
2024-01-10T19:44:00Z,fourier-demo,3.152004647819,2.121600000000,0.275030649886,-0.961435458896
2024-01-10T19:45:00Z,fourier-demo,2.973080185989,2.121750000000,0.273554421897,-0.961856526859
2024-01-10T19:46:00Z,fourier-demo,2.750723876307,2.121900000000,0.272077549263,-0.962275328161
2024-01-10T19:47:00Z,fourier-demo,2.490844455164,2.122050000000,0.270600035467,-0.962691861815
2024-01-10T19:48:00Z,fourier-demo,2.200826260792,2.122200000000,0.269121883988,-0.963106126841
2024-01-10T19:49:00Z,fourier-demo,1.889275648750,2.122350000000,0.267643098311,-0.963518122262
2024-01-10T19:50:00Z,fourier-demo,1.565718579502,2.122500000000,0.266163681921,-0.963927847106
2024-01-10T19:51:00Z,fourier-demo,1.240260943682,2.122650000000,0.264683638303,-0.964335300409
2024-01-10T19:52:00Z,fourier-demo,0.923224699044,2.122800000000,0.263202970945,-0.964740481210
2024-01-10T19:53:00Z,fourier-demo,0.624773880761,2.122950000000,0.261721683338,-0.965143388555
2024-01-10T19:54:00Z,fourier-demo,0.354544973244,2.123100000000,0.260239778970,-0.965544021493
2024-01-10T19:55:00Z,fourier-demo,0.121295979410,2.123250000000,0.258757261336,-0.965942379082
2024-01-10T19:56:00Z,fourier-demo,-0.067412201714,2.123400000000,0.257274133928,-0.966338460381
2024-01-10T19:57:00Z,fourier-demo,-0.205489747045,2.123550000000,0.255790400241,-0.966732264458
2024-01-10T19:58:00Z,fourier-demo,-0.288536650785,2.123700000000,0.254306063772,-0.967123790385
2024-01-10T19:59:00Z,fourier-demo,-0.313997837951,2.123850000000,0.252821128018,-0.967513037239
2024-01-10T20:00:00Z,fourier-demo,-0.281248769959,2.124000000000,0.251335596480,-0.967900004103
2024-01-10T20:01:00Z,fourier-demo,-0.191608411084,2.124150000000,0.249849472657,-0.968284690064
2024-01-10T20:02:00Z,fourier-demo,-0.048279294803,2.124300000000,0.248362760053,-0.968667094217
2024-01-10T20:03:00Z,fourier-demo,0.143782695457,2.124450000000,0.246875462169,-0.969047215660
2024-01-10T20:04:00Z,fourier-demo,0.378063451462,2.124600000000,0.245387582512,-0.969425053498
2024-01-10T20:05:00Z,fourier-demo,0.646742748133,2.124750000000,0.243899124588,-0.969800606839
2024-01-10T20:06:00Z,fourier-demo,0.940993191652,2.124900000000,0.242410091904,-0.970173874799
2024-01-10T20:07:00Z,fourier-demo,1.251314058325,2.125050000000,0.240920487969,-0.970544856499
2024-01-10T20:08:00Z,fourier-demo,1.567886752823,2.125200000000,0.239430316293,-0.970913551064
2024-01-10T20:09:00Z,fourier-demo,1.880937829616,2.125350000000,0.237939580389,-0.971279957625
2024-01-10T20:10:00Z,fourier-demo,2.181095304032,2.125500000000,0.236448283768,-0.971644075319
2024-01-10T20:11:00Z,fourier-demo,2.459724336787,2.125650000000,0.234956429946,-0.972005903288
2024-01-10T20:12:00Z,fourier-demo,2.709229291916,2.125800000000,0.233464022439,-0.972365440679
2024-01-10T20:13:00Z,fourier-demo,2.923310604097,2.125950000000,0.231971064762,-0.972722686645
2024-01-10T20:14:00Z,fourier-demo,3.097166787411,2.126100000000,0.230477560434,-0.973077640343
2024-01-10T20:15:00Z,fourier-demo,3.227634195406,2.126250000000,0.228983512975,-0.973430300939
2024-01-10T20:16:00Z,fourier-demo,3.313259707883,2.126400000000,0.227488925906,-0.973780667599
2024-01-10T20:17:00Z,fourier-demo,3.354304267883,2.126550000000,0.225993802748,-0.974128739500
2024-01-10T20:18:00Z,fourier-demo,3.352678010336,2.126700000000,0.224498147025,-0.974474515820
2024-01-10T20:19:00Z,fourier-demo,3.311810496565,2.126850000000,0.223001962262,-0.974817995745
2024-01-10T20:20:00Z,fourier-demo,3.236462183234,2.127000000000,0.221505251984,-0.975159178465
2024-01-10T20:21:00Z,fourier-demo,3.132485604168,2.127150000000,0.220008019718,-0.975498063176
2024-01-10T20:22:00Z,fourier-demo,3.006546733403,2.127300000000,0.218510268993,-0.975834649080
2024-01-10T20:23:00Z,fourier-demo,2.865818547608,2.127450000000,0.217012003338,-0.976168935383
2024-01-10T20:24:00Z,fourier-demo,2.717659853585,2.127600000000,0.215513226284,-0.976500921298
2024-01-10T20:25:00Z,fourier-demo,2.569292950535,2.127750000000,0.214013941363,-0.976830606043
2024-01-10T20:26:00Z,fourier-demo,2.427493638278,2.127900000000,0.212514152108,-0.977157988840
2024-01-10T20:27:00Z,fourier-demo,2.298306465839,2.128050000000,0.211013862054,-0.977483068918
2024-01-10T20:28:00Z,fourier-demo,2.186796966892,2.128200000000,0.209513074735,-0.977805845511
2024-01-10T20:29:00Z,fourier-demo,2.096850998521,2.128350000000,0.208011793689,-0.978126317858
2024-01-10T20:30:00Z,fourier-demo,2.031029256221,2.128500000000,0.206510022453,-0.978444485204
2024-01-10T20:31:00Z,fourier-demo,1.990482666807,2.128650000000,0.205007764567,-0.978760346800
2024-01-10T20:32:00Z,fourier-demo,1.974931760714,2.128800000000,0.203505023570,-0.979073901900
2024-01-10T20:33:00Z,fourier-demo,1.982710404586,2.128950000000,0.202001803004,-0.979385149767
2024-01-10T20:34:00Z,fourier-demo,2.010871546952,2.129100000000,0.200498106411,-0.979694089666
2024-01-10T20:35:00Z,fourier-demo,2.055350007609,2.129250000000,0.198993937334,-0.980000720869
2024-01-10T20:36:00Z,fourier-demo,2.111174933666,2.129400000000,0.197489299319,-0.980305042655
2024-01-10T20:37:00Z,fourier-demo,2.172722452035,2.129550000000,0.195984195912,-0.980607054305
2024-01-10T20:38:00Z,fourier-demo,2.233997355921,2.129700000000,0.194478630658,-0.980906755108
2024-01-10T20:39:00Z,fourier-demo,2.288931441824,2.129850000000,0.192972607106,-0.981204144359
2024-01-10T20:40:00Z,fourier-demo,2.331685414080,2.130000000000,0.191466128805,-0.981499221355
2024-01-10T20:41:00Z,fourier-demo,2.356941124941,2.130150000000,0.189959199305,-0.981791985402
2024-01-10T20:42:00Z,fourier-demo,2.360171325804,2.130300000000,0.188451822157,-0.982082435810
2024-01-10T20:43:00Z,fourier-demo,2.337875052346,2.130450000000,0.186944000914,-0.982370571893
2024-01-10T20:44:00Z,fourier-demo,2.287768213834,2.130600000000,0.185435739128,-0.982656392975
2024-01-10T20:45:00Z,fourier-demo,2.208920844677,2.130750000000,0.183927040354,-0.982939898380
2024-01-10T20:46:00Z,fourier-demo,2.101834726057,2.130900000000,0.182417908148,-0.983221087440
2024-01-10T20:47:00Z,fourier-demo,1.968457603945,2.131050000000,0.180908346065,-0.983499959494
2024-01-10T20:48:00Z,fourier-demo,1.812132912482,2.131200000000,0.179398357662,-0.983776513883
2024-01-10T20:49:00Z,fourier-demo,1.637486647092,2.131350000000,0.177887946500,-0.984050749957
2024-01-10T20:50:00Z,fourier-demo,1.450255706275,2.131500000000,0.176377116135,-0.984322667068
2024-01-10T20:51:00Z,fourier-demo,1.257064523272,2.131650000000,0.174865870130,-0.984592264576
2024-01-10T20:52:00Z,fourier-demo,1.065159034626,2.131800000000,0.173354212045,-0.984859541847
2024-01-10T20:53:00Z,fourier-demo,0.882108888774,2.131950000000,0.171842145443,-0.985124498249
2024-01-10T20:54:00Z,fourier-demo,0.715490206515,2.132100000000,0.170329673886,-0.985387133158
2024-01-10T20:55:00Z,fourier-demo,0.572562106749,2.132250000000,0.168816800940,-0.985647445956
2024-01-10T20:56:00Z,fourier-demo,0.459950566611,2.132400000000,0.167303530169,-0.985905436030
2024-01-10T20:57:00Z,fourier-demo,0.383352978704,2.132550000000,0.165789865139,-0.986161102770
2024-01-10T20:58:00Z,fourier-demo,0.347276006397,2.132700000000,0.164275809417,-0.986414445576
2024-01-10T20:59:00Z,fourier-demo,0.354818050780,2.132850000000,0.162761366572,-0.986665463849
2024-01-10T21:00:00Z,fourier-demo,0.407505881332,2.133000000000,0.161246540172,-0.986914156998
2024-01-10T21:01:00Z,fourier-demo,0.505192817656,2.133150000000,0.159731333787,-0.987160524437
2024-01-10T21:02:00Z,fourier-demo,0.646023369474,2.133300000000,0.158215750987,-0.987404565586
2024-01-10T21:03:00Z,fourier-demo,0.826466547508,2.133450000000,0.156699795344,-0.987646279869
2024-01-10T21:04:00Z,fourier-demo,1.041417258642,2.133600000000,0.155183470431,-0.987885666717
2024-01-10T21:05:00Z,fourier-demo,1.284362409480,2.133750000000,0.153666779821,-0.988122725566
2024-01-10T21:06:00Z,fourier-demo,1.547605677347,2.133900000000,0.152149727088,-0.988357455856
2024-01-10T21:07:00Z,fourier-demo,1.822542476381,2.134050000000,0.150632315806,-0.988589857036
2024-01-10T21:08:00Z,fourier-demo,2.099974548835,2.134200000000,0.149114549553,-0.988819928557
2024-01-10T21:09:00Z,fourier-demo,2.370451934802,2.134350000000,0.147596431904,-0.989047669877
2024-01-10T21:10:00Z,fourier-demo,2.624628886851,2.134500000000,0.146077966437,-0.989273080459
2024-01-10T21:11:00Z,fourier-demo,2.853619649641,2.134650000000,0.144559156730,-0.989496159773
2024-01-10T21:12:00Z,fourier-demo,3.049339946070,2.134800000000,0.143040006363,-0.989716907292
2024-01-10T21:13:00Z,fourier-demo,3.204820505931,2.134950000000,0.141520518916,-0.989935322496
2024-01-10T21:14:00Z,fourier-demo,3.314480021768,2.135100000000,0.140000697968,-0.990151404871
2024-01-10T21:15:00Z,fourier-demo,3.374346478457,2.135250000000,0.138480547103,-0.990365153907
2024-01-10T21:16:00Z,fourier-demo,3.382217816020,2.135400000000,0.136960069901,-0.990576569101
2024-01-10T21:17:00Z,fourier-demo,3.337755268608,2.135550000000,0.135439269947,-0.990785649955
2024-01-10T21:18:00Z,fourier-demo,3.242505380868,2.135700000000,0.133918150823,-0.990992395975
2024-01-10T21:19:00Z,fourier-demo,3.099849528941,2.135850000000,0.132396716115,-0.991196806675
2024-01-10T21:20:00Z,fourier-demo,2.914882653203,2.136000000000,0.130874969408,-0.991398881572
2024-01-10T21:21:00Z,fourier-demo,2.694225727177,2.136150000000,0.129352914288,-0.991598620191
2024-01-10T21:22:00Z,fourier-demo,2.445779128152,2.136300000000,0.127830554341,-0.991796022061
2024-01-10T21:23:00Z,fourier-demo,2.178426432841,2.136450000000,0.126307893156,-0.991991086717
2024-01-10T21:24:00Z,fourier-demo,1.901700140779,2.136600000000,0.124784934320,-0.992183813699
2024-01-10T21:25:00Z,fourier-demo,1.625422348772,2.136750000000,0.123261681423,-0.992374202553
2024-01-10T21:26:00Z,fourier-demo,1.359334400086,2.136900000000,0.121738138053,-0.992562252830
2024-01-10T21:27:00Z,fourier-demo,1.112729971694,2.137050000000,0.120214307802,-0.992747964087
2024-01-10T21:28:00Z,fourier-demo,0.894105923958,2.137200000000,0.118690194261,-0.992931335887
2024-01-10T21:29:00Z,fourier-demo,0.710844525265,2.137350000000,0.117165801020,-0.993112367797
2024-01-10T21:30:00Z,fourier-demo,0.568939408195,2.137500000000,0.115641131672,-0.993291059391
2024-01-10T21:31:00Z,fourier-demo,0.472775864669,2.137650000000,0.114116189811,-0.993467410247
2024-01-10T21:32:00Z,fourier-demo,0.424973916012,2.137800000000,0.112590979030,-0.993641419950
2024-01-10T21:33:00Z,fourier-demo,0.426300087881,2.137950000000,0.111065502922,-0.993813088091
2024-01-10T21:34:00Z,fourier-demo,0.475651080980,2.138100000000,0.109539765083,-0.993982414264
2024-01-10T21:35:00Z,fourier-demo,0.570109667107,2.138250000000,0.108013769109,-0.994149398070
2024-01-10T21:36:00Z,fourier-demo,0.705070272000,2.138400000000,0.106487518595,-0.994314039116
2024-01-10T21:37:00Z,fourier-demo,0.874428947469,2.138550000000,0.104961017139,-0.994476337014
2024-01-10T21:38:00Z,fourier-demo,1.070829896502,2.138700000000,0.103434268336,-0.994636291382
2024-01-10T21:39:00Z,fourier-demo,1.285958498643,2.138850000000,0.101907275786,-0.994793901842
2024-01-10T21:40:00Z,fourier-demo,1.510868977776,2.139000000000,0.100380043087,-0.994949168023
2024-01-10T21:41:00Z,fourier-demo,1.736333532623,2.139150000000,0.098852573837,-0.995102089560
2024-01-10T21:42:00Z,fourier-demo,1.953198963929,2.139300000000,0.097324871637,-0.995252666091
2024-01-10T21:43:00Z,fourier-demo,2.152736612165,2.139450000000,0.095796940086,-0.995400897262
2024-01-10T21:44:00Z,fourier-demo,2.326971772694,2.139600000000,0.094268782785,-0.995546782724
2024-01-10T21:45:00Z,fourier-demo,2.468979665993,2.139750000000,0.092740403335,-0.995690322133
2024-01-10T21:46:00Z,fourier-demo,2.573136469886,2.139900000000,0.091211805338,-0.995831515151
2024-01-10T21:47:00Z,fourier-demo,2.635315809278,2.140050000000,0.089682992396,-0.995970361444
2024-01-10T21:48:00Z,fourier-demo,2.653023368146,2.140200000000,0.088153968112,-0.996106860686
2024-01-10T21:49:00Z,fourier-demo,2.625464845025,2.140350000000,0.086624736088,-0.996241012556
2024-01-10T21:50:00Z,fourier-demo,2.553545211672,2.140500000000,0.085095299930,-0.996372816736
2024-01-10T21:51:00Z,fourier-demo,2.439800042658,2.140650000000,0.083565663240,-0.996502272916
2024-01-10T21:52:00Z,fourier-demo,2.288262446345,2.140800000000,0.082035829624,-0.996629380792
2024-01-10T21:53:00Z,fourier-demo,2.104271732199,2.140950000000,0.080505802687,-0.996754140064
2024-01-10T21:54:00Z,fourier-demo,1.894232289509,2.141100000000,0.078975586034,-0.996876550437
2024-01-10T21:55:00Z,fourier-demo,1.665333133328,2.141250000000,0.077445183271,-0.996996611623
2024-01-10T21:56:00Z,fourier-demo,1.425240114582,2.141400000000,0.075914598005,-0.997114323340
2024-01-10T21:57:00Z,fourier-demo,1.181773831016,2.141550000000,0.074383833842,-0.997229685310
2024-01-10T21:58:00Z,fourier-demo,0.942586772641,2.141700000000,0.072852894391,-0.997342697261
2024-01-10T21:59:00Z,fourier-demo,0.714853170942,2.141850000000,0.071321783258,-0.997453358926
2024-01-10T22:00:00Z,fourier-demo,0.504984399433,2.142000000000,0.069790504052,-0.997561670046
2024-01-10T22:01:00Z,fourier-demo,0.318381621631,2.142150000000,0.068259060382,-0.997667630364
2024-01-10T22:02:00Z,fourier-demo,0.159235750040,2.142300000000,0.066727455856,-0.997771239631
2024-01-10T22:03:00Z,fourier-demo,0.030382735079,2.142450000000,0.065195694083,-0.997872497603
2024-01-10T22:04:00Z,fourier-demo,-0.066780168299,2.142600000000,0.063663778674,-0.997971404042
2024-01-10T22:05:00Z,fourier-demo,-0.132314107325,2.142750000000,0.062131713238,-0.998067958713
2024-01-10T22:06:00Z,fourier-demo,-0.167693980564,2.142900000000,0.060599501385,-0.998162161391
2024-01-10T22:07:00Z,fourier-demo,-0.175701823022,2.143050000000,0.059067146727,-0.998254011851
2024-01-10T22:08:00Z,fourier-demo,-0.160263238215,2.143200000000,0.057534652875,-0.998343509880
2024-01-10T22:09:00Z,fourier-demo,-0.126234290211,2.143350000000,0.056002023439,-0.998430655264
2024-01-10T22:10:00Z,fourier-demo,-0.079148355500,2.143500000000,0.054469262032,-0.998515447799
2024-01-10T22:11:00Z,fourier-demo,-0.024934119630,2.143650000000,0.052936372266,-0.998597887286
2024-01-10T22:12:00Z,fourier-demo,0.030382882851,2.143800000000,0.051403357752,-0.998677973529
2024-01-10T22:13:00Z,fourier-demo,0.080982095049,2.143950000000,0.049870222104,-0.998755706340
2024-01-10T22:14:00Z,fourier-demo,0.121539899820,2.144100000000,0.048336968935,-0.998831085537
2024-01-10T22:15:00Z,fourier-demo,0.147498901709,2.144250000000,0.046803601857,-0.998904110940
2024-01-10T22:16:00Z,fourier-demo,0.155302668122,2.144400000000,0.045270124484,-0.998974782379
2024-01-10T22:17:00Z,fourier-demo,0.142585523947,2.144550000000,0.043736540430,-0.999043099686
2024-01-10T22:18:00Z,fourier-demo,0.108308888564,2.144700000000,0.042202853309,-0.999109062702
2024-01-10T22:19:00Z,fourier-demo,0.052837900065,2.144850000000,0.040669066735,-0.999172671269
2024-01-10T22:20:00Z,fourier-demo,-0.022045404610,2.145000000000,0.039135184322,-0.999233925239
2024-01-10T22:21:00Z,fourier-demo,-0.113193397950,2.145150000000,0.037601209686,-0.999292824466
2024-01-10T22:22:00Z,fourier-demo,-0.216206964060,2.145300000000,0.036067146440,-0.999349368813
2024-01-10T22:23:00Z,fourier-demo,-0.325608023588,2.145450000000,0.034532998200,-0.999403558146
2024-01-10T22:24:00Z,fourier-demo,-0.435063606908,2.145600000000,0.032998768582,-0.999455392337
2024-01-10T22:25:00Z,fourier-demo,-0.537652375551,2.145750000000,0.031464461201,-0.999504871264
2024-01-10T22:26:00Z,fourier-demo,-0.626162637231,2.145900000000,0.029930079672,-0.999551994811
2024-01-10T22:27:00Z,fourier-demo,-0.693409493891,2.146050000000,0.028395627611,-0.999596762866
2024-01-10T22:28:00Z,fourier-demo,-0.732557864581,2.146200000000,0.026861108635,-0.999639175324
2024-01-10T22:29:00Z,fourier-demo,-0.737437774390,2.146350000000,0.025326526359,-0.999679232085
2024-01-10T22:30:00Z,fourier-demo,-0.702838513213,2.146500000000,0.023791884400,-0.999716933055
2024-01-10T22:31:00Z,fourier-demo,-0.624769037068,2.146650000000,0.022257186375,-0.999752278144
2024-01-10T22:32:00Z,fourier-demo,-0.500673279991,2.146800000000,0.020722435899,-0.999785267270
2024-01-10T22:33:00Z,fourier-demo,-0.329590814782,2.146950000000,0.019187636590,-0.999815900355
2024-01-10T22:34:00Z,fourier-demo,-0.112255474777,2.147100000000,0.017652792064,-0.999844177326
2024-01-10T22:35:00Z,fourier-demo,0.148872961422,2.147250000000,0.016117905939,-0.999870098117
2024-01-10T22:36:00Z,fourier-demo,0.449646215963,2.147400000000,0.014582981831,-0.999893662667
2024-01-10T22:37:00Z,fourier-demo,0.784333473223,2.147550000000,0.013048023358,-0.999914870920
2024-01-10T22:38:00Z,fourier-demo,1.145792442550,2.147700000000,0.011513034136,-0.999933722826
2024-01-10T22:39:00Z,fourier-demo,1.525699433782,2.147850000000,0.009978017784,-0.999950218341
2024-01-10T22:40:00Z,fourier-demo,1.914829916942,2.148000000000,0.008442977917,-0.999964357427
2024-01-10T22:41:00Z,fourier-demo,2.303378932077,2.148150000000,0.006907918155,-0.999976140049
2024-01-10T22:42:00Z,fourier-demo,2.681309031138,2.148300000000,0.005372842113,-0.999985566180
2024-01-10T22:43:00Z,fourier-demo,3.038712241118,2.148450000000,0.003837753410,-0.999992635797
2024-01-10T22:44:00Z,fourier-demo,3.366171886354,2.148600000000,0.002302655664,-0.999997348885
2024-01-10T22:45:00Z,fourier-demo,3.655110025800,2.148750000000,0.000767552491,-0.999999705432
2024-01-10T22:46:00Z,fourier-demo,3.898106753330,2.148900000000,-0.000767552491,-0.999999705432
2024-01-10T22:47:00Z,fourier-demo,4.089178657058,2.149050000000,-0.002302655664,-0.999997348885
2024-01-10T22:48:00Z,fourier-demo,4.224005296298,2.149200000000,-0.003837753410,-0.999992635797
2024-01-10T22:49:00Z,fourier-demo,4.300094569951,2.149350000000,-0.005372842113,-0.999985566180
2024-01-10T22:50:00Z,fourier-demo,4.316880237346,2.149500000000,-0.006907918155,-0.999976140049
2024-01-10T22:51:00Z,fourier-demo,4.275747516015,2.149650000000,-0.008442977917,-0.999964357427
2024-01-10T22:52:00Z,fourier-demo,4.179985513576,2.149800000000,-0.009978017784,-0.999950218341
2024-01-10T22:53:00Z,fourier-demo,4.034668138628,2.149950000000,-0.011513034136,-0.999933722826
2024-01-10T22:54:00Z,fourier-demo,3.846467962120,2.150100000000,-0.013048023358,-0.999914870920
2024-01-10T22:55:00Z,fourier-demo,3.623410151872,2.150250000000,-0.014582981831,-0.999893662667
2024-01-10T22:56:00Z,fourier-demo,3.374575971932,2.150400000000,-0.016117905939,-0.999870098117
2024-01-10T22:57:00Z,fourier-demo,3.109767329659,2.150550000000,-0.017652792064,-0.999844177326
2024-01-10T22:58:00Z,fourier-demo,2.839145386487,2.150700000000,-0.019187636590,-0.999815900355
2024-01-10T22:59:00Z,fourier-demo,2.572857261512,2.150850000000,-0.020722435899,-0.999785267270
2024-01-10T23:00:00Z,fourier-demo,2.320665309636,2.151000000000,-0.022257186375,-0.999752278144
2024-01-10T23:01:00Z,fourier-demo,2.091593329967,2.151150000000,-0.023791884400,-0.999716933055
2024-01-10T23:02:00Z,fourier-demo,1.893603360985,2.151300000000,-0.025326526359,-0.999679232085
2024-01-10T23:03:00Z,fourier-demo,1.733315475205,2.151450000000,-0.026861108635,-0.999639175324
2024-01-10T23:04:00Z,fourier-demo,1.615781248457,2.151600000000,-0.028395627611,-0.999596762866
2024-01-10T23:05:00Z,fourier-demo,1.544319418014,2.151750000000,-0.029930079672,-0.999551994811
2024-01-10T23:06:00Z,fourier-demo,1.520419747413,2.151900000000,-0.031464461201,-0.999504871264
2024-01-10T23:07:00Z,fourier-demo,1.543718385149,2.152050000000,-0.032998768582,-0.999455392337
2024-01-10T23:08:00Z,fourier-demo,1.612045150047,2.152200000000,-0.034532998200,-0.999403558146
2024-01-10T23:09:00Z,fourier-demo,1.721540313612,2.152350000000,-0.036067146440,-0.999349368813
2024-01-10T23:10:00Z,fourier-demo,1.866835694560,2.152500000000,-0.037601209686,-0.999292824466
2024-01-10T23:11:00Z,fourier-demo,2.041292344269,2.152650000000,-0.039135184322,-0.999233925239
2024-01-10T23:12:00Z,fourier-demo,2.237284886052,2.152800000000,-0.040669066735,-0.999172671269
2024-01-10T23:13:00Z,fourier-demo,2.446520764883,2.152950000000,-0.042202853309,-0.999109062702
2024-01-10T23:14:00Z,fourier-demo,2.660381339414,2.153100000000,-0.043736540430,-0.999043099686
2024-01-10T23:15:00Z,fourier-demo,2.870270957395,2.153250000000,-0.045270124484,-0.998974782379
2024-01-10T23:16:00Z,fourier-demo,3.067959929156,2.153400000000,-0.046803601857,-0.998904110940
2024-01-10T23:17:00Z,fourier-demo,3.245907659299,2.153550000000,-0.048336968935,-0.998831085537
2024-01-10T23:18:00Z,fourier-demo,3.397553098292,2.153700000000,-0.049870222104,-0.998755706340
2024-01-10T23:19:00Z,fourier-demo,3.517561094630,2.153850000000,-0.051403357752,-0.998677973529
2024-01-10T23:20:00Z,fourier-demo,3.602015105262,2.154000000000,-0.052936372266,-0.998597887286
2024-01-10T23:21:00Z,fourier-demo,3.648548978841,2.154150000000,-0.054469262032,-0.998515447799
2024-01-10T23:22:00Z,fourier-demo,3.656413069679,2.154300000000,-0.056002023439,-0.998430655264
2024-01-10T23:23:00Z,fourier-demo,3.626472665003,2.154450000000,-0.057534652875,-0.998343509880
2024-01-10T23:24:00Z,fourier-demo,3.561139502211,2.154600000000,-0.059067146727,-0.998254011851
2024-01-10T23:25:00Z,fourier-demo,3.464239901349,2.154750000000,-0.060599501385,-0.998162161391
2024-01-10T23:26:00Z,fourier-demo,3.340825628577,2.154900000000,-0.062131713238,-0.998067958713
2024-01-10T23:27:00Z,fourier-demo,3.196935932842,2.155050000000,-0.063663778674,-0.997971404042
2024-01-10T23:28:00Z,fourier-demo,3.039321165584,2.155200000000,-0.065195694083,-0.997872497603
2024-01-10T23:29:00Z,fourier-demo,2.875139922095,2.155350000000,-0.066727455856,-0.997771239631
2024-01-10T23:30:00Z,fourier-demo,2.711642671471,2.155500000000,-0.068259060382,-0.997667630364
2024-01-10T23:31:00Z,fourier-demo,2.555855328782,2.155650000000,-0.069790504052,-0.997561670046
2024-01-10T23:32:00Z,fourier-demo,2.414276149626,2.155800000000,-0.071321783258,-0.997453358926
2024-01-10T23:33:00Z,fourier-demo,2.292598698003,2.155950000000,-0.072852894391,-0.997342697261
2024-01-10T23:34:00Z,fourier-demo,2.195472480769,2.156100000000,-0.074383833842,-0.997229685310
2024-01-10T23:35:00Z,fourier-demo,2.126311204939,2.156250000000,-0.075914598005,-0.997114323340
2024-01-10T23:36:00Z,fourier-demo,2.087156566627,2.156400000000,-0.077445183271,-0.996996611623
2024-01-10T23:37:00Z,fourier-demo,2.078603108035,2.156550000000,-0.078975586034,-0.996876550437
2024-01-10T23:38:00Z,fourier-demo,2.099787080615,2.156700000000,-0.080505802687,-0.996754140064
2024-01-10T23:39:00Z,fourier-demo,2.148439536679,2.156850000000,-0.082035829624,-0.996629380792
2024-01-10T23:40:00Z,fourier-demo,2.221001151046,2.157000000000,-0.083565663240,-0.996502272916
2024-01-10T23:41:00Z,fourier-demo,2.312793662150,2.157150000000,-0.085095299930,-0.996372816736
2024-01-10T23:42:00Z,fourier-demo,2.418240426752,2.157300000000,-0.086624736088,-0.996241012556
2024-01-10T23:43:00Z,fourier-demo,2.531126503591,2.157450000000,-0.088153968112,-0.996106860686
2024-01-10T23:44:00Z,fourier-demo,2.644887005338,2.157600000000,-0.089682992396,-0.995970361444
2024-01-10T23:45:00Z,fourier-demo,2.752911254865,2.157750000000,-0.091211805338,-0.995831515151
2024-01-10T23:46:00Z,fourier-demo,2.848849601117,2.157900000000,-0.092740403335,-0.995690322133
2024-01-10T23:47:00Z,fourier-demo,2.926909620476,2.158050000000,-0.094268782785,-0.995546782724
2024-01-10T23:48:00Z,fourier-demo,2.982128856994,2.158200000000,-0.095796940086,-0.995400897262
2024-01-10T23:49:00Z,fourier-demo,3.010612222022,2.158350000000,-0.097324871637,-0.995252666091
2024-01-10T23:50:00Z,fourier-demo,3.009723640829,2.158500000000,-0.098852573837,-0.995102089560
2024-01-10T23:51:00Z,fourier-demo,2.978223440432,2.158650000000,-0.100380043087,-0.994949168023
2024-01-10T23:52:00Z,fourier-demo,2.916345240405,2.158800000000,-0.101907275786,-0.994793901842
2024-01-10T23:53:00Z,fourier-demo,2.825808643213,2.158950000000,-0.103434268336,-0.994636291382
2024-01-10T23:54:00Z,fourier-demo,2.709766717939,2.159100000000,-0.104961017139,-0.994476337014
2024-01-10T23:55:00Z,fourier-demo,2.572690019289,2.159250000000,-0.106487518595,-0.994314039116
2024-01-10T23:56:00Z,fourier-demo,2.420191568780,2.159400000000,-0.108013769109,-0.994149398070
2024-01-10T23:57:00Z,fourier-demo,2.258799735360,2.159550000000,-0.109539765083,-0.993982414264
2024-01-10T23:58:00Z,fourier-demo,2.095688184008,2.159700000000,-0.111065502922,-0.993813088091
2024-01-10T23:59:00Z,fourier-demo,1.938373919989,2.159850000000,-0.112590979030,-0.993641419950
2024-01-11T00:00:00Z,fourier-demo,1.794395865359,2.160000000000,-0.114116189811,-0.993467410247
2024-01-11T00:01:00Z,fourier-demo,1.670987303561,2.160150000000,-0.115641131672,-0.993291059391
2024-01-11T00:02:00Z,fourier-demo,1.574755878736,2.160300000000,-0.117165801020,-0.993112367797
2024-01-11T00:03:00Z,fourier-demo,1.511384622593,2.160450000000,-0.118690194261,-0.992931335887
2024-01-11T00:04:00Z,fourier-demo,1.485366710223,2.160600000000,-0.120214307802,-0.992747964087
2024-01-11T00:05:00Z,fourier-demo,1.499785347140,2.160750000000,-0.121738138053,-0.992562252830
2024-01-11T00:06:00Z,fourier-demo,1.556148414593,2.160900000000,-0.123261681423,-0.992374202553
2024-01-11T00:07:00Z,fourier-demo,1.654285320306,2.161050000000,-0.124784934320,-0.992183813699
2024-01-11T00:08:00Z,fourier-demo,1.792311005151,2.161200000000,-0.126307893156,-0.991991086717
2024-01-11T00:09:00Z,fourier-demo,1.966659344213,2.161350000000,-0.127830554341,-0.991796022061
2024-01-11T00:10:00Z,fourier-demo,2.172185363477,2.161500000000,-0.129352914288,-0.991598620191
2024-01-11T00:11:00Z,fourier-demo,2.402332885810,2.161650000000,-0.130874969408,-0.991398881572
2024-01-11T00:12:00Z,fourier-demo,2.649361536718,2.161800000000,-0.132396716115,-0.991196806675
2024-01-11T00:13:00Z,fourier-demo,2.904624591302,2.161950000000,-0.133918150823,-0.990992395975
2024-01-11T00:14:00Z,fourier-demo,3.158887029594,2.162100000000,-0.135439269947,-0.990785649955
2024-01-11T00:15:00Z,fourier-demo,3.402671474864,2.162250000000,-0.136960069901,-0.990576569101
2024-01-11T00:16:00Z,fourier-demo,3.626618488802,2.162400000000,-0.138480547103,-0.990365153907
2024-01-11T00:17:00Z,fourier-demo,3.821847038722,2.162550000000,-0.140000697968,-0.990151404871
2024-01-11T00:18:00Z,fourier-demo,3.980300863214,2.162700000000,-0.141520518916,-0.989935322496
2024-01-11T00:19:00Z,fourier-demo,4.095066949220,2.162850000000,-0.143040006363,-0.989716907292
2024-01-11T00:20:00Z,fourier-demo,4.160653376682,2.163000000000,-0.144559156730,-0.989496159773
2024-01-11T00:21:00Z,fourier-demo,4.173215345916,2.163150000000,-0.146077966437,-0.989273080459
2024-01-11T00:22:00Z,fourier-demo,4.130720215591,2.163300000000,-0.147596431904,-0.989047669877
2024-01-11T00:23:00Z,fourier-demo,4.033044765153,2.163450000000,-0.149114549553,-0.988819928557
2024-01-11T00:24:00Z,fourier-demo,3.882000558947,2.163600000000,-0.150632315806,-0.988589857036
2024-01-11T00:25:00Z,fourier-demo,3.681286123142,2.163750000000,-0.152149727088,-0.988357455856
2024-01-11T00:26:00Z,fourier-demo,3.436367536674,2.163900000000,-0.153666779821,-0.988122725566
2024-01-11T00:27:00Z,fourier-demo,3.154291867420,2.164050000000,-0.155183470431,-0.987885666717
2024-01-11T00:28:00Z,fourier-demo,2.843440540596,2.164200000000,-0.156699795344,-0.987646279869
2024-01-11T00:29:00Z,fourier-demo,2.513232100807,2.164350000000,-0.158215750987,-0.987404565586
2024-01-11T00:30:00Z,fourier-demo,2.173785826736,2.164500000000,-0.159731333787,-0.987160524437
2024-01-11T00:31:00Z,fourier-demo,1.835559197462,2.164650000000,-0.161246540172,-0.986914156998
2024-01-11T00:32:00Z,fourier-demo,1.508973230213,2.164800000000,-0.162761366572,-0.986665463849
2024-01-11T00:33:00Z,fourier-demo,1.204040169765,2.164950000000,-0.164275809417,-0.986414445576
2024-01-11T00:34:00Z,fourier-demo,0.930007891934,2.165100000000,-0.165789865139,-0.986161102770
2024-01-11T00:35:00Z,fourier-demo,0.695034692491,2.165250000000,-0.167303530169,-0.985905436030
2024-01-11T00:36:00Z,fourier-demo,0.505906897173,2.165400000000,-0.168816800940,-0.985647445956
2024-01-11T00:37:00Z,fourier-demo,0.367809998531,2.165550000000,-0.170329673886,-0.985387133158
2024-01-11T00:38:00Z,fourier-demo,0.284161871776,2.165700000000,-0.171842145443,-0.985124498249
2024-01-11T00:39:00Z,fourier-demo,0.256514131936,2.165850000000,-0.173354212045,-0.984859541847
2024-01-11T00:40:00Z,fourier-demo,0.284524969829,2.166000000000,-0.174865870130,-0.984592264576
2024-01-11T00:41:00Z,fourier-demo,0.366003954869,2.166150000000,-0.176377116135,-0.984322667068
2024-01-11T00:42:00Z,fourier-demo,0.497026433969,2.166300000000,-0.177887946500,-0.984050749957
2024-01-11T00:43:00Z,fourier-demo,0.672112403480,2.166450000000,-0.179398357662,-0.983776513883
2024-01-11T00:44:00Z,fourier-demo,0.884462195992,2.166600000000,-0.180908346065,-0.983499959494
2024-01-11T00:45:00Z,fourier-demo,1.126239108176,2.166750000000,-0.182417908148,-0.983221087440
2024-01-11T00:46:00Z,fourier-demo,1.388887288400,2.166900000000,-0.183927040354,-0.982939898380
2024-01-11T00:47:00Z,fourier-demo,1.663471875551,2.167050000000,-0.185435739128,-0.982656392975
2024-01-11T00:48:00Z,fourier-demo,1.941027585947,2.167200000000,-0.186944000914,-0.982370571893
2024-01-11T00:49:00Z,fourier-demo,2.212901713688,2.167350000000,-0.188451822157,-0.982082435810
2024-01-11T00:50:00Z,fourier-demo,2.471077849041,2.167500000000,-0.189959199305,-0.981791985402
2024-01-11T00:51:00Z,fourier-demo,2.708467513550,2.167650000000,-0.191466128805,-0.981499221355
2024-01-11T00:52:00Z,fourier-demo,2.919158321177,2.167800000000,-0.192972607106,-0.981204144359
2024-01-11T00:53:00Z,fourier-demo,3.098609142581,2.167950000000,-0.194478630658,-0.980906755108
2024-01-11T00:54:00Z,fourier-demo,3.243784996516,2.168100000000,-0.195984195912,-0.980607054305
2024-01-11T00:55:00Z,fourier-demo,3.353226925158,2.168250000000,-0.197489299319,-0.980305042655
2024-01-11T00:56:00Z,fourier-demo,3.427054824036,2.168400000000,-0.198993937334,-0.980000720869
2024-01-11T00:57:00Z,fourier-demo,3.466903980281,2.168550000000,-0.200498106411,-0.979694089666
2024-01-11T00:58:00Z,fourier-demo,3.475798810414,2.168700000000,-0.202001803004,-0.979385149767
2024-01-11T00:59:00Z,fourier-demo,3.457969868642,2.168850000000,-0.203505023570,-0.979073901900
2024-01-11T01:00:00Z,fourier-demo,3.418622512661,2.169000000000,-0.205007764567,-0.978760346800
2024-01-11T01:01:00Z,fourier-demo,3.363667571811,2.169150000000,-0.206510022453,-0.978444485204
2024-01-11T01:02:00Z,fourier-demo,3.299425882188,2.169300000000,-0.208011793689,-0.978126317858
2024-01-11T01:03:00Z,fourier-demo,3.232319573597,2.169450000000,-0.209513074735,-0.977805845511
2024-01-11T01:04:00Z,fourier-demo,3.168563472986,2.169600000000,-0.211013862054,-0.977483068918
2024-01-11T01:05:00Z,fourier-demo,3.113869909859,2.169750000000,-0.212514152108,-0.977157988840
2024-01-11T01:06:00Z,fourier-demo,3.073179575647,2.169900000000,-0.214013941363,-0.976830606043
2024-01-11T01:07:00Z,fourier-demo,3.050429928477,2.170050000000,-0.215513226284,-0.976500921298
2024-01-11T01:08:00Z,fourier-demo,3.048370996572,2.170200000000,-0.217012003338,-0.976168935383
2024-01-11T01:09:00Z,fourier-demo,3.068436386284,2.170350000000,-0.218510268993,-0.975834649080
2024-01-11T01:10:00Z,fourier-demo,3.110674930353,2.170500000000,-0.220008019718,-0.975498063176
2024-01-11T01:11:00Z,fourier-demo,3.173745817259,2.170650000000,-0.221505251984,-0.975159178465
2024-01-11T01:12:00Z,fourier-demo,3.254977331756,2.170800000000,-0.223001962262,-0.974817995745
2024-01-11T01:13:00Z,fourier-demo,3.350486622678,2.170950000000,-0.224498147025,-0.974474515820
2024-01-11T01:14:00Z,fourier-demo,3.455355309986,2.171100000000,-0.225993802748,-0.974128739500
2024-01-11T01:15:00Z,fourier-demo,3.563853357144,2.171250000000,-0.227488925906,-0.973780667599
2024-01-11T01:16:00Z,fourier-demo,3.669701566647,2.171400000000,-0.228983512975,-0.973430300939
2024-01-11T01:17:00Z,fourier-demo,3.766361392217,2.171550000000,-0.230477560434,-0.973077640343
2024-01-11T01:18:00Z,fourier-demo,3.847339570199,2.171700000000,-0.231971064762,-0.972722686645
2024-01-11T01:19:00Z,fourier-demo,3.906494405168,2.171850000000,-0.233464022439,-0.972365440679
2024-01-11T01:20:00Z,fourier-demo,3.938330428872,2.172000000000,-0.234956429946,-0.972005903288
2024-01-11T01:21:00Z,fourier-demo,3.938268593014,2.172150000000,-0.236448283768,-0.971644075319
2024-01-11T01:22:00Z,fourier-demo,3.902880137357,2.172300000000,-0.237939580389,-0.971279957625
2024-01-11T01:23:00Z,fourier-demo,3.830073755406,2.172450000000,-0.239430316293,-0.970913551064
2024-01-11T01:24:00Z,fourier-demo,3.719227599842,2.172600000000,-0.240920487969,-0.970544856499
2024-01-11T01:25:00Z,fourier-demo,3.571259950073,2.172750000000,-0.242410091904,-0.970173874799
2024-01-11T01:26:00Z,fourier-demo,3.388634910970,2.172900000000,-0.243899124588,-0.969800606839
2024-01-11T01:27:00Z,fourier-demo,3.175302219964,2.173050000000,-0.245387582512,-0.969425053498
2024-01-11T01:28:00Z,fourier-demo,2.936572997451,2.173200000000,-0.246875462169,-0.969047215660
2024-01-11T01:29:00Z,fourier-demo,2.678935968786,2.173350000000,-0.248362760053,-0.968667094217
2024-01-11T01:30:00Z,fourier-demo,2.409821203392,2.173500000000,-0.249849472657,-0.968284690064
2024-01-11T01:31:00Z,fourier-demo,2.137320653134,2.173650000000,-0.251335596480,-0.967900004103
2024-01-11T01:32:00Z,fourier-demo,1.869876634871,2.173800000000,-0.252821128018,-0.967513037239
2024-01-11T01:33:00Z,fourier-demo,1.615950812993,2.173950000000,-0.254306063772,-0.967123790385
2024-01-11T01:34:00Z,fourier-demo,1.383687137133,2.174100000000,-0.255790400241,-0.966732264458
2024-01-11T01:35:00Z,fourier-demo,1.180582539525,2.174250000000,-0.257274133928,-0.966338460381
2024-01-11T01:36:00Z,fourier-demo,1.013178979384,2.174400000000,-0.258757261336,-0.965942379082
2024-01-11T01:37:00Z,fourier-demo,0.886789645290,2.174550000000,-0.260239778970,-0.965544021493
2024-01-11T01:38:00Z,fourier-demo,0.805270820911,2.174700000000,-0.261721683338,-0.965143388555
2024-01-11T01:39:00Z,fourier-demo,0.770849136187,2.174850000000,-0.263202970945,-0.964740481210
2024-01-11T01:40:00Z,fourier-demo,0.784011736791,2.175000000000,-0.264683638303,-0.964335300409
2024-01-11T01:41:00Z,fourier-demo,0.843464397531,2.175150000000,-0.266163681921,-0.963927847106
2024-01-11T01:42:00Z,fourier-demo,0.946159881717,2.175300000000,-0.267643098311,-0.963518122262
2024-01-11T01:43:00Z,fourier-demo,1.087396018866,2.175450000000,-0.269121883988,-0.963106126841
2024-01-11T01:44:00Z,fourier-demo,1.260980152535,2.175600000000,-0.270600035467,-0.962691861815
2024-01-11T01:45:00Z,fourier-demo,1.459453913377,2.175750000000,-0.272077549263,-0.962275328161
2024-01-11T01:46:00Z,fourier-demo,1.674369809810,2.175900000000,-0.273554421897,-0.961856526859
2024-01-11T01:47:00Z,fourier-demo,1.896609000745,2.176050000000,-0.275030649886,-0.961435458896
2024-01-11T01:48:00Z,fourier-demo,2.116727908768,2.176200000000,-0.276506229752,-0.961012125266
2024-01-11T01:49:00Z,fourier-demo,2.325320118497,2.176350000000,-0.277981158019,-0.960586526965
2024-01-11T01:50:00Z,fourier-demo,2.513379333630,2.176500000000,-0.279455431209,-0.960158664996
2024-01-11T01:51:00Z,fourier-demo,2.672649066003,2.176650000000,-0.280929045850,-0.959728540368
2024-01-11T01:52:00Z,fourier-demo,2.795945205862,2.176800000000,-0.282401998468,-0.959296154095
2024-01-11T01:53:00Z,fourier-demo,2.877438656394,2.176950000000,-0.283874285593,-0.958861507194
2024-01-11T01:54:00Z,fourier-demo,2.912886766416,2.177100000000,-0.285345903754,-0.958424600692
2024-01-11T01:55:00Z,fourier-demo,2.899804301146,2.177250000000,-0.286816849484,-0.957985435616
2024-01-11T01:56:00Z,fourier-demo,2.837567071691,2.177400000000,-0.288287119317,-0.957544013002
2024-01-11T01:57:00Z,fourier-demo,2.727444003675,2.177550000000,-0.289756709787,-0.957100333890
2024-01-11T01:58:00Z,fourier-demo,2.572556257153,2.177700000000,-0.291225617432,-0.956654399327
2024-01-11T01:59:00Z,fourier-demo,2.377764899632,2.177850000000,-0.292693838791,-0.956206210362
2024-01-11T02:00:00Z,fourier-demo,2.149491465083,2.178000000000,-0.294161370402,-0.955755768051
2024-01-11T02:01:00Z,fourier-demo,1.895478390232,2.178150000000,-0.295628208808,-0.955303073457
2024-01-11T02:02:00Z,fourier-demo,1.624498697967,2.178300000000,-0.297094350552,-0.954848127647
2024-01-11T02:03:00Z,fourier-demo,1.346026300688,2.178450000000,-0.298559792179,-0.954390931691
2024-01-11T02:04:00Z,fourier-demo,1.069879843143,2.178600000000,-0.300024530236,-0.953931486668
2024-01-11T02:05:00Z,fourier-demo,0.805854032881,2.178750000000,-0.301488561272,-0.953469793660
2024-01-11T02:06:00Z,fourier-demo,0.563352875694,2.178900000000,-0.302951881835,-0.953005853756
2024-01-11T02:07:00Z,fourier-demo,0.351039125116,2.179050000000,-0.304414488477,-0.952539668048
2024-01-11T02:08:00Z,fourier-demo,0.176513574124,2.179200000000,-0.305876377753,-0.952071237636
2024-01-11T02:09:00Z,fourier-demo,0.046036592080,2.179350000000,-0.307337546216,-0.951600563622
2024-01-11T02:10:00Z,fourier-demo,-0.035697409192,2.179500000000,-0.308797990424,-0.951127647117
2024-01-11T02:11:00Z,fourier-demo,-0.065724039139,2.179650000000,-0.310257706934,-0.950652489235
2024-01-11T02:12:00Z,fourier-demo,-0.042905460092,2.179800000000,-0.311716692308,-0.950175091095
2024-01-11T02:13:00Z,fourier-demo,0.032043960545,2.179950000000,-0.313174943107,-0.949695453822
2024-01-11T02:14:00Z,fourier-demo,0.156603385127,2.180100000000,-0.314632455894,-0.949213578547
2024-01-11T02:15:00Z,fourier-demo,0.326560285491,2.180250000000,-0.316089227235,-0.948729466406
2024-01-11T02:16:00Z,fourier-demo,0.536189181286,2.180400000000,-0.317545253696,-0.948243118538
2024-01-11T02:17:00Z,fourier-demo,0.778486722695,2.180550000000,-0.319000531847,-0.947754536091
2024-01-11T02:18:00Z,fourier-demo,1.045453293845,2.180700000000,-0.320455058259,-0.947263720215
2024-01-11T02:19:00Z,fourier-demo,1.328409510555,2.180850000000,-0.321908829502,-0.946770672068
2024-01-11T02:20:00Z,fourier-demo,1.618334662528,2.181000000000,-0.323361842153,-0.946275392811
2024-01-11T02:21:00Z,fourier-demo,1.906213357828,2.181150000000,-0.324814092786,-0.945777883611
2024-01-11T02:22:00Z,fourier-demo,2.183376397017,2.181300000000,-0.326265577979,-0.945278145641
2024-01-11T02:23:00Z,fourier-demo,2.441822243249,2.181450000000,-0.327716294312,-0.944776180078
2024-01-11T02:24:00Z,fourier-demo,2.674506347218,2.181600000000,-0.329166238366,-0.944271988105
2024-01-11T02:25:00Z,fourier-demo,2.875586993645,2.181750000000,-0.330615406724,-0.943765570911
2024-01-11T02:26:00Z,fourier-demo,3.040618199887,2.181900000000,-0.332063795971,-0.943256929688
2024-01-11T02:27:00Z,fourier-demo,3.166682439149,2.182050000000,-0.333511402695,-0.942746065636
2024-01-11T02:28:00Z,fourier-demo,3.252458487748,2.182200000000,-0.334958223482,-0.942232979958
2024-01-11T02:29:00Z,fourier-demo,3.298222403028,2.182350000000,-0.336404254925,-0.941717673864
2024-01-11T02:30:00Z,fourier-demo,3.305782414283,2.182500000000,-0.337849493616,-0.941200148568
2024-01-11T02:31:00Z,fourier-demo,3.278351238764,2.182650000000,-0.339293936148,-0.940680405288
2024-01-11T02:32:00Z,fourier-demo,3.220361906498,2.182800000000,-0.340737579118,-0.940158445251
2024-01-11T02:33:00Z,fourier-demo,3.137235485474,2.182950000000,-0.342180419124,-0.939634269686
2024-01-11T02:34:00Z,fourier-demo,3.035111048397,2.183100000000,-0.343622452765,-0.939107879828
2024-01-11T02:35:00Z,fourier-demo,2.920549734091,2.183250000000,-0.345063676644,-0.938579276919
2024-01-11T02:36:00Z,fourier-demo,2.800225769282,2.183400000000,-0.346504087364,-0.938048462202
2024-01-11T02:37:00Z,fourier-demo,2.680617789309,2.183550000000,-0.347943681530,-0.937515436931
2024-01-11T02:38:00Z,fourier-demo,2.567713710846,2.183700000000,-0.349382455751,-0.936980202359
2024-01-11T02:39:00Z,fourier-demo,2.466741770735,2.183850000000,-0.350820406636,-0.936442759750
2024-01-11T02:40:00Z,fourier-demo,2.381939180034,2.184000000000,-0.352257530795,-0.935903110369
2024-01-11T02:41:00Z,fourier-demo,2.316368200673,2.184150000000,-0.353693824844,-0.935361255488
2024-01-11T02:42:00Z,fourier-demo,2.271787402621,2.184300000000,-0.355129285395,-0.934817196384
2024-01-11T02:43:00Z,fourier-demo,2.248583487908,2.184450000000,-0.356563909068,-0.934270934339
2024-01-11T02:44:00Z,fourier-demo,2.245766473251,2.184600000000,-0.357997692482,-0.933722470640
2024-01-11T02:45:00Z,fourier-demo,2.261028313538,2.184750000000,-0.359430632256,-0.933171806580
2024-01-11T02:46:00Z,fourier-demo,2.290862337021,2.184900000000,-0.360862725016,-0.932618943457
2024-01-11T02:47:00Z,fourier-demo,2.330738262631,2.185050000000,-0.362293967385,-0.932063882573
2024-01-11T02:48:00Z,fourier-demo,2.375325188741,2.185200000000,-0.363724355992,-0.931506625236
2024-01-11T02:49:00Z,fourier-demo,2.418752880335,2.185350000000,-0.365153887465,-0.930947172760
2024-01-11T02:50:00Z,fourier-demo,2.454900023900,2.185500000000,-0.366582558435,-0.930385526463
2024-01-11T02:51:00Z,fourier-demo,2.477696935960,2.185650000000,-0.368010365537,-0.929821687668
2024-01-11T02:52:00Z,fourier-demo,2.481429551754,2.185800000000,-0.369437305404,-0.929255657705
2024-01-11T02:53:00Z,fourier-demo,2.461031413370,2.185950000000,-0.370863374675,-0.928687437906
2024-01-11T02:54:00Z,fourier-demo,2.412350826924,2.186100000000,-0.372288569989,-0.928117029612
2024-01-11T02:55:00Z,fourier-demo,2.332381348455,2.186250000000,-0.373712887987,-0.927544434166
2024-01-11T02:56:00Z,fourier-demo,2.219445248030,2.186400000000,-0.375136325313,-0.926969652918
2024-01-11T02:57:00Z,fourier-demo,2.073321530238,2.186550000000,-0.376558878613,-0.926392687222
2024-01-11T02:58:00Z,fourier-demo,1.895312377870,2.186700000000,-0.377980544534,-0.925813538437
2024-01-11T02:59:00Z,fourier-demo,1.688244440070,2.186850000000,-0.379401319726,-0.925232207930
2024-01-11T03:00:00Z,fourier-demo,1.456404101409,2.187000000000,-0.380821200841,-0.924648697068
2024-01-11T03:01:00Z,fourier-demo,1.205408632258,2.187150000000,-0.382240184532,-0.924063007229
2024-01-11T03:02:00Z,fourier-demo,0.942017819262,2.187300000000,-0.383658267456,-0.923475139791
2024-01-11T03:03:00Z,fourier-demo,0.673893195897,2.187450000000,-0.385075446272,-0.922885096141
2024-01-11T03:04:00Z,fourier-demo,0.409314232417,2.187600000000,-0.386491717639,-0.922292877668
2024-01-11T03:05:00Z,fourier-demo,0.156862708524,2.187750000000,-0.387907078220,-0.921698485768
2024-01-11T03:06:00Z,fourier-demo,-0.074912097051,2.187900000000,-0.389321524680,-0.921101921842
2024-01-11T03:07:00Z,fourier-demo,-0.277833867980,2.188050000000,-0.390735053685,-0.920503187296
2024-01-11T03:08:00Z,fourier-demo,-0.444431484432,2.188200000000,-0.392147661904,-0.919902283540
2024-01-11T03:09:00Z,fourier-demo,-0.568249372893,2.188350000000,-0.393559346009,-0.919299211992
2024-01-11T03:10:00Z,fourier-demo,-0.644123096895,2.188500000000,-0.394970102673,-0.918693974071
2024-01-11T03:11:00Z,fourier-demo,-0.668408626542,2.188650000000,-0.396379928571,-0.918086571204
2024-01-11T03:12:00Z,fourier-demo,-0.639155516128,2.188800000000,-0.397788820381,-0.917477004823
2024-01-11T03:13:00Z,fourier-demo,-0.556216417755,2.188950000000,-0.399196774783,-0.916865276365
2024-01-11T03:14:00Z,fourier-demo,-0.421287876242,2.189100000000,-0.400603788458,-0.916251387269
2024-01-11T03:15:00Z,fourier-demo,-0.237880085285,2.189250000000,-0.402009858092,-0.915635338984
2024-01-11T03:16:00Z,fourier-demo,-0.011216126047,2.189400000000,-0.403414980371,-0.915017132961
2024-01-11T03:17:00Z,fourier-demo,0.251935957944,2.189550000000,-0.404819151983,-0.914396770657
2024-01-11T03:18:00Z,fourier-demo,0.543492186881,2.189700000000,-0.406222369620,-0.913774253533
2024-01-11T03:19:00Z,fourier-demo,0.854334233977,2.189850000000,-0.407624629974,-0.913149583058
2024-01-11T03:20:00Z,fourier-demo,1.174632900249,2.190000000000,-0.409025929742,-0.912522760702
2024-01-11T03:21:00Z,fourier-demo,1.494201079317,2.190150000000,-0.410426265621,-0.911893787943
2024-01-11T03:22:00Z,fourier-demo,1.802862592012,2.190300000000,-0.411825634311,-0.911262666263
2024-01-11T03:23:00Z,fourier-demo,2.090822589109,2.190450000000,-0.413224032514,-0.910629397149
2024-01-11T03:24:00Z,fourier-demo,2.349025110962,2.190600000000,-0.414621456935,-0.909993982095
2024-01-11T03:25:00Z,fourier-demo,2.569483860602,2.190750000000,-0.416017904282,-0.909356422596
2024-01-11T03:26:00Z,fourier-demo,2.745573273765,2.190900000000,-0.417413371262,-0.908716720156
2024-01-11T03:27:00Z,fourier-demo,2.872268514765,2.191050000000,-0.418807854588,-0.908074876282
2024-01-11T03:28:00Z,fourier-demo,2.946325029171,2.191200000000,-0.420201350973,-0.907430892487
2024-01-11T03:29:00Z,fourier-demo,2.966390662702,2.191350000000,-0.421593857135,-0.906784770288
2024-01-11T03:30:00Z,fourier-demo,2.933046014818,2.191500000000,-0.422985369790,-0.906136511208
2024-01-11T03:31:00Z,fourier-demo,2.848771528298,2.191650000000,-0.424375885660,-0.905486116774
2024-01-11T03:32:00Z,fourier-demo,2.717842708461,2.191800000000,-0.425765401468,-0.904833588519
2024-01-11T03:33:00Z,fourier-demo,2.546157701149,2.191950000000,-0.427153913940,-0.904178927981
2024-01-11T03:34:00Z,fourier-demo,2.341004123014,2.192100000000,-0.428541419804,-0.903522136703
2024-01-11T03:35:00Z,fourier-demo,2.110774423706,2.192250000000,-0.429927915790,-0.902863216232
2024-01-11T03:36:00Z,fourier-demo,1.864641071507,2.192400000000,-0.431313398630,-0.902202168121
2024-01-11T03:37:00Z,fourier-demo,1.612204410913,2.192550000000,-0.432697865059,-0.901538993928
2024-01-11T03:38:00Z,fourier-demo,1.363127080635,2.192700000000,-0.434081311816,-0.900873695216
2024-01-11T03:39:00Z,fourier-demo,1.126769362032,2.192850000000,-0.435463735639,-0.900206273552
2024-01-11T03:40:00Z,fourier-demo,0.911839732841,2.193000000000,-0.436845133272,-0.899536730510
2024-01-11T03:41:00Z,fourier-demo,0.726074233799,2.193150000000,-0.438225501458,-0.898865067667
2024-01-11T03:42:00Z,fourier-demo,0.575957044688,2.193300000000,-0.439604836946,-0.898191286605
2024-01-11T03:43:00Z,fourier-demo,0.466492961378,2.193450000000,-0.440983136483,-0.897515388914
2024-01-11T03:44:00Z,fourier-demo,0.401040336718,2.193600000000,-0.442360396823,-0.896837376185
2024-01-11T03:45:00Z,fourier-demo,0.381210582773,2.193750000000,-0.443736614720,-0.896157250016
2024-01-11T03:46:00Z,fourier-demo,0.406837630606,2.193900000000,-0.445111786931,-0.895475012011
2024-01-11T03:47:00Z,fourier-demo,0.476017916620,2.194050000000,-0.446485910214,-0.894790663776
2024-01-11T03:48:00Z,fourier-demo,0.585218626471,2.194200000000,-0.447858981333,-0.894104206924
2024-01-11T03:49:00Z,fourier-demo,0.729449193850,2.194350000000,-0.449230997050,-0.893415643074
2024-01-11T03:50:00Z,fourier-demo,0.902488532946,2.194500000000,-0.450601954134,-0.892724973847
2024-01-11T03:51:00Z,fourier-demo,1.097158281655,2.194650000000,-0.451971849352,-0.892032200872
2024-01-11T03:52:00Z,fourier-demo,1.305630536466,2.194800000000,-0.453340679478,-0.891337325781
2024-01-11T03:53:00Z,fourier-demo,1.519757241096,2.194950000000,-0.454708441284,-0.890640350211
2024-01-11T03:54:00Z,fourier-demo,1.731407601810,2.195100000000,-0.456075131549,-0.889941275805
2024-01-11T03:55:00Z,fourier-demo,1.932799673253,2.195250000000,-0.457440747051,-0.889240104211
2024-01-11T03:56:00Z,fourier-demo,2.116812597235,2.195400000000,-0.458805284573,-0.888536837080
2024-01-11T03:57:00Z,fourier-demo,2.277266867385,2.195550000000,-0.460168740898,-0.887831476070
2024-01-11T03:58:00Z,fourier-demo,2.409161396720,2.195700000000,-0.461531112814,-0.887124022843
2024-01-11T03:59:00Z,fourier-demo,2.508858023712,2.195850000000,-0.462892397109,-0.886414479066
2024-01-11T04:00:00Z,fourier-demo,2.574206327574,2.196000000000,-0.464252590577,-0.885702846412
2024-01-11T04:01:00Z,fourier-demo,2.604604142206,2.196150000000,-0.465611690012,-0.884989126557
2024-01-11T04:02:00Z,fourier-demo,2.600991856079,2.196300000000,-0.466969692211,-0.884273321183
2024-01-11T04:03:00Z,fourier-demo,2.565781350514,2.196450000000,-0.468326593974,-0.883555431978
2024-01-11T04:04:00Z,fourier-demo,2.502723147279,2.196600000000,-0.469682392102,-0.882835460632
2024-01-11T04:05:00Z,fourier-demo,2.416717895928,2.196750000000,-0.471037083402,-0.882113408842
2024-01-11T04:06:00Z,fourier-demo,2.313580626661,2.196900000000,-0.472390664681,-0.881389278311
2024-01-11T04:07:00Z,fourier-demo,2.199768131252,2.197050000000,-0.473743132749,-0.880663070744
2024-01-11T04:08:00Z,fourier-demo,2.082081333583,2.197200000000,-0.475094484419,-0.879934787853
2024-01-11T04:09:00Z,fourier-demo,1.967355511205,2.197350000000,-0.476444716506,-0.879204431354
2024-01-11T04:10:00Z,fourier-demo,1.862151689699,2.197500000000,-0.477793825829,-0.878472002969
2024-01-11T04:11:00Z,fourier-demo,1.772462434320,2.197650000000,-0.479141809208,-0.877737504422
2024-01-11T04:12:00Z,fourier-demo,1.703444613183,2.197800000000,-0.480488663467,-0.877000937445
2024-01-11T04:13:00Z,fourier-demo,1.659190531003,2.197950000000,-0.481834385431,-0.876262303775
2024-01-11T04:14:00Z,fourier-demo,1.642547181502,2.198100000000,-0.483178971930,-0.875521605150
2024-01-11T04:15:00Z,fourier-demo,1.654991309000,2.198250000000,-0.484522419795,-0.874778843318
2024-01-11T04:16:00Z,fourier-demo,1.696565591448,2.198400000000,-0.485864725859,-0.874034020028
2024-01-11T04:17:00Z,fourier-demo,1.765878657163,2.198550000000,-0.487205886961,-0.873287137035
2024-01-11T04:18:00Z,fourier-demo,1.860168934150,2.198700000000,-0.488545899939,-0.872538196100
2024-01-11T04:19:00Z,fourier-demo,1.975429617031,2.198850000000,-0.489884761635,-0.871787198987
2024-01-11T04:20:00Z,fourier-demo,2.106589435199,2.199000000000,-0.491222468895,-0.871034147467
2024-01-11T04:21:00Z,fourier-demo,2.247741525323,2.199150000000,-0.492559018565,-0.870279043313
2024-01-11T04:22:00Z,fourier-demo,2.392410650861,2.199300000000,-0.493894407497,-0.869521888306
2024-01-11T04:23:00Z,fourier-demo,2.533847356988,2.199450000000,-0.495228632544,-0.868762684229
2024-01-11T04:24:00Z,fourier-demo,2.665336470528,2.199600000000,-0.496561690561,-0.868001432872
2024-01-11T04:25:00Z,fourier-demo,2.780506700873,2.199750000000,-0.497893578406,-0.867238136028
2024-01-11T04:26:00Z,fourier-demo,2.873627997487,2.199900000000,-0.499224292942,-0.866472795497
2024-01-11T04:27:00Z,fourier-demo,2.939883777559,2.200050000000,-0.500553831032,-0.865705413082
2024-01-11T04:28:00Z,fourier-demo,2.975606135930,2.200200000000,-0.501882189544,-0.864935990590
2024-01-11T04:29:00Z,fourier-demo,2.978463648171,2.200350000000,-0.503209365346,-0.864164529837
2024-01-11T04:30:00Z,fourier-demo,2.947593315760,2.200500000000,-0.504535355312,-0.863391032638
2024-01-11T04:31:00Z,fourier-demo,2.883670500462,2.200650000000,-0.505860156316,-0.862615500818
2024-01-11T04:32:00Z,fourier-demo,2.788913259030,2.200800000000,-0.507183765237,-0.861837936204
2024-01-11T04:33:00Z,fourier-demo,2.667020213878,2.200950000000,-0.508506178955,-0.861058340628
2024-01-11T04:34:00Z,fourier-demo,2.523043868289,2.201100000000,-0.509827394355,-0.860276715927
2024-01-11T04:35:00Z,fourier-demo,2.363203981635,2.201250000000,-0.511147408322,-0.859493063943
2024-01-11T04:36:00Z,fourier-demo,2.194648148994,2.201400000000,-0.512466217746,-0.858707386523
2024-01-11T04:37:00Z,fourier-demo,2.025168975873,2.201550000000,-0.513783819519,-0.857919685519
2024-01-11T04:38:00Z,fourier-demo,1.862889108758,2.201700000000,-0.515100210536,-0.857129962786
2024-01-11T04:39:00Z,fourier-demo,1.715926798005,2.201850000000,-0.516415387696,-0.856338220186
2024-01-11T04:40:00Z,fourier-demo,1.592055571269,2.202000000000,-0.517729347898,-0.855544459584
2024-01-11T04:41:00Z,fourier-demo,1.498371944595,2.202150000000,-0.519042088046,-0.854748682852
2024-01-11T04:42:00Z,fourier-demo,1.440984878226,2.202300000000,-0.520353605047,-0.853950891864
2024-01-11T04:43:00Z,fourier-demo,1.424739902210,2.202450000000,-0.521663895810,-0.853151088500
2024-01-11T04:44:00Z,fourier-demo,1.452989523109,2.202600000000,-0.522972957248,-0.852349274645
2024-01-11T04:45:00Z,fourier-demo,1.527419729411,2.202750000000,-0.524280786275,-0.851545452189
2024-01-11T04:46:00Z,fourier-demo,1.647940211243,2.202900000000,-0.525587379809,-0.850739623025
2024-01-11T04:47:00Z,fourier-demo,1.812643388148,2.203050000000,-0.526892734772,-0.849931789054
2024-01-11T04:48:00Z,fourier-demo,2.017834598631,2.203200000000,-0.528196848088,-0.849121952178
2024-01-11T04:49:00Z,fourier-demo,2.258132957753,2.203350000000,-0.529499716682,-0.848310114306
2024-01-11T04:50:00Z,fourier-demo,2.526639549523,2.203500000000,-0.530801337485,-0.847496277351
2024-01-11T04:51:00Z,fourier-demo,2.815166904531,2.203650000000,-0.532101707430,-0.846680443231
2024-01-11T04:52:00Z,fourier-demo,3.114521230520,2.203800000000,-0.533400823452,-0.845862613868
2024-01-11T04:53:00Z,fourier-demo,3.414826715634,2.203950000000,-0.534698682490,-0.845042791191
2024-01-11T04:54:00Z,fourier-demo,3.705879498413,2.204100000000,-0.535995281485,-0.844220977130
2024-01-11T04:55:00Z,fourier-demo,3.977517666051,2.204250000000,-0.537290617382,-0.843397173622
2024-01-11T04:56:00Z,fourier-demo,4.219992953449,2.204400000000,-0.538584687128,-0.842571382609
2024-01-11T04:57:00Z,fourier-demo,4.424329699174,2.204550000000,-0.539877487674,-0.841743606036
2024-01-11T04:58:00Z,fourier-demo,4.582657075800,2.204700000000,-0.541169015973,-0.840913845855
2024-01-11T04:59:00Z,fourier-demo,4.688501633572,2.204850000000,-0.542459268981,-0.840082104021
2024-01-11T05:00:00Z,fourier-demo,4.737028737146,2.205000000000,-0.543748243659,-0.839248382493
2024-01-11T05:01:00Z,fourier-demo,4.725223473729,2.205150000000,-0.545035936968,-0.838412683237
2024-01-11T05:02:00Z,fourier-demo,4.652003986899,2.205300000000,-0.546322345874,-0.837575008222
2024-01-11T05:03:00Z,fourier-demo,4.518262848346,2.205450000000,-0.547607467346,-0.836735359422
2024-01-11T05:04:00Z,fourier-demo,4.326834912581,2.205600000000,-0.548891298355,-0.835893738815
2024-01-11T05:05:00Z,fourier-demo,4.082392993364,2.205750000000,-0.550173835875,-0.835050148385
2024-01-11T05:06:00Z,fourier-demo,3.791275538723,2.205900000000,-0.551455076885,-0.834204590120
2024-01-11T05:07:00Z,fourier-demo,3.461253149640,2.206050000000,-0.552735018365,-0.833357066013
2024-01-11T05:08:00Z,fourier-demo,3.101243178656,2.206200000000,-0.554013657299,-0.832507578060
2024-01-11T05:09:00Z,fourier-demo,2.720983662743,2.206350000000,-0.555290990673,-0.831656128263
2024-01-11T05:10:00Z,fourier-demo,2.330679408963,2.206500000000,-0.556567015478,-0.830802718630
2024-01-11T05:11:00Z,fourier-demo,1.940634099493,2.206650000000,-0.557841728706,-0.829947351170
2024-01-11T05:12:00Z,fourier-demo,1.560882773074,2.206800000000,-0.559115127354,-0.829090027901
2024-01-11T05:13:00Z,fourier-demo,1.200838954229,2.206950000000,-0.560387208420,-0.828230750841
2024-01-11T05:14:00Z,fourier-demo,0.868970044320,2.207100000000,-0.561657968908,-0.827369522017
2024-01-11T05:15:00Z,fourier-demo,0.572513387633,2.207250000000,-0.562927405822,-0.826506343457
2024-01-11T05:16:00Z,fourier-demo,0.317243731075,2.207400000000,-0.564195516171,-0.825641217196
2024-01-11T05:17:00Z,fourier-demo,0.107300677458,2.207550000000,-0.565462296967,-0.824774145272
2024-01-11T05:18:00Z,fourier-demo,-0.054917723021,2.207700000000,-0.566727745224,-0.823905129729
2024-01-11T05:19:00Z,fourier-demo,-0.168791790432,2.207850000000,-0.567991857960,-0.823034172615
2024-01-11T05:20:00Z,fourier-demo,-0.235446807676,2.208000000000,-0.569254632196,-0.822161275981
2024-01-11T05:21:00Z,fourier-demo,-0.257651583809,2.208150000000,-0.570516064957,-0.821286441886
2024-01-11T05:22:00Z,fourier-demo,-0.239653910790,2.208300000000,-0.571776153270,-0.820409672390
2024-01-11T05:23:00Z,fourier-demo,-0.186960349100,2.208450000000,-0.573034894166,-0.819530969560
2024-01-11T05:24:00Z,fourier-demo,-0.106069974858,2.208600000000,-0.574292284677,-0.818650335467
2024-01-11T05:25:00Z,fourier-demo,-0.004173514188,2.208750000000,-0.575548321842,-0.817767772185
2024-01-11T05:26:00Z,fourier-demo,0.111169392267,2.208900000000,-0.576803002700,-0.816883281795
2024-01-11T05:27:00Z,fourier-demo,0.232361262750,2.209050000000,-0.578056324294,-0.815996866381
2024-01-11T05:28:00Z,fourier-demo,0.352092423233,2.209200000000,-0.579308283671,-0.815108528032
2024-01-11T05:29:00Z,fourier-demo,0.463647804880,2.209350000000,-0.580558877881,-0.814218268841
2024-01-11T05:30:00Z,fourier-demo,0.561182349244,2.209500000000,-0.581808103976,-0.813326090906
2024-01-11T05:31:00Z,fourier-demo,0.639953878477,2.209650000000,-0.583055959013,-0.812431996329
2024-01-11T05:32:00Z,fourier-demo,0.696504138932,2.209800000000,-0.584302440051,-0.811535987218
2024-01-11T05:33:00Z,fourier-demo,0.728780952977,2.209950000000,-0.585547544153,-0.810638065685
2024-01-11T05:34:00Z,fourier-demo,0.736196922645,2.210100000000,-0.586791268384,-0.809738233844
2024-01-11T05:35:00Z,fourier-demo,0.719622815638,2.210250000000,-0.588033609814,-0.808836493817
2024-01-11T05:36:00Z,fourier-demo,0.681316517567,2.210400000000,-0.589274565515,-0.807932847728
2024-01-11T05:37:00Z,fourier-demo,0.624791140228,2.210550000000,-0.590514132562,-0.807027297707
2024-01-11T05:38:00Z,fourier-demo,0.554628422220,2.210700000000,-0.591752308035,-0.806119845889
2024-01-11T05:39:00Z,fourier-demo,0.476245840228,2.210850000000,-0.592989089016,-0.805210494410
2024-01-11T05:40:00Z,fourier-demo,0.395627772642,2.211000000000,-0.594224472589,-0.804299245416
2024-01-11T05:41:00Z,fourier-demo,0.319032542909,2.211150000000,-0.595458455845,-0.803386101051
2024-01-11T05:42:00Z,fourier-demo,0.252688156927,2.211300000000,-0.596691035875,-0.802471063470
2024-01-11T05:43:00Z,fourier-demo,0.202489996797,2.211450000000,-0.597922209774,-0.801554134828
2024-01-11T05:44:00Z,fourier-demo,0.173713624254,2.211600000000,-0.599151974641,-0.800635317285
2024-01-11T05:45:00Z,fourier-demo,0.170755186230,2.211750000000,-0.600380327578,-0.799714613007
2024-01-11T05:46:00Z,fourier-demo,0.196910730185,2.211900000000,-0.601607265690,-0.798792024164
2024-01-11T05:47:00Z,fourier-demo,0.254204077601,2.212050000000,-0.602832786087,-0.797867552930
2024-01-11T05:48:00Z,fourier-demo,0.343270839634,2.212200000000,-0.604056885879,-0.796941201483
2024-01-11T05:49:00Z,fourier-demo,0.463303775284,2.212350000000,-0.605279562183,-0.796012972007
2024-01-11T05:50:00Z,fourier-demo,0.612062088740,2.212500000000,-0.606500812117,-0.795082866688
2024-01-11T05:51:00Z,fourier-demo,0.785944547216,2.212650000000,-0.607720632803,-0.794150887719
2024-01-11T05:52:00Z,fourier-demo,0.980123586387,2.212800000000,-0.608939021367,-0.793217037296
2024-01-11T05:53:00Z,fourier-demo,1.188734970657,2.212950000000,-0.610155974937,-0.792281317619
2024-01-11T05:54:00Z,fourier-demo,1.405115198161,2.213100000000,-0.611371490646,-0.791343730894
2024-01-11T05:55:00Z,fourier-demo,1.622076784793,2.213250000000,-0.612585565628,-0.790404279330
2024-01-11T05:56:00Z,fourier-demo,1.832209913805,2.213400000000,-0.613798197024,-0.789462965141
2024-01-11T05:57:00Z,fourier-demo,2.028197766634,2.213550000000,-0.615009381976,-0.788519790545
2024-01-11T05:58:00Z,fourier-demo,2.203132206422,2.213700000000,-0.616219117628,-0.787574757765
2024-01-11T05:59:00Z,fourier-demo,2.350816395811,2.213850000000,-0.617427401132,-0.786627869028
2024-01-11T06:00:00Z,fourier-demo,2.466041400297,2.214000000000,-0.618634229638,-0.785679126565
2024-01-11T06:01:00Z,fourier-demo,2.544824839460,2.214150000000,-0.619839600304,-0.784728532612
2024-01-11T06:02:00Z,fourier-demo,2.584601160361,2.214300000000,-0.621043510288,-0.783776089409
2024-01-11T06:03:00Z,fourier-demo,2.584355059174,2.214450000000,-0.622245956754,-0.782821799201
2024-01-11T06:04:00Z,fourier-demo,2.544691889208,2.214600000000,-0.623446936867,-0.781865664236
2024-01-11T06:05:00Z,fourier-demo,2.467841471456,2.214750000000,-0.624646447799,-0.780907686767
2024-01-11T06:06:00Z,fourier-demo,2.357594462164,2.214900000000,-0.625844486722,-0.779947869053
2024-01-11T06:07:00Z,fourier-demo,2.219173218240,2.215050000000,-0.627041050812,-0.778986213355
2024-01-11T06:08:00Z,fourier-demo,2.059041820972,2.215200000000,-0.628236137251,-0.778022721938
2024-01-11T06:09:00Z,fourier-demo,1.884662459535,2.215350000000,-0.629429743221,-0.777057397075
2024-01-11T06:10:00Z,fourier-demo,1.704207633018,2.215500000000,-0.630621865911,-0.776090241039
2024-01-11T06:11:00Z,fourier-demo,1.526239509625,2.215650000000,-0.631812502510,-0.775121256109
2024-01-11T06:12:00Z,fourier-demo,1.359369206056,2.215800000000,-0.633001650213,-0.774150444570
2024-01-11T06:13:00Z,fourier-demo,1.211909658935,2.215950000000,-0.634189306218,-0.773177808708
2024-01-11T06:14:00Z,fourier-demo,1.091536114674,2.216100000000,-0.635375467726,-0.772203350817
2024-01-11T06:15:00Z,fourier-demo,1.004968048192,2.216250000000,-0.636560131941,-0.771227073191
2024-01-11T06:16:00Z,fourier-demo,0.957685541318,2.216400000000,-0.637743296072,-0.770248978133
2024-01-11T06:17:00Z,fourier-demo,0.953691838700,2.216550000000,-0.638924957331,-0.769269067946
2024-01-11T06:18:00Z,fourier-demo,0.995332004450,2.216700000000,-0.640105112934,-0.768287344941
2024-01-11T06:19:00Z,fourier-demo,1.083175398286,2.216850000000,-0.641283760098,-0.767303811430
2024-01-11T06:20:00Z,fourier-demo,1.215967164014,2.217000000000,-0.642460896047,-0.766318469731
2024-01-11T06:21:00Z,fourier-demo,1.390651177702,2.217150000000,-0.643636518006,-0.765331322167
2024-01-11T06:22:00Z,fourier-demo,1.602464048594,2.217300000000,-0.644810623205,-0.764342371063
2024-01-11T06:23:00Z,fourier-demo,1.845096918258,2.217450000000,-0.645983208878,-0.763351618750
2024-01-11T06:24:00Z,fourier-demo,2.110919078042,2.217600000000,-0.647154272260,-0.762359067563
2024-01-11T06:25:00Z,fourier-demo,2.391254932206,2.217750000000,-0.648323810593,-0.761364719841
2024-01-11T06:26:00Z,fourier-demo,2.676703675394,2.217900000000,-0.649491821120,-0.760368577926
2024-01-11T06:27:00Z,fourier-demo,2.957489316279,2.218050000000,-0.650658301089,-0.759370644168
2024-01-11T06:28:00Z,fourier-demo,3.223827435093,2.218200000000,-0.651823247751,-0.758370920916
2024-01-11T06:29:00Z,fourier-demo,3.466294362181,2.218350000000,-0.652986658361,-0.757369410527
2024-01-11T06:30:00Z,fourier-demo,3.676184336665,2.218500000000,-0.654148530177,-0.756366115362
2024-01-11T06:31:00Z,fourier-demo,3.845840654472,2.218650000000,-0.655308860460,-0.755361037784
2024-01-11T06:32:00Z,fourier-demo,3.968947825601,2.218800000000,-0.656467646478,-0.754354180162
2024-01-11T06:33:00Z,fourier-demo,4.040773291167,2.218950000000,-0.657624885498,-0.753345544869
2024-01-11T06:34:00Z,fourier-demo,4.058349240000,2.219100000000,-0.658780574794,-0.752335134281
2024-01-11T06:35:00Z,fourier-demo,4.020587432161,2.219250000000,-0.659934711643,-0.751322950780
2024-01-11T06:36:00Z,fourier-demo,3.928322587381,2.219400000000,-0.661087293324,-0.750308996751
2024-01-11T06:37:00Z,fourier-demo,3.784282723168,2.219550000000,-0.662238317122,-0.749293274583
2024-01-11T06:38:00Z,fourier-demo,3.592987716217,2.219700000000,-0.663387780323,-0.748275786671
2024-01-11T06:39:00Z,fourier-demo,3.360580195361,2.219850000000,-0.664535680221,-0.747256535411
2024-01-11T06:40:00Z,fourier-demo,3.094595540463,2.220000000000,-0.665682014108,-0.746235523205
2024-01-11T06:41:00Z,fourier-demo,2.803680152051,2.220150000000,-0.666826779284,-0.745212752460
2024-01-11T06:42:00Z,fourier-demo,2.497269175249,2.220300000000,-0.667969973051,-0.744188225587
2024-01-11T06:43:00Z,fourier-demo,2.185236427703,2.220450000000,-0.669111592716,-0.743161944998
2024-01-11T06:44:00Z,fourier-demo,1.877530332472,2.220600000000,-0.670251635587,-0.742133913113
2024-01-11T06:45:00Z,fourier-demo,1.583810151693,2.220750000000,-0.671390098979,-0.741104132355
2024-01-11T06:46:00Z,fourier-demo,1.313096736580,2.220900000000,-0.672526980208,-0.740072605149
2024-01-11T06:47:00Z,fourier-demo,1.073451358411,2.221050000000,-0.673662276596,-0.739039333927
2024-01-11T06:48:00Z,fourier-demo,0.871694991411,2.221200000000,-0.674795985466,-0.738004321125
2024-01-11T06:49:00Z,fourier-demo,0.713178731609,2.221350000000,-0.675928104148,-0.736967569180
2024-01-11T06:50:00Z,fourier-demo,0.601613925389,2.221500000000,-0.677058629973,-0.735929080536
2024-01-11T06:51:00Z,fourier-demo,0.538968134614,2.221650000000,-0.678187560278,-0.734888857641
2024-01-11T06:52:00Z,fourier-demo,0.525430381821,2.221800000000,-0.679314892402,-0.733846902945
2024-01-11T06:53:00Z,fourier-demo,0.559446309193,2.221950000000,-0.680440623687,-0.732803218904
2024-01-11T06:54:00Z,fourier-demo,0.637821063121,2.222100000000,-0.681564751483,-0.731757807978
2024-01-11T06:55:00Z,fourier-demo,0.755884997314,2.222250000000,-0.682687273138,-0.730710672630
2024-01-11T06:56:00Z,fourier-demo,0.907714781898,2.222400000000,-0.683808186009,-0.729661815327
2024-01-11T06:57:00Z,fourier-demo,1.086400315308,2.222550000000,-0.684927487454,-0.728611238542
2024-01-11T06:58:00Z,fourier-demo,1.284346048408,2.222700000000,-0.686045174835,-0.727558944750
2024-01-11T06:59:00Z,fourier-demo,1.493594017822,2.222850000000,-0.687161245517,-0.726504936431
2024-01-11T07:00:00Z,fourier-demo,1.706155100107,2.223000000000,-0.688275696872,-0.725449216069
2024-01-11T07:01:00Z,fourier-demo,1.914334770377,2.223150000000,-0.689388526272,-0.724391786152
2024-01-11T07:02:00Z,fourier-demo,2.111039985966,2.223300000000,-0.690499731096,-0.723332649171
2024-01-11T07:03:00Z,fourier-demo,2.290054701813,2.223450000000,-0.691609308724,-0.722271807622
2024-01-11T07:04:00Z,fourier-demo,2.446272921263,2.223600000000,-0.692717256543,-0.721209264006
2024-01-11T07:05:00Z,fourier-demo,2.575880034831,2.223750000000,-0.693823571940,-0.720145020826
2024-01-11T07:06:00Z,fourier-demo,2.676475422463,2.223900000000,-0.694928252310,-0.719079080590
2024-01-11T07:07:00Z,fourier-demo,2.747131799138,2.224050000000,-0.696031295048,-0.718011445810
2024-01-11T07:08:00Z,fourier-demo,2.788389465019,2.224200000000,-0.697132697555,-0.716942119002
2024-01-11T07:09:00Z,fourier-demo,2.802186368407,2.224350000000,-0.698232457236,-0.715871102687
2024-01-11T07:10:00Z,fourier-demo,2.791727588535,2.224500000000,-0.699330571500,-0.714798399387
2024-01-11T07:11:00Z,fourier-demo,2.761300384071,2.224650000000,-0.700427037758,-0.713724011631
2024-01-11T07:12:00Z,fourier-demo,2.716043227037,2.224800000000,-0.701521853426,-0.712647941950
2024-01-11T07:13:00Z,fourier-demo,2.661679156885,2.224950000000,-0.702615015925,-0.711570192881
2024-01-11T07:14:00Z,fourier-demo,2.604225266601,2.225100000000,-0.703706522678,-0.710490766963
2024-01-11T07:15:00Z,fourier-demo,2.549691111309,2.225250000000,-0.704796371114,-0.709409666740
2024-01-11T07:16:00Z,fourier-demo,2.503779269649,2.225400000000,-0.705884558664,-0.708326894760
2024-01-11T07:17:00Z,fourier-demo,2.471601171537,2.225550000000,-0.706971082763,-0.707242453574
2024-01-11T07:18:00Z,fourier-demo,2.457420637968,2.225700000000,-0.708055940852,-0.706156345737
2024-01-11T07:19:00Z,fourier-demo,2.464436387334,2.225850000000,-0.709139130373,-0.705068573810
2024-01-11T07:20:00Z,fourier-demo,2.494613098114,2.226000000000,-0.710220648774,-0.703979140355
2024-01-11T07:21:00Z,fourier-demo,2.548568549003,2.226150000000,-0.711300493507,-0.702888047940
2024-01-11T07:22:00Z,fourier-demo,2.625521970666,2.226300000000,-0.712378662026,-0.701795299136
2024-01-11T07:23:00Z,fourier-demo,2.723306137648,2.226450000000,-0.713455151792,-0.700700896518
2024-01-11T07:24:00Z,fourier-demo,2.838443012913,2.226600000000,-0.714529960267,-0.699604842666
2024-01-11T07:25:00Z,fourier-demo,2.966280043964,2.226750000000,-0.715603084918,-0.698507140161
2024-01-11T07:26:00Z,fourier-demo,3.101181611669,2.226900000000,-0.716674523216,-0.697407791592
2024-01-11T07:27:00Z,fourier-demo,3.236767758958,2.227050000000,-0.717744272637,-0.696306799548
2024-01-11T07:28:00Z,fourier-demo,3.366190275715,2.227200000000,-0.718812330660,-0.695204166624
2024-01-11T07:29:00Z,fourier-demo,3.482434574385,2.227350000000,-0.719878694768,-0.694099895418
2024-01-11T07:30:00Z,fourier-demo,3.578634627202,2.227500000000,-0.720943362447,-0.692993988534
2024-01-11T07:31:00Z,fourier-demo,3.648387599923,2.227650000000,-0.722006331189,-0.691886448576
2024-01-11T07:32:00Z,fourier-demo,3.686054736400,2.227800000000,-0.723067598489,-0.690777278155
2024-01-11T07:33:00Z,fourier-demo,3.687035527999,2.227950000000,-0.724127161846,-0.689666479885
2024-01-11T07:34:00Z,fourier-demo,3.648003223610,2.228100000000,-0.725185018763,-0.688554056383
2024-01-11T07:35:00Z,fourier-demo,3.567091259161,2.228250000000,-0.726241166748,-0.687440010270
2024-01-11T07:36:00Z,fourier-demo,3.444022148736,2.228400000000,-0.727295603311,-0.686324344173
2024-01-11T07:37:00Z,fourier-demo,3.280172703014,2.228550000000,-0.728348325967,-0.685207060721
2024-01-11T07:38:00Z,fourier-demo,3.078572030190,2.228700000000,-0.729399332236,-0.684088162545
2024-01-11T07:39:00Z,fourier-demo,2.843831523968,2.228850000000,-0.730448619641,-0.682967652283
2024-01-11T07:40:00Z,fourier-demo,2.582008840127,2.229000000000,-0.731496185709,-0.681845532576
2024-01-11T07:41:00Z,fourier-demo,2.300410592772,2.229150000000,-0.732542027972,-0.680721806067
2024-01-11T07:42:00Z,fourier-demo,2.007341051340,2.229300000000,-0.733586143965,-0.679596475405
2024-01-11T07:43:00Z,fourier-demo,1.711806384658,2.229450000000,-0.734628531227,-0.678469543242
2024-01-11T07:44:00Z,fourier-demo,1.423185885054,2.229600000000,-0.735669187303,-0.677341012234
2024-01-11T07:45:00Z,fourier-demo,1.150883035276,2.229750000000,-0.736708109739,-0.676210885039
2024-01-11T07:46:00Z,fourier-demo,0.903970193763,2.229900000000,-0.737745296088,-0.675079164321
2024-01-11T07:47:00Z,fourier-demo,0.690841030820,2.230050000000,-0.738780743905,-0.673945852747
2024-01-11T07:48:00Z,fourier-demo,0.518884633053,2.230200000000,-0.739814450750,-0.672810952989
2024-01-11T07:49:00Z,fourier-demo,0.394194413021,2.230350000000,-0.740846414188,-0.671674467719
2024-01-11T07:50:00Z,fourier-demo,0.321323645572,2.230500000000,-0.741876631786,-0.670536399616
2024-01-11T07:51:00Z,fourier-demo,0.303097653651,2.230650000000,-0.742905101116,-0.669396751363
2024-01-11T07:52:00Z,fourier-demo,0.340490456172,2.230800000000,-0.743931819756,-0.668255525645
2024-01-11T07:53:00Z,fourier-demo,0.432571157432,2.230950000000,-0.744956785285,-0.667112725151
2024-01-11T07:54:00Z,fourier-demo,0.576522603430,2.231100000000,-0.745979995288,-0.665968352574
2024-01-11T07:55:00Z,fourier-demo,0.767731966181,2.231250000000,-0.747001447354,-0.664822410611
2024-01-11T07:56:00Z,fourier-demo,0.999950058543,2.231400000000,-0.748021139076,-0.663674901963
2024-01-11T07:57:00Z,fourier-demo,1.265513444542,2.231550000000,-0.749039068050,-0.662525829334
2024-01-11T07:58:00Z,fourier-demo,1.555620904613,2.231700000000,-0.750055231879,-0.661375195431
2024-01-11T07:59:00Z,fourier-demo,1.860653643014,2.231850000000,-0.751069628167,-0.660223002966
2024-01-11T08:00:00Z,fourier-demo,2.170526873955,2.232000000000,-0.752082254524,-0.659069254654
2024-01-11T08:01:00Z,fourier-demo,2.475059164791,2.232150000000,-0.753093108563,-0.657913953215
2024-01-11T08:02:00Z,fourier-demo,2.764345200034,2.232300000000,-0.754102187903,-0.656757101370
2024-01-11T08:03:00Z,fourier-demo,3.029117488150,2.232450000000,-0.755109490165,-0.655598701846
2024-01-11T08:04:00Z,fourier-demo,3.261082969924,2.232600000000,-0.756115012976,-0.654438757373
2024-01-11T08:05:00Z,fourier-demo,3.453221485199,2.232750000000,-0.757118753967,-0.653277270684
2024-01-11T08:06:00Z,fourier-demo,3.600034573761,2.232900000000,-0.758120710771,-0.652114244516
2024-01-11T08:07:00Z,fourier-demo,3.697735064622,2.233050000000,-0.759120881028,-0.650949681610
2024-01-11T08:08:00Z,fourier-demo,3.744370266168,2.233200000000,-0.760119262380,-0.649783584710
2024-01-11T08:09:00Z,fourier-demo,3.739874212178,2.233350000000,-0.761115852476,-0.648615956564
2024-01-11T08:10:00Z,fourier-demo,3.686047238914,2.233500000000,-0.762110648966,-0.647446799925
2024-01-11T08:11:00Z,fourier-demo,3.586464052405,2.233650000000,-0.763103649506,-0.646276117546
2024-01-11T08:12:00Z,fourier-demo,3.446314276392,2.233800000000,-0.764094851757,-0.645103912187
2024-01-11T08:13:00Z,fourier-demo,3.272182136007,2.233950000000,-0.765084253382,-0.643930186610
2024-01-11T08:14:00Z,fourier-demo,3.071774322865,2.234100000000,-0.766071852049,-0.642754943581
2024-01-11T08:15:00Z,fourier-demo,2.853607107953,2.234250000000,-0.767057645432,-0.641578185870
2024-01-11T08:16:00Z,fourier-demo,2.626665338479,2.234400000000,-0.768041631208,-0.640399916249
2024-01-11T08:17:00Z,fourier-demo,2.400047011387,2.234550000000,-0.769023807056,-0.639220137496
2024-01-11T08:18:00Z,fourier-demo,2.182607617944,2.234700000000,-0.770004170664,-0.638038852390
2024-01-11T08:19:00Z,fourier-demo,1.982618381791,2.234850000000,-0.770982719721,-0.636856063716
2024-01-11T08:20:00Z,fourier-demo,1.807451871481,2.235000000000,-0.771959451921,-0.635671774260
2024-01-11T08:21:00Z,fourier-demo,1.663307285508,2.235150000000,-0.772934364961,-0.634485986813
2024-01-11T08:22:00Z,fourier-demo,1.554986032591,2.235300000000,-0.773907456545,-0.633298704170
2024-01-11T08:23:00Z,fourier-demo,1.485726132082,2.235450000000,-0.774878724380,-0.632109929129
2024-01-11T08:24:00Z,fourier-demo,1.457101525413,2.235600000000,-0.775848166176,-0.630919664491
2024-01-11T08:25:00Z,fourier-demo,1.468989719530,2.235750000000,-0.776815779649,-0.629727913061
2024-01-11T08:26:00Z,fourier-demo,1.519608386852,2.235900000000,-0.777781562519,-0.628534677647
2024-01-11T08:27:00Z,fourier-demo,1.605618737828,2.236050000000,-0.778745512510,-0.627339961062
2024-01-11T08:28:00Z,fourier-demo,1.722290776376,2.236200000000,-0.779707627351,-0.626143766120
2024-01-11T08:29:00Z,fourier-demo,1.863723055587,2.236350000000,-0.780667904773,-0.624946095641
2024-01-11T08:30:00Z,fourier-demo,2.023107372341,2.236500000000,-0.781626342515,-0.623746952447
2024-01-11T08:31:00Z,fourier-demo,2.193027063156,2.236650000000,-0.782582938317,-0.622546339363
2024-01-11T08:32:00Z,fourier-demo,2.365776261149,2.236800000000,-0.783537689926,-0.621344259220
2024-01-11T08:33:00Z,fourier-demo,2.533686697435,2.236950000000,-0.784490595091,-0.620140714849
2024-01-11T08:34:00Z,fourier-demo,2.689448409820,2.237100000000,-0.785441651567,-0.618935709088
2024-01-11T08:35:00Z,fourier-demo,2.826411064706,2.237250000000,-0.786390857112,-0.617729244775
2024-01-11T08:36:00Z,fourier-demo,2.938853488844,2.237400000000,-0.787338209490,-0.616521324755
2024-01-11T08:37:00Z,fourier-demo,3.022210407697,2.237550000000,-0.788283706468,-0.615311951872
2024-01-11T08:38:00Z,fourier-demo,3.073247237542,2.237700000000,-0.789227345819,-0.614101128978
2024-01-11T08:39:00Z,fourier-demo,3.090176001422,2.237850000000,-0.790169125318,-0.612888858925
2024-01-11T08:40:00Z,fourier-demo,3.072707941820,2.238000000000,-0.791109042746,-0.611675144571
2024-01-11T08:41:00Z,fourier-demo,3.022041081311,2.238150000000,-0.792047095888,-0.610459988776
2024-01-11T08:42:00Z,fourier-demo,2.940783725064,2.238300000000,-0.792983282533,-0.609243394402
2024-01-11T08:43:00Z,fourier-demo,2.832817592239,2.238450000000,-0.793917600476,-0.608025364318
2024-01-11T08:44:00Z,fourier-demo,2.703106795281,2.238600000000,-0.794850047515,-0.606805901393
2024-01-11T08:45:00Z,fourier-demo,2.557461152142,2.238750000000,-0.795780621452,-0.605585008501
2024-01-11T08:46:00Z,fourier-demo,2.402264222834,2.238900000000,-0.796709320094,-0.604362688520
2024-01-11T08:47:00Z,fourier-demo,2.244177929441,2.239050000000,-0.797636141253,-0.603138944329
2024-01-11T08:48:00Z,fourier-demo,2.089836587486,2.239200000000,-0.798561082745,-0.601913778813
2024-01-11T08:49:00Z,fourier-demo,1.945543606208,2.239350000000,-0.799484142390,-0.600687194859
2024-01-11T08:50:00Z,fourier-demo,1.816983988313,2.239500000000,-0.800405318012,-0.599459195357
2024-01-11T08:51:00Z,fourier-demo,1.708965081631,2.239650000000,-0.801324607442,-0.598229783201
2024-01-11T08:52:00Z,fourier-demo,1.625196833994,2.239800000000,-0.802242008512,-0.596998961288
2024-01-11T08:53:00Z,fourier-demo,1.568121128518,2.239950000000,-0.803157519061,-0.595766732518
2024-01-11T08:54:00Z,fourier-demo,1.538797698758,2.240100000000,-0.804071136931,-0.594533099797
2024-01-11T08:55:00Z,fourier-demo,1.536851728249,2.240250000000,-0.804982859970,-0.593298066030
2024-01-11T08:56:00Z,fourier-demo,1.560485626027,2.240400000000,-0.805892686028,-0.592061634128
2024-01-11T08:57:00Z,fourier-demo,1.606554747445,2.240550000000,-0.806800612963,-0.590823807004
2024-01-11T08:58:00Z,fourier-demo,1.670704111044,2.240700000000,-0.807706638633,-0.589584587577
2024-01-11T08:59:00Z,fourier-demo,1.747560560460,2.240850000000,-0.808610760905,-0.588343978765
2024-01-11T09:00:00Z,fourier-demo,1.830972443795,2.241000000000,-0.809512977646,-0.587101983493
2024-01-11T09:01:00Z,fourier-demo,1.914286830646,2.241150000000,-0.810413286733,-0.585858604688
2024-01-11T09:02:00Z,fourier-demo,1.990652645120,2.241300000000,-0.811311686042,-0.584613845279
2024-01-11T09:03:00Z,fourier-demo,2.053336930693,2.241450000000,-0.812208173457,-0.583367708200
2024-01-11T09:04:00Z,fourier-demo,2.096040829175,2.241600000000,-0.813102746864,-0.582120196387
2024-01-11T09:05:00Z,fourier-demo,2.113201778969,2.241750000000,-0.813995404157,-0.580871312780
2024-01-11T09:06:00Z,fourier-demo,2.100268922103,2.241900000000,-0.814886143231,-0.579621060323
2024-01-11T09:07:00Z,fourier-demo,2.053939736759,2.242050000000,-0.815774961987,-0.578369441961
2024-01-11T09:08:00Z,fourier-demo,1.972347441489,2.242200000000,-0.816661858331,-0.577116460645
2024-01-11T09:09:00Z,fourier-demo,1.855190687511,2.242350000000,-0.817546830173,-0.575862119326
2024-01-11T09:10:00Z,fourier-demo,1.703799386613,2.242500000000,-0.818429875427,-0.574606420960
2024-01-11T09:11:00Z,fourier-demo,1.521133119408,2.242650000000,-0.819310992012,-0.573349368508
2024-01-11T09:12:00Z,fourier-demo,1.311711326207,2.242800000000,-0.820190177852,-0.572090964930
2024-01-11T09:13:00Z,fourier-demo,1.081477287644,2.242950000000,-0.821067430875,-0.570831213194
2024-01-11T09:14:00Z,fourier-demo,0.837600639624,2.243100000000,-0.821942749014,-0.569570116266
2024-01-11T09:15:00Z,fourier-demo,0.588225724615,2.243250000000,-0.822816130206,-0.568307677120
2024-01-11T09:16:00Z,fourier-demo,0.342175353499,2.243400000000,-0.823687572393,-0.567043898729
2024-01-11T09:17:00Z,fourier-demo,0.108621445152,2.243550000000,-0.824557073521,-0.565778784073
2024-01-11T09:18:00Z,fourier-demo,-0.103264553802,2.243700000000,-0.825424631541,-0.564512336132
2024-01-11T09:19:00Z,fourier-demo,-0.284667649285,2.243850000000,-0.826290244409,-0.563244557892
2024-01-11T09:20:00Z,fourier-demo,-0.427477499824,2.244000000000,-0.827153910085,-0.561975452338
2024-01-11T09:21:00Z,fourier-demo,-0.524614868909,2.244150000000,-0.828015626534,-0.560705022464
2024-01-11T09:22:00Z,fourier-demo,-0.570323141348,2.244300000000,-0.828875391724,-0.559433271261
2024-01-11T09:23:00Z,fourier-demo,-0.560413030873,2.244450000000,-0.829733203631,-0.558160201727
2024-01-11T09:24:00Z,fourier-demo,-0.492450406197,2.244600000000,-0.830589060232,-0.556885816862
2024-01-11T09:25:00Z,fourier-demo,-0.365879375416,2.244750000000,-0.831442959511,-0.555610119670
2024-01-11T09:26:00Z,fourier-demo,-0.182075305469,2.244900000000,-0.832294899455,-0.554333113156
2024-01-11T09:27:00Z,fourier-demo,0.055674787620,2.245050000000,-0.833144878057,-0.553054800330
2024-01-11T09:28:00Z,fourier-demo,0.342264171878,2.245200000000,-0.833992893313,-0.551775184204
2024-01-11T09:29:00Z,fourier-demo,0.670927484521,2.245350000000,-0.834838943226,-0.550494267794
2024-01-11T09:30:00Z,fourier-demo,1.033465052539,2.245500000000,-0.835683025801,-0.549212054118
2024-01-11T09:31:00Z,fourier-demo,1.420522018148,2.245650000000,-0.836525139050,-0.547928546197
2024-01-11T09:32:00Z,fourier-demo,1.821911657440,2.245800000000,-0.837365280987,-0.546643747057
2024-01-11T09:33:00Z,fourier-demo,2.226970520475,2.245950000000,-0.838203449634,-0.545357659726
2024-01-11T09:34:00Z,fourier-demo,2.624931753373,2.246100000000,-0.839039643015,-0.544070287233
2024-01-11T09:35:00Z,fourier-demo,3.005302238805,2.246250000000,-0.839873859159,-0.542781632613
2024-01-11T09:36:00Z,fourier-demo,3.358229040105,2.246400000000,-0.840706096100,-0.541491698902
2024-01-11T09:37:00Z,fourier-demo,3.674841062030,2.246550000000,-0.841536351878,-0.540200489141
2024-01-11T09:38:00Z,fourier-demo,3.947552830753,2.246700000000,-0.842364624536,-0.538908006371
2024-01-11T09:39:00Z,fourier-demo,4.170318806813,2.246850000000,-0.843190912121,-0.537614253639
2024-01-11T09:40:00Z,fourier-demo,4.338828616373,2.247000000000,-0.844015212687,-0.536319233994
2024-01-11T09:41:00Z,fourier-demo,4.450635938442,2.247150000000,-0.844837524292,-0.535022950487
2024-01-11T09:42:00Z,fourier-demo,4.505216423551,2.247300000000,-0.845657844997,-0.533725406174
2024-01-11T09:43:00Z,fourier-demo,4.503952836058,2.247450000000,-0.846476172869,-0.532426604111
2024-01-11T09:44:00Z,fourier-demo,4.450048494148,2.247600000000,-0.847292505980,-0.531126547359
2024-01-11T09:45:00Z,fourier-demo,4.348372912200,2.247750000000,-0.848106842406,-0.529825238983
2024-01-11T09:46:00Z,fourier-demo,4.205246215601,2.247900000000,-0.848919180229,-0.528522682049
2024-01-11T09:47:00Z,fourier-demo,4.028171291020,2.248050000000,-0.849729517533,-0.527218879626
2024-01-11T09:48:00Z,fourier-demo,3.825524659535,2.248200000000,-0.850537852409,-0.525913834786
2024-01-11T09:49:00Z,fourier-demo,3.606218635050,2.248350000000,-0.851344182953,-0.524607550606
2024-01-11T09:50:00Z,fourier-demo,3.379348393528,2.248500000000,-0.852148507263,-0.523300030163
2024-01-11T09:51:00Z,fourier-demo,3.153838088164,2.248650000000,-0.852950823446,-0.521991276539
2024-01-11T09:52:00Z,fourier-demo,2.938100082608,2.248800000000,-0.853751129609,-0.520681292818
2024-01-11T09:53:00Z,fourier-demo,2.739720743174,2.248950000000,-0.854549423868,-0.519370082087
2024-01-11T09:54:00Z,fourier-demo,2.565185058902,2.249100000000,-0.855345704340,-0.518057647436
2024-01-11T09:55:00Z,fourier-demo,2.419650694817,2.249250000000,-0.856139969150,-0.516743991957
2024-01-11T09:56:00Z,fourier-demo,2.306779998193,2.249400000000,-0.856932216426,-0.515429118747
2024-01-11T09:57:00Z,fourier-demo,2.228636056231,2.249550000000,-0.857722444300,-0.514113030903
2024-01-11T09:58:00Z,fourier-demo,2.185646246403,2.249700000000,-0.858510650911,-0.512795731528
2024-01-11T09:59:00Z,fourier-demo,2.176633937007,2.249850000000,-0.859296834400,-0.511477223725
2024-01-11T10:00:00Z,fourier-demo,2.198916199444,2.250000000000,-0.860080992916,-0.510157510602
2024-01-11T10:01:00Z,fourier-demo,2.248462699900,2.250150000000,-0.860863124611,-0.508836595269
2024-01-11T10:02:00Z,fourier-demo,2.320108456464,2.250300000000,-0.861643227641,-0.507514480839
2024-01-11T10:03:00Z,fourier-demo,2.407810979405,2.250450000000,-0.862421300168,-0.506191170426
2024-01-11T10:04:00Z,fourier-demo,2.504940545291,2.250600000000,-0.863197340358,-0.504866667150
2024-01-11T10:05:00Z,fourier-demo,2.604591061384,2.250750000000,-0.863971346383,-0.503540974132
2024-01-11T10:06:00Z,fourier-demo,2.699898206883,2.250900000000,-0.864743316418,-0.502214094496
2024-01-11T10:07:00Z,fourier-demo,2.784351322431,2.251050000000,-0.865513248645,-0.500886031368
2024-01-11T10:08:00Z,fourier-demo,2.852085866086,2.251200000000,-0.866281141249,-0.499556787879
2024-01-11T10:09:00Z,fourier-demo,2.898144146639,2.251350000000,-0.867046992421,-0.498226367161
2024-01-11T10:10:00Z,fourier-demo,2.918693445731,2.251500000000,-0.867810800355,-0.496894772348
2024-01-11T10:11:00Z,fourier-demo,2.911192489132,2.251650000000,-0.868572563252,-0.495562006580
2024-01-11T10:12:00Z,fourier-demo,2.874499447480,2.251800000000,-0.869332279317,-0.494228072996
2024-01-11T10:13:00Z,fourier-demo,2.808917144786,2.251950000000,-0.870089946759,-0.492892974740
2024-01-11T10:14:00Z,fourier-demo,2.716173825024,2.252100000000,-0.870845563793,-0.491556714959
2024-01-11T10:15:00Z,fourier-demo,2.599340561882,2.252250000000,-0.871599128639,-0.490219296801
2024-01-11T10:16:00Z,fourier-demo,2.462689080632,2.252400000000,-0.872350639519,-0.488880723419
2024-01-11T10:17:00Z,fourier-demo,2.311496282554,2.252550000000,-0.873100094664,-0.487540997965
2024-01-11T10:18:00Z,fourier-demo,2.151804016735,2.252700000000,-0.873847492308,-0.486200123598
2024-01-11T10:19:00Z,fourier-demo,1.990144537876,2.252850000000,-0.874592830688,-0.484858103478
2024-01-11T10:20:00Z,fourier-demo,1.833243543311,2.253000000000,-0.875336108050,-0.483514940767
2024-01-11T10:21:00Z,fourier-demo,1.687713637335,2.253150000000,-0.876077322640,-0.482170638629
2024-01-11T10:22:00Z,fourier-demo,1.559751486606,2.253300000000,-0.876816472712,-0.480825200234
2024-01-11T10:23:00Z,fourier-demo,1.454851789245,2.253450000000,-0.877553556525,-0.479478628752
2024-01-11T10:24:00Z,fourier-demo,1.377550488105,2.253600000000,-0.878288572342,-0.478130927355
2024-01-11T10:25:00Z,fourier-demo,1.331208443941,2.253750000000,-0.879021518430,-0.476782099220
2024-01-11T10:26:00Z,fourier-demo,1.317845097020,2.253900000000,-0.879752393062,-0.475432147526
2024-01-11T10:27:00Z,fourier-demo,1.338029555692,2.254050000000,-0.880481194516,-0.474081075454
2024-01-11T10:28:00Z,fourier-demo,1.390834144175,2.254200000000,-0.881207921075,-0.472728886186
2024-01-11T10:29:00Z,fourier-demo,1.473852818672,2.254350000000,-0.881932571025,-0.471375582911
2024-01-11T10:30:00Z,fourier-demo,1.583284129803,2.254500000000,-0.882655142660,-0.470021168817
2024-01-11T10:31:00Z,fourier-demo,1.714075683251,2.254650000000,-0.883375634276,-0.468665647096
2024-01-11T10:32:00Z,fourier-demo,1.860124442853,2.254800000000,-0.884094044175,-0.467309020942
2024-01-11T10:33:00Z,fourier-demo,2.014524839412,2.254950000000,-0.884810370665,-0.465951293553
2024-01-11T10:34:00Z,fourier-demo,2.169854593697,2.255100000000,-0.885524612058,-0.464592468127
2024-01-11T10:35:00Z,fourier-demo,2.318486519174,2.255250000000,-0.886236766670,-0.463232547867
2024-01-11T10:36:00Z,fourier-demo,2.452913408353,2.255400000000,-0.886946832823,-0.461871535977
2024-01-11T10:37:00Z,fourier-demo,2.566072475387,2.255550000000,-0.887654808843,-0.460509435666
2024-01-11T10:38:00Z,fourier-demo,2.651655754528,2.255700000000,-0.888360693064,-0.459146250142
2024-01-11T10:39:00Z,fourier-demo,2.704393343880,2.255850000000,-0.889064483820,-0.457781982618
2024-01-11T10:40:00Z,fourier-demo,2.720297418101,2.256000000000,-0.889766179454,-0.456416636310
2024-01-11T10:41:00Z,fourier-demo,2.696856471462,2.256150000000,-0.890465778312,-0.455050214434
2024-01-11T10:42:00Z,fourier-demo,2.633171232278,2.256300000000,-0.891163278745,-0.453682720210
2024-01-11T10:43:00Z,fourier-demo,2.530026031264,2.256450000000,-0.891858679109,-0.452314156862
2024-01-11T10:44:00Z,fourier-demo,2.389892014810,2.256600000000,-0.892551977766,-0.450944527614
2024-01-11T10:45:00Z,fourier-demo,2.216861363469,2.256750000000,-0.893243173083,-0.449573835694
2024-01-11T10:46:00Z,fourier-demo,2.016514493041,2.256900000000,-0.893932263430,-0.448202084332
2024-01-11T10:47:00Z,fourier-demo,1.795724965494,2.257050000000,-0.894619247183,-0.446829276761
2024-01-11T10:48:00Z,fourier-demo,1.562409406815,2.257200000000,-0.895304122723,-0.445455416215
2024-01-11T10:49:00Z,fourier-demo,1.325232013213,2.257350000000,-0.895986888437,-0.444080505933
2024-01-11T10:50:00Z,fourier-demo,1.093275131926,2.257500000000,-0.896667542715,-0.442704549153
2024-01-11T10:51:00Z,fourier-demo,0.875688849221,2.257650000000,-0.897346083954,-0.441327549120
2024-01-11T10:52:00Z,fourier-demo,0.681333445988,2.257800000000,-0.898022510555,-0.439949509077
2024-01-11T10:53:00Z,fourier-demo,0.518428951244,2.257950000000,-0.898696820922,-0.438570432273
2024-01-11T10:54:00Z,fourier-demo,0.394225819454,2.258100000000,-0.899369013469,-0.437190321956
2024-01-11T10:55:00Z,fourier-demo,0.314709985561,2.258250000000,-0.900039086609,-0.435809181380
2024-01-11T10:56:00Z,fourier-demo,0.284354241948,2.258400000000,-0.900707038765,-0.434427013799
2024-01-11T10:57:00Z,fourier-demo,0.305926086135,2.258550000000,-0.901372868363,-0.433043822470
2024-01-11T10:58:00Z,fourier-demo,0.380359978344,2.258700000000,-0.902036573832,-0.431659610653
2024-01-11T10:59:00Z,fourier-demo,0.506699412919,2.258850000000,-0.902698153610,-0.430274381610
2024-01-11T11:00:00Z,fourier-demo,0.682111448759,2.259000000000,-0.903357606136,-0.428888138604
2024-01-11T11:01:00Z,fourier-demo,0.901973472543,2.259150000000,-0.904014929858,-0.427500884904
2024-01-11T11:02:00Z,fourier-demo,1.160029100454,2.259300000000,-0.904670123226,-0.426112623777
2024-01-11T11:03:00Z,fourier-demo,1.448607374994,2.259450000000,-0.905323184696,-0.424723358496
2024-01-11T11:04:00Z,fourier-demo,1.758896894461,2.259600000000,-0.905974112729,-0.423333092334
2024-01-11T11:05:00Z,fourier-demo,2.081264325386,2.259750000000,-0.906622905791,-0.421941828568
2024-01-11T11:06:00Z,fourier-demo,2.405604981169,2.259900000000,-0.907269562353,-0.420549570475
2024-01-11T11:07:00Z,fourier-demo,2.721711874583,2.260050000000,-0.907914080892,-0.419156321338
2024-01-11T11:08:00Z,fourier-demo,3.019648919278,2.260200000000,-0.908556459888,-0.417762084439
2024-01-11T11:09:00Z,fourier-demo,3.290113795371,2.260350000000,-0.909196697828,-0.416366863064
2024-01-11T11:10:00Z,fourier-demo,3.524776412940,2.260500000000,-0.909834793203,-0.414970660501
2024-01-11T11:11:00Z,fourier-demo,3.716579887570,2.260650000000,-0.910470744509,-0.413573480040
2024-01-11T11:12:00Z,fourier-demo,3.859992444271,2.260800000000,-0.911104550248,-0.412175324973
2024-01-11T11:13:00Z,fourier-demo,3.951200628888,2.260950000000,-0.911736208926,-0.410776198596
2024-01-11T11:14:00Z,fourier-demo,3.988236550177,2.261100000000,-0.912365719054,-0.409376104205
2024-01-11T11:15:00Z,fourier-demo,3.971034505847,2.261250000000,-0.912993079150,-0.407975045100
2024-01-11T11:16:00Z,fourier-demo,3.901415155710,2.261400000000,-0.913618287734,-0.406573024583
2024-01-11T11:17:00Z,fourier-demo,3.782998280878,2.261550000000,-0.914241343333,-0.405170045957
2024-01-11T11:18:00Z,fourier-demo,3.621047993639,2.261700000000,-0.914862244479,-0.403766112528
2024-01-11T11:19:00Z,fourier-demo,3.422256924108,2.261850000000,-0.915480989709,-0.402361227606
2024-01-11T11:20:00Z,fourier-demo,3.194478299926,2.262000000000,-0.916097577565,-0.400955394500
2024-01-11T11:21:00Z,fourier-demo,2.946416858164,2.262150000000,-0.916712006594,-0.399548616524
2024-01-11T11:22:00Z,fourier-demo,2.687291103320,2.262300000000,-0.917324275347,-0.398140896993
2024-01-11T11:23:00Z,fourier-demo,2.426480489277,2.262450000000,-0.917934382383,-0.396732239224
2024-01-11T11:24:00Z,fourier-demo,2.173171614807,2.262600000000,-0.918542326262,-0.395322646537
2024-01-11T11:25:00Z,fourier-demo,1.936017462456,2.262750000000,-0.919148105553,-0.393912122253
2024-01-11T11:26:00Z,fourier-demo,1.722823083745,2.262900000000,-0.919751718828,-0.392500669696
2024-01-11T11:27:00Z,fourier-demo,1.540269966808,2.263050000000,-0.920353164665,-0.391088292194
2024-01-11T11:28:00Z,fourier-demo,1.393689665260,2.263200000000,-0.920952441646,-0.389674993073
2024-01-11T11:29:00Z,fourier-demo,1.286895188268,2.263350000000,-0.921549548359,-0.388260775664
2024-01-11T11:30:00Z,fourier-demo,1.222076237875,2.263500000000,-0.922144483397,-0.386845643301
2024-01-11T11:31:00Z,fourier-demo,1.199761730231,2.263650000000,-0.922737245357,-0.385429599318
2024-01-11T11:32:00Z,fourier-demo,1.218850261722,2.263800000000,-0.923327832844,-0.384012647051
2024-01-11T11:33:00Z,fourier-demo,1.276706393042,2.263950000000,-0.923916244465,-0.382594789841
2024-01-11T11:34:00Z,fourier-demo,1.369317938410,2.264100000000,-0.924502478834,-0.381176031027
2024-01-11T11:35:00Z,fourier-demo,1.491506973173,2.264250000000,-0.925086534569,-0.379756373955
2024-01-11T11:36:00Z,fourier-demo,1.637185111948,2.264400000000,-0.925668410294,-0.378335821969
2024-01-11T11:37:00Z,fourier-demo,1.799641849080,2.264550000000,-0.926248104637,-0.376914378416
2024-01-11T11:38:00Z,fourier-demo,1.971853464680,2.264700000000,-0.926825616233,-0.375492046647
2024-01-11T11:39:00Z,fourier-demo,2.146799234689,2.264850000000,-0.927400943720,-0.374068830013
2024-01-11T11:40:00Z,fourier-demo,2.317771472099,2.265000000000,-0.927974085743,-0.372644731868
2024-01-11T11:41:00Z,fourier-demo,2.478666275997,2.265150000000,-0.928545040952,-0.371219755568
2024-01-11T11:42:00Z,fourier-demo,2.624242759400,2.265300000000,-0.929113808000,-0.369793904471
2024-01-11T11:43:00Z,fourier-demo,2.750339927659,2.265450000000,-0.929680385547,-0.368367181938
2024-01-11T11:44:00Z,fourier-demo,2.854042227137,2.265600000000,-0.930244772259,-0.366939591330
2024-01-11T11:45:00Z,fourier-demo,2.933787001456,2.265750000000,-0.930806966805,-0.365511136011
2024-01-11T11:46:00Z,fourier-demo,2.989409587041,2.265900000000,-0.931366967860,-0.364081819348
2024-01-11T11:47:00Z,fourier-demo,3.022124446787,2.266050000000,-0.931924774105,-0.362651644709
2024-01-11T11:48:00Z,fourier-demo,3.034443469435,2.266200000000,-0.932480384225,-0.361220615464
2024-01-11T11:49:00Z,fourier-demo,3.030035238932,2.266350000000,-0.933033796911,-0.359788734986
2024-01-11T11:50:00Z,fourier-demo,3.013531591422,2.266500000000,-0.933585010858,-0.358356006648
2024-01-11T11:51:00Z,fourier-demo,2.990290022917,2.266650000000,-0.934134024769,-0.356922433828
2024-01-11T11:52:00Z,fourier-demo,2.966122394832,2.266800000000,-0.934680837348,-0.355488019903
2024-01-11T11:53:00Z,fourier-demo,2.947001828878,2.266950000000,-0.935225447308,-0.354052768254
2024-01-11T11:54:00Z,fourier-demo,2.938760627177,2.267100000000,-0.935767853364,-0.352616682263
2024-01-11T11:55:00Z,fourier-demo,2.946792458325,2.267250000000,-0.936308054240,-0.351179765313
2024-01-11T11:56:00Z,fourier-demo,2.975771898269,2.267400000000,-0.936846048661,-0.349742020792
2024-01-11T11:57:00Z,fourier-demo,3.029403712187,2.267550000000,-0.937381835360,-0.348303452088
2024-01-11T11:58:00Z,fourier-demo,3.110213038710,2.267700000000,-0.937915413075,-0.346864062590
2024-01-11T11:59:00Z,fourier-demo,3.219385941074,2.267850000000,-0.938446780548,-0.345423855690
2024-01-11T12:00:00Z,fourier-demo,3.356667691086,2.268000000000,-0.938975936526,-0.343982834783
2024-01-11T12:01:00Z,fourier-demo,3.520323737681,2.268150000000,-0.939502879763,-0.342541003263
2024-01-11T12:02:00Z,fourier-demo,3.707165682035,2.268300000000,-0.940027609017,-0.341098364530
2024-01-11T12:03:00Z,fourier-demo,3.912641844617,2.268450000000,-0.940550123052,-0.339654921982
2024-01-11T12:04:00Z,fourier-demo,4.130989279405,2.268600000000,-0.941070420636,-0.338210679022
2024-01-11T12:05:00Z,fourier-demo,4.355441480151,2.268750000000,-0.941588500543,-0.336765639052
2024-01-11T12:06:00Z,fourier-demo,4.578483641597,2.268900000000,-0.942104361552,-0.335319805477
2024-01-11T12:07:00Z,fourier-demo,4.792145284121,2.269050000000,-0.942618002447,-0.333873181706
2024-01-11T12:08:00Z,fourier-demo,4.988318409542,2.269200000000,-0.943129422019,-0.332425771147
2024-01-11T12:09:00Z,fourier-demo,5.159088197724,2.269350000000,-0.943638619061,-0.330977577211
2024-01-11T12:10:00Z,fourier-demo,5.297062627657,2.269500000000,-0.944145592375,-0.329528603310
2024-01-11T12:11:00Z,fourier-demo,5.395687340340,2.269650000000,-0.944650340764,-0.328078852860
2024-01-11T12:12:00Z,fourier-demo,5.449532558760,2.269800000000,-0.945152863041,-0.326628329276
2024-01-11T12:13:00Z,fourier-demo,5.454539923885,2.269950000000,-0.945653158020,-0.325177035978
2024-01-11T12:14:00Z,fourier-demo,5.408218653899,2.270100000000,-0.946151224522,-0.323724976384
2024-01-11T12:15:00Z,fourier-demo,5.309782425154,2.270250000000,-0.946647061375,-0.322272153917
2024-01-11T12:16:00Z,fourier-demo,5.160220727178,2.270400000000,-0.947140667409,-0.320818572000
2024-01-11T12:17:00Z,fourier-demo,4.962301065660,2.270550000000,-0.947632041461,-0.319364234060
2024-01-11T12:18:00Z,fourier-demo,4.720501170034,2.270700000000,-0.948121182373,-0.317909143522
2024-01-11T12:19:00Z,fourier-demo,4.440873193208,2.270850000000,-0.948608088993,-0.316453303816
2024-01-11T12:20:00Z,fourier-demo,4.130844654462,2.271000000000,-0.949092760174,-0.314996718374
2024-01-11T12:21:00Z,fourier-demo,3.798963459998,2.271150000000,-0.949575194772,-0.313539390626
2024-01-11T12:22:00Z,fourier-demo,3.454596633089,2.271300000000,-0.950055391651,-0.312081324008
2024-01-11T12:23:00Z,fourier-demo,3.107594302992,2.271450000000,-0.950533349680,-0.310622521956
2024-01-11T12:24:00Z,fourier-demo,2.767931959924,2.271600000000,-0.951009067732,-0.309162987907
2024-01-11T12:25:00Z,fourier-demo,2.445344921715,2.271750000000,-0.951482544686,-0.307702725301
2024-01-11T12:26:00Z,fourier-demo,2.148969337255,2.271900000000,-0.951953779427,-0.306241737579
2024-01-11T12:27:00Z,fourier-demo,1.887003855440,2.272050000000,-0.952422770843,-0.304780028184
2024-01-11T12:28:00Z,fourier-demo,1.666405323027,2.272200000000,-0.952889517830,-0.303317600560
2024-01-11T12:29:00Z,fourier-demo,1.492630570155,2.272350000000,-0.953354019288,-0.301854458154
2024-01-11T12:30:00Z,fourier-demo,1.369434550269,2.272500000000,-0.953816274122,-0.300390604413
2024-01-11T12:31:00Z,fourier-demo,1.298732893186,2.272650000000,-0.954276281243,-0.298926042788
2024-01-11T12:32:00Z,fourier-demo,1.280534394818,2.272800000000,-0.954734039567,-0.297460776730
2024-01-11T12:33:00Z,fourier-demo,1.312946206411,2.272950000000,-0.955189548014,-0.295994809691
2024-01-11T12:34:00Z,fourier-demo,1.392251611219,2.273100000000,-0.955642805513,-0.294528145126
2024-01-11T12:35:00Z,fourier-demo,1.513057403273,2.273250000000,-0.956093810994,-0.293060786492
2024-01-11T12:36:00Z,fourier-demo,1.668505126982,2.273400000000,-0.956542563394,-0.291592737247
2024-01-11T12:37:00Z,fourier-demo,1.850537909025,2.273550000000,-0.956989061657,-0.290124000849
2024-01-11T12:38:00Z,fourier-demo,2.050212417145,2.273700000000,-0.957433304730,-0.288654580760
2024-01-11T12:39:00Z,fourier-demo,2.258043702568,2.273850000000,-0.957875291566,-0.287184480443
2024-01-11T12:40:00Z,fourier-demo,2.464369395460,2.274000000000,-0.958315021124,-0.285713703362
2024-01-11T12:41:00Z,fourier-demo,2.659718977683,2.274150000000,-0.958752492366,-0.284242252984
2024-01-11T12:42:00Z,fourier-demo,2.835173683792,2.274300000000,-0.959187704264,-0.282770132775
2024-01-11T12:43:00Z,fourier-demo,2.982702986352,2.274450000000,-0.959620655790,-0.281297346205
2024-01-11T12:44:00Z,fourier-demo,3.095464588150,2.274600000000,-0.960051345924,-0.279823896744
2024-01-11T12:45:00Z,fourier-demo,3.168056332223,2.274750000000,-0.960479773652,-0.278349787865
2024-01-11T12:46:00Z,fourier-demo,3.196710389884,2.274900000000,-0.960905937965,-0.276875023042
2024-01-11T12:47:00Z,fourier-demo,3.179422417860,2.275050000000,-0.961329837856,-0.275399605750
2024-01-11T12:48:00Z,fourier-demo,3.116010993358,2.275200000000,-0.961751472329,-0.273923539465
2024-01-11T12:49:00Z,fourier-demo,3.008105434061,2.275350000000,-0.962170840389,-0.272446827667
2024-01-11T12:50:00Z,fourier-demo,2.859062975366,2.275500000000,-0.962587941047,-0.270969473835
2024-01-11T12:51:00Z,fourier-demo,2.673819093345,2.275650000000,-0.963002773322,-0.269491481450
2024-01-11T12:52:00Z,fourier-demo,2.458677415392,2.275800000000,-0.963415336235,-0.268012853996
2024-01-11T12:53:00Z,fourier-demo,2.221048043982,2.275950000000,-0.963825628814,-0.266533594957
2024-01-11T12:54:00Z,fourier-demo,1.969145136695,2.276100000000,-0.964233650093,-0.265053707819
2024-01-11T12:55:00Z,fourier-demo,1.711656156841,2.276250000000,-0.964639399109,-0.263573196069
2024-01-11T12:56:00Z,fourier-demo,1.457396271036,2.276400000000,-0.965042874907,-0.262092063197
2024-01-11T12:57:00Z,fourier-demo,1.214961881408,2.276550000000,-0.965444076536,-0.260610312692
2024-01-11T12:58:00Z,fourier-demo,0.992397221686,2.276700000000,-0.965843003050,-0.259127948047
2024-01-11T12:59:00Z,fourier-demo,0.796887322224,2.276850000000,-0.966239653509,-0.257644972755
2024-01-11T13:00:00Z,fourier-demo,0.634489486595,2.277000000000,-0.966634026979,-0.256161390310
2024-01-11T13:01:00Z,fourier-demo,0.509913770574,2.277150000000,-0.967026122531,-0.254677204208
2024-01-11T13:02:00Z,fourier-demo,0.426360882549,2.277300000000,-0.967415939239,-0.253192417948
2024-01-11T13:03:00Z,fourier-demo,0.385423518448,2.277450000000,-0.967803476186,-0.251707035028
2024-01-11T13:04:00Z,fourier-demo,0.387054503867,2.277600000000,-0.968188732458,-0.250221058948
2024-01-11T13:05:00Z,fourier-demo,0.429602350231,2.277750000000,-0.968571707148,-0.248734493211
2024-01-11T13:06:00Z,fourier-demo,0.509912054277,2.277900000000,-0.968952399352,-0.247247341318
2024-01-11T13:07:00Z,fourier-demo,0.623486295068,2.278050000000,-0.969330808175,-0.245759606776
2024-01-11T13:08:00Z,fourier-demo,0.764699719893,2.278200000000,-0.969706932724,-0.244271293090
2024-01-11T13:09:00Z,fourier-demo,0.927056860311,2.278350000000,-0.970080772112,-0.242782403767
2024-01-11T13:10:00Z,fourier-demo,1.103482470123,2.278500000000,-0.970452325459,-0.241292942315
2024-01-11T13:11:00Z,fourier-demo,1.286631799092,2.278650000000,-0.970821591889,-0.239802912246
2024-01-11T13:12:00Z,fourier-demo,1.469207561351,2.278800000000,-0.971188570533,-0.238312317069
2024-01-11T13:13:00Z,fourier-demo,1.644270155416,2.278950000000,-0.971553260524,-0.236821160298
2024-01-11T13:14:00Z,fourier-demo,1.805528050671,2.279100000000,-0.971915661004,-0.235329445447
2024-01-11T13:15:00Z,fourier-demo,1.947596156901,2.279250000000,-0.972275771119,-0.233837176031
2024-01-11T13:16:00Z,fourier-demo,2.066211400544,2.279400000000,-0.972633590021,-0.232344355567
2024-01-11T13:17:00Z,fourier-demo,2.158396584381,2.279550000000,-0.972989116865,-0.230850987572
2024-01-11T13:18:00Z,fourier-demo,2.222565828810,2.279700000000,-0.973342350814,-0.229357075566
2024-01-11T13:19:00Z,fourier-demo,2.258567389744,2.279850000000,-0.973693291036,-0.227862623069
2024-01-11T13:20:00Z,fourier-demo,2.267662316500,2.280000000000,-0.974041936703,-0.226367633603
2024-01-11T13:21:00Z,fourier-demo,2.252440141605,2.280150000000,-0.974388286995,-0.224872110691
2024-01-11T13:22:00Z,fourier-demo,2.216675469724,2.280300000000,-0.974732341095,-0.223376057857
2024-01-11T13:23:00Z,fourier-demo,2.165131843538,2.280450000000,-0.975074098192,-0.221879478627
2024-01-11T13:24:00Z,fourier-demo,2.103321505986,2.280600000000,-0.975413557480,-0.220382376528
2024-01-11T13:25:00Z,fourier-demo,2.037231557469,2.280750000000,-0.975750718160,-0.218884755087
2024-01-11T13:26:00Z,fourier-demo,1.973028445033,2.280900000000,-0.976085579438,-0.217386617833
2024-01-11T13:27:00Z,fourier-demo,1.916753658309,2.281050000000,-0.976418140524,-0.215887968298
2024-01-11T13:28:00Z,fourier-demo,1.874023904410,2.281200000000,-0.976748400634,-0.214388810013
2024-01-11T13:29:00Z,fourier-demo,1.849748874372,2.281350000000,-0.977076358991,-0.212889146510
2024-01-11T13:30:00Z,fourier-demo,1.847879002855,2.281500000000,-0.977402014820,-0.211388981324
2024-01-11T13:31:00Z,fourier-demo,1.871194389661,2.281650000000,-0.977725367356,-0.209888317990
2024-01-11T13:32:00Z,fourier-demo,1.921144346602,2.281800000000,-0.978046415836,-0.208387160044
2024-01-11T13:33:00Z,fourier-demo,1.997744926462,2.281950000000,-0.978365159503,-0.206885511024
2024-01-11T13:34:00Z,fourier-demo,2.099539368984,2.282100000000,-0.978681597606,-0.205383374468
2024-01-11T13:35:00Z,fourier-demo,2.223623761856,2.282250000000,-0.978995729399,-0.203880753917
2024-01-11T13:36:00Z,fourier-demo,2.365737471563,2.282400000000,-0.979307554143,-0.202377652911
2024-01-11T13:37:00Z,fourier-demo,2.520415163196,2.282550000000,-0.979617071103,-0.200874074993
2024-01-11T13:38:00Z,fourier-demo,2.681194613248,2.282700000000,-0.979924279548,-0.199370023705
2024-01-11T13:39:00Z,fourier-demo,2.840872133755,2.282850000000,-0.980229178756,-0.197865502592
2024-01-11T13:40:00Z,fourier-demo,2.991795369193,2.283000000000,-0.980531768007,-0.196360515200
2024-01-11T13:41:00Z,fourier-demo,3.126181585420,2.283150000000,-0.980832046588,-0.194855065075
2024-01-11T13:42:00Z,fourier-demo,3.236448411720,2.283300000000,-0.981130013793,-0.193349155765
2024-01-11T13:43:00Z,fourier-demo,3.315543372107,2.283450000000,-0.981425668918,-0.191842790819
2024-01-11T13:44:00Z,fourier-demo,3.357258477995,2.283600000000,-0.981719011267,-0.190335973786
2024-01-11T13:45:00Z,fourier-demo,3.356516655750,2.283750000000,-0.982010040149,-0.188828708217
2024-01-11T13:46:00Z,fourier-demo,3.309617830819,2.283900000000,-0.982298754878,-0.187320997665
2024-01-11T13:47:00Z,fourier-demo,3.214434044055,2.284050000000,-0.982585154773,-0.185812845681
2024-01-11T13:48:00Z,fourier-demo,3.070544973528,2.284200000000,-0.982869239160,-0.184304255821
2024-01-11T13:49:00Z,fourier-demo,2.879307596344,2.284350000000,-0.983151007369,-0.182795231639
2024-01-11T13:50:00Z,fourier-demo,2.643856354416,2.284500000000,-0.983430458736,-0.181285776692
2024-01-11T13:51:00Z,fourier-demo,2.369032979335,2.284650000000,-0.983707592603,-0.179775894536
2024-01-11T13:52:00Z,fourier-demo,2.061247971054,2.284800000000,-0.983982408316,-0.178265588729
2024-01-11T13:53:00Z,fourier-demo,1.728278497559,2.284950000000,-0.984254905228,-0.176754862832
2024-01-11T13:54:00Z,fourier-demo,1.379010074962,2.285100000000,-0.984525082697,-0.175243720403
2024-01-11T13:55:00Z,fourier-demo,1.023131693518,2.285250000000,-0.984792940086,-0.173732165004
2024-01-11T13:56:00Z,fourier-demo,0.670795980639,2.285400000000,-0.985058476764,-0.172220200197
2024-01-11T13:57:00Z,fourier-demo,0.332257457678,2.285550000000,-0.985321692105,-0.170707829545
2024-01-11T13:58:00Z,fourier-demo,0.017502892583,2.285700000000,-0.985582585488,-0.169195056612
2024-01-11T13:59:00Z,fourier-demo,-0.264111863945,2.285850000000,-0.985841156300,-0.167681884962
2024-01-11T14:00:00Z,fourier-demo,-0.504204362496,2.286000000000,-0.986097403931,-0.166168318163
2024-01-11T14:01:00Z,fourier-demo,-0.695673924372,2.286150000000,-0.986351327776,-0.164654359780
2024-01-11T14:02:00Z,fourier-demo,-0.832963763471,2.286300000000,-0.986602927238,-0.163140013381
2024-01-11T14:03:00Z,fourier-demo,-0.912266518518,2.286450000000,-0.986852201723,-0.161625282535
2024-01-11T14:04:00Z,fourier-demo,-0.931665061504,2.286600000000,-0.987099150644,-0.160110170811
2024-01-11T14:05:00Z,fourier-demo,-0.891202984913,2.286750000000,-0.987343773420,-0.158594681780
2024-01-11T14:06:00Z,fourier-demo,-0.792881933876,2.286900000000,-0.987586069473,-0.157078819014
2024-01-11T14:07:00Z,fourier-demo,-0.640585828546,2.287050000000,-0.987826038233,-0.155562586083
2024-01-11T14:08:00Z,fourier-demo,-0.439934900933,2.287200000000,-0.988063679134,-0.154045986562
2024-01-11T14:09:00Z,fourier-demo,-0.198075233210,2.287350000000,-0.988298991616,-0.152529024025
2024-01-11T14:10:00Z,fourier-demo,0.076587980147,2.287500000000,-0.988531975125,-0.151011702045
2024-01-11T14:11:00Z,fourier-demo,0.374703017996,2.287650000000,-0.988762629112,-0.149494024199
2024-01-11T14:12:00Z,fourier-demo,0.686317849692,2.287800000000,-0.988990953033,-0.147975994064
2024-01-11T14:13:00Z,fourier-demo,1.001246469340,2.287950000000,-0.989216946350,-0.146457615216
2024-01-11T14:14:00Z,fourier-demo,1.309441076158,2.288100000000,-0.989440608530,-0.144938891234
2024-01-11T14:15:00Z,fourier-demo,1.601355644877,2.288250000000,-0.989661939046,-0.143419825696
2024-01-11T14:16:00Z,fourier-demo,1.868286823204,2.288400000000,-0.989880937378,-0.141900422183
2024-01-11T14:17:00Z,fourier-demo,2.102679047871,2.288550000000,-0.990097603008,-0.140380684275
2024-01-11T14:18:00Z,fourier-demo,2.298382247284,2.288700000000,-0.990311935427,-0.138860615553
2024-01-11T14:19:00Z,fourier-demo,2.450852436704,2.288850000000,-0.990523934128,-0.137340219600
2024-01-11T14:20:00Z,fourier-demo,2.557287831949,2.289000000000,-0.990733598613,-0.135819499997
2024-01-11T14:21:00Z,fourier-demo,2.616695715311,2.289150000000,-0.990940928387,-0.134298460330
2024-01-11T14:22:00Z,fourier-demo,2.629888076556,2.289300000000,-0.991145922962,-0.132777104182
2024-01-11T14:23:00Z,fourier-demo,2.599406909208,2.289450000000,-0.991348581855,-0.131255435138
2024-01-11T14:24:00Z,fourier-demo,2.529382851956,2.289600000000,-0.991548904588,-0.129733456785
2024-01-11T14:25:00Z,fourier-demo,2.425333513217,2.289750000000,-0.991746890690,-0.128211172709
2024-01-11T14:26:00Z,fourier-demo,2.293910196705,2.289900000000,-0.991942539692,-0.126688586497
2024-01-11T14:27:00Z,fourier-demo,2.142603761495,2.290050000000,-0.992135851136,-0.125165701738
2024-01-11T14:28:00Z,fourier-demo,1.979421920781,2.290200000000,-0.992326824564,-0.123642522019
2024-01-11T14:29:00Z,fourier-demo,1.812551346810,2.290350000000,-0.992515459527,-0.122119050931
2024-01-11T14:30:00Z,fourier-demo,1.650018463701,2.290500000000,-0.992701755580,-0.120595292064
2024-01-11T14:31:00Z,fourier-demo,1.499362755998,2.290650000000,-0.992885712285,-0.119071249008
2024-01-11T14:32:00Z,fourier-demo,1.367335802789,2.290800000000,-0.993067329208,-0.117546925355
2024-01-11T14:33:00Z,fourier-demo,1.259638092390,2.290950000000,-0.993246605920,-0.116022324698
2024-01-11T14:34:00Z,fourier-demo,1.180704029969,2.291100000000,-0.993423542000,-0.114497450628
2024-01-11T14:35:00Z,fourier-demo,1.133543488921,2.291250000000,-0.993598137030,-0.112972306740
2024-01-11T14:36:00Z,fourier-demo,1.119645862345,2.291400000000,-0.993770390600,-0.111446896627
2024-01-11T14:37:00Z,fourier-demo,1.138949942995,2.291550000000,-0.993940302302,-0.109921223884
2024-01-11T14:38:00Z,fourier-demo,1.189880207300,2.291700000000,-0.994107871737,-0.108395292106
2024-01-11T14:39:00Z,fourier-demo,1.269447315214,2.291850000000,-0.994273098510,-0.106869104890
2024-01-11T14:40:00Z,fourier-demo,1.373407976645,2.292000000000,-0.994435982231,-0.105342665832
2024-01-11T14:41:00Z,fourier-demo,1.496476886423,2.292150000000,-0.994596522517,-0.103815978529
2024-01-11T14:42:00Z,fourier-demo,1.632581293783,2.292300000000,-0.994754718989,-0.102289046579
2024-01-11T14:43:00Z,fourier-demo,1.775147036542,2.292450000000,-0.994910571274,-0.100761873579
2024-01-11T14:44:00Z,fourier-demo,1.917403605392,2.292600000000,-0.995064079006,-0.099234463130
2024-01-11T14:45:00Z,fourier-demo,2.052695061265,2.292750000000,-0.995215241822,-0.097706818829
2024-01-11T14:46:00Z,fourier-demo,2.174783438267,2.292900000000,-0.995364059366,-0.096178944278
2024-01-11T14:47:00Z,fourier-demo,2.278131632938,2.293050000000,-0.995510531288,-0.094650843077
2024-01-11T14:48:00Z,fourier-demo,2.358153691490,2.293200000000,-0.995654657242,-0.093122518827
2024-01-11T14:49:00Z,fourier-demo,2.411421821436,2.293350000000,-0.995796436889,-0.091593975129
2024-01-11T14:50:00Z,fourier-demo,2.435821313245,2.293500000000,-0.995935869894,-0.090065215585
2024-01-11T14:51:00Z,fourier-demo,2.430646783629,2.293650000000,-0.996072955929,-0.088536243799
2024-01-11T14:52:00Z,fourier-demo,2.396635651821,2.293800000000,-0.996207694672,-0.087007063373
2024-01-11T14:53:00Z,fourier-demo,2.335937429654,2.293950000000,-0.996340085804,-0.085477677910
2024-01-11T14:54:00Z,fourier-demo,2.252020134223,2.294100000000,-0.996470129013,-0.083948091015
2024-01-11T14:55:00Z,fourier-demo,2.149517804848,2.294250000000,-0.996597823993,-0.082418306293
2024-01-11T14:56:00Z,fourier-demo,2.034025612706,2.294400000000,-0.996723170443,-0.080888327348
2024-01-11T14:57:00Z,fourier-demo,1.911851287516,2.294550000000,-0.996846168069,-0.079358157785
2024-01-11T14:58:00Z,fourier-demo,1.789733457738,2.294700000000,-0.996966816578,-0.077827801212
2024-01-11T14:59:00Z,fourier-demo,1.674538930780,2.294850000000,-0.997085115689,-0.076297261234
2024-01-11T15:00:00Z,fourier-demo,1.572951867721,2.295000000000,-0.997201065121,-0.074766541457
2024-01-11T15:01:00Z,fourier-demo,1.491168193828,2.295150000000,-0.997314664602,-0.073235645490
2024-01-11T15:02:00Z,fourier-demo,1.434608414892,2.295300000000,-0.997425913863,-0.071704576939
2024-01-11T15:03:00Z,fourier-demo,1.407661286221,2.295450000000,-0.997534812643,-0.070173339413
2024-01-11T15:04:00Z,fourier-demo,1.413469535251,2.295600000000,-0.997641360686,-0.068641936521
2024-01-11T15:05:00Z,fourier-demo,1.453767120609,2.295750000000,-0.997745557739,-0.067110371870
2024-01-11T15:06:00Z,fourier-demo,1.528775390616,2.295900000000,-0.997847403557,-0.065578649071
2024-01-11T15:07:00Z,fourier-demo,1.637163069412,2.296050000000,-0.997946897901,-0.064046771732
2024-01-11T15:08:00Z,fourier-demo,1.776072349346,2.296200000000,-0.998044040536,-0.062514743464
2024-01-11T15:09:00Z,fourier-demo,1.941210613151,2.296350000000,-0.998138831233,-0.060982567877
2024-01-11T15:10:00Z,fourier-demo,2.127004562300,2.296500000000,-0.998231269768,-0.059450248582
2024-01-11T15:11:00Z,fourier-demo,2.326810902552,2.296650000000,-0.998321355925,-0.057917789190
2024-01-11T15:12:00Z,fourier-demo,2.533175342672,2.296800000000,-0.998409089489,-0.056385193311
2024-01-11T15:13:00Z,fourier-demo,2.738129597288,2.296950000000,-0.998494470256,-0.054852464559
2024-01-11T15:14:00Z,fourier-demo,2.933514435922,2.297100000000,-0.998577498023,-0.053319606543
2024-01-11T15:15:00Z,fourier-demo,3.111315656613,2.297250000000,-0.998658172595,-0.051786622878
2024-01-11T15:16:00Z,fourier-demo,3.263999233755,2.297400000000,-0.998736493782,-0.050253517175
2024-01-11T15:17:00Z,fourier-demo,3.384831823317,2.297550000000,-0.998812461399,-0.048720293047
2024-01-11T15:18:00Z,fourier-demo,3.468173309099,2.297700000000,-0.998886075267,-0.047186954108
2024-01-11T15:19:00Z,fourier-demo,3.509729122509,2.297850000000,-0.998957335213,-0.045653503970
2024-01-11T15:20:00Z,fourier-demo,3.506751624316,2.298000000000,-0.999026241068,-0.044119946247
2024-01-11T15:21:00Z,fourier-demo,3.458181837965,2.298150000000,-0.999092792671,-0.042586284554
2024-01-11T15:22:00Z,fourier-demo,3.364725190034,2.298300000000,-0.999156989865,-0.041052522505
2024-01-11T15:23:00Z,fourier-demo,3.228857548780,2.298450000000,-0.999218832498,-0.039518663713
2024-01-11T15:24:00Z,fourier-demo,3.054760649911,2.298600000000,-0.999278320424,-0.037984711793
2024-01-11T15:25:00Z,fourier-demo,2.848188846221,2.298750000000,-0.999335453504,-0.036450670361
2024-01-11T15:26:00Z,fourier-demo,2.616271898791,2.298900000000,-0.999390231603,-0.034916543031
2024-01-11T15:27:00Z,fourier-demo,2.367261128940,2.299050000000,-0.999442654591,-0.033382333418
2024-01-11T15:28:00Z,fourier-demo,2.110228565821,2.299200000000,-0.999492722345,-0.031848045138
2024-01-11T15:29:00Z,fourier-demo,1.854730659840,2.299350000000,-0.999540434748,-0.030313681807
2024-01-11T15:30:00Z,fourier-demo,1.610449607610,2.299500000000,-0.999585791686,-0.028779247041
2024-01-11T15:31:00Z,fourier-demo,1.386826289160,2.299650000000,-0.999628793053,-0.027244744454
2024-01-11T15:32:00Z,fourier-demo,1.192699212812,2.299800000000,-0.999669438747,-0.025710177665
2024-01-11T15:33:00Z,fourier-demo,1.035963680626,2.299950000000,-0.999707728673,-0.024175550288
2024-01-11T15:34:00Z,fourier-demo,0.923264633867,2.300100000000,-0.999743662740,-0.022640865940
2024-01-11T15:35:00Z,fourier-demo,0.859735343277,2.300250000000,-0.999777240865,-0.021106128237
2024-01-11T15:36:00Z,fourier-demo,0.848792324390,2.300400000000,-0.999808462966,-0.019571340798
2024-01-11T15:37:00Z,fourier-demo,0.891994655405,2.300550000000,-0.999837328972,-0.018036507237
2024-01-11T15:38:00Z,fourier-demo,0.988973342441,2.300700000000,-0.999863838814,-0.016501631173
2024-01-11T15:39:00Z,fourier-demo,1.137433616348,2.300850000000,-0.999887992430,-0.014966716221
2024-01-11T15:40:00Z,fourier-demo,1.333230167680,2.301000000000,-0.999909789762,-0.013431766000
2024-01-11T15:41:00Z,fourier-demo,1.570512447916,2.301150000000,-0.999929230760,-0.011896784127
2024-01-11T15:42:00Z,fourier-demo,1.841934401302,2.301300000000,-0.999946315377,-0.010361774218
2024-01-11T15:43:00Z,fourier-demo,2.138920454331,2.301450000000,-0.999961043573,-0.008826739890
2024-01-11T15:44:00Z,fourier-demo,2.451977380608,2.301600000000,-0.999973415313,-0.007291684763
2024-01-11T15:45:00Z,fourier-demo,2.771039866692,2.301750000000,-0.999983430569,-0.005756612452
2024-01-11T15:46:00Z,fourier-demo,3.085836301101,2.301900000000,-0.999991089317,-0.004221526575
2024-01-11T15:47:00Z,fourier-demo,3.386260546065,2.302050000000,-0.999996391538,-0.002686430751
2024-01-11T15:48:00Z,fourier-demo,3.662735259742,2.302200000000,-0.999999337221,-0.001151328595
2024-01-11T15:49:00Z,fourier-demo,3.906552722356,2.302350000000,-0.999999926358,0.000383776274
2024-01-11T15:50:00Z,fourier-demo,4.110180066601,2.302500000000,-0.999998158948,0.001918880238
2024-01-11T15:51:00Z,fourier-demo,4.267517281159,2.302650000000,-0.999994034994,0.003453979680
2024-01-11T15:52:00Z,fourier-demo,4.374098286193,2.302800000000,-0.999987554508,0.004989070983
2024-01-11T15:53:00Z,fourier-demo,4.427227691898,2.302950000000,-0.999978717503,0.006524150529
2024-01-11T15:54:00Z,fourier-demo,4.426048451422,2.303100000000,-0.999967524002,0.008059214701
2024-01-11T15:55:00Z,fourier-demo,4.371538401582,2.303250000000,-0.999953974029,0.009594259880
2024-01-11T15:56:00Z,fourier-demo,4.266436535763,2.303400000000,-0.999938067618,0.011129282450
2024-01-11T15:57:00Z,fourier-demo,4.115102657406,2.303550000000,-0.999919804806,0.012664278794
2024-01-11T15:58:00Z,fourier-demo,3.923316705957,2.303700000000,-0.999899185635,0.014199245293
2024-01-11T15:59:00Z,fourier-demo,3.698026423324,2.303850000000,-0.999876210154,0.015734178332
2024-01-11T16:00:00Z,fourier-demo,3.447054041905,2.304000000000,-0.999850878418,0.017269074292
2024-01-11T16:01:00Z,fourier-demo,3.178774244628,2.304150000000,-0.999823190486,0.018803929556
2024-01-11T16:02:00Z,fourier-demo,2.901776710545,2.304300000000,-0.999793146423,0.020338740509
2024-01-11T16:03:00Z,fourier-demo,2.624527074903,2.304450000000,-0.999760746300,0.021873503532
2024-01-11T16:04:00Z,fourier-demo,2.355040081081,2.304600000000,-0.999725990194,0.023408215009
2024-01-11T16:05:00Z,fourier-demo,2.100578087436,2.304750000000,-0.999688878187,0.024942871323
2024-01-11T16:06:00Z,fourier-demo,1.867386942034,2.304900000000,-0.999649410365,0.026477468859
2024-01-11T16:07:00Z,fourier-demo,1.660479601542,2.305050000000,-0.999607586822,0.028012003999
2024-01-11T16:08:00Z,fourier-demo,1.483475815925,2.305200000000,-0.999563407656,0.029546473128
2024-01-11T16:09:00Z,fourier-demo,1.338503813990,2.305350000000,-0.999516872972,0.031080872628
2024-01-11T16:10:00Z,fourier-demo,1.226167305405,2.305500000000,-0.999467982880,0.032615198886
2024-01-11T16:11:00Z,fourier-demo,1.145578371290,2.305650000000,-0.999416737493,0.034149448284
2024-01-11T16:12:00Z,fourier-demo,1.094454061316,2.305800000000,-0.999363136934,0.035683617207
2024-01-11T16:13:00Z,fourier-demo,1.069271864154,2.305950000000,-0.999307181329,0.037217702040
2024-01-11T16:14:00Z,fourier-demo,1.065476779356,2.306100000000,-0.999248870808,0.038751699168
2024-01-11T16:15:00Z,fourier-demo,1.077730592732,2.306250000000,-0.999188205511,0.040285604975
2024-01-11T16:16:00Z,fourier-demo,1.100192231075,2.306400000000,-0.999125185579,0.041819415848
2024-01-11T16:17:00Z,fourier-demo,1.126816816540,2.306550000000,-0.999059811161,0.043353128171
2024-01-11T16:18:00Z,fourier-demo,1.151660307004,2.306700000000,-0.998992082412,0.044886738331
2024-01-11T16:19:00Z,fourier-demo,1.169176425941,2.306850000000,-0.998921999491,0.046420242713
2024-01-11T16:20:00Z,fourier-demo,1.174492960337,2.307000000000,-0.998849562562,0.047953637703
2024-01-11T16:21:00Z,fourier-demo,1.163655421592,2.307150000000,-0.998774771798,0.049486919688
2024-01-11T16:22:00Z,fourier-demo,1.133827483440,2.307300000000,-0.998697627373,0.051020085055
2024-01-11T16:23:00Z,fourier-demo,1.083439473100,2.307450000000,-0.998618129470,0.052553130191
2024-01-11T16:24:00Z,fourier-demo,1.012278419337,2.307600000000,-0.998536278277,0.054086051483
2024-01-11T16:25:00Z,fourier-demo,0.921515660885,2.307750000000,-0.998452073985,0.055618845319
2024-01-11T16:26:00Z,fourier-demo,0.813670686634,2.307900000000,-0.998365516794,0.057151508086
2024-01-11T16:27:00Z,fourier-demo,0.692512603888,2.308050000000,-0.998276606907,0.058684036173
2024-01-11T16:28:00Z,fourier-demo,0.562903299380,2.308200000000,-0.998185344535,0.060216425968
2024-01-11T16:29:00Z,fourier-demo,0.430588858409,2.308350000000,-0.998091729891,0.061748673860
2024-01-11T16:30:00Z,fourier-demo,0.301948036007,2.308500000000,-0.997995763197,0.063280776239
2024-01-11T16:31:00Z,fourier-demo,0.183708437470,2.308650000000,-0.997897444678,0.064812729493
2024-01-11T16:32:00Z,fourier-demo,0.082642485774,2.308800000000,-0.997796774568,0.066344530013
2024-01-11T16:33:00Z,fourier-demo,0.005256170499,2.308950000000,-0.997693753101,0.067876174189
2024-01-11T16:34:00Z,fourier-demo,-0.042516052037,2.309100000000,-0.997588380523,0.069407658412
2024-01-11T16:35:00Z,fourier-demo,-0.055597021447,2.309250000000,-0.997480657080,0.070938979073
2024-01-11T16:36:00Z,fourier-demo,-0.030020848745,2.309400000000,-0.997370583026,0.072470132562
2024-01-11T16:37:00Z,fourier-demo,0.036856086218,2.309550000000,-0.997258158622,0.074001115272
2024-01-11T16:38:00Z,fourier-demo,0.146196574926,2.309700000000,-0.997143384132,0.075531923595
2024-01-11T16:39:00Z,fourier-demo,0.297583784543,2.309850000000,-0.997026259826,0.077062553923
2024-01-11T16:40:00Z,fourier-demo,0.488987105480,2.310000000000,-0.996906785981,0.078593002650
2024-01-11T16:41:00Z,fourier-demo,0.716794859513,2.310150000000,-0.996784962877,0.080123266168
2024-01-11T16:42:00Z,fourier-demo,0.975913319240,2.310300000000,-0.996660790803,0.081653340873
2024-01-11T16:43:00Z,fourier-demo,1.259928732102,2.310450000000,-0.996534270051,0.083183223157
2024-01-11T16:44:00Z,fourier-demo,1.561326407454,2.310600000000,-0.996405400918,0.084712909416
2024-01-11T16:45:00Z,fourier-demo,1.871758522160,2.310750000000,-0.996274183709,0.086242396046
2024-01-11T16:46:00Z,fourier-demo,2.182350228488,2.310900000000,-0.996140618732,0.087771679440
2024-01-11T16:47:00Z,fourier-demo,2.484031994140,2.311050000000,-0.996004706303,0.089300755997
2024-01-11T16:48:00Z,fourier-demo,2.767884937164,2.311200000000,-0.995866446742,0.090829622113
2024-01-11T16:49:00Z,fourier-demo,3.025485287963,2.311350000000,-0.995725840375,0.092358274184
2024-01-11T16:50:00Z,fourier-demo,3.249234044114,2.311500000000,-0.995582887532,0.093886708608
2024-01-11T16:51:00Z,fourier-demo,3.432658385973,2.311650000000,-0.995437588551,0.095414921784
2024-01-11T16:52:00Z,fourier-demo,3.570672473241,2.311800000000,-0.995289943775,0.096942910110
2024-01-11T16:53:00Z,fourier-demo,3.659786803795,2.311950000000,-0.995139953551,0.098470669986
2024-01-11T16:54:00Z,fourier-demo,3.698257323881,2.312100000000,-0.994987618232,0.099998197811
2024-01-11T16:55:00Z,fourier-demo,3.686167852971,2.312250000000,-0.994832938178,0.101525489985
2024-01-11T16:56:00Z,fourier-demo,3.625442031499,2.312400000000,-0.994675913753,0.103052542910
2024-01-11T16:57:00Z,fourier-demo,3.519783808642,2.312550000000,-0.994516545327,0.104579352986
2024-01-11T16:58:00Z,fourier-demo,3.374548346647,2.312700000000,-0.994354833276,0.106105916617
2024-01-11T16:59:00Z,fourier-demo,3.196548011943,2.312850000000,-0.994190777980,0.107632230203
2024-01-11T17:00:00Z,fourier-demo,2.993800738097,2.313000000000,-0.994024379828,0.109158290150
2024-01-11T17:01:00Z,fourier-demo,2.775230375192,2.313150000000,-0.993855639209,0.110684092859
2024-01-11T17:02:00Z,fourier-demo,2.550330589517,2.313300000000,-0.993684556523,0.112209634737
2024-01-11T17:03:00Z,fourier-demo,2.328805367064,2.313450000000,-0.993511132172,0.113734912187
2024-01-11T17:04:00Z,fourier-demo,2.120200143135,2.313600000000,-0.993335366565,0.115259921615
2024-01-11T17:05:00Z,fourier-demo,1.933537988561,2.313750000000,-0.993157260117,0.116784659428
2024-01-11T17:06:00Z,fourier-demo,1.776975113255,2.313900000000,-0.992976813246,0.118309122032
2024-01-11T17:07:00Z,fourier-demo,1.657489206428,2.314050000000,-0.992794026378,0.119833305835
2024-01-11T17:08:00Z,fourier-demo,1.580612849015,2.314200000000,-0.992608899945,0.121357207246
2024-01-11T17:09:00Z,fourier-demo,1.550222459227,2.314350000000,-0.992421434381,0.122880822672
2024-01-11T17:10:00Z,fourier-demo,1.568391037813,2.314500000000,-0.992231630130,0.124404148524
2024-01-11T17:11:00Z,fourier-demo,1.635310454051,2.314650000000,-0.992039487638,0.125927181211
2024-01-11T17:12:00Z,fourier-demo,1.749286258308,2.314800000000,-0.991845007357,0.127449917146
2024-01-11T17:13:00Z,fourier-demo,1.906805133386,2.314950000000,-0.991648189747,0.128972352738
2024-01-11T17:14:00Z,fourier-demo,2.102672220562,2.315100000000,-0.991449035272,0.130494484401
2024-01-11T17:15:00Z,fourier-demo,2.330212793178,2.315250000000,-0.991247544399,0.132016308548
2024-01-11T17:16:00Z,fourier-demo,2.581530212120,2.315400000000,-0.991043717605,0.133537821592
2024-01-11T17:17:00Z,fourier-demo,2.847809885629,2.315550000000,-0.990837555370,0.135059019948
2024-01-11T17:18:00Z,fourier-demo,3.119657159457,2.315700000000,-0.990629058179,0.136579900030
2024-01-11T17:19:00Z,fourier-demo,3.387455754276,2.315850000000,-0.990418226523,0.138100458256
2024-01-11T17:20:00Z,fourier-demo,3.641732597548,2.316000000000,-0.990205060901,0.139620691042
2024-01-11T17:21:00Z,fourier-demo,3.873514696933,2.316150000000,-0.989989561813,0.141140594805
2024-01-11T17:22:00Z,fourier-demo,4.074664078747,2.316300000000,-0.989771729768,0.142660165963
2024-01-11T17:23:00Z,fourier-demo,4.238177751540,2.316450000000,-0.989551565279,0.144179400936
2024-01-11T17:24:00Z,fourier-demo,4.358441112526,2.316600000000,-0.989329068865,0.145698296143
2024-01-11T17:25:00Z,fourier-demo,4.431425133073,2.316750000000,-0.989104241050,0.147216848005
2024-01-11T17:26:00Z,fourier-demo,4.454819959978,2.316900000000,-0.988877082364,0.148735052944
2024-01-11T17:27:00Z,fourier-demo,4.428100157536,2.317050000000,-0.988647593343,0.150252907382
2024-01-11T17:28:00Z,fourier-demo,4.352519585808,2.317200000000,-0.988415774527,0.151770407742
2024-01-11T17:29:00Z,fourier-demo,4.231036749901,2.317350000000,-0.988181626462,0.153287550447
2024-01-11T17:30:00Z,fourier-demo,4.068174248099,2.317500000000,-0.987945149701,0.154804331923
2024-01-11T17:31:00Z,fourier-demo,3.869818579828,2.317650000000,-0.987706344800,0.156320748596
2024-01-11T17:32:00Z,fourier-demo,3.642968941008,2.317800000000,-0.987465212323,0.157836796891
2024-01-11T17:33:00Z,fourier-demo,3.395445638906,2.317950000000,-0.987221752836,0.159352473236
2024-01-11T17:34:00Z,fourier-demo,3.135570320461,2.318100000000,-0.986975966916,0.160867774060
2024-01-11T17:35:00Z,fourier-demo,2.871831264945,2.318250000000,-0.986727855139,0.162382695791
2024-01-11T17:36:00Z,fourier-demo,2.612547502289,2.318400000000,-0.986477418092,0.163897234859
2024-01-11T17:37:00Z,fourier-demo,2.365545463281,2.318550000000,-0.986224656364,0.165411387696
2024-01-11T17:38:00Z,fourier-demo,2.137861251265,2.318700000000,-0.985969570551,0.166925150734
2024-01-11T17:39:00Z,fourier-demo,1.935480474218,2.318850000000,-0.985712161254,0.168438520404
2024-01-11T17:40:00Z,fourier-demo,1.763125939889,2.319000000000,-0.985452429080,0.169951493141
2024-01-11T17:41:00Z,fourier-demo,1.624101464064,2.319150000000,-0.985190374640,0.171464065379
2024-01-11T17:42:00Z,fourier-demo,1.520197658592,2.319300000000,-0.984925998553,0.172976233554
2024-01-11T17:43:00Z,fourier-demo,1.451662950853,2.319450000000,-0.984659301441,0.174487994102
2024-01-11T17:44:00Z,fourier-demo,1.417240348278,2.319600000000,-0.984390283933,0.175999343461
2024-01-11T17:45:00Z,fourier-demo,1.414267713798,2.319750000000,-0.984118946662,0.177510278070
2024-01-11T17:46:00Z,fourier-demo,1.438836674278,2.319900000000,-0.983845290269,0.179020794366
2024-01-11T17:47:00Z,fourier-demo,1.486002853129,2.320050000000,-0.983569315398,0.180530888792
2024-01-11T17:48:00Z,fourier-demo,1.550038000575,2.320200000000,-0.983291022699,0.182040557789
2024-01-11T17:49:00Z,fourier-demo,1.624712877600,2.320350000000,-0.983010412828,0.183549797798
2024-01-11T17:50:00Z,fourier-demo,1.703598502769,2.320500000000,-0.982727486447,0.185058605263
2024-01-11T17:51:00Z,fourier-demo,1.780372645916,2.320650000000,-0.982442244222,0.186566976630
2024-01-11T17:52:00Z,fourier-demo,1.849118278369,2.320800000000,-0.982154686825,0.188074908342
2024-01-11T17:53:00Z,fourier-demo,1.904601072471,2.320950000000,-0.981864814934,0.189582396846
2024-01-11T17:54:00Z,fourier-demo,1.942513967110,2.321100000000,-0.981572629233,0.191089438591
2024-01-11T17:55:00Z,fourier-demo,1.959678241824,2.321250000000,-0.981278130409,0.192596030025
2024-01-11T17:56:00Z,fourier-demo,1.954192410225,2.321400000000,-0.980981319157,0.194102167597
2024-01-11T17:57:00Z,fourier-demo,1.925522475894,2.321550000000,-0.980682196175,0.195607847758
2024-01-11T17:58:00Z,fourier-demo,1.874529597627,2.321700000000,-0.980380762170,0.197113066960
2024-01-11T17:59:00Z,fourier-demo,1.803433881626,2.321850000000,-0.980077017852,0.198617821655
2024-01-11T18:00:00Z,fourier-demo,1.715715744714,2.322000000000,-0.979770963935,0.200122108298
2024-01-11T18:01:00Z,fourier-demo,1.615958961471,2.322150000000,-0.979462601142,0.201625923344
2024-01-11T18:02:00Z,fourier-demo,1.509642007932,2.322300000000,-0.979151930199,0.203129263249
2024-01-11T18:03:00Z,fourier-demo,1.402886541070,2.322450000000,-0.978838951838,0.204632124471
2024-01-11T18:04:00Z,fourier-demo,1.302173713488,2.322600000000,-0.978523666796,0.206134503467
2024-01-11T18:05:00Z,fourier-demo,1.214040438650,2.322750000000,-0.978206075818,0.207636396697
2024-01-11T18:06:00Z,fourier-demo,1.144768633818,2.322900000000,-0.977886179650,0.209137800622
2024-01-11T18:07:00Z,fourier-demo,1.100080836804,2.323050000000,-0.977563979048,0.210638711705
2024-01-11T18:08:00Z,fourier-demo,1.084855402009,2.323200000000,-0.977239474769,0.212139126407
2024-01-11T18:09:00Z,fourier-demo,1.102873737716,2.323350000000,-0.976912667580,0.213639041193
2024-01-11T18:10:00Z,fourier-demo,1.156610779491,2.323500000000,-0.976583558250,0.215138452529
2024-01-11T18:11:00Z,fourier-demo,1.247078155013,2.323650000000,-0.976252147554,0.216637356880
2024-01-11T18:12:00Z,fourier-demo,1.373727354306,2.323800000000,-0.975918436274,0.218135750716
2024-01-11T18:13:00Z,fourier-demo,1.534417763498,2.323950000000,-0.975582425196,0.219633630504
2024-01-11T18:14:00Z,fourier-demo,1.725451750502,2.324100000000,-0.975244115112,0.221130992716
2024-01-11T18:15:00Z,fourier-demo,1.941676216799,2.324250000000,-0.974903506819,0.222627833821
2024-01-11T18:16:00Z,fourier-demo,2.176647264924,2.324400000000,-0.974560601120,0.224124150294
2024-01-11T18:17:00Z,fourier-demo,2.422851990191,2.324550000000,-0.974215398822,0.225619938608
2024-01-11T18:18:00Z,fourier-demo,2.671978996749,2.324700000000,-0.973867900740,0.227115195237
2024-01-11T18:19:00Z,fourier-demo,2.915227162011,2.324850000000,-0.973518107693,0.228609916659
2024-01-11T18:20:00Z,fourier-demo,3.143640516222,2.325000000000,-0.973166020503,0.230104099350
2024-01-11T18:21:00Z,fourier-demo,3.348455934812,2.325150000000,-0.972811640002,0.231597739791
2024-01-11T18:22:00Z,fourier-demo,3.521449709878,2.325300000000,-0.972454967024,0.233090834460
2024-01-11T18:23:00Z,fourier-demo,3.655269001195,2.325450000000,-0.972096002411,0.234583379840
2024-01-11T18:24:00Z,fourier-demo,3.743734671285,2.325600000000,-0.971734747007,0.236075372413
2024-01-11T18:25:00Z,fourier-demo,3.782103064575,2.325750000000,-0.971371201664,0.237566808663
2024-01-11T18:26:00Z,fourier-demo,3.767275856306,2.325900000000,-0.971005367238,0.239057685076
2024-01-11T18:27:00Z,fourier-demo,3.697949110485,2.326050000000,-0.970637244593,0.240547998138
2024-01-11T18:28:00Z,fourier-demo,3.574695067358,2.326200000000,-0.970266834595,0.242037744338
2024-01-11T18:29:00Z,fourier-demo,3.399972833835,2.326350000000,-0.969894138118,0.243526920164
2024-01-11T18:30:00Z,fourier-demo,3.178066968244,2.326500000000,-0.969519156039,0.245015522107
2024-01-11T18:31:00Z,fourier-demo,2.914955819935,2.326650000000,-0.969141889242,0.246503546660
2024-01-11T18:32:00Z,fourier-demo,2.618114288413,2.326800000000,-0.968762338617,0.247990990315
2024-01-11T18:33:00Z,fourier-demo,2.296258292392,2.326950000000,-0.968380505057,0.249477849568
2024-01-11T18:34:00Z,fourier-demo,1.959040579868,2.327100000000,-0.967996389463,0.250964120914
2024-01-11T18:35:00Z,fourier-demo,1.616709470875,2.327250000000,-0.967609992740,0.252449800852
2024-01-11T18:36:00Z,fourier-demo,1.279743625322,2.327400000000,-0.967221315798,0.253934885879
2024-01-11T18:37:00Z,fourier-demo,0.958476907976,2.327550000000,-0.966830359553,0.255419372498
2024-01-11T18:38:00Z,fourier-demo,0.662727841155,2.327700000000,-0.966437124926,0.256903257208
2024-01-11T18:39:00Z,fourier-demo,0.401447975545,2.327850000000,-0.966041612845,0.258386536514
2024-01-11T18:40:00Z,fourier-demo,0.182402776917,2.328000000000,-0.965643824241,0.259869206919
2024-01-11T18:41:00Z,fourier-demo,0.011897350436,2.328150000000,-0.965243760052,0.261351264931
2024-01-11T18:42:00Z,fourier-demo,-0.105442443878,2.328300000000,-0.964841421220,0.262832707055
2024-01-11T18:43:00Z,fourier-demo,-0.166825120119,2.328450000000,-0.964436808694,0.264313529803
2024-01-11T18:44:00Z,fourier-demo,-0.171379097306,2.328600000000,-0.964029923426,0.265793729682
2024-01-11T18:45:00Z,fourier-demo,-0.120165542417,2.328750000000,-0.963620766377,0.267273303207
2024-01-11T18:46:00Z,fourier-demo,-0.016118309015,2.328900000000,-0.963209338510,0.268752246889
2024-01-11T18:47:00Z,fourier-demo,0.136086367856,2.329050000000,-0.962795640794,0.270230557244
2024-01-11T18:48:00Z,fourier-demo,0.330224994128,2.329200000000,-0.962379674205,0.271708230787
2024-01-11T18:49:00Z,fourier-demo,0.558778787412,2.329350000000,-0.961961439722,0.273185264038
2024-01-11T18:50:00Z,fourier-demo,0.813232309098,2.329500000000,-0.961540938332,0.274661653514
2024-01-11T18:51:00Z,fourier-demo,1.084406767298,2.329650000000,-0.961118171026,0.276137395737
2024-01-11T18:52:00Z,fourier-demo,1.362814682234,2.329800000000,-0.960693138798,0.277612487230
2024-01-11T18:53:00Z,fourier-demo,1.639021826034,2.329950000000,-0.960265842652,0.279086924515
2024-01-11T18:54:00Z,fourier-demo,1.904002137650,2.330100000000,-0.959836283594,0.280560704119
2024-01-11T18:55:00Z,fourier-demo,2.149471677970,2.330250000000,-0.959404462637,0.282033822568
2024-01-11T18:56:00Z,fourier-demo,2.368188613927,2.330400000000,-0.958970380797,0.283506276391
2024-01-11T18:57:00Z,fourier-demo,2.554207664638,2.330550000000,-0.958534039099,0.284978062119
2024-01-11T18:58:00Z,fourier-demo,2.703079347271,2.330700000000,-0.958095438569,0.286449176282
2024-01-11T18:59:00Z,fourier-demo,2.811986646883,2.330850000000,-0.957654580243,0.287919615414
2024-01-11T19:00:00Z,fourier-demo,2.879814308873,2.331000000000,-0.957211465158,0.289389376049
2024-01-11T19:01:00Z,fourier-demo,2.907148709419,2.331150000000,-0.956766094359,0.290858454725
2024-01-11T19:02:00Z,fourier-demo,2.896209085565,2.331300000000,-0.956318468895,0.292326847980
2024-01-11T19:03:00Z,fourier-demo,2.850713687196,2.331450000000,-0.955868589822,0.293794552352
2024-01-11T19:04:00Z,fourier-demo,2.775687034719,2.331600000000,-0.955416458199,0.295261564383
2024-01-11T19:05:00Z,fourier-demo,2.677216822412,2.331750000000,-0.954962075092,0.296727880617
2024-01-11T19:06:00Z,fourier-demo,2.562171002699,2.331900000000,-0.954505441572,0.298193497597
2024-01-11T19:07:00Z,fourier-demo,2.437887140664,2.332050000000,-0.954046558715,0.299658411871
2024-01-11T19:08:00Z,fourier-demo,2.311847178699,2.332200000000,-0.953585427601,0.301122619985
2024-01-11T19:09:00Z,fourier-demo,2.191351256937,2.332350000000,-0.953122049319,0.302586118489
2024-01-11T19:10:00Z,fourier-demo,2.083204176989,2.332500000000,-0.952656424959,0.304048903935
2024-01-11T19:11:00Z,fourier-demo,1.993427478678,2.332650000000,-0.952188555620,0.305510972875
2024-01-11T19:12:00Z,fourier-demo,1.927008949173,2.332800000000,-0.951718442403,0.306972321864
2024-01-11T19:13:00Z,fourier-demo,1.887699749932,2.332950000000,-0.951246086416,0.308432947459
2024-01-11T19:14:00Z,fourier-demo,1.877867298208,2.333100000000,-0.950771488773,0.309892846216
2024-01-11T19:15:00Z,fourier-demo,1.898409661987,2.333250000000,-0.950294650592,0.311352014697
2024-01-11T19:16:00Z,fourier-demo,1.948734619330,2.333400000000,-0.949815572997,0.312810449461
2024-01-11T19:17:00Z,fourier-demo,2.026803803615,2.333550000000,-0.949334257117,0.314268147073
2024-01-11T19:18:00Z,fourier-demo,2.129239618200,2.333700000000,-0.948850704085,0.315725104098
2024-01-11T19:19:00Z,fourier-demo,2.251489971152,2.333850000000,-0.948364915042,0.317181317101
2024-01-11T19:20:00Z,fourier-demo,2.388043461691,2.334000000000,-0.947876891132,0.318636782651
2024-01-11T19:21:00Z,fourier-demo,2.532685544943,2.334150000000,-0.947386633505,0.320091497319
2024-01-11T19:22:00Z,fourier-demo,2.678784497267,2.334300000000,-0.946894143317,0.321545457676
2024-01-11T19:23:00Z,fourier-demo,2.819594771139,2.334450000000,-0.946399421728,0.322998660296
2024-01-11T19:24:00Z,fourier-demo,2.948564617000,2.334600000000,-0.945902469904,0.324451101754
2024-01-11T19:25:00Z,fourier-demo,3.059634688678,2.334750000000,-0.945403289016,0.325902778628
2024-01-11T19:26:00Z,fourier-demo,3.147514745310,2.334900000000,-0.944901880241,0.327353687496
2024-01-11T19:27:00Z,fourier-demo,3.207926499361,2.335050000000,-0.944398244759,0.328803824940
2024-01-11T19:28:00Z,fourier-demo,3.237802098211,2.335200000000,-0.943892383759,0.330253187543
2024-01-11T19:29:00Z,fourier-demo,3.235429606001,2.335350000000,-0.943384298431,0.331701771888
2024-01-11T19:30:00Z,fourier-demo,3.200539094980,2.335500000000,-0.942873989974,0.333149574562
2024-01-11T19:31:00Z,fourier-demo,3.134325468079,2.335650000000,-0.942361459589,0.334596592153
2024-01-11T19:32:00Z,fourier-demo,3.039406812725,2.335800000000,-0.941846708485,0.336042821252
2024-01-11T19:33:00Z,fourier-demo,2.919719818458,2.335950000000,-0.941329737875,0.337488258450
2024-01-11T19:34:00Z,fourier-demo,2.780356464289,2.336100000000,-0.940810548977,0.338932900341
2024-01-11T19:35:00Z,fourier-demo,2.627348684543,2.336250000000,-0.940289143014,0.340376743520
2024-01-11T19:36:00Z,fourier-demo,2.467409949914,2.336400000000,-0.939765521216,0.341819784586
2024-01-11T19:37:00Z,fourier-demo,2.307644560571,2.336550000000,-0.939239684815,0.343262020137
2024-01-11T19:38:00Z,fourier-demo,2.155236862320,2.336700000000,-0.938711635052,0.344703446775
2024-01-11T19:39:00Z,fourier-demo,2.017133505610,2.336850000000,-0.938181373170,0.346144061103
2024-01-11T19:40:00Z,fourier-demo,1.899732231426,2.337000000000,-0.937648900420,0.347583859726
2024-01-11T19:41:00Z,fourier-demo,1.808590471727,2.337150000000,-0.937114218055,0.349022839251
2024-01-11T19:42:00Z,fourier-demo,1.748166301482,2.337300000000,-0.936577327337,0.350460996288
2024-01-11T19:43:00Z,fourier-demo,1.721603004231,2.337450000000,-0.936038229529,0.351898327446
2024-01-11T19:44:00Z,fourier-demo,1.730566764627,2.337600000000,-0.935496925904,0.353334829340
2024-01-11T19:45:00Z,fourier-demo,1.775144850469,2.337750000000,-0.934953417736,0.354770498583
2024-01-11T19:46:00Z,fourier-demo,1.853809180785,2.337900000000,-0.934407706305,0.356205331793
2024-01-11T19:47:00Z,fourier-demo,1.963447496357,2.338050000000,-0.933859792899,0.357639325588
2024-01-11T19:48:00Z,fourier-demo,2.099461564330,2.338200000000,-0.933309678808,0.359072476589
2024-01-11T19:49:00Z,fourier-demo,2.255929073473,2.338350000000,-0.932757365328,0.360504781418
2024-01-11T19:50:00Z,fourier-demo,2.425823225427,2.338500000000,-0.932202853762,0.361936236702
2024-01-11T19:51:00Z,fourier-demo,2.601281608990,2.338650000000,-0.931646145416,0.363366839065
2024-01-11T19:52:00Z,fourier-demo,2.773913859348,2.338800000000,-0.931087241601,0.364796585137
2024-01-11T19:53:00Z,fourier-demo,2.935135938423,2.338950000000,-0.930526143635,0.366225471549
2024-01-11T19:54:00Z,fourier-demo,3.076517695980,2.339100000000,-0.929962852841,0.367653494933
2024-01-11T19:55:00Z,fourier-demo,3.190129733307,2.339250000000,-0.929397370545,0.369080651924
2024-01-11T19:56:00Z,fourier-demo,3.268875520066,2.339400000000,-0.928829698080,0.370506939159
2024-01-11T19:57:00Z,fourier-demo,3.306795214901,2.339550000000,-0.928259836784,0.371932353278
2024-01-11T19:58:00Z,fourier-demo,3.299328693050,2.339700000000,-0.927687787999,0.373356890920
2024-01-11T19:59:00Z,fourier-demo,3.243526848274,2.339850000000,-0.927113553075,0.374780548728
2024-01-11T20:00:00Z,fourier-demo,3.138202249806,2.340000000000,-0.926537133363,0.376203323349
2024-01-11T20:01:00Z,fourier-demo,2.984012617170,2.340150000000,-0.925958530223,0.377625211429
2024-01-11T20:02:00Z,fourier-demo,2.783473230965,2.340300000000,-0.925377745018,0.379046209617
2024-01-11T20:03:00Z,fourier-demo,2.540897219063,2.340450000000,-0.924794779117,0.380466314565
2024-01-11T20:04:00Z,fourier-demo,2.262265531228,2.340600000000,-0.924209633893,0.381885522925
2024-01-11T20:05:00Z,fourier-demo,1.955031224823,2.340750000000,-0.923622310725,0.383303831355
2024-01-11T20:06:00Z,fourier-demo,1.627865316255,2.340900000000,-0.923032810997,0.384721236511
2024-01-11T20:07:00Z,fourier-demo,1.290353800389,2.341050000000,-0.922441136099,0.386137735053
2024-01-11T20:08:00Z,fourier-demo,0.952657408333,2.341200000000,-0.921847287425,0.387553323644
2024-01-11T20:09:00Z,fourier-demo,0.625147182477,2.341350000000,-0.921251266374,0.388967998946
2024-01-11T20:10:00Z,fourier-demo,0.318029935479,2.341500000000,-0.920653074351,0.390381757627
2024-01-11T20:11:00Z,fourier-demo,0.040978086357,2.341650000000,-0.920052712765,0.391794596355
2024-01-11T20:12:00Z,fourier-demo,-0.197221785317,2.341800000000,-0.919450183032,0.393206511801
2024-01-11T20:13:00Z,fourier-demo,-0.388988051225,2.341950000000,-0.918845486571,0.394617500637
2024-01-11T20:14:00Z,fourier-demo,-0.528218465221,2.342100000000,-0.918238624807,0.396027559538
2024-01-11T20:15:00Z,fourier-demo,-0.610509328157,2.342250000000,-0.917629599170,0.397436685181
2024-01-11T20:16:00Z,fourier-demo,-0.633310984896,2.342400000000,-0.917018411095,0.398844874246
2024-01-11T20:17:00Z,fourier-demo,-0.596013768936,2.342550000000,-0.916405062024,0.400252123414
2024-01-11T20:18:00Z,fourier-demo,-0.499961259277,2.342700000000,-0.915789553400,0.401658429369
2024-01-11T20:19:00Z,fourier-demo,-0.348390584607,2.342850000000,-0.915171886675,0.403063788797
2024-01-11T20:20:00Z,fourier-demo,-0.146302385746,2.343000000000,-0.914552063304,0.404468198386
2024-01-11T20:21:00Z,fourier-demo,0.099734187247,2.343150000000,-0.913930084748,0.405871654827
2024-01-11T20:22:00Z,fourier-demo,0.381833523071,2.343300000000,-0.913305952473,0.407274154812
2024-01-11T20:23:00Z,fourier-demo,0.691092502112,2.343450000000,-0.912679667949,0.408675695036
2024-01-11T20:24:00Z,fourier-demo,1.017924406956,2.343600000000,-0.912051232652,0.410076272196
2024-01-11T20:25:00Z,fourier-demo,1.352414520703,2.343750000000,-0.911420648063,0.411475882993
2024-01-11T20:26:00Z,fourier-demo,1.684683358004,2.343900000000,-0.910787915668,0.412874524127
2024-01-11T20:27:00Z,fourier-demo,2.005243255879,2.344050000000,-0.910153036959,0.414272192302
2024-01-11T20:28:00Z,fourier-demo,2.305334408307,2.344200000000,-0.909516013430,0.415668884226
2024-01-11T20:29:00Z,fourier-demo,2.577227344117,2.344350000000,-0.908876846585,0.417064596606
2024-01-11T20:30:00Z,fourier-demo,2.814480283250,2.344500000000,-0.908235537928,0.418459326154
2024-01-11T20:31:00Z,fourier-demo,3.012141702064,2.344650000000,-0.907592088971,0.419853069582
2024-01-11T20:32:00Z,fourier-demo,3.166890715563,2.344800000000,-0.906946501230,0.421245823607
2024-01-11T20:33:00Z,fourier-demo,3.277110449543,2.344950000000,-0.906298776227,0.422637584947
2024-01-11T20:34:00Z,fourier-demo,3.342892323205,2.345100000000,-0.905648915488,0.424028350320
2024-01-11T20:35:00Z,fourier-demo,3.365971980237,2.345250000000,-0.904996920545,0.425418116451
2024-01-11T20:36:00Z,fourier-demo,3.349600378681,2.345400000000,-0.904342792933,0.426806880064
2024-01-11T20:37:00Z,fourier-demo,3.298356163825,2.345550000000,-0.903686534195,0.428194637887
2024-01-11T20:38:00Z,fourier-demo,3.217907797784,2.345700000000,-0.903028145877,0.429581386648
2024-01-11T20:39:00Z,fourier-demo,3.114735908975,2.345850000000,-0.902367629530,0.430967123081
2024-01-11T20:40:00Z,fourier-demo,2.995827874105,2.346000000000,-0.901704986711,0.432351843919
2024-01-11T20:41:00Z,fourier-demo,2.868357692527,2.346150000000,-0.901040218982,0.433735545899
2024-01-11T20:42:00Z,fourier-demo,2.739364716521,2.346300000000,-0.900373327909,0.435118225762
2024-01-11T20:43:00Z,fourier-demo,2.615444742313,2.346450000000,-0.899704315064,0.436499880247
2024-01-11T20:44:00Z,fourier-demo,2.502466349599,2.346600000000,-0.899033182022,0.437880506100
2024-01-11T20:45:00Z,fourier-demo,2.405324229362,2.346750000000,-0.898359930367,0.439260100067
2024-01-11T20:46:00Z,fourier-demo,2.327739609498,2.346900000000,-0.897684561684,0.440638658897
2024-01-11T20:47:00Z,fourier-demo,2.272115844259,2.347050000000,-0.897007077565,0.442016179341
2024-01-11T20:48:00Z,fourier-demo,2.239454862141,2.347200000000,-0.896327479606,0.443392658152
2024-01-11T20:49:00Z,fourier-demo,2.229337566775,2.347350000000,-0.895645769409,0.444768092088
2024-01-11T20:50:00Z,fourier-demo,2.239968564785,2.347500000000,-0.894961948580,0.446142477907
2024-01-11T20:51:00Z,fourier-demo,2.268282866644,2.347650000000,-0.894276018732,0.447515812371
2024-01-11T20:52:00Z,fourier-demo,2.310109584494,2.347800000000,-0.893587981479,0.448888092241
2024-01-11T20:53:00Z,fourier-demo,2.360385243521,2.347950000000,-0.892897838444,0.450259314286
2024-01-11T20:54:00Z,fourier-demo,2.413407230453,2.348100000000,-0.892205591253,0.451629475274
2024-01-11T20:55:00Z,fourier-demo,2.463116210922,2.348250000000,-0.891511241538,0.452998571975
2024-01-11T20:56:00Z,fourier-demo,2.503395126681,2.348400000000,-0.890814790934,0.454366601164
2024-01-11T20:57:00Z,fourier-demo,2.528371684545,2.348550000000,-0.890116241083,0.455733559616
2024-01-11T20:58:00Z,fourier-demo,2.532711100397,2.348700000000,-0.889415593631,0.457099444111
2024-01-11T20:59:00Z,fourier-demo,2.511886269566,2.348850000000,-0.888712850229,0.458464251429
2024-01-11T21:00:00Z,fourier-demo,2.462413482620,2.349000000000,-0.888008012533,0.459827978355
2024-01-11T21:01:00Z,fourier-demo,2.382043253574,2.349150000000,-0.887301082204,0.461190621674
2024-01-11T21:02:00Z,fourier-demo,2.269897715897,2.349300000000,-0.886592060908,0.462552178175
2024-01-11T21:03:00Z,fourier-demo,2.126548292023,2.349450000000,-0.885880950316,0.463912644651
2024-01-11T21:04:00Z,fourier-demo,1.954029861151,2.349600000000,-0.885167752104,0.465272017894
2024-01-11T21:05:00Z,fourier-demo,1.755790333343,2.349750000000,-0.884452467952,0.466630294702
2024-01-11T21:06:00Z,fourier-demo,1.536577274010,2.349900000000,-0.883735099546,0.467987471874
2024-01-11T21:07:00Z,fourier-demo,1.302265897982,2.350050000000,-0.883015648576,0.469343546211
2024-01-11T21:08:00Z,fourier-demo,1.059635255318,2.350200000000,-0.882294116738,0.470698514517
2024-01-11T21:09:00Z,fourier-demo,0.816101657381,2.350350000000,-0.881570505733,0.472052373601
2024-01-11T21:10:00Z,fourier-demo,0.579420248491,2.350500000000,-0.880844817265,0.473405120270
2024-01-11T21:11:00Z,fourier-demo,0.357367037770,2.350650000000,-0.880117053044,0.474756751338
2024-01-11T21:12:00Z,fourier-demo,0.157414607881,2.350800000000,-0.879387214786,0.476107263620
2024-01-11T21:13:00Z,fourier-demo,-0.013584926241,2.350950000000,-0.878655304210,0.477456653932
2024-01-11T21:14:00Z,fourier-demo,-0.149696341514,2.351100000000,-0.877921323042,0.478804919094
2024-01-11T21:15:00Z,fourier-demo,-0.246164507731,2.351250000000,-0.877185273010,0.480152055931
2024-01-11T21:16:00Z,fourier-demo,-0.299633046378,2.351400000000,-0.876447155850,0.481498061266
2024-01-11T21:17:00Z,fourier-demo,-0.308308889236,2.351550000000,-0.875706973300,0.482842931928
2024-01-11T21:18:00Z,fourier-demo,-0.272065343065,2.351700000000,-0.874964727106,0.484186664749
2024-01-11T21:19:00Z,fourier-demo,-0.192478746356,2.351850000000,-0.874220419016,0.485529256560
2024-01-11T21:20:00Z,fourier-demo,-0.072796498458,2.352000000000,-0.873474050784,0.486870704199
2024-01-11T21:21:00Z,fourier-demo,0.082162959743,2.352150000000,-0.872725624169,0.488211004504
2024-01-11T21:22:00Z,fourier-demo,0.266174845385,2.352300000000,-0.871975140935,0.489550154316
2024-01-11T21:23:00Z,fourier-demo,0.471831380329,2.352450000000,-0.871222602851,0.490888150480
2024-01-11T21:24:00Z,fourier-demo,0.690815320679,2.352600000000,-0.870468011689,0.492224989844
2024-01-11T21:25:00Z,fourier-demo,0.914213107396,2.352750000000,-0.869711369228,0.493560669256
2024-01-11T21:26:00Z,fourier-demo,1.132855399363,2.352900000000,-0.868952677251,0.494895185568
2024-01-11T21:27:00Z,fourier-demo,1.337671563604,2.353050000000,-0.868191937546,0.496228535637
2024-01-11T21:28:00Z,fourier-demo,1.520044050863,2.353200000000,-0.867429151905,0.497560716320
2024-01-11T21:29:00Z,fourier-demo,1.672148506105,2.353350000000,-0.866664322127,0.498891724478
2024-01-11T21:30:00Z,fourier-demo,1.787265957827,2.353500000000,-0.865897450013,0.500221556973
2024-01-11T21:31:00Z,fourier-demo,1.860054478500,2.353650000000,-0.865128537371,0.501550210673
2024-01-11T21:32:00Z,fourier-demo,1.886769270132,2.353800000000,-0.864357586013,0.502877682446
2024-01-11T21:33:00Z,fourier-demo,1.865422141548,2.353950000000,-0.863584597755,0.504203969164
2024-01-11T21:34:00Z,fourier-demo,1.795873727098,2.354100000000,-0.862809574419,0.505529067701
2024-01-11T21:35:00Z,fourier-demo,1.679854454413,2.354250000000,-0.862032517832,0.506852974935
2024-01-11T21:36:00Z,fourier-demo,1.520913094380,2.354400000000,-0.861253429824,0.508175687747
2024-01-11T21:37:00Z,fourier-demo,1.324294605948,2.354550000000,-0.860472312232,0.509497203018
2024-01-11T21:38:00Z,fourier-demo,1.096751805184,2.354700000000,-0.859689166896,0.510817517635
2024-01-11T21:39:00Z,fourier-demo,0.846298028550,2.354850000000,-0.858903995661,0.512136628486
2024-01-11T21:40:00Z,fourier-demo,0.581910317633,2.355000000000,-0.858116800379,0.513454532463
2024-01-11T21:41:00Z,fourier-demo,0.313194631338,2.355150000000,-0.857327582904,0.514771226460
2024-01-11T21:42:00Z,fourier-demo,0.050026111546,2.355300000000,-0.856536345096,0.516086707375
2024-01-11T21:43:00Z,fourier-demo,-0.197821571978,2.355450000000,-0.855743088820,0.517400972106
2024-01-11T21:44:00Z,fourier-demo,-0.421043332659,2.355600000000,-0.854947815945,0.518714017558
2024-01-11T21:45:00Z,fourier-demo,-0.611151908992,2.355750000000,-0.854150528344,0.520025840636
2024-01-11T21:46:00Z,fourier-demo,-0.760795624519,2.355900000000,-0.853351227898,0.521336438248
2024-01-11T21:47:00Z,fourier-demo,-0.864032309807,2.356050000000,-0.852549916489,0.522645807306
2024-01-11T21:48:00Z,fourier-demo,-0.916548780080,2.356200000000,-0.851746596006,0.523953944725
2024-01-11T21:49:00Z,fourier-demo,-0.915817434305,2.356350000000,-0.850941268341,0.525260847421
2024-01-11T21:50:00Z,fourier-demo,-0.861184048117,2.356500000000,-0.850133935393,0.526566512316
2024-01-11T21:51:00Z,fourier-demo,-0.753883572600,2.356650000000,-0.849324599065,0.527870936331
2024-01-11T21:52:00Z,fourier-demo,-0.596983612912,2.356800000000,-0.848513261263,0.529174116394
2024-01-11T21:53:00Z,fourier-demo,-0.395258129298,2.356950000000,-0.847699923899,0.530476049433
2024-01-11T21:54:00Z,fourier-demo,-0.154996662623,2.357100000000,-0.846884588890,0.531776732380
2024-01-11T21:55:00Z,fourier-demo,0.116243074212,2.357250000000,-0.846067258158,0.533076162170
2024-01-11T21:56:00Z,fourier-demo,0.409929180769,2.357400000000,-0.845247933628,0.534374335740
2024-01-11T21:57:00Z,fourier-demo,0.716884265700,2.357550000000,-0.844426617231,0.535671250033
2024-01-11T21:58:00Z,fourier-demo,1.027635669464,2.357700000000,-0.843603310903,0.536966901990
2024-01-11T21:59:00Z,fourier-demo,1.332773240549,2.357850000000,-0.842778016584,0.538261288560
2024-01-11T22:00:00Z,fourier-demo,1.623300472082,2.358000000000,-0.841950736219,0.539554406692
2024-01-11T22:01:00Z,fourier-demo,1.890965158611,2.358150000000,-0.841121471757,0.540846253338
2024-01-11T22:02:00Z,fourier-demo,2.128556643356,2.358300000000,-0.840290225152,0.542136825454
2024-01-11T22:03:00Z,fourier-demo,2.330158155378,2.358450000000,-0.839456998364,0.543426119999
2024-01-11T22:04:00Z,fourier-demo,2.491344624598,2.358600000000,-0.838621793356,0.544714133935
2024-01-11T22:05:00Z,fourier-demo,2.609318631814,2.358750000000,-0.837784612096,0.546000864226
2024-01-11T22:06:00Z,fourier-demo,2.682979707347,2.358900000000,-0.836945456556,0.547286307841
2024-01-11T22:07:00Z,fourier-demo,2.712924930486,2.359050000000,-0.836104328715,0.548570461749
2024-01-11T22:08:00Z,fourier-demo,2.701381590002,2.359200000000,-0.835261230555,0.549853322925
2024-01-11T22:09:00Z,fourier-demo,2.652075428963,2.359350000000,-0.834416164062,0.551134888346
2024-01-11T22:10:00Z,fourier-demo,2.570040601670,2.359500000000,-0.833569131228,0.552415154991
2024-01-11T22:11:00Z,fourier-demo,2.461379810994,2.359650000000,-0.832720134049,0.553694119844
2024-01-11T22:12:00Z,fourier-demo,2.332985075368,2.359800000000,-0.831869174525,0.554971779890
2024-01-11T22:13:00Z,fourier-demo,2.192231116139,2.359950000000,-0.831016254663,0.556248132119
2024-01-11T22:14:00Z,fourier-demo,2.046654396135,2.360100000000,-0.830161376471,0.557523173523
2024-01-11T22:15:00Z,fourier-demo,1.903631337638,2.360250000000,-0.829304541965,0.558796901098
2024-01-11T22:16:00Z,fourier-demo,1.770069183979,2.360400000000,-0.828445753163,0.560069311841
2024-01-11T22:17:00Z,fourier-demo,1.652122347808,2.360550000000,-0.827585012090,0.561340402754
2024-01-11T22:18:00Z,fourier-demo,1.554945938015,2.360700000000,-0.826722320773,0.562610170842
2024-01-11T22:19:00Z,fourier-demo,1.482496525306,2.360850000000,-0.825857681247,0.563878613113
2024-01-11T22:20:00Z,fourier-demo,1.437388162327,2.361000000000,-0.824991095547,0.565145726577
2024-01-11T22:21:00Z,fourier-demo,1.420809303554,2.361150000000,-0.824122565717,0.566411508248
2024-01-11T22:22:00Z,fourier-demo,1.432503671956,2.361300000000,-0.823252093803,0.567675955144
2024-01-11T22:23:00Z,fourier-demo,1.470815401887,2.361450000000,-0.822379681857,0.568939064284
2024-01-11T22:24:00Z,fourier-demo,1.532796063847,2.361600000000,-0.821505331934,0.570200832693
2024-01-11T22:25:00Z,fourier-demo,1.614368559748,2.361750000000,-0.820629046095,0.571461257396
2024-01-11T22:26:00Z,fourier-demo,1.710540475916,2.361900000000,-0.819750826405,0.572720335424
2024-01-11T22:27:00Z,fourier-demo,1.815657394738,2.362050000000,-0.818870674933,0.573978063810
2024-01-11T22:28:00Z,fourier-demo,1.923684981250,2.362200000000,-0.817988593754,0.575234439589
2024-01-11T22:29:00Z,fourier-demo,2.028507447970,2.362350000000,-0.817104584945,0.576489459801
2024-01-11T22:30:00Z,fourier-demo,2.124229310072,2.362500000000,-0.816218650592,0.577743121488
2024-01-11T22:31:00Z,fourier-demo,2.205467202507,2.362650000000,-0.815330792780,0.578995421696
2024-01-11T22:32:00Z,fourier-demo,2.267618946621,2.362800000000,-0.814441013603,0.580246357474
2024-01-11T22:33:00Z,fourier-demo,2.307098009180,2.362950000000,-0.813549315157,0.581495925874
2024-01-11T22:34:00Z,fourier-demo,2.321522951973,2.363100000000,-0.812655699543,0.582744123951
2024-01-11T22:35:00Z,fourier-demo,2.309853365161,2.363250000000,-0.811760168868,0.583990948765
2024-01-11T22:36:00Z,fourier-demo,2.272466033760,2.363400000000,-0.810862725242,0.585236397376
2024-01-11T22:37:00Z,fourier-demo,2.211167610749,2.363550000000,-0.809963370779,0.586480466849
2024-01-11T22:38:00Z,fourier-demo,2.129142757526,2.363700000000,-0.809062107600,0.587723154254
2024-01-11T22:39:00Z,fourier-demo,2.030839451395,2.363850000000,-0.808158937827,0.588964456661
2024-01-11T22:40:00Z,fourier-demo,1.921795836595,2.364000000000,-0.807253863589,0.590204371146
2024-01-11T22:41:00Z,fourier-demo,1.808415498792,2.364150000000,-0.806346887020,0.591442894786
2024-01-11T22:42:00Z,fourier-demo,1.697700268500,2.364300000000,-0.805438010256,0.592680024663
2024-01-11T22:43:00Z,fourier-demo,1.596951513579,2.364450000000,-0.804527235439,0.593915757862
2024-01-11T22:44:00Z,fourier-demo,1.513452286835,2.364600000000,-0.803614564716,0.595150091470
2024-01-11T22:45:00Z,fourier-demo,1.454143592252,2.364750000000,-0.802700000237,0.596383022579
2024-01-11T22:46:00Z,fourier-demo,1.425308383918,2.364900000000,-0.801783544157,0.597614548282
2024-01-11T22:47:00Z,fourier-demo,1.432276698931,2.365050000000,-0.800865198637,0.598844665679
2024-01-11T22:48:00Z,fourier-demo,1.479164556474,2.365200000000,-0.799944965840,0.600073371870
2024-01-11T22:49:00Z,fourier-demo,1.568657959712,2.365350000000,-0.799022847934,0.601300663960
2024-01-11T22:50:00Z,fourier-demo,1.701851566629,2.365500000000,-0.798098847094,0.602526539057
2024-01-11T22:51:00Z,fourier-demo,1.878149421746,2.365650000000,-0.797172965496,0.603750994271
2024-01-11T22:52:00Z,fourier-demo,2.095232650582,2.365800000000,-0.796245205322,0.604974026717
2024-01-11T22:53:00Z,fourier-demo,2.349096314011,2.365950000000,-0.795315568758,0.606195633513
2024-01-11T22:54:00Z,fourier-demo,2.634154810296,2.366100000000,-0.794384057996,0.607415811781
2024-01-11T22:55:00Z,fourier-demo,2.943412413303,2.366250000000,-0.793450675230,0.608634558644
2024-01-11T22:56:00Z,fourier-demo,3.268692860679,2.366400000000,-0.792515422661,0.609851871232
2024-01-11T22:57:00Z,fourier-demo,3.600919465289,2.366550000000,-0.791578302491,0.611067746675
2024-01-11T22:58:00Z,fourier-demo,3.930435117307,2.366700000000,-0.790639316929,0.612282182107
2024-01-11T22:59:00Z,fourier-demo,4.247349859875,2.366850000000,-0.789698468188,0.613495174668
2024-01-11T23:00:00Z,fourier-demo,4.541902528167,2.367000000000,-0.788755758486,0.614706721498
2024-01-11T23:01:00Z,fourier-demo,4.804822289906,2.367150000000,-0.787811190043,0.615916819743
2024-01-11T23:02:00Z,fourier-demo,5.027675842868,2.367300000000,-0.786864765086,0.617125466551
2024-01-11T23:03:00Z,fourier-demo,5.203186516796,2.367450000000,-0.785916485845,0.618332659073
2024-01-11T23:04:00Z,fourier-demo,5.325512574622,2.367600000000,-0.784966354555,0.619538394465
2024-01-11T23:05:00Z,fourier-demo,5.390473570157,2.367750000000,-0.784014373454,0.620742669886
2024-01-11T23:06:00Z,fourier-demo,5.395715634224,2.367900000000,-0.783060544787,0.621945482497
2024-01-11T23:07:00Z,fourier-demo,5.340808948110,2.368050000000,-0.782104870800,0.623146829464
2024-01-11T23:08:00Z,fourier-demo,5.227273326307,2.368200000000,-0.781147353746,0.624346707957
2024-01-11T23:09:00Z,fourier-demo,5.058530662961,2.368350000000,-0.780187995881,0.625545115146
2024-01-11T23:10:00Z,fourier-demo,4.839785883899,2.368500000000,-0.779226799466,0.626742048209
2024-01-11T23:11:00Z,fourier-demo,4.577840872402,2.368650000000,-0.778263766767,0.627937504325
2024-01-11T23:12:00Z,fourier-demo,4.280848487978,2.368800000000,-0.777298900052,0.629131480676
2024-01-11T23:13:00Z,fourier-demo,3.958016166156,2.368950000000,-0.776332201595,0.630323974450
2024-01-11T23:14:00Z,fourier-demo,3.619270578455,2.369100000000,-0.775363673675,0.631514982835
2024-01-11T23:15:00Z,fourier-demo,3.274896364637,2.369250000000,-0.774393318574,0.632704503025
2024-01-11T23:16:00Z,fourier-demo,2.935162962499,2.369400000000,-0.773421138579,0.633892532217
2024-01-11T23:17:00Z,fourier-demo,2.609954013013,2.369550000000,-0.772447135979,0.635079067611
2024-01-11T23:18:00Z,fourier-demo,2.308413692647,2.369700000000,-0.771471313072,0.636264106411
2024-01-11T23:19:00Z,fourier-demo,2.038623625552,2.369850000000,-0.770493672156,0.637447645825
2024-01-11T23:20:00Z,fourier-demo,1.807322784626,2.370000000000,-0.769514215535,0.638629683063
2024-01-11T23:21:00Z,fourier-demo,1.619681052986,2.370150000000,-0.768532945518,0.639810215341
2024-01-11T23:22:00Z,fourier-demo,1.479134956667,2.370300000000,-0.767549864416,0.640989239875
2024-01-11T23:23:00Z,fourier-demo,1.387291583201,2.370450000000,-0.766564974547,0.642166753888
2024-01-11T23:24:00Z,fourier-demo,1.343903970251,2.370600000000,-0.765578278231,0.643342754604
2024-01-11T23:25:00Z,fourier-demo,1.346918394433,2.370750000000,-0.764589777793,0.644517239253
2024-01-11T23:26:00Z,fourier-demo,1.392591128194,2.370900000000,-0.763599475564,0.645690205066
2024-01-11T23:27:00Z,fourier-demo,1.475669477871,2.371050000000,-0.762607373876,0.646861649280
2024-01-11T23:28:00Z,fourier-demo,1.589629379899,2.371200000000,-0.761613475068,0.648031569134
2024-01-11T23:29:00Z,fourier-demo,1.726959616712,2.371350000000,-0.760617781482,0.649199961871
2024-01-11T23:30:00Z,fourier-demo,1.879480907910,2.371500000000,-0.759620295464,0.650366824737
2024-01-11T23:31:00Z,fourier-demo,2.038686807970,2.371650000000,-0.758621019365,0.651532154983
2024-01-11T23:32:00Z,fourier-demo,2.196092551329,2.371800000000,-0.757619955540,0.652695949863
2024-01-11T23:33:00Z,fourier-demo,2.343577759717,2.371950000000,-0.756617106347,0.653858206634
2024-01-11T23:34:00Z,fourier-demo,2.473709272495,2.372100000000,-0.755612474150,0.655018922558
2024-01-11T23:35:00Z,fourier-demo,2.580031262664,2.372250000000,-0.754606061317,0.656178094898
2024-01-11T23:36:00Z,fourier-demo,2.657311220640,2.372400000000,-0.753597870219,0.657335720923
2024-01-11T23:37:00Z,fourier-demo,2.701732265303,2.372550000000,-0.752587903232,0.658491797906
2024-01-11T23:38:00Z,fourier-demo,2.711024499070,2.372700000000,-0.751576162736,0.659646323121
2024-01-11T23:39:00Z,fourier-demo,2.684530667443,2.372850000000,-0.750562651115,0.660799293849
2024-01-11T23:40:00Z,fourier-demo,2.623204108557,2.373000000000,-0.749547370758,0.661950707372
2024-01-11T23:41:00Z,fourier-demo,2.529539772677,2.373150000000,-0.748530324056,0.663100560977
2024-01-11T23:42:00Z,fourier-demo,2.407441840453,2.373300000000,-0.747511513408,0.664248851954
2024-01-11T23:43:00Z,fourier-demo,2.262034059538,2.373450000000,-0.746490941214,0.665395577597
2024-01-11T23:44:00Z,fourier-demo,2.099421245904,2.373600000000,-0.745468609878,0.666540735204
2024-01-11T23:45:00Z,fourier-demo,1.926412364016,2.373750000000,-0.744444521810,0.667684322077
2024-01-11T23:46:00Z,fourier-demo,1.750217129020,2.373900000000,-0.743418679424,0.668826335519
2024-01-11T23:47:00Z,fourier-demo,1.578129102532,2.374050000000,-0.742391085136,0.669966772841
2024-01-11T23:48:00Z,fourier-demo,1.417208740482,2.374200000000,-0.741361741368,0.671105631354
2024-01-11T23:49:00Z,fourier-demo,1.273979778035,2.374350000000,-0.740330650547,0.672242908375
2024-01-11T23:50:00Z,fourier-demo,1.154151707439,2.374500000000,-0.739297815101,0.673378601224
2024-01-11T23:51:00Z,fourier-demo,1.062379946970,2.374650000000,-0.738263237465,0.674512707224
2024-01-11T23:52:00Z,fourier-demo,1.002073662120,2.374800000000,-0.737226920077,0.675645223704
2024-01-11T23:53:00Z,fourier-demo,0.975259152592,2.374950000000,-0.736188865379,0.676776147993
2024-01-11T23:54:00Z,fourier-demo,0.982504346161,2.375100000000,-0.735149075817,0.677905477427
2024-01-11T23:55:00Z,fourier-demo,1.022907342065,2.375250000000,-0.734107553841,0.679033209345
2024-01-11T23:56:00Z,fourier-demo,1.094149230426,2.375400000000,-0.733064301906,0.680159341090
2024-01-11T23:57:00Z,fourier-demo,1.192608693398,2.375550000000,-0.732019322470,0.681283870006
2024-01-11T23:58:00Z,fourier-demo,1.313533281205,2.375700000000,-0.730972617996,0.682406793445
2024-01-11T23:59:00Z,fourier-demo,1.451259860670,2.375850000000,-0.729924190951,0.683528108760
2024-01-12T00:00:00Z,fourier-demo,1.599474654677,2.376000000000,-0.728874043805,0.684647813308
2024-01-12T00:01:00Z,fourier-demo,1.751501614667,2.376150000000,-0.727822179032,0.685765904452
2024-01-12T00:02:00Z,fourier-demo,1.900606664500,2.376300000000,-0.726768599112,0.686882379556
2024-01-12T00:03:00Z,fourier-demo,2.040304672845,2.376450000000,-0.725713306528,0.687997235989
2024-01-12T00:04:00Z,fourier-demo,2.164655881454,2.376600000000,-0.724656303766,0.689110471124
2024-01-12T00:05:00Z,fourier-demo,2.268538943627,2.376750000000,-0.723597593317,0.690222082337
2024-01-12T00:06:00Z,fourier-demo,2.347888693900,2.376900000000,-0.722537177676,0.691332067010
2024-01-12T00:07:00Z,fourier-demo,2.399888236494,2.377050000000,-0.721475059342,0.692440422526
2024-01-12T00:08:00Z,fourier-demo,2.423106846227,2.377200000000,-0.720411240818,0.693547146273
2024-01-12T00:09:00Z,fourier-demo,2.417577442598,2.377350000000,-0.719345724610,0.694652235644
2024-01-12T00:10:00Z,fourier-demo,2.384809932017,2.377500000000,-0.718278513231,0.695755688033
2024-01-12T00:11:00Z,fourier-demo,2.327739409968,2.377650000000,-0.717209609194,0.696857500842
2024-01-12T00:12:00Z,fourier-demo,2.250610962402,2.377800000000,-0.716139015019,0.697957671473
2024-01-12T00:13:00Z,fourier-demo,2.158805490180,2.377950000000,-0.715066733228,0.699056197333
2024-01-12T00:14:00Z,fourier-demo,2.058613490233,2.378100000000,-0.713992766349,0.700153075835
2024-01-12T00:15:00Z,fourier-demo,1.956965957969,2.378250000000,-0.712917116912,0.701248304393
2024-01-12T00:16:00Z,fourier-demo,1.861133434117,2.378400000000,-0.711839787452,0.702341880426
2024-01-12T00:17:00Z,fourier-demo,1.778405627717,2.378550000000,-0.710760780508,0.703433801357
2024-01-12T00:18:00Z,fourier-demo,1.715764945785,2.378700000000,-0.709680098623,0.704524064613
2024-01-12T00:19:00Z,fourier-demo,1.679567610672,2.378850000000,-0.708597744343,0.705612667625
2024-01-12T00:20:00Z,fourier-demo,1.675245831960,2.379000000000,-0.707513720219,0.706699607827
2024-01-12T00:21:00Z,fourier-demo,1.707043728039,2.379150000000,-0.706428028805,0.707784882658
2024-01-12T00:22:00Z,fourier-demo,1.777798393139,2.379300000000,-0.705340672660,0.708868489560
2024-01-12T00:23:00Z,fourier-demo,1.888775730151,2.379450000000,-0.704251654346,0.709950425981
2024-01-12T00:24:00Z,fourier-demo,2.039568489525,2.379600000000,-0.703160976431,0.711030689369
2024-01-12T00:25:00Z,fourier-demo,2.228061457742,2.379750000000,-0.702068641483,0.712109277181
2024-01-12T00:26:00Z,fourier-demo,2.450466026771,2.379900000000,-0.700974652077,0.713186186873
2024-01-12T00:27:00Z,fourier-demo,2.701423558647,2.380050000000,-0.699879010791,0.714261415908
2024-01-12T00:28:00Z,fourier-demo,2.974174151773,2.380200000000,-0.698781720207,0.715334961752
2024-01-12T00:29:00Z,fourier-demo,3.260784732430,2.380350000000,-0.697682782911,0.716406821875
2024-01-12T00:30:00Z,fourier-demo,3.552427946050,2.380500000000,-0.696582201493,0.717476993752
2024-01-12T00:31:00Z,fourier-demo,3.839701208724,2.380650000000,-0.695479978545,0.718545474861
2024-01-12T00:32:00Z,fourier-demo,4.112973587028,2.380800000000,-0.694376116666,0.719612262683
2024-01-12T00:33:00Z,fourier-demo,4.362746973858,2.380950000000,-0.693270618457,0.720677354705
2024-01-12T00:34:00Z,fourier-demo,4.580017369453,2.381100000000,-0.692163486523,0.721740748416
2024-01-12T00:35:00Z,fourier-demo,4.756621988496,2.381250000000,-0.691054723473,0.722802441311
2024-01-12T00:36:00Z,fourier-demo,4.885558401021,2.381400000000,-0.689944331920,0.723862430888
2024-01-12T00:37:00Z,fourier-demo,4.961262958518,2.381550000000,-0.688832314480,0.724920714649
2024-01-12T00:38:00Z,fourier-demo,4.979837316092,2.381700000000,-0.687718673775,0.725977290100
2024-01-12T00:39:00Z,fourier-demo,4.939213874706,2.381850000000,-0.686603412428,0.727032154752
2024-01-12T00:40:00Z,fourier-demo,4.839253354066,2.382000000000,-0.685486533067,0.728085306117
2024-01-12T00:41:00Z,fourier-demo,4.681770370638,2.382150000000,-0.684368038325,0.729136741715
2024-01-12T00:42:00Z,fourier-demo,4.470485729737,2.382300000000,-0.683247930837,0.730186459068
2024-01-12T00:43:00Z,fourier-demo,4.210907031286,2.382450000000,-0.682126213243,0.731234455702
2024-01-12T00:44:00Z,fourier-demo,3.910142019515,2.382600000000,-0.681002888187,0.732280729148
2024-01-12T00:45:00Z,fourier-demo,3.576651763158,2.382750000000,-0.679877958315,0.733325276939
2024-01-12T00:46:00Z,fourier-demo,3.219953127888,2.382900000000,-0.678751426279,0.734368096614
2024-01-12T00:47:00Z,fourier-demo,2.850282000805,2.383050000000,-0.677623294732,0.735409185717
2024-01-12T00:48:00Z,fourier-demo,2.478230267503,2.383200000000,-0.676493566334,0.736448541792
2024-01-12T00:49:00Z,fourier-demo,2.114370563579,2.383350000000,-0.675362243748,0.737486162392
2024-01-12T00:50:00Z,fourier-demo,1.768883283581,2.383500000000,-0.674229329638,0.738522045071
2024-01-12T00:51:00Z,fourier-demo,1.451200213103,2.383650000000,-0.673094826674,0.739556187388
2024-01-12T00:52:00Z,fourier-demo,1.169678459257,2.383800000000,-0.671958737531,0.740588586906
2024-01-12T00:53:00Z,fourier-demo,0.931317119640,2.383950000000,-0.670821064886,0.741619241191
2024-01-12T00:54:00Z,fourier-demo,0.741527400498,2.384100000000,-0.669681811419,0.742648147816
2024-01-12T00:55:00Z,fourier-demo,0.603964741687,2.384250000000,-0.668540979815,0.743675304356
2024-01-12T00:56:00Z,fourier-demo,0.520429016688,2.384400000000,-0.667398572762,0.744700708389
2024-01-12T00:57:00Z,fourier-demo,0.490836151533,2.384550000000,-0.666254592954,0.745724357500
2024-01-12T00:58:00Z,fourier-demo,0.513261657354,2.384700000000,-0.665109043084,0.746746249276
2024-01-12T00:59:00Z,fourier-demo,0.584053712970,2.384850000000,-0.663961925854,0.747766381309
2024-01-12T01:00:00Z,fourier-demo,0.698010681757,2.385000000000,-0.662813243966,0.748784751195
2024-01-12T01:01:00Z,fourier-demo,0.848615412314,2.385150000000,-0.661663000128,0.749801356535
2024-01-12T01:02:00Z,fourier-demo,1.028316456958,2.385300000000,-0.660511197049,0.750816194932
2024-01-12T01:03:00Z,fourier-demo,1.228844534717,2.385450000000,-0.659357837444,0.751829263996
2024-01-12T01:04:00Z,fourier-demo,1.441551238441,2.385600000000,-0.658202924032,0.752840561338
2024-01-12T01:05:00Z,fourier-demo,1.657756191014,2.385750000000,-0.657046459533,0.753850084576
2024-01-12T01:06:00Z,fourier-demo,1.869088624216,2.385900000000,-0.655888446673,0.754857831330
2024-01-12T01:07:00Z,fourier-demo,2.067809692933,2.386050000000,-0.654728888181,0.755863799227
2024-01-12T01:08:00Z,fourier-demo,2.247102731401,2.386200000000,-0.653567786789,0.756867985894
2024-01-12T01:09:00Z,fourier-demo,2.401320068689,2.386350000000,-0.652405145234,0.757870388966
2024-01-12T01:10:00Z,fourier-demo,2.526176888138,2.386500000000,-0.651240966255,0.758871006081
2024-01-12T01:11:00Z,fourier-demo,2.618884862178,2.386650000000,-0.650075252596,0.759869834881
2024-01-12T01:12:00Z,fourier-demo,2.678220826416,2.386800000000,-0.648908007005,0.760866873011
2024-01-12T01:13:00Z,fourier-demo,2.704528470449,2.386950000000,-0.647739232230,0.761862118122
2024-01-12T01:14:00Z,fourier-demo,2.699653805453,2.387100000000,-0.646568931028,0.762855567870
2024-01-12T01:15:00Z,fourier-demo,2.666817905768,2.387250000000,-0.645397106155,0.763847219912
2024-01-12T01:16:00Z,fourier-demo,2.610433000888,2.387400000000,-0.644223760373,0.764837071912
2024-01-12T01:17:00Z,fourier-demo,2.535870309843,2.387550000000,-0.643048896448,0.765825121537
2024-01-12T01:18:00Z,fourier-demo,2.449189967281,2.387700000000,-0.641872517148,0.766811366459
2024-01-12T01:19:00Z,fourier-demo,2.356844909748,2.387850000000,-0.640694625244,0.767795804354
2024-01-12T01:20:00Z,fourier-demo,2.265371610338,2.388000000000,-0.639515223514,0.768778432901
2024-01-12T01:21:00Z,fourier-demo,2.181081029104,2.388150000000,-0.638334314735,0.769759249786
2024-01-12T01:22:00Z,fourier-demo,2.109763066794,2.388300000000,-0.637151901692,0.770738252697
2024-01-12T01:23:00Z,fourier-demo,2.056417175358,2.388450000000,-0.635967987169,0.771715439327
2024-01-12T01:24:00Z,fourier-demo,2.025020617523,2.388600000000,-0.634782573959,0.772690807373
2024-01-12T01:25:00Z,fourier-demo,2.018344228833,2.388750000000,-0.633595664853,0.773664354536
2024-01-12T01:26:00Z,fourier-demo,2.037823487742,2.388900000000,-0.632407262649,0.774636078523
2024-01-12T01:27:00Z,fourier-demo,2.083490328250,2.389050000000,-0.631217370147,0.775605977043
2024-01-12T01:28:00Z,fourier-demo,2.153968534277,2.389200000000,-0.630025990152,0.776574047811
2024-01-12T01:29:00Z,fourier-demo,2.246532843552,2.389350000000,-0.628833125470,0.777540288545
2024-01-12T01:30:00Z,fourier-demo,2.357229174207,2.389500000000,-0.627638778914,0.778504696969
2024-01-12T01:31:00Z,fourier-demo,2.481050782601,2.389650000000,-0.626442953297,0.779467270810
2024-01-12T01:32:00Z,fourier-demo,2.612162774439,2.389800000000,-0.625245651438,0.780428007800
2024-01-12T01:33:00Z,fourier-demo,2.744165322510,2.389950000000,-0.624046876158,0.781386905673
2024-01-12T01:34:00Z,fourier-demo,2.870384279548,2.390100000000,-0.622846630281,0.782343962172
2024-01-12T01:35:00Z,fourier-demo,2.984176683316,2.390250000000,-0.621644916638,0.783299175040
2024-01-12T01:36:00Z,fourier-demo,3.079237983055,2.390400000000,-0.620441738058,0.784252542027
2024-01-12T01:37:00Z,fourier-demo,3.149897700235,2.390550000000,-0.619237097379,0.785204060885
2024-01-12T01:38:00Z,fourier-demo,3.191390677544,2.390700000000,-0.618030997437,0.786153729373
2024-01-12T01:39:00Z,fourier-demo,3.200092050787,2.390850000000,-0.616823441077,0.787101545252
2024-01-12T01:40:00Z,fourier-demo,3.173705558908,2.391000000000,-0.615614431143,0.788047506289
2024-01-12T01:41:00Z,fourier-demo,3.111396727058,2.391150000000,-0.614403970484,0.788991610255
2024-01-12T01:42:00Z,fourier-demo,3.013864737734,2.391300000000,-0.613192061953,0.789933854925
2024-01-12T01:43:00Z,fourier-demo,2.883349351563,2.391450000000,-0.611978708407,0.790874238079
2024-01-12T01:44:00Z,fourier-demo,2.723571947454,2.391600000000,-0.610763912703,0.791812757500
2024-01-12T01:45:00Z,fourier-demo,2.539612509577,2.391750000000,-0.609547677705,0.792749410977
2024-01-12T01:46:00Z,fourier-demo,2.337727082033,2.391900000000,-0.608330006280,0.793684196302
2024-01-12T01:47:00Z,fourier-demo,2.125112729444,2.392050000000,-0.607110901296,0.794617111273
2024-01-12T01:48:00Z,fourier-demo,1.909629278498,2.392200000000,-0.605890365626,0.795548153691
2024-01-12T01:49:00Z,fourier-demo,1.699488978391,2.392350000000,-0.604668402147,0.796477321362
2024-01-12T01:50:00Z,fourier-demo,1.502926629320,2.392500000000,-0.603445013739,0.797404612097
2024-01-12T01:51:00Z,fourier-demo,1.327863627816,2.392650000000,-0.602220203284,0.798330023710
2024-01-12T01:52:00Z,fourier-demo,1.181579727329,2.392800000000,-0.600993973668,0.799253554021
2024-01-12T01:53:00Z,fourier-demo,1.070406095755,2.392950000000,-0.599766327782,0.800175200853
2024-01-12T01:54:00Z,fourier-demo,0.999452475597,2.393100000000,-0.598537268517,0.801094962034
2024-01-12T01:55:00Z,fourier-demo,0.972379947249,2.393250000000,-0.597306798772,0.802012835397
2024-01-12T01:56:00Z,fourier-demo,0.991229013133,2.393400000000,-0.596074921445,0.802928818778
2024-01-12T01:57:00Z,fourier-demo,1.056310531606,2.393550000000,-0.594841639439,0.803842910020
2024-01-12T01:58:00Z,fourier-demo,1.166164522905,2.393700000000,-0.593606955660,0.804755106968
2024-01-12T01:59:00Z,fourier-demo,1.317589146285,2.393850000000,-0.592370873019,0.805665407473
2024-01-12T02:00:00Z,fourier-demo,1.505739318400,2.394000000000,-0.591133394428,0.806573809389
2024-01-12T02:01:00Z,fourier-demo,1.724291622923,2.394150000000,-0.589894522803,0.807480310576
2024-01-12T02:02:00Z,fourier-demo,1.965669465274,2.394300000000,-0.588654261063,0.808384908897
2024-01-12T02:03:00Z,fourier-demo,2.221319964181,2.394450000000,-0.587412612132,0.809287602221
2024-01-12T02:04:00Z,fourier-demo,2.482031944365,2.394600000000,-0.586169578935,0.810188388420
2024-01-12T02:05:00Z,fourier-demo,2.738282689205,2.394750000000,-0.584925164402,0.811087265372
2024-01-12T02:06:00Z,fourier-demo,2.980599899023,2.394900000000,-0.583679371466,0.811984230959
2024-01-12T02:07:00Z,fourier-demo,3.199924629995,2.395050000000,-0.582432203061,0.812879283066
2024-01-12T02:08:00Z,fourier-demo,3.387960888986,2.395200000000,-0.581183662127,0.813772419585
2024-01-12T02:09:00Z,fourier-demo,3.537498035965,2.395350000000,-0.579933751606,0.814663638410
2024-01-12T02:10:00Z,fourier-demo,3.642693179959,2.395500000000,-0.578682474444,0.815552937443
2024-01-12T02:11:00Z,fourier-demo,3.699302305806,2.395650000000,-0.577429833589,0.816440314586
2024-01-12T02:12:00Z,fourier-demo,3.704850875341,2.395800000000,-0.576175831994,0.817325767749
2024-01-12T02:13:00Z,fourier-demo,3.658737027800,2.395950000000,-0.574920472613,0.818209294845
2024-01-12T02:14:00Z,fourier-demo,3.562263164270,2.396100000000,-0.573663758405,0.819090893792
2024-01-12T02:15:00Z,fourier-demo,3.418594533085,2.396250000000,-0.572405692331,0.819970562513
2024-01-12T02:16:00Z,fourier-demo,3.232646322966,2.396400000000,-0.571146277355,0.820848298934
2024-01-12T02:17:00Z,fourier-demo,3.010903601995,2.396550000000,-0.569885516447,0.821724100988
2024-01-12T02:18:00Z,fourier-demo,2.761181099071,2.396700000000,-0.568623412577,0.822597966609
2024-01-12T02:19:00Z,fourier-demo,2.492332203206,2.396850000000,-0.567359968718,0.823469893740
2024-01-12T02:20:00Z,fourier-demo,2.213918559047,2.397000000000,-0.566095187849,0.824339880325
2024-01-12T02:21:00Z,fourier-demo,1.935853183820,2.397150000000,-0.564829072950,0.825207924314
2024-01-12T02:22:00Z,fourier-demo,1.668031059436,2.397300000000,-0.563561627004,0.826074023662
2024-01-12T02:23:00Z,fourier-demo,1.419961622738,2.397450000000,-0.562292852999,0.826938176327
2024-01-12T02:24:00Z,fourier-demo,1.200417468411,2.397600000000,-0.561022753924,0.827800380273
2024-01-12T02:25:00Z,fourier-demo,1.017112898136,2.397750000000,-0.559751332772,0.828660633468
2024-01-12T02:26:00Z,fourier-demo,0.876424724180,2.397900000000,-0.558478592540,0.829518933885
2024-01-12T02:27:00Z,fourier-demo,0.783166016339,2.398050000000,-0.557204536227,0.830375279502
2024-01-12T02:28:00Z,fourier-demo,0.740421338068,2.398200000000,-0.555929166834,0.831229668300
2024-01-12T02:29:00Z,fourier-demo,0.749449538187,2.398350000000,-0.554652487369,0.832082098266
2024-01-12T02:30:00Z,fourier-demo,0.809657449703,2.398500000000,-0.553374500838,0.832932567392
2024-01-12T02:31:00Z,fourier-demo,0.918645007146,2.398650000000,-0.552095210255,0.833781073672
2024-01-12T02:32:00Z,fourier-demo,1.072319443848,2.398800000000,-0.550814618633,0.834627615108
2024-01-12T02:33:00Z,fourier-demo,1.265073485945,2.398950000000,-0.549532728990,0.835472189704
2024-01-12T02:34:00Z,fourier-demo,1.490019931669,2.399100000000,-0.548249544347,0.836314795471
2024-01-12T02:35:00Z,fourier-demo,1.739272794483,2.399250000000,-0.546965067729,0.837155430422
2024-01-12T02:36:00Z,fourier-demo,2.004263385614,2.399400000000,-0.545679302161,0.837994092576
2024-01-12T02:37:00Z,fourier-demo,2.276078387555,2.399550000000,-0.544392250674,0.838830779959
2024-01-12T02:38:00Z,fourier-demo,2.545806177348,2.399700000000,-0.543103916301,0.839665490596
2024-01-12T02:39:00Z,fourier-demo,2.804877427611,2.399850000000,-0.541814302078,0.840498222522
2024-01-12T02:40:00Z,fourier-demo,3.045386351738,2.400000000000,-0.540523411044,0.841328973775
2024-01-12T02:41:00Z,fourier-demo,3.260379851842,2.400150000000,-0.539231246241,0.842157742396
2024-01-12T02:42:00Z,fourier-demo,3.444103235405,2.400300000000,-0.537937810715,0.842984526432
2024-01-12T02:43:00Z,fourier-demo,3.592193030069,2.400450000000,-0.536643107512,0.843809323935
2024-01-12T02:44:00Z,fourier-demo,3.701809667523,2.400600000000,-0.535347139684,0.844632132962
2024-01-12T02:45:00Z,fourier-demo,3.771705333977,2.400750000000,-0.534049910286,0.845452951573
2024-01-12T02:46:00Z,fourier-demo,3.802224991602,2.400900000000,-0.532751422373,0.846271777835
2024-01-12T02:47:00Z,fourier-demo,3.795241350629,2.401050000000,-0.531451679007,0.847088609817
2024-01-12T02:48:00Z,fourier-demo,3.754027301326,2.401200000000,-0.530150683249,0.847903445594
2024-01-12T02:49:00Z,fourier-demo,3.683071886359,2.401350000000,-0.528848438167,0.848716283247
2024-01-12T02:50:00Z,fourier-demo,3.587848201682,2.401500000000,-0.527544946828,0.849527120860
2024-01-12T02:51:00Z,fourier-demo,3.474543563529,2.401650000000,-0.526240212304,0.850335956522
2024-01-12T02:52:00Z,fourier-demo,3.349763790764,2.401800000000,-0.524934237671,0.851142788327
2024-01-12T02:53:00Z,fourier-demo,3.220224464392,2.401950000000,-0.523627026005,0.851947614374
2024-01-12T02:54:00Z,fourier-demo,3.092442498711,2.402100000000,-0.522318580388,0.852750432766
2024-01-12T02:55:00Z,fourier-demo,2.972441273116,2.402250000000,-0.521008903901,0.853551241611
2024-01-12T02:56:00Z,fourier-demo,2.865481934493,2.402400000000,-0.519697999633,0.854350039022
2024-01-12T02:57:00Z,fourier-demo,2.775832315203,2.402550000000,-0.518385870672,0.855146823117
2024-01-12T02:58:00Z,fourier-demo,2.706583269991,2.402700000000,-0.517072520110,0.855941592018
2024-01-12T02:59:00Z,fourier-demo,2.659520185760,2.402850000000,-0.515757951042,0.856734343853
2024-01-12T03:00:00Z,fourier-demo,2.635055046694,2.403000000000,-0.514442166566,0.857525076752
2024-01-12T03:01:00Z,fourier-demo,2.632221842810,2.403150000000,-0.513125169783,0.858313788853
2024-01-12T03:02:00Z,fourier-demo,2.648735400718,2.403300000000,-0.511806963796,0.859100478297
2024-01-12T03:03:00Z,fourier-demo,2.681111004180,2.403450000000,-0.510487551712,0.859885143230
2024-01-12T03:04:00Z,fourier-demo,2.724839571895,2.403600000000,-0.509166936640,0.860667781803
2024-01-12T03:05:00Z,fourier-demo,2.774610779134,2.403750000000,-0.507845121691,0.861448392171
2024-01-12T03:06:00Z,fourier-demo,2.824574447798,2.403900000000,-0.506522109982,0.862226972496
2024-01-12T03:07:00Z,fourier-demo,2.868628872166,2.404050000000,-0.505197904629,0.863003520942
2024-01-12T03:08:00Z,fourier-demo,2.900723564547,2.404200000000,-0.503872508754,0.863778035679
2024-01-12T03:09:00Z,fourier-demo,2.915163246047,2.404350000000,-0.502545925479,0.864550514883
2024-01-12T03:10:00Z,fourier-demo,2.906899800809,2.404500000000,-0.501218157931,0.865320956732
2024-01-12T03:11:00Z,fourier-demo,2.871799362794,2.404650000000,-0.499889209239,0.866089359412
2024-01-12T03:12:00Z,fourier-demo,2.806872694654,2.404800000000,-0.498559082534,0.866855721111
2024-01-12T03:13:00Z,fourier-demo,2.710458508469,2.404950000000,-0.497227780951,0.867620040024
2024-01-12T03:14:00Z,fourier-demo,2.582351307225,2.405100000000,-0.495895307627,0.868382314349
2024-01-12T03:15:00Z,fourier-demo,2.423867614937,2.405250000000,-0.494561665703,0.869142542289
2024-01-12T03:16:00Z,fourier-demo,2.237847018207,2.405400000000,-0.493226858320,0.869900722055
2024-01-12T03:17:00Z,fourier-demo,2.028587157541,2.405550000000,-0.491890888625,0.870656851858
2024-01-12T03:18:00Z,fourier-demo,1.801714571104,2.405700000000,-0.490553759766,0.871410929917
2024-01-12T03:19:00Z,fourier-demo,1.563995992307,2.405850000000,-0.489215474894,0.872162954455
2024-01-12T03:20:00Z,fourier-demo,1.323097224216,2.406000000000,-0.487876037163,0.872912923700
2024-01-12T03:21:00Z,fourier-demo,1.087298953320,2.406150000000,-0.486535449728,0.873660835884
2024-01-12T03:22:00Z,fourier-demo,0.865180729626,2.406300000000,-0.485193715750,0.874406689245
2024-01-12T03:23:00Z,fourier-demo,0.665285751064,2.406450000000,-0.483850838389,0.875150482026
2024-01-12T03:24:00Z,fourier-demo,0.495779988351,2.406600000000,-0.482506820812,0.875892212473
2024-01-12T03:25:00Z,fourier-demo,0.364119532946,2.406750000000,-0.481161666184,0.876631878838
2024-01-12T03:26:00Z,fourier-demo,0.276739829446,2.406900000000,-0.479815377676,0.877369479379
2024-01-12T03:27:00Z,fourier-demo,0.238779671801,2.407050000000,-0.478467958460,0.878105012357
2024-01-12T03:28:00Z,fourier-demo,0.253851530097,2.407200000000,-0.477119411712,0.878838476040
2024-01-12T03:29:00Z,fourier-demo,0.323867983308,2.407350000000,-0.475769740610,0.879569868697
2024-01-12T03:30:00Z,fourier-demo,0.448931834810,2.407500000000,-0.474418948333,0.880299188607
2024-01-12T03:31:00Z,fourier-demo,0.627294970029,2.407650000000,-0.473067038066,0.881026434050
2024-01-12T03:32:00Z,fourier-demo,0.855388280875,2.407800000000,-0.471714012994,0.881751603313
2024-01-12T03:33:00Z,fourier-demo,1.127922140233,2.407950000000,-0.470359876306,0.882474694686
2024-01-12T03:34:00Z,fourier-demo,1.438054077025,2.408100000000,-0.469004631192,0.883195706466
2024-01-12T03:35:00Z,fourier-demo,1.777617593213,2.408250000000,-0.467648280847,0.883914636954
2024-01-12T03:36:00Z,fourier-demo,2.137403588934,2.408400000000,-0.466290828466,0.884631484455
2024-01-12T03:37:00Z,fourier-demo,2.507483721651,2.408550000000,-0.464932277249,0.885346247279
2024-01-12T03:38:00Z,fourier-demo,2.877563307230,2.408700000000,-0.463572630397,0.886058923744
2024-01-12T03:39:00Z,fourier-demo,3.237350145724,2.408850000000,-0.462211891115,0.886769512169
2024-01-12T03:40:00Z,fourier-demo,3.576924972835,2.409000000000,-0.460850062608,0.887478010879
2024-01-12T03:41:00Z,fourier-demo,3.887099128109,2.409150000000,-0.459487148086,0.888184418206
2024-01-12T03:42:00Z,fourier-demo,4.159745498247,2.409300000000,-0.458123150761,0.888888732484
2024-01-12T03:43:00Z,fourier-demo,4.388089820405,2.409450000000,-0.456758073847,0.889590952054
2024-01-12T03:44:00Z,fourier-demo,4.566950975340,2.409600000000,-0.455391920561,0.890291075260
2024-01-12T03:45:00Z,fourier-demo,4.692920901857,2.409750000000,-0.454024694122,0.890989100454
2024-01-12T03:46:00Z,fourier-demo,4.764477141918,2.409900000000,-0.452656397753,0.891685025989
2024-01-12T03:47:00Z,fourier-demo,4.782023684397,2.410050000000,-0.451287034678,0.892378850227
2024-01-12T03:48:00Z,fourier-demo,4.747858607779,2.410200000000,-0.449916608123,0.893070571531
2024-01-12T03:49:00Z,fourier-demo,4.666069913912,2.410350000000,-0.448545121319,0.893760188273
2024-01-12T03:50:00Z,fourier-demo,4.542363779955,2.410500000000,-0.447172577496,0.894447698826
2024-01-12T03:51:00Z,fourier-demo,4.383832119539,2.410650000000,-0.445798979891,0.895133101571
2024-01-12T03:52:00Z,fourier-demo,4.198668729765,2.410800000000,-0.444424331739,0.895816394893
2024-01-12T03:53:00Z,fourier-demo,3.995845312125,2.410950000000,-0.443048636280,0.896497577180
2024-01-12T03:54:00Z,fourier-demo,3.784760211967,2.411100000000,-0.441671896756,0.897176646829
2024-01-12T03:55:00Z,fourier-demo,3.574873760596,2.411250000000,-0.440294116411,0.897853602239
2024-01-12T03:56:00Z,fourier-demo,3.375344585344,2.411400000000,-0.438915298493,0.898528441814
2024-01-12T03:57:00Z,fourier-demo,3.194681157327,2.411550000000,-0.437535446249,0.899201163965
2024-01-12T03:58:00Z,fourier-demo,3.040422179019,2.411700000000,-0.436154562933,0.899871767105
2024-01-12T03:59:00Z,fourier-demo,2.918858202438,2.411850000000,-0.434772651798,0.900540249655
2024-01-12T04:00:00Z,fourier-demo,2.834805163435,2.412000000000,-0.433389716101,0.901206610039
2024-01-12T04:01:00Z,fourier-demo,2.791438388665,2.412150000000,-0.432005759100,0.901870846687
2024-01-12T04:02:00Z,fourier-demo,2.790193166274,2.412300000000,-0.430620784057,0.902532958034
2024-01-12T04:03:00Z,fourier-demo,2.830735269841,2.412450000000,-0.429234794236,0.903192942520
2024-01-12T04:04:00Z,fourier-demo,2.911001997881,2.412600000000,-0.427847792903,0.903850798588
2024-01-12T04:05:00Z,fourier-demo,3.027311453076,2.412750000000,-0.426459783326,0.904506524689
2024-01-12T04:06:00Z,fourier-demo,3.174535051770,2.412900000000,-0.425070768777,0.905160119278
2024-01-12T04:07:00Z,fourier-demo,3.346325735683,2.413050000000,-0.423680752528,0.905811580814
2024-01-12T04:08:00Z,fourier-demo,3.535392156270,2.413200000000,-0.422289737855,0.906460907763
2024-01-12T04:09:00Z,fourier-demo,3.733807306016,2.413350000000,-0.420897728037,0.907108098593
2024-01-12T04:10:00Z,fourier-demo,3.933338752357,2.413500000000,-0.419504726354,0.907753151780
2024-01-12T04:11:00Z,fourier-demo,4.125786840973,2.413650000000,-0.418110736087,0.908396065804
2024-01-12T04:12:00Z,fourier-demo,4.303317006338,2.413800000000,-0.416715760523,0.909036839150
2024-01-12T04:13:00Z,fourier-demo,4.458772666364,2.413950000000,-0.415319802949,0.909675470307
2024-01-12T04:14:00Z,fourier-demo,4.585956068765,2.414100000000,-0.413922866653,0.910311957771
2024-01-12T04:15:00Z,fourier-demo,4.679865861336,2.414250000000,-0.412524954929,0.910946300042
2024-01-12T04:16:00Z,fourier-demo,4.736882017242,2.414400000000,-0.411126071071,0.911578495625
2024-01-12T04:17:00Z,fourier-demo,4.754890982074,2.414550000000,-0.409726218374,0.912208543030
2024-01-12T04:18:00Z,fourier-demo,4.733346428594,2.414700000000,-0.408325400138,0.912836440772
2024-01-12T04:19:00Z,fourier-demo,4.673263703476,2.414850000000,-0.406923619664,0.913462187373
2024-01-12T04:20:00Z,fourier-demo,4.577148816086,2.415000000000,-0.405520880255,0.914085781356
2024-01-12T04:21:00Z,fourier-demo,4.448865538321,2.415150000000,-0.404117185217,0.914707221253
2024-01-12T04:22:00Z,fourier-demo,4.293446744706,2.415300000000,-0.402712537858,0.915326505599
2024-01-12T04:23:00Z,fourier-demo,4.116858417821,2.415450000000,-0.401306941488,0.915943632935
2024-01-12T04:24:00Z,fourier-demo,3.925726681555,2.415600000000,-0.399900399419,0.916558601806
2024-01-12T04:25:00Z,fourier-demo,3.727039724280,2.415750000000,-0.398492914965,0.917171410764
2024-01-12T04:26:00Z,fourier-demo,3.527837474534,2.415900000000,-0.397084491445,0.917782058364
2024-01-12T04:27:00Z,fourier-demo,3.334902352794,2.416050000000,-0.395675132175,0.918390543167
2024-01-12T04:28:00Z,fourier-demo,3.154464326195,2.416200000000,-0.394264840479,0.918996863739
2024-01-12T04:29:00Z,fourier-demo,2.991932843477,2.416350000000,-0.392853619679,0.919601018652
2024-01-12T04:30:00Z,fourier-demo,2.851667052754,2.416500000000,-0.391441473101,0.920203006481
2024-01-12T04:31:00Z,fourier-demo,2.736794054359,2.416650000000,-0.390028404072,0.920802825808
2024-01-12T04:32:00Z,fourier-demo,2.649082883980,2.416800000000,-0.388614415924,0.921400475220
2024-01-12T04:33:00Z,fourier-demo,2.588879543563,2.416950000000,-0.387199511986,0.921995953309
2024-01-12T04:34:00Z,fourier-demo,2.555105797926,2.417100000000,-0.385783695595,0.922589258670
2024-01-12T04:35:00Z,fourier-demo,2.545321742132,2.417250000000,-0.384366970087,0.923180389906
2024-01-12T04:36:00Z,fourier-demo,2.555849431187,2.417400000000,-0.382949338799,0.923769345623
2024-01-12T04:37:00Z,fourier-demo,2.581952262650,2.417550000000,-0.381530805073,0.924356124435
2024-01-12T04:38:00Z,fourier-demo,2.618062422534,2.417700000000,-0.380111372252,0.924940724957
2024-01-12T04:39:00Z,fourier-demo,2.658046644732,2.417850000000,-0.378691043680,0.925523145813
2024-01-12T04:40:00Z,fourier-demo,2.695498880181,2.418000000000,-0.377269822705,0.926103385630
2024-01-12T04:41:00Z,fourier-demo,2.724047293358,2.418150000000,-0.375847712676,0.926681443041
2024-01-12T04:42:00Z,fourier-demo,2.737662350238,2.418300000000,-0.374424716944,0.927257316683
2024-01-12T04:43:00Z,fourier-demo,2.730952661547,2.418450000000,-0.373000838862,0.927831005199
2024-01-12T04:44:00Z,fourier-demo,2.699435703164,2.418600000000,-0.371576081787,0.928402507237
2024-01-12T04:45:00Z,fourier-demo,2.639771534061,2.418750000000,-0.370150449074,0.928971821451
2024-01-12T04:46:00Z,fourier-demo,2.549949130873,2.418900000000,-0.368723944085,0.929538946499
2024-01-12T04:47:00Z,fourier-demo,2.429416896129,2.419050000000,-0.367296570180,0.930103881045
2024-01-12T04:48:00Z,fourier-demo,2.279151195181,2.419200000000,-0.365868330723,0.930666623756
2024-01-12T04:49:00Z,fourier-demo,2.101659340661,2.419350000000,-0.364439229081,0.931227173308
2024-01-12T04:50:00Z,fourier-demo,1.900916167547,2.419500000000,-0.363009268620,0.931785528379
2024-01-12T04:51:00Z,fourier-demo,1.682236114562,2.419650000000,-0.361578452710,0.932341687653
2024-01-12T04:52:00Z,fourier-demo,1.452085434110,2.419800000000,-0.360146784724,0.932895649820
2024-01-12T04:53:00Z,fourier-demo,1.217841681560,2.419950000000,-0.358714268035,0.933447413574
2024-01-12T04:54:00Z,fourier-demo,0.987509880479,2.420100000000,-0.357280906019,0.933996977615
2024-01-12T04:55:00Z,fourier-demo,0.769406630013,2.420250000000,-0.355846702053,0.934544340648
2024-01-12T04:56:00Z,fourier-demo,0.571824835855,2.420400000000,-0.354411659518,0.935089501384
2024-01-12T04:57:00Z,fourier-demo,0.402692647412,2.420550000000,-0.352975781795,0.935632458536
2024-01-12T04:58:00Z,fourier-demo,0.269240532117,2.420700000000,-0.351539072268,0.936173210826
2024-01-12T04:59:00Z,fourier-demo,0.177690197178,2.420850000000,-0.350101534322,0.936711756980
2024-01-12T05:00:00Z,fourier-demo,0.132978286470,2.421000000000,-0.348663171346,0.937248095729
2024-01-12T05:01:00Z,fourier-demo,0.138526465875,2.421150000000,-0.347223986728,0.937782225808
2024-01-12T05:02:00Z,fourier-demo,0.196067716017,2.421300000000,-0.345783983861,0.938314145958
2024-01-12T05:03:00Z,fourier-demo,0.305536448714,2.421450000000,-0.344343166137,0.938843854927
2024-01-12T05:04:00Z,fourier-demo,0.465027540962,2.421600000000,-0.342901536952,0.939371351466
2024-01-12T05:05:00Z,fourier-demo,0.670826639586,2.421750000000,-0.341459099704,0.939896634332
2024-01-12T05:06:00Z,fourier-demo,0.917511241598,2.421900000000,-0.340015857791,0.940419702288
2024-01-12T05:07:00Z,fourier-demo,1.198119215169,2.422050000000,-0.338571814615,0.940940554099
2024-01-12T05:08:00Z,fourier-demo,1.504378709181,2.422200000000,-0.337126973578,0.941459188540
2024-01-12T05:09:00Z,fourier-demo,1.826990915986,2.422350000000,-0.335681338085,0.941975604388
2024-01-12T05:10:00Z,fourier-demo,2.155955003480,2.422500000000,-0.334234911544,0.942489800425
2024-01-12T05:11:00Z,fourier-demo,2.480922806343,2.422650000000,-0.332787697362,0.943001775441
2024-01-12T05:12:00Z,fourier-demo,2.791569633272,2.422800000000,-0.331339698950,0.943511528228
2024-01-12T05:13:00Z,fourier-demo,3.077966857529,2.422950000000,-0.329890919720,0.944019057586
2024-01-12T05:14:00Z,fourier-demo,3.330941841258,2.423100000000,-0.328441363087,0.944524362319
2024-01-12T05:15:00Z,fourier-demo,3.542411204993,2.423250000000,-0.326991032467,0.945027441235
2024-01-12T05:16:00Z,fourier-demo,3.705674474846,2.423400000000,-0.325539931276,0.945528293149
2024-01-12T05:17:00Z,fourier-demo,3.815656680402,2.423550000000,-0.324088062935,0.946026916881
2024-01-12T05:18:00Z,fourier-demo,3.869090474544,2.423700000000,-0.322635430866,0.946523311255
2024-01-12T05:19:00Z,fourier-demo,3.864630722273,2.423850000000,-0.321182038491,0.947017475103
2024-01-12T05:20:00Z,fourier-demo,3.802897163255,2.424000000000,-0.319727889235,0.947509407260
2024-01-12T05:21:00Z,fourier-demo,3.686443585550,2.424150000000,-0.318272986525,0.947999106565
2024-01-12T05:22:00Z,fourier-demo,3.519654841618,2.424300000000,-0.316817333790,0.948486571866
2024-01-12T05:23:00Z,fourier-demo,3.308575875705,2.424450000000,-0.315360934460,0.948971802014
2024-01-12T05:24:00Z,fourier-demo,3.060679600010,2.424600000000,-0.313903791966,0.949454795864
2024-01-12T05:25:00Z,fourier-demo,2.784582848235,2.424750000000,-0.312445909744,0.949935552279
2024-01-12T05:26:00Z,fourier-demo,2.489721653326,2.424900000000,-0.310987291228,0.950414070127
2024-01-12T05:27:00Z,fourier-demo,2.185998660565,2.425050000000,-0.309527939856,0.950890348278
2024-01-12T05:28:00Z,fourier-demo,1.883416535430,2.425200000000,-0.308067859067,0.951364385612
2024-01-12T05:29:00Z,fourier-demo,1.591711716373,2.425350000000,-0.306607052301,0.951836181010
2024-01-12T05:30:00Z,fourier-demo,1.320002777236,2.425500000000,-0.305145523001,0.952305733361
2024-01-12T05:31:00Z,fourier-demo,1.076467007103,2.425650000000,-0.303683274611,0.952773041559
2024-01-12T05:32:00Z,fourier-demo,0.868057614892,2.425800000000,-0.302220310578,0.953238104502
2024-01-12T05:33:00Z,fourier-demo,0.700272271723,2.425950000000,-0.300756634347,0.953700921094
2024-01-12T05:34:00Z,fourier-demo,0.576981586026,2.426100000000,-0.299292249370,0.954161490245
2024-01-12T05:35:00Z,fourier-demo,0.500323651389,2.426250000000,-0.297827159096,0.954619810870
2024-01-12T05:36:00Z,fourier-demo,0.470668115688,2.426400000000,-0.296361366979,0.955075881887
2024-01-12T05:37:00Z,fourier-demo,0.486650402198,2.426550000000,-0.294894876472,0.955529702223
2024-01-12T05:38:00Z,fourier-demo,0.545273883711,2.426700000000,-0.293427691031,0.955981270808
2024-01-12T05:39:00Z,fourier-demo,0.642075084521,2.426850000000,-0.291959814114,0.956430586578
2024-01-12T05:40:00Z,fourier-demo,0.771344472883,2.427000000000,-0.290491249179,0.956877648475
2024-01-12T05:41:00Z,fourier-demo,0.926393209874,2.427150000000,-0.289021999689,0.957322455443
2024-01-12T05:42:00Z,fourier-demo,1.099854428110,2.427300000000,-0.287552069104,0.957765006436
2024-01-12T05:43:00Z,fourier-demo,1.284006297118,2.427450000000,-0.286081460890,0.958205300411
2024-01-12T05:44:00Z,fourier-demo,1.471103343702,2.427600000000,-0.284610178510,0.958643336329
2024-01-12T05:45:00Z,fourier-demo,1.653702265641,2.427750000000,-0.283138225434,0.959079113159
2024-01-12T05:46:00Z,fourier-demo,1.824968813233,2.427900000000,-0.281665605129,0.959512629874
2024-01-12T05:47:00Z,fourier-demo,1.978953199664,2.428050000000,-0.280192321065,0.959943885452
2024-01-12T05:48:00Z,fourier-demo,2.110822899792,2.428200000000,-0.278718376716,0.960372878876
2024-01-12T05:49:00Z,fourier-demo,2.217043548566,2.428350000000,-0.277243775553,0.960799609137
2024-01-12T05:50:00Z,fourier-demo,2.295500877096,2.428500000000,-0.275768521052,0.961224075228
2024-01-12T05:51:00Z,fourier-demo,2.345559133693,2.428650000000,-0.274292616689,0.961646276148
2024-01-12T05:52:00Z,fourier-demo,2.368054124365,2.428800000000,-0.272816065943,0.962066210904
2024-01-12T05:53:00Z,fourier-demo,2.365221761054,2.428950000000,-0.271338872293,0.962483878505
2024-01-12T05:54:00Z,fourier-demo,2.340565712042,2.429100000000,-0.269861039220,0.962899277968
2024-01-12T05:55:00Z,fourier-demo,2.298670295770,2.429250000000,-0.268382570207,0.963312408313
2024-01-12T05:56:00Z,fourier-demo,2.244967041515,2.429400000000,-0.266903468737,0.963723268566
2024-01-12T05:57:00Z,fourier-demo,2.185465263935,2.429550000000,-0.265423738297,0.964131857760
2024-01-12T05:58:00Z,fourier-demo,2.126458484313,2.429700000000,-0.263943382373,0.964538174932
2024-01-12T05:59:00Z,fourier-demo,2.074219518383,2.429850000000,-0.262462404455,0.964942219124
2024-01-12T06:00:00Z,fourier-demo,2.034697498616,2.430000000000,-0.260980808031,0.965343989384
2024-01-12T06:01:00Z,fourier-demo,2.013229989918,2.430150000000,-0.259498596593,0.965743484765
2024-01-12T06:02:00Z,fourier-demo,2.014282696745,2.430300000000,-0.258015773635,0.966140704326
2024-01-12T06:03:00Z,fourier-demo,2.041228074768,2.430450000000,-0.256532342650,0.966535647131
2024-01-12T06:04:00Z,fourier-demo,2.096172500828,2.430600000000,-0.255048307135,0.966928312248
2024-01-12T06:05:00Z,fourier-demo,2.179839590412,2.430750000000,-0.253563670587,0.967318698754
2024-01-12T06:06:00Z,fourier-demo,2.291514867988,2.430900000000,-0.252078436503,0.967706805727
2024-01-12T06:07:00Z,fourier-demo,2.429054391666,2.431050000000,-0.250592608385,0.968092632253
2024-01-12T06:08:00Z,fourier-demo,2.588957217980,2.431200000000,-0.249106189734,0.968476177423
2024-01-12T06:09:00Z,fourier-demo,2.766498878121,2.431350000000,-0.247619184052,0.968857440333
2024-01-12T06:10:00Z,fourier-demo,2.955920436750,2.431500000000,-0.246131594844,0.969236420085
2024-01-12T06:11:00Z,fourier-demo,3.150665326799,2.431650000000,-0.244643425615,0.969613115786
2024-01-12T06:12:00Z,fourier-demo,3.343654097737,2.431800000000,-0.243154679872,0.969987526547
2024-01-12T06:13:00Z,fourier-demo,3.527585566580,2.431950000000,-0.241665361123,0.970359651487
2024-01-12T06:14:00Z,fourier-demo,3.695251689677,2.432100000000,-0.240175472879,0.970729489728
2024-01-12T06:15:00Z,fourier-demo,3.839852828653,2.432250000000,-0.238685018650,0.971097040399
2024-01-12T06:16:00Z,fourier-demo,3.955299993594,2.432400000000,-0.237194001948,0.971462302634
2024-01-12T06:17:00Z,fourier-demo,4.036491115820,2.432550000000,-0.235702426288,0.971825275573
2024-01-12T06:18:00Z,fourier-demo,4.079549413178,2.432700000000,-0.234210295184,0.972185958359
2024-01-12T06:19:00Z,fourier-demo,4.082013422342,2.432850000000,-0.232717612151,0.972544350143
2024-01-12T06:20:00Z,fourier-demo,4.042970223935,2.433000000000,-0.231224380709,0.972900450080
2024-01-12T06:21:00Z,fourier-demo,3.963125697950,2.433150000000,-0.229730604376,0.973254257331
2024-01-12T06:22:00Z,fourier-demo,3.844808224553,2.433300000000,-0.228236286672,0.973605771063
2024-01-12T06:23:00Z,fourier-demo,3.691904983266,2.433450000000,-0.226741431118,0.973954990446
2024-01-12T06:24:00Z,fourier-demo,3.509732789494,2.433600000000,-0.225246041237,0.974301914658
2024-01-12T06:25:00Z,fourier-demo,3.304848126690,2.433750000000,-0.223750120553,0.974646542882
2024-01-12T06:26:00Z,fourier-demo,3.084803573081,2.433900000000,-0.222253672592,0.974988874306
2024-01-12T06:27:00Z,fourier-demo,2.857860078848,2.434050000000,-0.220756700879,0.975328908121
2024-01-12T06:28:00Z,fourier-demo,2.632666429315,2.434200000000,-0.219259208942,0.975666643528
2024-01-12T06:29:00Z,fourier-demo,2.417918653813,2.434350000000,-0.217761200311,0.976002079731
2024-01-12T06:30:00Z,fourier-demo,2.222013048488,2.434500000000,-0.216262678515,0.976335215938
2024-01-12T06:31:00Z,fourier-demo,2.052706835752,2.434650000000,-0.214763647086,0.976666051366
2024-01-12T06:32:00Z,fourier-demo,1.916800266908,2.434800000000,-0.213264109557,0.976994585233
2024-01-12T06:33:00Z,fourier-demo,1.819853194807,2.434950000000,-0.211764069460,0.977320816767
2024-01-12T06:34:00Z,fourier-demo,1.765947830334,2.435100000000,-0.210263530332,0.977644745198
2024-01-12T06:35:00Z,fourier-demo,1.757507601908,2.435250000000,-0.208762495707,0.977966369762
2024-01-12T06:36:00Z,fourier-demo,1.795179832704,2.435400000000,-0.207260969124,0.978285689703
2024-01-12T06:37:00Z,fourier-demo,1.877787424468,2.435550000000,-0.205758954120,0.978602704267
2024-01-12T06:38:00Z,fourier-demo,2.002351991387,2.435700000000,-0.204256454236,0.978917412708
2024-01-12T06:39:00Z,fourier-demo,2.164188033279,2.435850000000,-0.202753473011,0.979229814284
2024-01-12T06:40:00Z,fourier-demo,2.357064890014,2.436000000000,-0.201250013989,0.979539908258
2024-01-12T06:41:00Z,fourier-demo,2.573430493841,2.436150000000,-0.199746080711,0.979847693900
2024-01-12T06:42:00Z,fourier-demo,2.804688443791,2.436300000000,-0.198241676723,0.980153170484
2024-01-12T06:43:00Z,fourier-demo,3.041517767920,2.436450000000,-0.196736805568,0.980456337291
2024-01-12T06:44:00Z,fourier-demo,3.274223002616,2.436600000000,-0.195231470794,0.980757193607
2024-01-12T06:45:00Z,fourier-demo,3.493100974353,2.436750000000,-0.193725675947,0.981055738722
2024-01-12T06:46:00Z,fourier-demo,3.688809969045,2.436900000000,-0.192219424577,0.981351971932
2024-01-12T06:47:00Z,fourier-demo,3.852726846514,2.437050000000,-0.190712720233,0.981645892540
2024-01-12T06:48:00Z,fourier-demo,3.977278108048,2.437200000000,-0.189205566465,0.981937499854
2024-01-12T06:49:00Z,fourier-demo,4.056231936076,2.437350000000,-0.187697966826,0.982226793185
2024-01-12T06:50:00Z,fourier-demo,4.084939756066,2.437500000000,-0.186189924867,0.982513771852
2024-01-12T06:51:00Z,fourier-demo,4.060517860359,2.437650000000,-0.184681444143,0.982798435179
2024-01-12T06:52:00Z,fourier-demo,3.981962001664,2.437800000000,-0.183172528208,0.983080782494
2024-01-12T06:53:00Z,fourier-demo,3.850190515010,2.437950000000,-0.181663180618,0.983360813134
2024-01-12T06:54:00Z,fourier-demo,3.668014354066,2.438100000000,-0.180153404931,0.983638526437
2024-01-12T06:55:00Z,fourier-demo,3.440035317049,2.438250000000,-0.178643204704,0.983913921750
2024-01-12T06:56:00Z,fourier-demo,3.172476572446,2.438400000000,-0.177132583495,0.984186998423
2024-01-12T06:57:00Z,fourier-demo,2.872952261266,2.438550000000,-0.175621544865,0.984457755812
2024-01-12T06:58:00Z,fourier-demo,2.550185343382,2.438700000000,-0.174110092375,0.984726193281
2024-01-12T06:59:00Z,fourier-demo,2.213684874511,2.438850000000,-0.172598229586,0.984992310195
2024-01-12T07:00:00Z,fourier-demo,1.873395466958,2.439000000000,-0.171085960061,0.985256105929
2024-01-12T07:01:00Z,fourier-demo,1.539332738685,2.439150000000,-0.169573287364,0.985517579860
2024-01-12T07:02:00Z,fourier-demo,1.221219050507,2.439300000000,-0.168060215059,0.985776731372
2024-01-12T07:03:00Z,fourier-demo,0.928133751073,2.439450000000,-0.166546746713,0.986033559854
2024-01-12T07:04:00Z,fourier-demo,0.668191498666,2.439600000000,-0.165032885891,0.986288064702
2024-01-12T07:05:00Z,fourier-demo,0.448261035247,2.439750000000,-0.163518636162,0.986540245316
2024-01-12T07:06:00Z,fourier-demo,0.273735101448,2.439900000000,-0.162004001093,0.986790101100
2024-01-12T07:07:00Z,fourier-demo,0.148360071004,2.440050000000,-0.160488984254,0.987037631468
2024-01-12T07:08:00Z,fourier-demo,0.074131436236,2.440200000000,-0.158973589215,0.987282835834
2024-01-12T07:09:00Z,fourier-demo,0.051258592933,2.440350000000,-0.157457819548,0.987525713621
2024-01-12T07:10:00Z,fourier-demo,0.078199563059,2.440500000000,-0.155941678823,0.987766264258
2024-01-12T07:11:00Z,fourier-demo,0.151763471830,2.440650000000,-0.154425170615,0.988004487176
2024-01-12T07:12:00Z,fourier-demo,0.267275876675,2.440800000000,-0.152908298496,0.988240381816
2024-01-12T07:13:00Z,fourier-demo,0.418799539967,2.440950000000,-0.151391066042,0.988473947620
2024-01-12T07:14:00Z,fourier-demo,0.599401046575,2.441100000000,-0.149873476828,0.988705184038
2024-01-12T07:15:00Z,fourier-demo,0.801451879682,2.441250000000,-0.148355534429,0.988934090526
2024-01-12T07:16:00Z,fourier-demo,1.016951255616,2.441400000000,-0.146837242424,0.989160666544
2024-01-12T07:17:00Z,fourier-demo,1.237857232751,2.441550000000,-0.145318604390,0.989384911558
2024-01-12T07:18:00Z,fourier-demo,1.456412381237,2.441700000000,-0.143799623906,0.989606825039
2024-01-12T07:19:00Z,fourier-demo,1.665450636903,2.441850000000,-0.142280304551,0.989826406466
2024-01-12T07:20:00Z,fourier-demo,1.858672848352,2.442000000000,-0.140760649906,0.990043655319
2024-01-12T07:21:00Z,fourier-demo,2.030879922931,2.442150000000,-0.139240663551,0.990258571088
2024-01-12T07:22:00Z,fourier-demo,2.178154325626,2.442300000000,-0.137720349070,0.990471153266
2024-01-12T07:23:00Z,fourier-demo,2.297982907453,2.442450000000,-0.136199710044,0.990681401352
2024-01-12T07:24:00Z,fourier-demo,2.389316543796,2.442600000000,-0.134678750057,0.990889314850
2024-01-12T07:25:00Z,fourier-demo,2.452564743982,2.442750000000,-0.133157472693,0.991094893270
2024-01-12T07:26:00Z,fourier-demo,2.489526139951,2.442900000000,-0.131635881537,0.991298136129
2024-01-12T07:27:00Z,fourier-demo,2.503258460165,2.443050000000,-0.130113980175,0.991499042946
2024-01-12T07:28:00Z,fourier-demo,2.497894133213,2.443200000000,-0.128591772193,0.991697613249
2024-01-12T07:29:00Z,fourier-demo,2.478409938931,2.443350000000,-0.127069261179,0.991893846570
2024-01-12T07:30:00Z,fourier-demo,2.450361039382,2.443500000000,-0.125546450720,0.992087742446
2024-01-12T07:31:00Z,fourier-demo,2.419591198690,2.443650000000,-0.124023344405,0.992279300420
2024-01-12T07:32:00Z,fourier-demo,2.391931978857,2.443800000000,-0.122499945823,0.992468520042
2024-01-12T07:33:00Z,fourier-demo,2.372904138038,2.443950000000,-0.120976258564,0.992655400864
2024-01-12T07:34:00Z,fourier-demo,2.367434340671,2.444100000000,-0.119452286218,0.992839942447
2024-01-12T07:35:00Z,fourier-demo,2.379599620451,2.444250000000,-0.117928032378,0.993022144355
2024-01-12T07:36:00Z,fourier-demo,2.412410845651,2.444400000000,-0.116403500635,0.993202006160
2024-01-12T07:37:00Z,fourier-demo,2.467644771260,2.444550000000,-0.114878694581,0.993379527437
2024-01-12T07:38:00Z,fourier-demo,2.545732193322,2.444700000000,-0.113353617811,0.993554707769
2024-01-12T07:39:00Z,fourier-demo,2.645707333730,2.444850000000,-0.111828273917,0.993727546741
2024-01-12T07:40:00Z,fourier-demo,2.765220977791,2.445000000000,-0.110302666494,0.993898043948
2024-01-12T07:41:00Z,fourier-demo,2.900617170635,2.445150000000,-0.108776799139,0.994066198987
2024-01-12T07:42:00Z,fourier-demo,3.047070564898,2.445300000000,-0.107250675445,0.994232011462
2024-01-12T07:43:00Z,fourier-demo,3.198778914098,2.445450000000,-0.105724299010,0.994395480983
2024-01-12T07:44:00Z,fourier-demo,3.349202832164,2.445600000000,-0.104197673431,0.994556607163
2024-01-12T07:45:00Z,fourier-demo,3.491342888680,2.445750000000,-0.102670802305,0.994715389624
2024-01-12T07:46:00Z,fourier-demo,3.618042467640,2.445900000000,-0.101143689231,0.994871827990
2024-01-12T07:47:00Z,fourier-demo,3.722303653947,2.446050000000,-0.099616337806,0.995025921895
2024-01-12T07:48:00Z,fourier-demo,3.797602776043,2.446200000000,-0.098088751631,0.995177670973
2024-01-12T07:49:00Z,fourier-demo,3.838192152588,2.446350000000,-0.096560934305,0.995327074868
2024-01-12T07:50:00Z,fourier-demo,3.839375071080,2.446500000000,-0.095032889429,0.995474133228
2024-01-12T07:51:00Z,fourier-demo,3.797742048236,2.446650000000,-0.093504620603,0.995618845706
2024-01-12T07:52:00Z,fourier-demo,3.711357945474,2.446800000000,-0.091976131430,0.995761211962
2024-01-12T07:53:00Z,fourier-demo,3.579891476305,2.446950000000,-0.090447425510,0.995901231658
2024-01-12T07:54:00Z,fourier-demo,3.404680966520,2.447100000000,-0.088918506446,0.996038904467
2024-01-12T07:55:00Z,fourier-demo,3.188732817845,2.447250000000,-0.087389377842,0.996174230062
2024-01-12T07:56:00Z,fourier-demo,2.936651875666,2.447400000000,-0.085860043301,0.996307208126
2024-01-12T07:57:00Z,fourier-demo,2.654505698824,2.447550000000,-0.084330506426,0.996437838345
2024-01-12T07:58:00Z,fourier-demo,2.349627459553,2.447700000000,-0.082800770823,0.996566120411
2024-01-12T07:59:00Z,fourier-demo,2.030364752198,2.447850000000,-0.081270840095,0.996692054022
2024-01-12T08:00:00Z,fourier-demo,1.705783855105,2.448000000000,-0.079740717849,0.996815638881
2024-01-12T08:01:00Z,fourier-demo,1.385340877345,2.448150000000,-0.078210407690,0.996936874696
2024-01-12T08:02:00Z,fourier-demo,1.078532652296,2.448300000000,-0.076679913225,0.997055761183
2024-01-12T08:03:00Z,fourier-demo,0.794541153509,2.448450000000,-0.075149238060,0.997172298060
2024-01-12T08:04:00Z,fourier-demo,0.541885565881,2.448600000000,-0.073618385802,0.997286485054
2024-01-12T08:05:00Z,fourier-demo,0.328095930579,2.448750000000,-0.072087360059,0.997398321895
2024-01-12T08:06:00Z,fourier-demo,0.159421502358,2.448900000000,-0.070556164439,0.997507808320
2024-01-12T08:07:00Z,fourier-demo,0.040585643061,2.449050000000,-0.069024802550,0.997614944071
2024-01-12T08:08:00Z,fourier-demo,-0.025402723050,2.449200000000,-0.067493278000,0.997719728894
2024-01-12T08:09:00Z,fourier-demo,-0.037373276060,2.449350000000,-0.065961594399,0.997822162544
2024-01-12T08:10:00Z,fourier-demo,0.003951194228,2.449500000000,-0.064429755357,0.997922244779
2024-01-12T08:11:00Z,fourier-demo,0.095972474230,2.449650000000,-0.062897764483,0.998019975363
2024-01-12T08:12:00Z,fourier-demo,0.234306469992,2.449800000000,-0.061365625388,0.998115354065
2024-01-12T08:13:00Z,fourier-demo,0.412941416115,2.449950000000,-0.059833341681,0.998208380662
2024-01-12T08:14:00Z,fourier-demo,0.624458821177,2.450100000000,-0.058300916975,0.998299054933
2024-01-12T08:15:00Z,fourier-demo,0.860308715456,2.450250000000,-0.056768354879,0.998387376665
2024-01-12T08:16:00Z,fourier-demo,1.111128594975,2.450400000000,-0.055235659006,0.998473345650
2024-01-12T08:17:00Z,fourier-demo,1.367093705504,2.450550000000,-0.053702832968,0.998556961686
2024-01-12T08:18:00Z,fourier-demo,1.618285052222,2.450700000000,-0.052169880377,0.998638224575
2024-01-12T08:19:00Z,fourier-demo,1.855060806422,2.450850000000,-0.050636804844,0.998717134125
2024-01-12T08:20:00Z,fourier-demo,2.068416639002,2.451000000000,-0.049103609984,0.998793690152
2024-01-12T08:21:00Z,fourier-demo,2.250320947462,2.451150000000,-0.047570299409,0.998867892473
2024-01-12T08:22:00Z,fourier-demo,2.394011941237,2.451300000000,-0.046036876732,0.998939740916
2024-01-12T08:23:00Z,fourier-demo,2.494245069180,2.451450000000,-0.044503345567,0.999009235309
2024-01-12T08:24:00Z,fourier-demo,2.547481251498,2.451600000000,-0.042969709527,0.999076375490
2024-01-12T08:25:00Z,fourier-demo,2.552008736574,2.451750000000,-0.041435972228,0.999141161301
2024-01-12T08:26:00Z,fourier-demo,2.507994045525,2.451900000000,-0.039902137283,0.999203592588
2024-01-12T08:27:00Z,fourier-demo,2.417460287393,2.452050000000,-0.038368208306,0.999263669204
2024-01-12T08:28:00Z,fourier-demo,2.284194011532,2.452200000000,-0.036834188913,0.999321391008
2024-01-12T08:29:00Z,fourier-demo,2.113584594876,2.452350000000,-0.035300082718,0.999376757865
2024-01-12T08:30:00Z,fourier-demo,1.912402826004,2.452500000000,-0.033765893337,0.999429769642
2024-01-12T08:31:00Z,fourier-demo,1.688527738240,2.452650000000,-0.032231624386,0.999480426216
2024-01-12T08:32:00Z,fourier-demo,1.450632764260,2.452800000000,-0.030697279479,0.999528727467
2024-01-12T08:33:00Z,fourier-demo,1.207843854042,2.452950000000,-0.029162862232,0.999574673282
2024-01-12T08:34:00Z,fourier-demo,0.969383254084,2.453100000000,-0.027628376261,0.999618263551
2024-01-12T08:35:00Z,fourier-demo,0.744213146969,2.453250000000,-0.026093825183,0.999659498173
2024-01-12T08:36:00Z,fourier-demo,0.540693277790,2.453400000000,-0.024559212614,0.999698377050
2024-01-12T08:37:00Z,fourier-demo,0.366266052081,2.453550000000,-0.023024542170,0.999734900090
2024-01-12T08:38:00Z,fourier-demo,0.227181406204,2.453700000000,-0.021489817467,0.999769067208
2024-01-12T08:39:00Z,fourier-demo,0.128272075330,2.453850000000,-0.019955042123,0.999800878322
2024-01-12T08:40:00Z,fourier-demo,0.072787785665,2.454000000000,-0.018420219753,0.999830333359
2024-01-12T08:41:00Z,fourier-demo,0.062294462917,2.454150000000,-0.016885353976,0.999857432248
2024-01-12T08:42:00Z,fourier-demo,0.096641878439,2.454300000000,-0.015350448407,0.999882174925
2024-01-12T08:43:00Z,fourier-demo,0.174000357421,2.454450000000,-0.013815506664,0.999904561334
2024-01-12T08:44:00Z,fourier-demo,0.290964364387,2.454600000000,-0.012280532365,0.999924591419
2024-01-12T08:45:00Z,fourier-demo,0.442718074837,2.454750000000,-0.010745529125,0.999942265135
2024-01-12T08:46:00Z,fourier-demo,0.623255548346,2.454900000000,-0.009210500564,0.999957582440
2024-01-12T08:47:00Z,fourier-demo,0.825645939098,2.455050000000,-0.007675450297,0.999970543298
2024-01-12T08:48:00Z,fourier-demo,1.042332402898,2.455200000000,-0.006140381943,0.999981147677
2024-01-12T08:49:00Z,fourier-demo,1.265452056714,2.455350000000,-0.004605299118,0.999989395554
2024-01-12T08:50:00Z,fourier-demo,1.487163569700,2.455500000000,-0.003070205442,0.999995286908
2024-01-12T08:51:00Z,fourier-demo,1.699968743659,2.455650000000,-0.001535104530,0.999998821726
2024-01-12T08:52:00Z,fourier-demo,1.897014783524,2.455800000000,-0.000000000000,1.000000000000
2024-01-12T08:53:00Z,fourier-demo,2.072364848666,2.455950000000,0.001535104530,0.999998821726
2024-01-12T08:54:00Z,fourier-demo,2.221225875599,2.456100000000,0.003070205442,0.999995286908
2024-01-12T08:55:00Z,fourier-demo,2.340124512650,2.456250000000,0.004605299118,0.999989395554
2024-01-12T08:56:00Z,fourier-demo,2.427024229818,2.456400000000,0.006140381943,0.999981147677
2024-01-12T08:57:00Z,fourier-demo,2.481379169539,2.456550000000,0.007675450297,0.999970543298
2024-01-12T08:58:00Z,fourier-demo,2.504122982262,2.456700000000,0.009210500564,0.999957582440
2024-01-12T08:59:00Z,fourier-demo,2.497593633147,2.456850000000,0.010745529125,0.999942265135
2024-01-12T09:00:00Z,fourier-demo,2.465397859263,2.457000000000,0.012280532365,0.999924591419
2024-01-12T09:01:00Z,fourier-demo,2.412221488556,2.457150000000,0.013815506664,0.999904561334
2024-01-12T09:02:00Z,fourier-demo,2.343594097853,2.457300000000,0.015350448407,0.999882174925
2024-01-12T09:03:00Z,fourier-demo,2.265618393562,2.457450000000,0.016885353976,0.999857432248
2024-01-12T09:04:00Z,fourier-demo,2.184676166548,2.457600000000,0.018420219753,0.999830333359
2024-01-12T09:05:00Z,fourier-demo,2.107123641551,2.457750000000,0.019955042123,0.999800878322
2024-01-12T09:06:00Z,fourier-demo,2.038989471345,2.457900000000,0.021489817467,0.999769067208
2024-01-12T09:07:00Z,fourier-demo,1.985688499063,2.458050000000,0.023024542170,0.999734900090
2024-01-12T09:08:00Z,fourier-demo,1.951763734272,2.458200000000,0.024559212614,0.999698377050
2024-01-12T09:09:00Z,fourier-demo,1.940667787538,2.458350000000,0.026093825183,0.999659498173
2024-01-12T09:10:00Z,fourier-demo,1.954593334463,2.458500000000,0.027628376261,0.999618263551
2024-01-12T09:11:00Z,fourier-demo,1.994360102851,2.458650000000,0.029162862232,0.999574673282
2024-01-12T09:12:00Z,fourier-demo,2.059363482104,2.458800000000,0.030697279479,0.999528727467
2024-01-12T09:13:00Z,fourier-demo,2.147587241500,2.458950000000,0.032231624386,0.999480426216
2024-01-12T09:14:00Z,fourier-demo,2.255680122215,2.459100000000,0.033765893337,0.999429769642
2024-01-12T09:15:00Z,fourier-demo,2.379093349862,2.459250000000,0.035300082718,0.999376757865
2024-01-12T09:16:00Z,fourier-demo,2.512273513133,2.459400000000,0.036834188913,0.999321391008
2024-01-12T09:17:00Z,fourier-demo,2.648902878041,2.459550000000,0.038368208306,0.999263669204
2024-01-12T09:18:00Z,fourier-demo,2.782177155659,2.459700000000,0.039902137283,0.999203592588
2024-01-12T09:19:00Z,fourier-demo,2.905109099896,2.459850000000,0.041435972228,0.999141161301
2024-01-12T09:20:00Z,fourier-demo,3.010845149979,2.460000000000,0.042969709527,0.999076375490
2024-01-12T09:21:00Z,fourier-demo,3.092981699278,2.460150000000,0.044503345567,0.999009235309
2024-01-12T09:22:00Z,fourier-demo,3.145867495610,2.460300000000,0.046036876732,0.998939740916
2024-01-12T09:23:00Z,fourier-demo,3.164879163012,2.460450000000,0.047570299409,0.998867892473
2024-01-12T09:24:00Z,fourier-demo,3.146657862750,2.460600000000,0.049103609984,0.998793690152
2024-01-12T09:25:00Z,fourier-demo,3.089296641375,2.460750000000,0.050636804844,0.998717134125
2024-01-12T09:26:00Z,fourier-demo,2.992469984327,2.460900000000,0.052169880377,0.998638224575
2024-01-12T09:27:00Z,fourier-demo,2.857499425210,2.461050000000,0.053702832968,0.998556961686
2024-01-12T09:28:00Z,fourier-demo,2.687351658597,2.461200000000,0.055235659006,0.998473345650
2024-01-12T09:29:00Z,fourier-demo,2.486568362142,2.461350000000,0.056768354879,0.998387376665
2024-01-12T09:30:00Z,fourier-demo,2.261129739079,2.461500000000,0.058300916975,0.998299054933
2024-01-12T09:31:00Z,fourier-demo,2.018256530003,2.461650000000,0.059833341681,0.998208380662
2024-01-12T09:32:00Z,fourier-demo,1.766157800632,2.461800000000,0.061365625388,0.998115354065
2024-01-12T09:33:00Z,fourier-demo,1.513734084704,2.461950000000,0.062897764483,0.998019975363
2024-01-12T09:34:00Z,fourier-demo,1.270247354460,2.462100000000,0.064429755357,0.997922244779
2024-01-12T09:35:00Z,fourier-demo,1.044970726577,2.462250000000,0.065961594399,0.997822162544
2024-01-12T09:36:00Z,fourier-demo,0.846831729001,2.462400000000,0.067493278000,0.997719728894
2024-01-12T09:37:00Z,fourier-demo,0.684063314722,2.462550000000,0.069024802550,0.997614944071
2024-01-12T09:38:00Z,fourier-demo,0.563876595850,2.462700000000,0.070556164439,0.997507808320
2024-01-12T09:39:00Z,fourier-demo,0.492168492199,2.462850000000,0.072087360059,0.997398321895
2024-01-12T09:40:00Z,fourier-demo,0.473276173064,2.463000000000,0.073618385802,0.997286485054
2024-01-12T09:41:00Z,fourier-demo,0.509788370884,2.463150000000,0.075149238060,0.997172298060
2024-01-12T09:42:00Z,fourier-demo,0.602421432704,2.463300000000,0.076679913225,0.997055761183
2024-01-12T09:43:00Z,fourier-demo,0.749965438399,2.463450000000,0.078210407690,0.996936874696
2024-01-12T09:44:00Z,fourier-demo,0.949302955494,2.463600000000,0.079740717849,0.996815638881
2024-01-12T09:45:00Z,fourier-demo,1.195500130022,2.463750000000,0.081270840095,0.996692054022
2024-01-12T09:46:00Z,fourier-demo,1.481966947164,2.463900000000,0.082800770823,0.996566120411
2024-01-12T09:47:00Z,fourier-demo,1.800680749906,2.464050000000,0.084330506426,0.996437838345
2024-01-12T09:48:00Z,fourier-demo,2.142464589667,2.464200000000,0.085860043301,0.996307208126
2024-01-12T09:49:00Z,fourier-demo,2.497309801368,2.464350000000,0.087389377842,0.996174230062
2024-01-12T09:50:00Z,fourier-demo,2.854730435044,2.464500000000,0.088918506446,0.996038904467
2024-01-12T09:51:00Z,fourier-demo,3.204135907962,2.464650000000,0.090447425510,0.995901231658
2024-01-12T09:52:00Z,fourier-demo,3.535207516680,2.464800000000,0.091976131430,0.995761211962
2024-01-12T09:53:00Z,fourier-demo,3.838264296884,2.464950000000,0.093504620603,0.995618845706
2024-01-12T09:54:00Z,fourier-demo,4.104604146213,2.465100000000,0.095032889429,0.995474133228
2024-01-12T09:55:00Z,fourier-demo,4.326807114384,2.465250000000,0.096560934305,0.995327074868
2024-01-12T09:56:00Z,fourier-demo,4.498989275625,2.465400000000,0.098088751631,0.995177670973
2024-01-12T09:57:00Z,fourier-demo,4.616997569629,2.465550000000,0.099616337806,0.995025921895
2024-01-12T09:58:00Z,fourier-demo,4.678538349057,2.465700000000,0.101143689231,0.994871827990
2024-01-12T09:59:00Z,fourier-demo,4.683235009016,2.465850000000,0.102670802305,0.994715389624
2024-01-12T10:00:00Z,fourier-demo,4.632612890232,2.466000000000,0.104197673431,0.994556607163
2024-01-12T10:01:00Z,fourier-demo,4.530012529040,2.466150000000,0.105724299010,0.994395480983
2024-01-12T10:02:00Z,fourier-demo,4.380435157553,2.466300000000,0.107250675445,0.994232011462
2024-01-12T10:03:00Z,fourier-demo,4.190327022385,2.466450000000,0.108776799139,0.994066198987
2024-01-12T10:04:00Z,fourier-demo,3.967311482860,2.466600000000,0.110302666494,0.993898043948
2024-01-12T10:05:00Z,fourier-demo,3.719879873667,2.466750000000,0.111828273917,0.993727546741
2024-01-12T10:06:00Z,fourier-demo,3.457053691673,2.466900000000,0.113353617811,0.993554707769
2024-01-12T10:07:00Z,fourier-demo,3.188031729396,2.467050000000,0.114878694581,0.993379527437
2024-01-12T10:08:00Z,fourier-demo,2.921836286944,2.467200000000,0.116403500635,0.993202006160
2024-01-12T10:09:00Z,fourier-demo,2.666972531081,2.467350000000,0.117928032378,0.993022144355
2024-01-12T10:10:00Z,fourier-demo,2.431114438604,2.467500000000,0.119452286218,0.992839942447
2024-01-12T10:11:00Z,fourier-demo,2.220829589085,2.467650000000,0.120976258564,0.992655400864
2024-01-12T10:12:00Z,fourier-demo,2.041353408357,2.467800000000,0.122499945823,0.992468520042
2024-01-12T10:13:00Z,fourier-demo,1.896421378508,2.467950000000,0.124023344405,0.992279300420
2024-01-12T10:14:00Z,fourier-demo,1.788165308711,2.468100000000,0.125546450720,0.992087742446
2024-01-12T10:15:00Z,fourier-demo,1.717077104090,2.468250000000,0.127069261179,0.991893846570
2024-01-12T10:16:00Z,fourier-demo,1.682040686105,2.468400000000,0.128591772193,0.991697613249
2024-01-12T10:17:00Z,fourier-demo,1.680429922022,2.468550000000,0.130113980175,0.991499042946
2024-01-12T10:18:00Z,fourier-demo,1.708267727303,2.468700000000,0.131635881537,0.991298136129
2024-01-12T10:19:00Z,fourier-demo,1.760439023251,2.468850000000,0.133157472693,0.991094893270
2024-01-12T10:20:00Z,fourier-demo,1.830948064106,2.469000000000,0.134678750057,0.990889314850
2024-01-12T10:21:00Z,fourier-demo,1.913208881014,2.469150000000,0.136199710044,0.990681401352
2024-01-12T10:22:00Z,fourier-demo,2.000356296213,2.469300000000,0.137720349070,0.990471153266
2024-01-12T10:23:00Z,fourier-demo,2.085564191251,2.469450000000,0.139240663551,0.990258571088
2024-01-12T10:24:00Z,fourier-demo,2.162357498204,2.469600000000,0.140760649906,0.990043655319
2024-01-12T10:25:00Z,fourier-demo,2.224904729898,2.469750000000,0.142280304551,0.989826406466
2024-01-12T10:26:00Z,fourier-demo,2.268278758273,2.469900000000,0.143799623906,0.989606825039
2024-01-12T10:27:00Z,fourier-demo,2.288674950856,2.470050000000,0.145318604390,0.989384911558
2024-01-12T10:28:00Z,fourier-demo,2.283577624683,2.470200000000,0.146837242424,0.989160666544
2024-01-12T10:29:00Z,fourier-demo,2.251867997280,2.470350000000,0.148355534429,0.988934090526
2024-01-12T10:30:00Z,fourier-demo,2.193869312742,2.470500000000,0.149873476828,0.988705184038
2024-01-12T10:31:00Z,fourier-demo,2.111327493351,2.470650000000,0.151391066042,0.988473947620
2024-01-12T10:32:00Z,fourier-demo,2.007328402354,2.470800000000,0.152908298496,0.988240381816
2024-01-12T10:33:00Z,fourier-demo,1.886155487783,2.470950000000,0.154425170615,0.988004487176
2024-01-12T10:34:00Z,fourier-demo,1.753094099053,2.471100000000,0.155941678823,0.987766264258
2024-01-12T10:35:00Z,fourier-demo,1.614191022912,2.471250000000,0.157457819548,0.987525713621
2024-01-12T10:36:00Z,fourier-demo,1.475979679418,2.471400000000,0.158973589215,0.987282835834
2024-01-12T10:37:00Z,fourier-demo,1.345182873592,2.471550000000,0.160488984254,0.987037631468
2024-01-12T10:38:00Z,fourier-demo,1.228405953613,2.471700000000,0.162004001093,0.986790101100
2024-01-12T10:39:00Z,fourier-demo,1.131833642411,2.471850000000,0.163518636162,0.986540245316
2024-01-12T10:40:00Z,fourier-demo,1.060943668633,2.472000000000,0.165032885891,0.986288064702
2024-01-12T10:41:00Z,fourier-demo,1.020249631103,2.472150000000,0.166546746713,0.986033559854
2024-01-12T10:42:00Z,fourier-demo,1.013084316363,2.472300000000,0.168060215059,0.985776731372
2024-01-12T10:43:00Z,fourier-demo,1.041433001881,2.472450000000,0.169573287364,0.985517579860
2024-01-12T10:44:00Z,fourier-demo,1.105824187694,2.472600000000,0.171085960061,0.985256105929
2024-01-12T10:45:00Z,fourier-demo,1.205282793060,2.472750000000,0.172598229586,0.984992310195
2024-01-12T10:46:00Z,fourier-demo,1.337348231708,2.472900000000,0.174110092375,0.984726193281
2024-01-12T10:47:00Z,fourier-demo,1.498157048131,2.473050000000,0.175621544865,0.984457755812
2024-01-12T10:48:00Z,fourier-demo,1.682587071346,2.473200000000,0.177132583495,0.984186998423
2024-01-12T10:49:00Z,fourier-demo,1.884457434817,2.473350000000,0.178643204704,0.983913921750
2024-01-12T10:50:00Z,fourier-demo,2.096776430237,2.473500000000,0.180153404931,0.983638526437
2024-01-12T10:51:00Z,fourier-demo,2.312027107922,2.473650000000,0.181663180618,0.983360813134
2024-01-12T10:52:00Z,fourier-demo,2.522478893543,2.473800000000,0.183172528208,0.983080782494
2024-01-12T10:53:00Z,fourier-demo,2.720512329022,2.473950000000,0.184681444143,0.982798435179
2024-01-12T10:54:00Z,fourier-demo,2.898943413990,2.474100000000,0.186189924867,0.982513771852
2024-01-12T10:55:00Z,fourier-demo,3.051333950921,2.474250000000,0.187697966826,0.982226793185
2024-01-12T10:56:00Z,fourier-demo,3.172274786547,2.474400000000,0.189205566465,0.981937499854
2024-01-12T10:57:00Z,fourier-demo,3.257629876100,2.474550000000,0.190712720233,0.981645892540
2024-01-12T10:58:00Z,fourier-demo,3.304730634302,2.474700000000,0.192219424577,0.981351971932
2024-01-12T10:59:00Z,fourier-demo,3.312512016262,2.474850000000,0.193725675947,0.981055738722
2024-01-12T11:00:00Z,fourier-demo,3.281584112540,2.475000000000,0.195231470794,0.980757193607
2024-01-12T11:01:00Z,fourier-demo,3.214235650690,2.475150000000,0.196736805568,0.980456337291
2024-01-12T11:02:00Z,fourier-demo,3.114368564414,2.475300000000,0.198241676723,0.980153170484
2024-01-12T11:03:00Z,fourier-demo,2.987365608104,2.475450000000,0.199746080711,0.979847693900
2024-01-12T11:04:00Z,fourier-demo,2.839895743912,2.475600000000,0.201250013989,0.979539908258
2024-01-12T11:05:00Z,fourier-demo,2.679664597866,2.475750000000,0.202753473011,0.979229814284
2024-01-12T11:06:00Z,fourier-demo,2.515119565397,2.475900000000,0.204256454236,0.978917412708
2024-01-12T11:07:00Z,fourier-demo,2.355121050970,2.476050000000,0.205758954120,0.978602704267
2024-01-12T11:08:00Z,fourier-demo,2.208592772349,2.476200000000,0.207260969124,0.978285689703
2024-01-12T11:09:00Z,fourier-demo,2.084164987383,2.476350000000,0.208762495707,0.977966369762
2024-01-12T11:10:00Z,fourier-demo,1.989824870636,2.476500000000,0.210263530331,0.977644745198
2024-01-12T11:11:00Z,fourier-demo,1.932588062291,2.476650000000,0.211764069460,0.977320816767
2024-01-12T11:12:00Z,fourier-demo,1.918204639328,2.476800000000,0.213264109557,0.976994585233
2024-01-12T11:13:00Z,fourier-demo,1.950911448901,2.476950000000,0.214763647086,0.976666051366
2024-01-12T11:14:00Z,fourier-demo,2.033240947970,2.477100000000,0.216262678515,0.976335215938
2024-01-12T11:15:00Z,fourier-demo,2.165894483259,2.477250000000,0.217761200311,0.976002079731
2024-01-12T11:16:00Z,fourier-demo,2.347685410118,2.477400000000,0.219259208942,0.975666643528
2024-01-12T11:17:00Z,fourier-demo,2.575554689688,2.477550000000,0.220756700879,0.975328908121
2024-01-12T11:18:00Z,fourier-demo,2.844658732201,2.477700000000,0.222253672592,0.974988874306
2024-01-12T11:19:00Z,fourier-demo,3.148526385870,2.477850000000,0.223750120553,0.974646542882
2024-01-12T11:20:00Z,fourier-demo,3.479279221562,2.478000000000,0.225246041237,0.974301914658
2024-01-12T11:21:00Z,fourier-demo,3.827906744275,2.478150000000,0.226741431118,0.973954990446
2024-01-12T11:22:00Z,fourier-demo,4.184585975060,2.478300000000,0.228236286672,0.973605771063
2024-01-12T11:23:00Z,fourier-demo,4.539033079908,2.478450000000,0.229730604376,0.973254257331
2024-01-12T11:24:00Z,fourier-demo,4.880873446530,2.478600000000,0.231224380709,0.972900450080
2024-01-12T11:25:00Z,fourier-demo,5.200015877516,2.478750000000,0.232717612151,0.972544350143
2024-01-12T11:26:00Z,fourier-demo,5.487016408314,2.478900000000,0.234210295184,0.972185958359
2024-01-12T11:27:00Z,fourier-demo,5.733417677369,2.479050000000,0.235702426288,0.971825275573
2024-01-12T11:28:00Z,fourier-demo,5.932050756300,2.479200000000,0.237194001948,0.971462302634
2024-01-12T11:29:00Z,fourier-demo,6.077287850325,2.479350000000,0.238685018650,0.971097040399
2024-01-12T11:30:00Z,fourier-demo,6.165236242246,2.479500000000,0.240175472879,0.970729489728
2024-01-12T11:31:00Z,fourier-demo,6.193866197667,2.479650000000,0.241665361123,0.970359651487
2024-01-12T11:32:00Z,fourier-demo,6.163068179591,2.479800000000,0.243154679872,0.969987526547
2024-01-12T11:33:00Z,fourier-demo,6.074637530755,2.479950000000,0.244643425615,0.969613115786
2024-01-12T11:34:00Z,fourier-demo,5.932187658323,2.480100000000,0.246131594844,0.969236420085
2024-01-12T11:35:00Z,fourier-demo,5.740995581666,2.480250000000,0.247619184052,0.968857440333
2024-01-12T11:36:00Z,fourier-demo,5.507786365950,2.480400000000,0.249106189734,0.968476177423
2024-01-12T11:37:00Z,fourier-demo,5.240465354926,2.480550000000,0.250592608385,0.968092632253
2024-01-12T11:38:00Z,fourier-demo,4.947809139762,2.480700000000,0.252078436503,0.967706805727
2024-01-12T11:39:00Z,fourier-demo,4.639127776029,2.480850000000,0.253563670587,0.967318698754
2024-01-12T11:40:00Z,fourier-demo,4.323911825536,2.481000000000,0.255048307135,0.966928312248
2024-01-12T11:41:00Z,fourier-demo,4.011478312036,2.481150000000,0.256532342650,0.966535647131
2024-01-12T11:42:00Z,fourier-demo,3.710629620623,2.481300000000,0.258015773635,0.966140704326
2024-01-12T11:43:00Z,fourier-demo,3.429338744423,2.481450000000,0.259498596593,0.965743484765
2024-01-12T11:44:00Z,fourier-demo,3.174473115949,2.481600000000,0.260980808031,0.965343989384
2024-01-12T11:45:00Z,fourier-demo,2.951567603735,2.481750000000,0.262462404455,0.964942219124
2024-01-12T11:46:00Z,fourier-demo,2.764655176726,2.481900000000,0.263943382373,0.964538174932
2024-01-12T11:47:00Z,fourier-demo,2.616161325504,2.482050000000,0.265423738297,0.964131857760
2024-01-12T11:48:00Z,fourier-demo,2.506865680648,2.482200000000,0.266903468737,0.963723268566
2024-01-12T11:49:00Z,fourier-demo,2.435931493389,2.482350000000,0.268382570207,0.963312408313
2024-01-12T11:50:00Z,fourier-demo,2.401000856346,2.482500000000,0.269861039220,0.962899277968
2024-01-12T11:51:00Z,fourier-demo,2.398350856774,2.482650000000,0.271338872293,0.962483878505
2024-01-12T11:52:00Z,fourier-demo,2.423103381263,2.482800000000,0.272816065943,0.962066210904
2024-01-12T11:53:00Z,fourier-demo,2.469479130208,2.482950000000,0.274292616689,0.961646276148
2024-01-12T11:54:00Z,fourier-demo,2.531084640377,2.483100000000,0.275768521052,0.961224075228
2024-01-12T11:55:00Z,fourier-demo,2.601219825781,2.483250000000,0.277243775553,0.960799609137
2024-01-12T11:56:00Z,fourier-demo,2.673192782531,2.483400000000,0.278718376716,0.960372878876
2024-01-12T11:57:00Z,fourier-demo,2.740628392360,2.483550000000,0.280192321065,0.959943885452
2024-01-12T11:58:00Z,fourier-demo,2.797757609230,2.483700000000,0.281665605129,0.959512629874
2024-01-12T11:59:00Z,fourier-demo,2.839675207971,2.483850000000,0.283138225434,0.959079113159
2024-01-12T12:00:00Z,fourier-demo,2.862555174783,2.484000000000,0.284610178510,0.958643336329
2024-01-12T12:01:00Z,fourier-demo,2.863814767504,2.484150000000,0.286081460890,0.958205300411
2024-01-12T12:02:00Z,fourier-demo,2.842220491148,2.484300000000,0.287552069104,0.957765006436
2024-01-12T12:03:00Z,fourier-demo,2.797931728602,2.484450000000,0.289021999689,0.957322455443
2024-01-12T12:04:00Z,fourier-demo,2.732480433460,2.484600000000,0.290491249179,0.956877648475
2024-01-12T12:05:00Z,fourier-demo,2.648688020530,2.484750000000,0.291959814114,0.956430586578
2024-01-12T12:06:00Z,fourier-demo,2.550523266161,2.484900000000,0.293427691031,0.955981270808
2024-01-12T12:07:00Z,fourier-demo,2.442907543575,2.485050000000,0.294894876472,0.955529702223
2024-01-12T12:08:00Z,fourier-demo,2.331475963632,2.485200000000,0.296361366979,0.955075881887
2024-01-12T12:09:00Z,fourier-demo,2.222304875175,2.485350000000,0.297827159096,0.954619810870
2024-01-12T12:10:00Z,fourier-demo,2.121617623106,2.485500000000,0.299292249370,0.954161490245
2024-01-12T12:11:00Z,fourier-demo,2.035481406306,2.485650000000,0.300756634347,0.953700921094
2024-01-12T12:12:00Z,fourier-demo,1.969508481896,2.485800000000,0.302220310578,0.953238104502
2024-01-12T12:13:00Z,fourier-demo,1.928574810009,2.485950000000,0.303683274611,0.952773041559
2024-01-12T12:14:00Z,fourier-demo,1.916568530090,2.486100000000,0.305145523001,0.952305733361
2024-01-12T12:15:00Z,fourier-demo,1.936179434262,2.486250000000,0.306607052301,0.951836181010
2024-01-12T12:16:00Z,fourier-demo,1.988738906058,2.486400000000,0.308067859067,0.951364385612
2024-01-12T12:17:00Z,fourier-demo,2.074117693469,2.486550000000,0.309527939856,0.950890348278
2024-01-12T12:18:00Z,fourier-demo,2.190686470542,2.486700000000,0.310987291228,0.950414070127
2024-01-12T12:19:00Z,fourier-demo,2.335341511348,2.486850000000,0.312445909744,0.949935552279
2024-01-12T12:20:00Z,fourier-demo,2.503595062897,2.487000000000,0.313903791966,0.949454795864
2024-01-12T12:21:00Z,fourier-demo,2.689727272759,2.487150000000,0.315360934460,0.948971802014
2024-01-12T12:22:00Z,fourier-demo,2.886993916222,2.487300000000,0.316817333790,0.948486571866
2024-01-12T12:23:00Z,fourier-demo,3.087881785113,2.487450000000,0.318272986525,0.947999106565
2024-01-12T12:24:00Z,fourier-demo,3.284401545414,2.487600000000,0.319727889235,0.947509407260
2024-01-12T12:25:00Z,fourier-demo,3.468406229376,2.487750000000,0.321182038491,0.947017475103
2024-01-12T12:26:00Z,fourier-demo,3.631922369177,2.487900000000,0.322635430866,0.946523311255
2024-01-12T12:27:00Z,fourier-demo,3.767480152586,2.488050000000,0.324088062935,0.946026916881
2024-01-12T12:28:00Z,fourier-demo,3.868428914173,2.488200000000,0.325539931276,0.945528293149
2024-01-12T12:29:00Z,fourier-demo,3.929224773054,2.488350000000,0.326991032467,0.945027441235
2024-01-12T12:30:00Z,fourier-demo,3.945678271235,2.488500000000,0.328441363087,0.944524362319
2024-01-12T12:31:00Z,fourier-demo,3.915151414496,2.488650000000,0.329890919720,0.944019057586
2024-01-12T12:32:00Z,fourier-demo,3.836695508498,2.488800000000,0.331339698950,0.943511528228
2024-01-12T12:33:00Z,fourier-demo,3.711123536324,2.488950000000,0.332787697362,0.943001775441
2024-01-12T12:34:00Z,fourier-demo,3.541013444824,2.489100000000,0.334234911544,0.942489800425
2024-01-12T12:35:00Z,fourier-demo,3.330641489577,2.489250000000,0.335681338085,0.941975604388
2024-01-12T12:36:00Z,fourier-demo,3.085847618860,2.489400000000,0.337126973578,0.941459188540
2024-01-12T12:37:00Z,fourier-demo,2.813837640358,2.489550000000,0.338571814615,0.940940554099
2024-01-12T12:38:00Z,fourier-demo,2.522929497562,2.489700000000,0.340015857791,0.940419702288
2024-01-12T12:39:00Z,fourier-demo,2.222253280151,2.489850000000,0.341459099704,0.939896634332
2024-01-12T12:40:00Z,fourier-demo,1.921416509856,2.490000000000,0.342901536952,0.939371351466
2024-01-12T12:41:00Z,fourier-demo,1.630147701320,2.490150000000,0.344343166137,0.938843854927
2024-01-12T12:42:00Z,fourier-demo,1.357932135903,2.490300000000,0.345783983861,0.938314145958
2024-01-12T12:43:00Z,fourier-demo,1.113654165885,2.490450000000,0.347223986728,0.937782225808
2024-01-12T12:44:00Z,fourier-demo,0.905260170279,2.490600000000,0.348663171346,0.937248095729
2024-01-12T12:45:00Z,fourier-demo,0.739455518338,2.490750000000,0.350101534322,0.936711756980
2024-01-12T12:46:00Z,fourier-demo,0.621447592396,2.490900000000,0.351539072268,0.936173210826
2024-01-12T12:47:00Z,fourier-demo,0.554745129919,2.491050000000,0.352975781795,0.935632458536
2024-01-12T12:48:00Z,fourier-demo,0.541021937000,2.491200000000,0.354411659518,0.935089501384
2024-01-12T12:49:00Z,fourier-demo,0.580050490597,2.491350000000,0.355846702053,0.934544340648
2024-01-12T12:50:00Z,fourier-demo,0.669708186565,2.491500000000,0.357280906019,0.933996977615
2024-01-12T12:51:00Z,fourier-demo,0.806056116045,2.491650000000,0.358714268035,0.933447413574
2024-01-12T12:52:00Z,fourier-demo,0.983487379909,2.491800000000,0.360146784724,0.932895649820
2024-01-12T12:53:00Z,fourier-demo,1.194939195557,2.491950000000,0.361578452710,0.932341687653
2024-01-12T12:54:00Z,fourier-demo,1.432160523583,2.492100000000,0.363009268620,0.931785528379
2024-01-12T12:55:00Z,fourier-demo,1.686024745480,2.492250000000,0.364439229081,0.931227173308
2024-01-12T12:56:00Z,fourier-demo,1.946875146248,2.492400000000,0.365868330723,0.930666623756
2024-01-12T12:57:00Z,fourier-demo,2.204889668977,2.492550000000,0.367296570180,0.930103881045
2024-01-12T12:58:00Z,fourier-demo,2.450450663906,2.492700000000,0.368723944085,0.929538946499
2024-01-12T12:59:00Z,fourier-demo,2.674505181716,2.492850000000,0.370150449074,0.928971821451
2024-01-12T13:00:00Z,fourier-demo,2.868901766505,2.493000000000,0.371576081787,0.928402507237
2024-01-12T13:01:00Z,fourier-demo,3.026690670987,2.493150000000,0.373000838862,0.927831005199
2024-01-12T13:02:00Z,fourier-demo,3.142375905304,2.493300000000,0.374424716944,0.927257316683
2024-01-12T13:03:00Z,fourier-demo,3.212109480734,2.493450000000,0.375847712676,0.926681443041
2024-01-12T13:04:00Z,fourier-demo,3.233820540970,2.493600000000,0.377269822705,0.926103385630
2024-01-12T13:05:00Z,fourier-demo,3.207274691905,2.493750000000,0.378691043680,0.925523145813
2024-01-12T13:06:00Z,fourier-demo,3.134061639542,2.493900000000,0.380111372252,0.924940724957
2024-01-12T13:07:00Z,fourier-demo,3.017512111376,2.494050000000,0.381530805073,0.924356124435
2024-01-12T13:08:00Z,fourier-demo,2.862547853297,2.494200000000,0.382949338799,0.923769345623
2024-01-12T13:09:00Z,fourier-demo,2.675471147857,2.494350000000,0.384366970087,0.923180389906
2024-01-12T13:10:00Z,fourier-demo,2.463702683646,2.494500000000,0.385783695595,0.922589258670
2024-01-12T13:11:00Z,fourier-demo,2.235478623584,2.494650000000,0.387199511986,0.921995953309
2024-01-12T13:12:00Z,fourier-demo,1.999519291395,2.494800000000,0.388614415924,0.921400475220
2024-01-12T13:13:00Z,fourier-demo,1.764682957808,2.494950000000,0.390028404072,0.920802825808
2024-01-12T13:14:00Z,fourier-demo,1.539618719628,2.495100000000,0.391441473101,0.920203006481
2024-01-12T13:15:00Z,fourier-demo,1.332432406493,2.495250000000,0.392853619679,0.919601018652
2024-01-12T13:16:00Z,fourier-demo,1.150378826145,2.495400000000,0.394264840479,0.918996863739
2024-01-12T13:17:00Z,fourier-demo,0.999592496638,2.495550000000,0.395675132175,0.918390543167
2024-01-12T13:18:00Z,fourier-demo,0.884867362216,2.495700000000,0.397084491445,0.917782058364
2024-01-12T13:19:00Z,fourier-demo,0.809493917755,2.495850000000,0.398492914965,0.917171410764
2024-01-12T13:20:00Z,fourier-demo,0.775159760683,2.496000000000,0.399900399419,0.916558601806
2024-01-12T13:21:00Z,fourier-demo,0.781916948833,2.496150000000,0.401306941488,0.915943632935
2024-01-12T13:22:00Z,fourier-demo,0.828216776671,2.496300000000,0.402712537858,0.915326505599
2024-01-12T13:23:00Z,fourier-demo,0.911009804623,2.496450000000,0.404117185217,0.914707221253
2024-01-12T13:24:00Z,fourier-demo,1.025906301004,2.496600000000,0.405520880255,0.914085781356
2024-01-12T13:25:00Z,fourier-demo,1.167389792854,2.496750000000,0.406923619664,0.913462187373
2024-01-12T13:26:00Z,fourier-demo,1.329074271713,2.496900000000,0.408325400138,0.912836440772
2024-01-12T13:27:00Z,fourier-demo,1.503993850500,2.497050000000,0.409726218374,0.912208543030
2024-01-12T13:28:00Z,fourier-demo,1.684912389434,2.497200000000,0.411126071071,0.911578495625
2024-01-12T13:29:00Z,fourier-demo,1.864639853605,2.497350000000,0.412524954929,0.910946300042
2024-01-12T13:30:00Z,fourier-demo,2.036341962495,2.497500000000,0.413922866653,0.910311957771
2024-01-12T13:31:00Z,fourier-demo,2.193830049183,2.497650000000,0.415319802949,0.909675470307
2024-01-12T13:32:00Z,fourier-demo,2.331818948335,2.497800000000,0.416715760523,0.909036839150
2024-01-12T13:33:00Z,fourier-demo,2.446142138709,2.497950000000,0.418110736087,0.908396065804
2024-01-12T13:34:00Z,fourier-demo,2.533915218486,2.498100000000,0.419504726354,0.907753151780
2024-01-12T13:35:00Z,fourier-demo,2.593641012746,2.498250000000,0.420897728037,0.907108098593
2024-01-12T13:36:00Z,fourier-demo,2.625252108825,2.498400000000,0.422289737855,0.906460907763
2024-01-12T13:37:00Z,fourier-demo,2.630089283180,2.498550000000,0.423680752528,0.905811580814
2024-01-12T13:38:00Z,fourier-demo,2.610817011473,2.498700000000,0.425070768777,0.905160119278
2024-01-12T13:39:00Z,fourier-demo,2.571279928453,2.498850000000,0.426459783326,0.904506524689
2024-01-12T13:40:00Z,fourier-demo,2.516306614396,2.499000000000,0.427847792903,0.903850798588
2024-01-12T13:41:00Z,fourier-demo,2.451469326039,2.499150000000,0.429234794236,0.903192942520
2024-01-12T13:42:00Z,fourier-demo,2.382810168720,2.499300000000,0.430620784057,0.902532958034
2024-01-12T13:43:00Z,fourier-demo,2.316545644533,2.499450000000,0.432005759100,0.901870846687
2024-01-12T13:44:00Z,fourier-demo,2.258762448639,2.499600000000,0.433389716101,0.901206610039
2024-01-12T13:45:00Z,fourier-demo,2.215117783051,2.499750000000,0.434772651798,0.900540249655
2024-01-12T13:46:00Z,fourier-demo,2.190557297276,2.499900000000,0.436154562933,0.899871767105
2024-01-12T13:47:00Z,fourier-demo,2.189063054057,2.500050000000,0.437535446249,0.899201163965
2024-01-12T13:48:00Z,fourier-demo,2.213442685088,2.500200000000,0.438915298493,0.898528441814
2024-01-12T13:49:00Z,fourier-demo,2.265169196369,2.500350000000,0.440294116411,0.897853602239
2024-01-12T13:50:00Z,fourier-demo,2.344278775898,2.500500000000,0.441671896756,0.897176646829
2024-01-12T13:51:00Z,fourier-demo,2.449331534500,2.500650000000,0.443048636280,0.896497577180
2024-01-12T13:52:00Z,fourier-demo,2.577437473525,2.500800000000,0.444424331739,0.895816394893
2024-01-12T13:53:00Z,fourier-demo,2.724347230043,2.500950000000,0.445798979891,0.895133101571
2024-01-12T13:54:00Z,fourier-demo,2.884604414336,2.501100000000,0.447172577496,0.894447698826
2024-01-12T13:55:00Z,fourier-demo,3.051753739525,2.501250000000,0.448545121319,0.893760188273
2024-01-12T13:56:00Z,fourier-demo,3.218596757504,2.501400000000,0.449916608123,0.893070571531
2024-01-12T13:57:00Z,fourier-demo,3.377484958604,2.501550000000,0.451287034678,0.892378850227
2024-01-12T13:58:00Z,fourier-demo,3.520638350357,2.501700000000,0.452656397753,0.891685025989
2024-01-12T13:59:00Z,fourier-demo,3.640476472737,2.501850000000,0.454024694122,0.890989100454
2024-01-12T14:00:00Z,fourier-demo,3.729948182562,2.502000000000,0.455391920561,0.890291075260
2024-01-12T14:01:00Z,fourier-demo,3.782846475927,2.502150000000,0.456758073847,0.889590952054
2024-01-12T14:02:00Z,fourier-demo,3.794095119231,2.502300000000,0.458123150761,0.888888732484
2024-01-12T14:03:00Z,fourier-demo,3.759994907865,2.502450000000,0.459487148086,0.888184418206
2024-01-12T14:04:00Z,fourier-demo,3.678418925846,2.502600000000,0.460850062608,0.887478010879
2024-01-12T14:05:00Z,fourier-demo,3.548948177743,2.502750000000,0.462211891115,0.886769512169
2024-01-12T14:06:00Z,fourier-demo,3.372941325797,2.502900000000,0.463572630397,0.886058923744
2024-01-12T14:07:00Z,fourier-demo,3.153534894996,2.503050000000,0.464932277249,0.885346247279
2024-01-12T14:08:00Z,fourier-demo,2.895573100396,2.503200000000,0.466290828466,0.884631484455
2024-01-12T14:09:00Z,fourier-demo,2.605469291031,2.503350000000,0.467648280847,0.883914636954
2024-01-12T14:10:00Z,fourier-demo,2.291003777544,2.503500000000,0.469004631192,0.883195706466
2024-01-12T14:11:00Z,fourier-demo,1.961065403381,2.503650000000,0.470359876306,0.882474694686
2024-01-12T14:12:00Z,fourier-demo,1.625346525883,2.503800000000,0.471714012994,0.881751603313
2024-01-12T14:13:00Z,fourier-demo,1.294002999531,2.503950000000,0.473067038066,0.881026434050
2024-01-12T14:14:00Z,fourier-demo,0.977292219726,2.504100000000,0.474418948333,0.880299188607
2024-01-12T14:15:00Z,fourier-demo,0.685203231197,2.504250000000,0.475769740610,0.879569868697
2024-01-12T14:16:00Z,fourier-demo,0.427093291004,2.504400000000,0.477119411712,0.878838476040
2024-01-12T14:17:00Z,fourier-demo,0.211345085132,2.504550000000,0.478467958460,0.878105012357
2024-01-12T14:18:00Z,fourier-demo,0.045058036495,2.504700000000,0.479815377676,0.877369479379
2024-01-12T14:19:00Z,fourier-demo,-0.066214159402,2.504850000000,0.481161666184,0.876631878838
2024-01-12T14:20:00Z,fourier-demo,-0.118669425463,2.505000000000,0.482506820812,0.875892212473
2024-01-12T14:21:00Z,fourier-demo,-0.110398482685,2.505150000000,0.483850838389,0.875150482026
2024-01-12T14:22:00Z,fourier-demo,-0.041455717096,2.505300000000,0.485193715750,0.874406689245
2024-01-12T14:23:00Z,fourier-demo,0.086143104138,2.505450000000,0.486535449728,0.873660835884
2024-01-12T14:24:00Z,fourier-demo,0.268496226481,2.505600000000,0.487876037163,0.872912923700
2024-01-12T14:25:00Z,fourier-demo,0.499961491868,2.505750000000,0.489215474894,0.872162954455
2024-01-12T14:26:00Z,fourier-demo,0.773366430140,2.505900000000,0.490553759766,0.871410929917
2024-01-12T14:27:00Z,fourier-demo,1.080274640202,2.506050000000,0.491890888625,0.870656851858
2024-01-12T14:28:00Z,fourier-demo,1.411298037084,2.506200000000,0.493226858320,0.869900722055
2024-01-12T14:29:00Z,fourier-demo,1.756442753077,2.506350000000,0.494561665703,0.869142542289
2024-01-12T14:30:00Z,fourier-demo,2.105475182880,2.506500000000,0.495895307627,0.868382314349
2024-01-12T14:31:00Z,fourier-demo,2.448293906025,2.506650000000,0.497227780951,0.867620040024
2024-01-12T14:32:00Z,fourier-demo,2.775293034565,2.506800000000,0.498559082534,0.866855721111
2024-01-12T14:33:00Z,fourier-demo,3.077702926872,2.506950000000,0.499889209239,0.866089359412
2024-01-12T14:34:00Z,fourier-demo,3.347895162708,2.507100000000,0.501218157931,0.865320956732
2024-01-12T14:35:00Z,fourier-demo,3.579640150881,2.507250000000,0.502545925479,0.864550514883
2024-01-12T14:36:00Z,fourier-demo,3.768307678434,2.507400000000,0.503872508754,0.863778035679
2024-01-12T14:37:00Z,fourier-demo,3.911003030010,2.507550000000,0.505197904629,0.863003520942
2024-01-12T14:38:00Z,fourier-demo,4.006633913395,2.507700000000,0.506522109982,0.862226972496
2024-01-12T14:39:00Z,fourier-demo,4.055906215993,2.507850000000,0.507845121691,0.861448392171
2024-01-12T14:40:00Z,fourier-demo,4.061249473908,2.508000000000,0.509166936640,0.860667781803
2024-01-12T14:41:00Z,fourier-demo,4.026675744516,2.508150000000,0.510487551712,0.859885143230
2024-01-12T14:42:00Z,fourier-demo,3.957578221143,2.508300000000,0.511806963796,0.859100478297
2024-01-12T14:43:00Z,fourier-demo,3.860478307815,2.508450000000,0.513125169783,0.858313788853
2024-01-12T14:44:00Z,fourier-demo,3.742731887218,2.508600000000,0.514442166566,0.857525076752
2024-01-12T14:45:00Z,fourier-demo,3.612207085211,2.508750000000,0.515757951042,0.856734343853
2024-01-12T14:46:00Z,fourier-demo,3.476946898076,2.508900000000,0.517072520110,0.855941592018
2024-01-12T14:47:00Z,fourier-demo,3.344830562397,2.509050000000,0.518385870672,0.855146823117
2024-01-12T14:48:00Z,fourier-demo,3.223247493153,2.509200000000,0.519697999633,0.854350039022
2024-01-12T14:49:00Z,fourier-demo,3.118796997095,2.509350000000,0.521008903901,0.853551241611
2024-01-12T14:50:00Z,fourier-demo,3.037025813250,2.509500000000,0.522318580388,0.852750432766
2024-01-12T14:51:00Z,fourier-demo,2.982213889263,2.509650000000,0.523627026005,0.851947614374
2024-01-12T14:52:00Z,fourier-demo,2.957216740374,2.509800000000,0.524934237671,0.851142788327
2024-01-12T14:53:00Z,fourier-demo,2.963370342939,2.509950000000,0.526240212304,0.850335956522
2024-01-12T14:54:00Z,fourier-demo,3.000461886069,2.510100000000,0.527544946828,0.849527120860
2024-01-12T14:55:00Z,fourier-demo,3.066766951860,2.510250000000,0.528848438167,0.848716283247
2024-01-12T14:56:00Z,fourier-demo,3.159150930550,2.510400000000,0.530150683249,0.847903445594
2024-01-12T14:57:00Z,fourier-demo,3.273229815645,2.510550000000,0.531451679007,0.847088609817
2024-01-12T14:58:00Z,fourier-demo,3.403583075061,2.510700000000,0.532751422373,0.846271777835
2024-01-12T14:59:00Z,fourier-demo,3.544009158156,2.510850000000,0.534049910286,0.845452951573
2024-01-12T15:00:00Z,fourier-demo,3.687812462555,2.511000000000,0.535347139684,0.844632132962
2024-01-12T15:01:00Z,fourier-demo,3.828109319858,2.511150000000,0.536643107512,0.843809323935
2024-01-12T15:02:00Z,fourier-demo,3.958139816761,2.511300000000,0.537937810715,0.842984526432
2024-01-12T15:03:00Z,fourier-demo,4.071572077655,2.511450000000,0.539231246241,0.842157742396
2024-01-12T15:04:00Z,fourier-demo,4.162786003077,2.511600000000,0.540523411044,0.841328973775
2024-01-12T15:05:00Z,fourier-demo,4.227124369344,2.511750000000,0.541814302078,0.840498222522
2024-01-12T15:06:00Z,fourier-demo,4.261100609605,2.511900000000,0.543103916301,0.839665490596
2024-01-12T15:07:00Z,fourier-demo,4.262554455915,2.512050000000,0.544392250674,0.838830779959
2024-01-12T15:08:00Z,fourier-demo,4.230748848149,2.512200000000,0.545679302161,0.837994092576
2024-01-12T15:09:00Z,fourier-demo,4.166404015576,2.512350000000,0.546965067729,0.837155430422
2024-01-12T15:10:00Z,fourier-demo,4.071667306658,2.512500000000,0.548249544347,0.836314795471
2024-01-12T15:11:00Z,fourier-demo,3.950020070975,2.512650000000,0.549532728990,0.835472189704
2024-01-12T15:12:00Z,fourier-demo,3.806125570456,2.512800000000,0.550814618633,0.834627615108
2024-01-12T15:13:00Z,fourier-demo,3.645624404231,2.512950000000,0.552095210255,0.833781073672
2024-01-12T15:14:00Z,fourier-demo,3.474886167812,2.513100000000,0.553374500838,0.832932567392
2024-01-12T15:15:00Z,fourier-demo,3.300727939908,2.513250000000,0.554652487369,0.832082098266
2024-01-12T15:16:00Z,fourier-demo,3.130111620733,2.513400000000,0.555929166834,0.831229668300
2024-01-12T15:17:00Z,fourier-demo,2.969833074179,2.513550000000,0.557204536227,0.830375279502
2024-01-12T15:18:00Z,fourier-demo,2.826216413594,2.513700000000,0.558478592540,0.829518933885
2024-01-12T15:19:00Z,fourier-demo,2.704826600156,2.513850000000,0.559751332772,0.828660633468
2024-01-12T15:20:00Z,fourier-demo,2.610212800330,2.514000000000,0.561022753924,0.827800380273
2024-01-12T15:21:00Z,fourier-demo,2.545693703508,2.514150000000,0.562292852999,0.826938176327
2024-01-12T15:22:00Z,fourier-demo,2.513194283481,2.514300000000,0.563561627004,0.826074023662
2024-01-12T15:23:00Z,fourier-demo,2.513141368108,2.514450000000,0.564829072950,0.825207924314
2024-01-12T15:24:00Z,fourier-demo,2.544422947336,2.514600000000,0.566095187849,0.824339880325
2024-01-12T15:25:00Z,fourier-demo,2.604413500812,2.514750000000,0.567359968718,0.823469893740
2024-01-12T15:26:00Z,fourier-demo,2.689064871732,2.514900000000,0.568623412577,0.822597966609
2024-01-12T15:27:00Z,fourier-demo,2.793059467045,2.515050000000,0.569885516447,0.821724100988
2024-01-12T15:28:00Z,fourier-demo,2.910019939288,2.515200000000,0.571146277355,0.820848298934
2024-01-12T15:29:00Z,fourier-demo,3.032767110792,2.515350000000,0.572405692331,0.819970562513
2024-01-12T15:30:00Z,fourier-demo,3.153615836515,2.515500000000,0.573663758405,0.819090893792
2024-01-12T15:31:00Z,fourier-demo,3.264696853244,2.515650000000,0.574920472613,0.818209294845
2024-01-12T15:32:00Z,fourier-demo,3.358291499775,2.515800000000,0.576175831994,0.817325767749
2024-01-12T15:33:00Z,fourier-demo,3.427165564235,2.515950000000,0.577429833589,0.816440314586
2024-01-12T15:34:00Z,fourier-demo,3.464888448602,2.516100000000,0.578682474444,0.815552937443
2024-01-12T15:35:00Z,fourier-demo,3.466124341326,2.516250000000,0.579933751606,0.814663638410
2024-01-12T15:36:00Z,fourier-demo,3.426883138001,2.516400000000,0.581183662127,0.813772419585
2024-01-12T15:37:00Z,fourier-demo,3.344720406230,2.516550000000,0.582432203061,0.812879283066
2024-01-12T15:38:00Z,fourier-demo,3.218877692173,2.516700000000,0.583679371466,0.811984230959
2024-01-12T15:39:00Z,fourier-demo,3.050356832322,2.516850000000,0.584925164402,0.811087265372
2024-01-12T15:40:00Z,fourier-demo,2.841924569516,2.517000000000,0.586169578935,0.810188388420
2024-01-12T15:41:00Z,fourier-demo,2.598046570439,2.517150000000,0.587412612132,0.809287602221
2024-01-12T15:42:00Z,fourier-demo,2.324752789239,2.517300000000,0.588654261063,0.808384908897
2024-01-12T15:43:00Z,fourier-demo,2.029438902986,2.517450000000,0.589894522803,0.807480310576
2024-01-12T15:44:00Z,fourier-demo,1.720611145942,2.517600000000,0.591133394428,0.806573809389
2024-01-12T15:45:00Z,fourier-demo,1.407584185186,2.517750000000,0.592370873019,0.805665407473
2024-01-12T15:46:00Z,fourier-demo,1.100143615195,2.517900000000,0.593606955660,0.804755106968
2024-01-12T15:47:00Z,fourier-demo,0.808186124185,2.518050000000,0.594841639439,0.803842910020
2024-01-12T15:48:00Z,fourier-demo,0.541351339744,2.518200000000,0.596074921445,0.802928818778
2024-01-12T15:49:00Z,fourier-demo,0.308659755563,2.518350000000,0.597306798772,0.802012835397
2024-01-12T15:50:00Z,fourier-demo,0.118170958187,2.518500000000,0.598537268517,0.801094962034
2024-01-12T15:51:00Z,fourier-demo,-0.023324381229,2.518650000000,0.599766327782,0.800175200853
2024-01-12T15:52:00Z,fourier-demo,-0.110566580342,2.518800000000,0.600993973668,0.799253554021
2024-01-12T15:53:00Z,fourier-demo,-0.140032699421,2.518950000000,0.602220203284,0.798330023710
2024-01-12T15:54:00Z,fourier-demo,-0.110077794066,2.519100000000,0.603445013739,0.797404612097
2024-01-12T15:55:00Z,fourier-demo,-0.021006018624,2.519250000000,0.604668402147,0.796477321362
2024-01-12T15:56:00Z,fourier-demo,0.124931306668,2.519400000000,0.605890365626,0.795548153691
2024-01-12T15:57:00Z,fourier-demo,0.323610673594,2.519550000000,0.607110901296,0.794617111273
2024-01-12T15:58:00Z,fourier-demo,0.569181538514,2.519700000000,0.608330006280,0.793684196302
2024-01-12T15:59:00Z,fourier-demo,0.854276014878,2.519850000000,0.609547677705,0.792749410977
2024-01-12T16:00:00Z,fourier-demo,1.170274932920,2.520000000000,0.610763912703,0.791812757500
2024-01-12T16:01:00Z,fourier-demo,1.507619883874,2.520150000000,0.611978708407,0.790874238079
2024-01-12T16:02:00Z,fourier-demo,1.856159073270,2.520300000000,0.613192061953,0.789933854925
2024-01-12T16:03:00Z,fourier-demo,2.205513503784,2.520450000000,0.614403970484,0.788991610255
2024-01-12T16:04:00Z,fourier-demo,2.545449244911,2.520600000000,0.615614431143,0.788047506289
2024-01-12T16:05:00Z,fourier-demo,2.866241354211,2.520750000000,0.616823441077,0.787101545252
2024-01-12T16:06:00Z,fourier-demo,3.159015400113,2.520900000000,0.618030997437,0.786153729373
2024-01-12T16:07:00Z,fourier-demo,3.416053482462,2.521050000000,0.619237097379,0.785204060885
2024-01-12T16:08:00Z,fourier-demo,3.631053115051,2.521200000000,0.620441738058,0.784252542027
2024-01-12T16:09:00Z,fourier-demo,3.799329263836,2.521350000000,0.621644916638,0.783299175040
2024-01-12T16:10:00Z,fourier-demo,3.917952146283,2.521500000000,0.622846630281,0.782343962172
2024-01-12T16:11:00Z,fourier-demo,3.985815997095,2.521650000000,0.624046876158,0.781386905673
2024-01-12T16:12:00Z,fourier-demo,4.003636787273,2.521800000000,0.625245651438,0.780428007800
2024-01-12T16:13:00Z,fourier-demo,3.973879734072,2.521950000000,0.626442953297,0.779467270810
2024-01-12T16:14:00Z,fourier-demo,3.900620243115,2.522100000000,0.627638778914,0.778504696969
2024-01-12T16:15:00Z,fourier-demo,3.789344567149,2.522250000000,0.628833125470,0.777540288545
2024-01-12T16:16:00Z,fourier-demo,3.646698841833,2.522400000000,0.630025990152,0.776574047811
2024-01-12T16:17:00Z,fourier-demo,3.480197171887,2.522550000000,0.631217370147,0.775605977043
2024-01-12T16:18:00Z,fourier-demo,3.297901010085,2.522700000000,0.632407262649,0.774636078523
2024-01-12T16:19:00Z,fourier-demo,3.108083134682,2.522850000000,0.633595664853,0.773664354536
2024-01-12T16:20:00Z,fourier-demo,2.918890046222,2.523000000000,0.634782573959,0.772690807373
2024-01-12T16:21:00Z,fourier-demo,2.738016553151,2.523150000000,0.635967987169,0.771715439327
2024-01-12T16:22:00Z,fourier-demo,2.572405701416,2.523300000000,0.637151901692,0.770738252697
2024-01-12T16:23:00Z,fourier-demo,2.427986053300,2.523450000000,0.638334314735,0.769759249786
2024-01-12T16:24:00Z,fourier-demo,2.309456684229,2.523600000000,0.639515223514,0.768778432901
2024-01-12T16:25:00Z,fourier-demo,2.220128211883,2.523750000000,0.640694625244,0.767795804354
2024-01-12T16:26:00Z,fourier-demo,2.161825785614,2.523900000000,0.641872517148,0.766811366459
2024-01-12T16:27:00Z,fourier-demo,2.134857345090,2.524050000000,0.643048896448,0.765825121537
2024-01-12T16:28:00Z,fourier-demo,2.138047713917,2.524200000000,0.644223760373,0.764837071912
2024-01-12T16:29:00Z,fourier-demo,2.168836340209,2.524350000000,0.645397106155,0.763847219912
2024-01-12T16:30:00Z,fourier-demo,2.223433845415,2.524500000000,0.646568931028,0.762855567870
2024-01-12T16:31:00Z,fourier-demo,2.297030104469,2.524650000000,0.647739232230,0.761862118122
2024-01-12T16:32:00Z,fourier-demo,2.384044454722,2.524800000000,0.648908007005,0.760866873011
2024-01-12T16:33:00Z,fourier-demo,2.478406905481,2.524950000000,0.650075252596,0.759869834881
2024-01-12T16:34:00Z,fourier-demo,2.573857964956,2.525100000000,0.651240966255,0.758871006081
2024-01-12T16:35:00Z,fourier-demo,2.664253967989,2.525250000000,0.652405145234,0.757870388966
2024-01-12T16:36:00Z,fourier-demo,2.743864605710,2.525400000000,0.653567786789,0.756867985894
2024-01-12T16:37:00Z,fourier-demo,2.807649733854,2.525550000000,0.654728888181,0.755863799227
2024-01-12T16:38:00Z,fourier-demo,2.851503453462,2.525700000000,0.655888446673,0.754857831330
2024-01-12T16:39:00Z,fourier-demo,2.872454877352,2.525850000000,0.657046459533,0.753850084576
2024-01-12T16:40:00Z,fourier-demo,2.868816858536,2.526000000000,0.658202924032,0.752840561338
2024-01-12T16:41:00Z,fourier-demo,2.840276184765,2.526150000000,0.659357837444,0.751829263996
2024-01-12T16:42:00Z,fourier-demo,2.787921243749,2.526300000000,0.660511197049,0.750816194932
2024-01-12T16:43:00Z,fourier-demo,2.714205832076,2.526450000000,0.661663000128,0.749801356535
2024-01-12T16:44:00Z,fourier-demo,2.622850506304,2.526600000000,0.662813243966,0.748784751195
2024-01-12T16:45:00Z,fourier-demo,2.518685543588,2.526750000000,0.663961925854,0.747766381309
2024-01-12T16:46:00Z,fourier-demo,2.407442080333,2.526900000000,0.665109043084,0.746746249276
2024-01-12T16:47:00Z,fourier-demo,2.295500226418,2.527050000000,0.666254592954,0.745724357500
2024-01-12T16:48:00Z,fourier-demo,2.189604816328,2.527200000000,0.667398572762,0.744700708389
2024-01-12T16:49:00Z,fourier-demo,2.096560879141,2.527350000000,0.668540979815,0.743675304356
2024-01-12T16:50:00Z,fourier-demo,2.022921826765,2.527500000000,0.669681811419,0.742648147816
2024-01-12T16:51:00Z,fourier-demo,1.974683735182,2.527650000000,0.670821064886,0.741619241191
2024-01-12T16:52:00Z,fourier-demo,1.956998910087,2.527800000000,0.671958737531,0.740588586906
2024-01-12T16:53:00Z,fourier-demo,1.973921192442,2.527950000000,0.673094826674,0.739556187388
2024-01-12T16:54:00Z,fourier-demo,2.028194200609,2.528100000000,0.674229329638,0.738522045071
2024-01-12T16:55:00Z,fourier-demo,2.121091974512,2.528250000000,0.675362243748,0.737486162392
2024-01-12T16:56:00Z,fourier-demo,2.252319354424,2.528400000000,0.676493566334,0.736448541792
2024-01-12T16:57:00Z,fourier-demo,2.419976979476,2.528550000000,0.677623294732,0.735409185717
2024-01-12T16:58:00Z,fourier-demo,2.620593129315,2.528700000000,0.678751426279,0.734368096614
2024-01-12T16:59:00Z,fourier-demo,2.849221865711,2.528850000000,0.679877958315,0.733325276939
2024-01-12T17:00:00Z,fourier-demo,3.099604173315,2.529000000000,0.681002888187,0.732280729148
2024-01-12T17:01:00Z,fourier-demo,3.364386163900,2.529150000000,0.682126213243,0.731234455702
2024-01-12T17:02:00Z,fourier-demo,3.635386005202,2.529300000000,0.683247930837,0.730186459068
2024-01-12T17:03:00Z,fourier-demo,3.903899163660,2.529450000000,0.684368038325,0.729136741715
2024-01-12T17:04:00Z,fourier-demo,4.161029896090,2.529600000000,0.685486533067,0.728085306117
2024-01-12T17:05:00Z,fourier-demo,4.398035758020,2.529750000000,0.686603412428,0.727032154752
2024-01-12T17:06:00Z,fourier-demo,4.606671265550,2.529900000000,0.687718673775,0.725977290100
2024-01-12T17:07:00Z,fourier-demo,4.779516780795,2.530050000000,0.688832314480,0.724920714649
2024-01-12T17:08:00Z,fourier-demo,4.910279192801,2.530200000000,0.689944331920,0.723862430888
2024-01-12T17:09:00Z,fourier-demo,4.994052017733,2.530350000000,0.691054723473,0.722802441311
2024-01-12T17:10:00Z,fourier-demo,5.027524102764,2.530500000000,0.692163486523,0.721740748416
2024-01-12T17:11:00Z,fourier-demo,5.009128125531,2.530650000000,0.693270618457,0.720677354705
2024-01-12T17:12:00Z,fourier-demo,4.939122454741,2.530800000000,0.694376116666,0.719612262683
2024-01-12T17:13:00Z,fourier-demo,4.819602582020,2.530950000000,0.695479978545,0.718545474861
2024-01-12T17:14:00Z,fourier-demo,4.654441143561,2.531100000000,0.696582201493,0.717476993752
2024-01-12T17:15:00Z,fourier-demo,4.449158409008,2.531250000000,0.697682782911,0.716406821875
2024-01-12T17:16:00Z,fourier-demo,4.210727908336,2.531400000000,0.698781720207,0.715334961752
2024-01-12T17:17:00Z,fourier-demo,3.947324481791,2.531550000000,0.699879010791,0.714261415908
2024-01-12T17:18:00Z,fourier-demo,3.668024367083,2.531700000000,0.700974652077,0.713186186873
2024-01-12T17:19:00Z,fourier-demo,3.382468886885,2.531850000000,0.702068641483,0.712109277181
2024-01-12T17:20:00Z,fourier-demo,3.100504788874,2.532000000000,0.703160976431,0.711030689369
2024-01-12T17:21:00Z,fourier-demo,2.831815258970,2.532150000000,0.704251654346,0.709950425981
2024-01-12T17:22:00Z,fourier-demo,2.585556036261,2.532300000000,0.705340672660,0.708868489560
2024-01-12T17:23:00Z,fourier-demo,2.370010887933,2.532450000000,0.706428028805,0.707784882658
2024-01-12T17:24:00Z,fourier-demo,2.192279960843,2.532600000000,0.707513720219,0.706699607827
2024-01-12T17:25:00Z,fourier-demo,2.058013242288,2.532750000000,0.708597744343,0.705612667625
2024-01-12T17:26:00Z,fourier-demo,1.971199587594,2.532900000000,0.709680098623,0.704524064613
2024-01-12T17:27:00Z,fourier-demo,1.934019577637,2.533050000000,0.710760780508,0.703433801357
2024-01-12T17:28:00Z,fourier-demo,1.946767943596,2.533200000000,0.711839787452,0.702341880426
2024-01-12T17:29:00Z,fourier-demo,2.007848540935,2.533350000000,0.712917116912,0.701248304393
2024-01-12T17:30:00Z,fourier-demo,2.113841980849,2.533500000000,0.713992766349,0.700153075835
2024-01-12T17:31:00Z,fourier-demo,2.259643151005,2.533650000000,0.715066733228,0.699056197333
2024-01-12T17:32:00Z,fourier-demo,2.438663094340,2.533800000000,0.716139015019,0.697957671473
2024-01-12T17:33:00Z,fourier-demo,2.643087176124,2.533950000000,0.717209609194,0.696857500842
2024-01-12T17:34:00Z,fourier-demo,2.864179257645,2.534100000000,0.718278513231,0.695755688033
2024-01-12T17:35:00Z,fourier-demo,3.092619798508,2.534250000000,0.719345724610,0.694652235644
2024-01-12T17:36:00Z,fourier-demo,3.318864500549,2.534400000000,0.720411240818,0.693547146273
2024-01-12T17:37:00Z,fourier-demo,3.533509336787,2.534550000000,0.721475059342,0.692440422526
2024-01-12T17:38:00Z,fourier-demo,3.727647608921,2.534700000000,0.722537177676,0.691332067010
2024-01-12T17:39:00Z,fourier-demo,3.893205053473,2.534850000000,0.723597593317,0.690222082337
2024-01-12T17:40:00Z,fourier-demo,4.023239953530,2.535000000000,0.724656303766,0.689110471124
2024-01-12T17:41:00Z,fourier-demo,4.112196670925,2.535150000000,0.725713306528,0.687997235989
2024-01-12T17:42:00Z,fourier-demo,4.156102932508,2.535300000000,0.726768599112,0.686882379556
2024-01-12T17:43:00Z,fourier-demo,4.152703504970,2.535450000000,0.727822179032,0.685765904452
2024-01-12T17:44:00Z,fourier-demo,4.101525481318,2.535600000000,0.728874043805,0.684647813308
2024-01-12T17:45:00Z,fourier-demo,4.003873172864,2.535750000000,0.729924190951,0.683528108760
2024-01-12T17:46:00Z,fourier-demo,3.862753440351,2.535900000000,0.730972617996,0.682406793445
2024-01-12T17:47:00Z,fourier-demo,3.682735091294,2.536050000000,0.732019322470,0.681283870006
2024-01-12T17:48:00Z,fourier-demo,3.469748604090,2.536200000000,0.733064301906,0.680159341090
2024-01-12T17:49:00Z,fourier-demo,3.230834806488,2.536350000000,0.734107553841,0.679033209345
2024-01-12T17:50:00Z,fourier-demo,2.973853140943,2.536500000000,0.735149075817,0.677905477427
2024-01-12T17:51:00Z,fourier-demo,2.707161711608,2.536650000000,0.736188865379,0.676776147993
2024-01-12T17:52:00Z,fourier-demo,2.439282365064,2.536800000000,0.737226920077,0.675645223704
2024-01-12T17:53:00Z,fourier-demo,2.178564567696,2.536950000000,0.738263237465,0.674512707224
2024-01-12T17:54:00Z,fourier-demo,1.932861787872,2.537100000000,0.739297815101,0.673378601224
2024-01-12T17:55:00Z,fourier-demo,1.709233474899,2.537250000000,0.740330650547,0.672242908375
2024-01-12T17:56:00Z,fourier-demo,1.513684576285,2.537400000000,0.741361741368,0.671105631354
2024-01-12T17:57:00Z,fourier-demo,1.350952898953,2.537550000000,0.742391085136,0.669966772841
2024-01-12T17:58:00Z,fourier-demo,1.224352567768,2.537700000000,0.743418679424,0.668826335519
2024-01-12T17:59:00Z,fourier-demo,1.135679451530,2.537850000000,0.744444521810,0.667684322077
2024-01-12T18:00:00Z,fourier-demo,1.085181811889,2.538000000000,0.745468609878,0.666540735204
2024-01-12T18:01:00Z,fourier-demo,1.071596692774,2.538150000000,0.746490941214,0.665395577597
2024-01-12T18:02:00Z,fourier-demo,1.092249820356,2.538300000000,0.747511513408,0.664248851954
2024-01-12T18:03:00Z,fourier-demo,1.143214139880,2.538450000000,0.748530324056,0.663100560977
2024-01-12T18:04:00Z,fourier-demo,1.219519684931,2.538600000000,0.749547370758,0.661950707372
2024-01-12T18:05:00Z,fourier-demo,1.315405357080,2.538750000000,0.750562651115,0.660799293849
2024-01-12T18:06:00Z,fourier-demo,1.424601476345,2.538900000000,0.751576162736,0.659646323121
2024-01-12T18:07:00Z,fourier-demo,1.540630716145,2.539050000000,0.752587903232,0.658491797906
2024-01-12T18:08:00Z,fourier-demo,1.657114311105,2.539200000000,0.753597870219,0.657335720923
2024-01-12T18:09:00Z,fourier-demo,1.768070251666,2.539350000000,0.754606061317,0.656178094898
2024-01-12T18:10:00Z,fourier-demo,1.868190562405,2.539500000000,0.755612474150,0.655018922558
2024-01-12T18:11:00Z,fourier-demo,1.953085684763,2.539650000000,0.756617106347,0.653858206634
2024-01-12T18:12:00Z,fourier-demo,2.019485410503,2.539800000000,0.757619955540,0.652695949863
2024-01-12T18:13:00Z,fourier-demo,2.065387680148,2.539950000000,0.758621019365,0.651532154984
2024-01-12T18:14:00Z,fourier-demo,2.090148792790,2.540100000000,0.759620295464,0.650366824737
2024-01-12T18:15:00Z,fourier-demo,2.094511077069,2.540250000000,0.760617781482,0.649199961871
2024-01-12T18:16:00Z,fourier-demo,2.080566743475,2.540400000000,0.761613475068,0.648031569134
2024-01-12T18:17:00Z,fourier-demo,2.051659364273,2.540550000000,0.762607373876,0.646861649280
2024-01-12T18:18:00Z,fourier-demo,2.012227095724,2.540700000000,0.763599475564,0.645690205066
2024-01-12T18:19:00Z,fourier-demo,1.967594256644,2.540850000000,0.764589777793,0.644517239253
2024-01-12T18:20:00Z,fourier-demo,1.923720103467,2.541000000000,0.765578278231,0.643342754604
2024-01-12T18:21:00Z,fourier-demo,1.886915501721,2.541150000000,0.766564974547,0.642166753888
2024-01-12T18:22:00Z,fourier-demo,1.863539609266,2.541300000000,0.767549864416,0.640989239875
2024-01-12T18:23:00Z,fourier-demo,1.859689598024,2.541450000000,0.768532945518,0.639810215341
2024-01-12T18:24:00Z,fourier-demo,1.880896809367,2.541600000000,0.769514215535,0.638629683063
2024-01-12T18:25:00Z,fourier-demo,1.931842547221,2.541750000000,0.770493672156,0.637447645825
2024-01-12T18:26:00Z,fourier-demo,2.016105968966,2.541900000000,0.771471313072,0.636264106411
2024-01-12T18:27:00Z,fourier-demo,2.135955266602,2.542050000000,0.772447135979,0.635079067611
2024-01-12T18:28:00Z,fourier-demo,2.292191590700,2.542200000000,0.773421138579,0.633892532217
2024-01-12T18:29:00Z,fourier-demo,2.484053027794,2.542350000000,0.774393318574,0.632704503025
2024-01-12T18:30:00Z,fourier-demo,2.709183485636,2.542500000000,0.775363673675,0.631514982835
2024-01-12T18:31:00Z,fourier-demo,2.963668670591,2.542650000000,0.776332201595,0.630323974450
2024-01-12T18:32:00Z,fourier-demo,3.242138566803,2.542800000000,0.777298900052,0.629131480676
2024-01-12T18:33:00Z,fourier-demo,3.537933061875,2.542950000000,0.778263766767,0.627937504325
2024-01-12T18:34:00Z,fourier-demo,3.843324722369,2.543100000000,0.779226799466,0.626742048209
2024-01-12T18:35:00Z,fourier-demo,4.149790313705,2.543250000000,0.780187995881,0.625545115146
2024-01-12T18:36:00Z,fourier-demo,4.448320582714,2.543400000000,0.781147353746,0.624346707957
2024-01-12T18:37:00Z,fourier-demo,4.729756163611,2.543550000000,0.782104870800,0.623146829464
2024-01-12T18:38:00Z,fourier-demo,4.985136298833,2.543700000000,0.783060544787,0.621945482497
2024-01-12T18:39:00Z,fourier-demo,5.206046434751,2.543850000000,0.784014373454,0.620742669886
2024-01-12T18:40:00Z,fourier-demo,5.384950686202,2.544000000000,0.784966354555,0.619538394465
2024-01-12T18:41:00Z,fourier-demo,5.515495667886,2.544150000000,0.785916485845,0.618332659073
2024-01-12T18:42:00Z,fourier-demo,5.592773246137,2.544300000000,0.786864765086,0.617125466551
2024-01-12T18:43:00Z,fourier-demo,5.613531330242,2.544450000000,0.787811190043,0.615916819743
2024-01-12T18:44:00Z,fourier-demo,5.576323836236,2.544600000000,0.788755758486,0.614706721498
2024-01-12T18:45:00Z,fourier-demo,5.481593337329,2.544750000000,0.789698468188,0.613495174668
2024-01-12T18:46:00Z,fourier-demo,5.331682568337,2.544900000000,0.790639316929,0.612282182107
2024-01-12T18:47:00Z,fourier-demo,5.130773769590,2.545050000000,0.791578302491,0.611067746675
2024-01-12T18:48:00Z,fourier-demo,4.884757725215,2.545200000000,0.792515422661,0.609851871232
2024-01-12T18:49:00Z,fourier-demo,4.601037155143,2.545350000000,0.793450675230,0.608634558644
2024-01-12T18:50:00Z,fourier-demo,4.288271746277,2.545500000000,0.794384057996,0.607415811781
2024-01-12T18:51:00Z,fourier-demo,3.956074449291,2.545650000000,0.795315568758,0.606195633513
2024-01-12T18:52:00Z,fourier-demo,3.614670628563,2.545800000000,0.796245205322,0.604974026717
2024-01-12T18:53:00Z,fourier-demo,3.274533153888,2.545950000000,0.797172965496,0.603750994271
2024-01-12T18:54:00Z,fourier-demo,2.946007502828,2.546100000000,0.798098847094,0.602526539057
2024-01-12T18:55:00Z,fourier-demo,2.638941361466,2.546250000000,0.799022847934,0.601300663960
2024-01-12T18:56:00Z,fourier-demo,2.362333051819,2.546400000000,0.799944965840,0.600073371870
2024-01-12T18:57:00Z,fourier-demo,2.124012382016,2.546550000000,0.800865198637,0.598844665679
2024-01-12T18:58:00Z,fourier-demo,1.930366239839,2.546700000000,0.801783544157,0.597614548282
2024-01-12T18:59:00Z,fourier-demo,1.786119482706,2.546850000000,0.802700000237,0.596383022579
2024-01-12T19:00:00Z,fourier-demo,1.694179488605,2.547000000000,0.803614564716,0.595150091470
2024-01-12T19:01:00Z,fourier-demo,1.655550211241,2.547150000000,0.804527235439,0.593915757862
2024-01-12T19:02:00Z,fourier-demo,1.669318830343,2.547300000000,0.805438010256,0.592680024663
2024-01-12T19:03:00Z,fourier-demo,1.732715215612,2.547450000000,0.806346887020,0.591442894786
2024-01-12T19:04:00Z,fourier-demo,1.841241546120,2.547600000000,0.807253863589,0.590204371146
2024-01-12T19:05:00Z,fourier-demo,1.988866661862,2.547750000000,0.808158937827,0.588964456661
2024-01-12T19:06:00Z,fourier-demo,2.168277181931,2.547900000000,0.809062107600,0.587723154254
2024-01-12T19:07:00Z,fourier-demo,2.371175206647,2.548050000000,0.809963370779,0.586480466849
2024-01-12T19:08:00Z,fourier-demo,2.588610617763,2.548200000000,0.810862725242,0.585236397376
2024-01-12T19:09:00Z,fourier-demo,2.811334673518,2.548350000000,0.811760168868,0.583990948765
2024-01-12T19:10:00Z,fourier-demo,3.030160816141,2.548500000000,0.812655699543,0.582744123951
2024-01-12T19:11:00Z,fourier-demo,3.236318398560,2.548650000000,0.813549315157,0.581495925874
2024-01-12T19:12:00Z,fourier-demo,3.421785401875,2.548800000000,0.814441013603,0.580246357474
2024-01-12T19:13:00Z,fourier-demo,3.579587139187,2.548950000000,0.815330792780,0.578995421696
2024-01-12T19:14:00Z,fourier-demo,3.704049385925,2.549100000000,0.816218650592,0.577743121488
2024-01-12T19:15:00Z,fourier-demo,3.790996281776,2.549250000000,0.817104584945,0.576489459801
2024-01-12T19:16:00Z,fourier-demo,3.837885636044,2.549400000000,0.817988593754,0.575234439589
2024-01-12T19:17:00Z,fourier-demo,3.843876842870,2.549550000000,0.818870674933,0.573978063810
2024-01-12T19:18:00Z,fourier-demo,3.809829369566,2.549700000000,0.819750826405,0.572720335424
2024-01-12T19:19:00Z,fourier-demo,3.738232607706,2.549850000000,0.820629046095,0.571461257396
2024-01-12T19:20:00Z,fourier-demo,3.633070657195,2.550000000000,0.821505331934,0.570200832693
2024-01-12T19:21:00Z,fourier-demo,3.499628235090,2.550150000000,0.822379681857,0.568939064284
2024-01-12T19:22:00Z,fourier-demo,3.344246257014,2.550300000000,0.823252093803,0.567675955144
2024-01-12T19:23:00Z,fourier-demo,3.174037634143,2.550450000000,0.824122565717,0.566411508248
2024-01-12T19:24:00Z,fourier-demo,2.996575382666,2.550600000000,0.824991095547,0.565145726577
2024-01-12T19:25:00Z,fourier-demo,2.819566192893,2.550750000000,0.825857681247,0.563878613113
2024-01-12T19:26:00Z,fourier-demo,2.650523110742,2.550900000000,0.826722320773,0.562610170842
2024-01-12T19:27:00Z,fourier-demo,2.496450925798,2.551050000000,0.827585012090,0.561340402754
2024-01-12T19:28:00Z,fourier-demo,2.363557242028,2.551200000000,0.828445753163,0.560069311841
2024-01-12T19:29:00Z,fourier-demo,2.257001056422,2.551350000000,0.829304541965,0.558796901098
2024-01-12T19:30:00Z,fourier-demo,2.180689036504,2.551500000000,0.830161376471,0.557523173523
2024-01-12T19:31:00Z,fourier-demo,2.137127638425,2.551650000000,0.831016254663,0.556248132119
2024-01-12T19:32:00Z,fourier-demo,2.127336828972,2.551800000000,0.831869174525,0.554971779890
2024-01-12T19:33:00Z,fourier-demo,2.150828566420,2.551950000000,0.832720134049,0.553694119844
2024-01-12T19:34:00Z,fourier-demo,2.205650465024,2.552100000000,0.833569131228,0.552415154991
2024-01-12T19:35:00Z,fourier-demo,2.288492329460,2.552250000000,0.834416164062,0.551134888346
2024-01-12T19:36:00Z,fourier-demo,2.394850611964,2.552400000000,0.835261230555,0.549853322925
2024-01-12T19:37:00Z,fourier-demo,2.519243425352,2.552550000000,0.836104328715,0.548570461749
2024-01-12T19:38:00Z,fourier-demo,2.655466639352,2.552700000000,0.836945456556,0.547286307841
2024-01-12T19:39:00Z,fourier-demo,2.796879882768,2.552850000000,0.837784612096,0.546000864226
2024-01-12T19:40:00Z,fourier-demo,2.936710040033,2.553000000000,0.838621793356,0.544714133935
2024-01-12T19:41:00Z,fourier-demo,3.068359118475,2.553150000000,0.839456998364,0.543426119999
2024-01-12T19:42:00Z,fourier-demo,3.185703201255,2.553300000000,0.840290225152,0.542136825454
2024-01-12T19:43:00Z,fourier-demo,3.283369596551,2.553450000000,0.841121471757,0.540846253338
2024-01-12T19:44:00Z,fourier-demo,3.356980229700,2.553600000000,0.841950736219,0.539554406692
2024-01-12T19:45:00Z,fourier-demo,3.403350762228,2.553750000000,0.842778016584,0.538261288560
2024-01-12T19:46:00Z,fourier-demo,3.420636800429,2.553900000000,0.843603310903,0.536966901990
2024-01-12T19:47:00Z,fourier-demo,3.408420798115,2.554050000000,0.844426617231,0.535671250033
2024-01-12T19:48:00Z,fourier-demo,3.367735770161,2.554200000000,0.845247933628,0.534374335740
2024-01-12T19:49:00Z,fourier-demo,3.301024611288,2.554350000000,0.846067258158,0.533076162170
2024-01-12T19:50:00Z,fourier-demo,3.212036546653,2.554500000000,0.846884588890,0.531776732380
2024-01-12T19:51:00Z,fourier-demo,3.105664913776,2.554650000000,0.847699923899,0.530476049433
2024-01-12T19:52:00Z,fourier-demo,2.987732977806,2.554800000000,0.848513261263,0.529174116394
2024-01-12T19:53:00Z,fourier-demo,2.864736709823,2.554950000000,0.849324599065,0.527870936331
2024-01-12T19:54:00Z,fourier-demo,2.743555317678,2.555100000000,0.850133935393,0.526566512316
2024-01-12T19:55:00Z,fourier-demo,2.631141732913,2.555250000000,0.850941268341,0.525260847421
2024-01-12T19:56:00Z,fourier-demo,2.534206165816,2.555400000000,0.851746596006,0.523953944725
2024-01-12T19:57:00Z,fourier-demo,2.458906204932,2.555550000000,0.852549916489,0.522645807306
2024-01-12T19:58:00Z,fourier-demo,2.410556740809,2.555700000000,0.853351227898,0.521336438248
2024-01-12T19:59:00Z,fourier-demo,2.393372243204,2.555850000000,0.854150528344,0.520025840636
2024-01-12T20:00:00Z,fourier-demo,2.410252645876,2.556000000000,0.854947815945,0.518714017558
2024-01-12T20:01:00Z,fourier-demo,2.462622344711,2.556150000000,0.855743088820,0.517400972106
2024-01-12T20:02:00Z,fourier-demo,2.550329664131,2.556300000000,0.856536345096,0.516086707375
2024-01-12T20:03:00Z,fourier-demo,2.671611680974,2.556450000000,0.857327582904,0.514771226460
2024-01-12T20:04:00Z,fourier-demo,2.823126615107,2.556600000000,0.858116800379,0.513454532463
2024-01-12T20:05:00Z,fourier-demo,3.000053211570,2.556750000000,0.858903995661,0.512136628486
2024-01-12T20:06:00Z,fourier-demo,3.196253764309,2.556900000000,0.859689166896,0.510817517635
2024-01-12T20:07:00Z,fourier-demo,3.404494780655,2.557050000000,0.860472312232,0.509497203018
2024-01-12T20:08:00Z,fourier-demo,3.616716867884,2.557200000000,0.861253429824,0.508175687747
2024-01-12T20:09:00Z,fourier-demo,3.824343338439,2.557350000000,0.862032517832,0.506852974935
2024-01-12T20:10:00Z,fourier-demo,4.018615365154,2.557500000000,0.862809574419,0.505529067701
2024-01-12T20:11:00Z,fourier-demo,4.190940341780,2.557650000000,0.863584597755,0.504203969164
2024-01-12T20:12:00Z,fourier-demo,4.333239466815,2.557800000000,0.864357586013,0.502877682446
2024-01-12T20:13:00Z,fourier-demo,4.438280497962,2.557950000000,0.865128537371,0.501550210673
2024-01-12T20:14:00Z,fourier-demo,4.499982125078,2.558100000000,0.865897450013,0.500221556973
2024-01-12T20:15:00Z,fourier-demo,4.513677462742,2.558250000000,0.866664322127,0.498891724478
2024-01-12T20:16:00Z,fourier-demo,4.476325728172,2.558400000000,0.867429151905,0.497560716320
2024-01-12T20:17:00Z,fourier-demo,4.386663184231,2.558550000000,0.868191937546,0.496228535637
2024-01-12T20:18:00Z,fourier-demo,4.245286809987,2.558700000000,0.868952677251,0.494895185568
2024-01-12T20:19:00Z,fourier-demo,4.054666817121,2.558850000000,0.869711369228,0.493560669256
2024-01-12T20:20:00Z,fourier-demo,3.819086952379,2.559000000000,0.870468011689,0.492224989844
2024-01-12T20:21:00Z,fourier-demo,3.544514400443,2.559150000000,0.871222602851,0.490888150480
2024-01-12T20:22:00Z,fourier-demo,3.238403911753,2.559300000000,0.871975140935,0.489550154316
2024-01-12T20:23:00Z,fourier-demo,2.909443412321,2.559450000000,0.872725624169,0.488211004504
2024-01-12T20:24:00Z,fourier-demo,2.567250700742,2.559600000000,0.873474050784,0.486870704199
2024-01-12T20:25:00Z,fourier-demo,2.222032806139,2.559750000000,0.874220419016,0.485529256560
2024-01-12T20:26:00Z,fourier-demo,1.884221089824,2.559900000000,0.874964727106,0.484186664749
2024-01-12T20:27:00Z,fourier-demo,1.564096161602,2.560050000000,0.875706973300,0.482842931928
2024-01-12T20:28:00Z,fourier-demo,1.271417108556,2.560200000000,0.876447155850,0.481498061266
2024-01-12T20:29:00Z,fourier-demo,1.015069382310,2.560350000000,0.877185273010,0.480152055931
2024-01-12T20:30:00Z,fourier-demo,0.802744965949,2.560500000000,0.877921323042,0.478804919094
2024-01-12T20:31:00Z,fourier-demo,0.640667173095,2.560650000000,0.878655304210,0.477456653932
2024-01-12T20:32:00Z,fourier-demo,0.533370670132,2.560800000000,0.879387214786,0.476107263620
2024-01-12T20:33:00Z,fourier-demo,0.483545129284,2.560950000000,0.880117053044,0.474756751338
2024-01-12T20:34:00Z,fourier-demo,0.491948403230,2.561100000000,0.880844817265,0.473405120270
2024-01-12T20:35:00Z,fourier-demo,0.557392362857,2.561250000000,0.881570505733,0.472052373601
2024-01-12T20:36:00Z,fourier-demo,0.676801669308,2.561400000000,0.882294116738,0.470698514517
2024-01-12T20:37:00Z,fourier-demo,0.845342875661,2.561550000000,0.883015648576,0.469343546211
2024-01-12T20:38:00Z,fourier-demo,1.056618488026,2.561700000000,0.883735099546,0.467987471874
2024-01-12T20:39:00Z,fourier-demo,1.302918071962,2.561850000000,0.884452467952,0.466630294702
2024-01-12T20:40:00Z,fourier-demo,1.575516270047,2.562000000000,0.885167752104,0.465272017894
2024-01-12T20:41:00Z,fourier-demo,1.865005789049,2.562150000000,0.885880950316,0.463912644651
2024-01-12T20:42:00Z,fourier-demo,2.161652092533,2.562300000000,0.886592060908,0.462552178175
2024-01-12T20:43:00Z,fourier-demo,2.455755749187,2.562450000000,0.887301082204,0.461190621674
2024-01-12T20:44:00Z,fourier-demo,2.738008169010,2.562600000000,0.888008012533,0.459827978355
2024-01-12T20:45:00Z,fourier-demo,2.999826816077,2.562750000000,0.888712850229,0.458464251429
2024-01-12T20:46:00Z,fourier-demo,3.233656901844,2.562900000000,0.889415593631,0.457099444111
2024-01-12T20:47:00Z,fourier-demo,3.433227998093,2.563050000000,0.890116241083,0.455733559616
2024-01-12T20:48:00Z,fourier-demo,3.593755903803,2.563200000000,0.890814790934,0.454366601164
2024-01-12T20:49:00Z,fourier-demo,3.712082377060,2.563350000000,0.891511241538,0.452998571975
2024-01-12T20:50:00Z,fourier-demo,3.786747907771,2.563500000000,0.892205591253,0.451629475274
2024-01-12T20:51:00Z,fourier-demo,3.817995454038,2.563650000000,0.892897838444,0.450259314286
2024-01-12T20:52:00Z,fourier-demo,3.807705882087,2.563800000000,0.893587981479,0.448888092241
2024-01-12T20:53:00Z,fourier-demo,3.759268621434,2.563950000000,0.894276018732,0.447515812371
2024-01-12T20:54:00Z,fourier-demo,3.677393660472,2.564100000000,0.894961948580,0.446142477907
2024-01-12T20:55:00Z,fourier-demo,3.567873356591,2.564250000000,0.895645769409,0.444768092089
2024-01-12T20:56:00Z,fourier-demo,3.437304524019,2.564400000000,0.896327479606,0.443392658152
2024-01-12T20:57:00Z,fourier-demo,3.292782811548,2.564550000000,0.897007077565,0.442016179341
2024-01-12T20:58:00Z,fourier-demo,3.141582429085,2.564700000000,0.897684561684,0.440638658897
2024-01-12T20:59:00Z,fourier-demo,2.990834785232,2.564850000000,0.898359930367,0.439260100067
2024-01-12T21:00:00Z,fourier-demo,2.847219538963,2.565000000000,0.899033182022,0.437880506100
2024-01-12T21:01:00Z,fourier-demo,2.716680951021,2.565150000000,0.899704315064,0.436499880247
2024-01-12T21:02:00Z,fourier-demo,2.604181272306,2.565300000000,0.900373327909,0.435118225762
2024-01-12T21:03:00Z,fourier-demo,2.513501275922,2.565450000000,0.901040218982,0.433735545899
2024-01-12T21:04:00Z,fourier-demo,2.447095995728,2.565600000000,0.901704986711,0.432351843919
2024-01-12T21:05:00Z,fourier-demo,2.406011362596,2.565750000000,0.902367629530,0.430967123081
2024-01-12T21:06:00Z,fourier-demo,2.389864829227,2.565900000000,0.903028145877,0.429581386648
2024-01-12T21:07:00Z,fourier-demo,2.396890353621,2.566050000000,0.903686534195,0.428194637887
2024-01-12T21:08:00Z,fourier-demo,2.424045383154,2.566200000000,0.904342792933,0.426806880064
2024-01-12T21:09:00Z,fourier-demo,2.467174859040,2.566350000000,0.904996920545,0.425418116451
2024-01-12T21:10:00Z,fourier-demo,2.521224853453,2.566500000000,0.905648915488,0.424028350320
2024-01-12T21:11:00Z,fourier-demo,2.580496358563,2.566650000000,0.906298776227,0.422637584947
2024-01-12T21:12:00Z,fourier-demo,2.638928054818,2.566800000000,0.906946501230,0.421245823607
2024-01-12T21:13:00Z,fourier-demo,2.690395665140,2.566950000000,0.907592088971,0.419853069582
2024-01-12T21:14:00Z,fourier-demo,2.729014802611,2.567100000000,0.908235537928,0.418459326154
2024-01-12T21:15:00Z,fourier-demo,2.749434070795,2.567250000000,0.908876846585,0.417064596606
2024-01-12T21:16:00Z,fourier-demo,2.747105583961,2.567400000000,0.909516013430,0.415668884226
2024-01-12T21:17:00Z,fourier-demo,2.718521022347,2.567550000000,0.910153036959,0.414272192302
2024-01-12T21:18:00Z,fourier-demo,2.661402785797,2.567700000000,0.910787915668,0.412874524127
2024-01-12T21:19:00Z,fourier-demo,2.574841697712,2.567850000000,0.911420648063,0.411475882993
2024-01-12T21:20:00Z,fourier-demo,2.459374961833,2.568000000000,0.912051232652,0.410076272196
2024-01-12T21:21:00Z,fourier-demo,2.317000593746,2.568150000000,0.912679667949,0.408675695036
2024-01-12T21:22:00Z,fourier-demo,2.151127232572,2.568300000000,0.913305952473,0.407274154812
2024-01-12T21:23:00Z,fourier-demo,1.966460974678,2.568450000000,0.913930084748,0.405871654827
2024-01-12T21:24:00Z,fourier-demo,1.768833546746,2.568600000000,0.914552063304,0.404468198386
2024-01-12T21:25:00Z,fourier-demo,1.564978638845,2.568750000000,0.915171886675,0.403063788797
2024-01-12T21:26:00Z,fourier-demo,1.362265444931,2.568900000000,0.915789553400,0.401658429369
2024-01-12T21:27:00Z,fourier-demo,1.168400315366,2.569050000000,0.916405062024,0.400252123414
2024-01-12T21:28:00Z,fourier-demo,0.991108835736,2.569200000000,0.917018411095,0.398844874246
2024-01-12T21:29:00Z,fourier-demo,0.837811548793,2.569350000000,0.917629599170,0.397436685181
2024-01-12T21:30:00Z,fourier-demo,0.715306893069,2.569500000000,0.918238624807,0.396027559538
2024-01-12T21:31:00Z,fourier-demo,0.629474726222,2.569650000000,0.918845486571,0.394617500637
2024-01-12T21:32:00Z,fourier-demo,0.585013040336,2.569800000000,0.919450183032,0.393206511801
2024-01-12T21:33:00Z,fourier-demo,0.585219189941,2.569950000000,0.920052712765,0.391794596355
2024-01-12T21:34:00Z,fourier-demo,0.631825192758,2.570100000000,0.920653074351,0.390381757627
2024-01-12T21:35:00Z,fourier-demo,0.724894499254,2.570250000000,0.921251266374,0.388967998946
2024-01-12T21:36:00Z,fourier-demo,0.862785147681,2.570400000000,0.921847287425,0.387553323644
2024-01-12T21:37:00Z,fourier-demo,1.042181527287,2.570550000000,0.922441136099,0.386137735053
2024-01-12T21:38:00Z,fourier-demo,1.258194173773,2.570700000000,0.923032810997,0.384721236511
2024-01-12T21:39:00Z,fourier-demo,1.504524232287,2.570850000000,0.923622310725,0.383303831355
2024-01-12T21:40:00Z,fourier-demo,1.773686558554,2.571000000000,0.924209633893,0.381885522925
2024-01-12T21:41:00Z,fourier-demo,2.057282997745,2.571150000000,0.924794779117,0.380466314565
2024-01-12T21:42:00Z,fourier-demo,2.346315283353,2.571300000000,0.925377745018,0.379046209617
2024-01-12T21:43:00Z,fourier-demo,2.631525321601,2.571450000000,0.925958530223,0.377625211429
2024-01-12T21:44:00Z,fourier-demo,2.903749440313,2.571600000000,0.926537133363,0.376203323349
2024-01-12T21:45:00Z,fourier-demo,3.154272534657,2.571750000000,0.927113553075,0.374780548728
2024-01-12T21:46:00Z,fourier-demo,3.375167963607,2.571900000000,0.927687787999,0.373356890920
2024-01-12T21:47:00Z,fourier-demo,3.559609545174,2.572050000000,0.928259836784,0.371932353278
2024-01-12T21:48:00Z,fourier-demo,3.702143046863,2.572200000000,0.928829698080,0.370506939159
2024-01-12T21:49:00Z,fourier-demo,3.798906129307,2.572350000000,0.929397370545,0.369080651924
2024-01-12T21:50:00Z,fourier-demo,3.847787713512,2.572500000000,0.929962852841,0.367653494933
2024-01-12T21:51:00Z,fourier-demo,3.848520125058,2.572650000000,0.930526143635,0.366225471549
2024-01-12T21:52:00Z,fourier-demo,3.802700026243,2.572800000000,0.931087241601,0.364796585137
2024-01-12T21:53:00Z,fourier-demo,3.713736972496,2.572950000000,0.931646145416,0.363366839065
2024-01-12T21:54:00Z,fourier-demo,3.586731308472,2.573100000000,0.932202853762,0.361936236702
2024-01-12T21:55:00Z,fourier-demo,3.428285935761,2.573250000000,0.932757365328,0.360504781418
2024-01-12T21:56:00Z,fourier-demo,3.246259124292,2.573400000000,0.933309678808,0.359072476589
2024-01-12T21:57:00Z,fourier-demo,3.049467896460,2.573550000000,0.933859792899,0.357639325588
2024-01-12T21:58:00Z,fourier-demo,2.847353491297,2.573700000000,0.934407706305,0.356205331793
2024-01-12T21:59:00Z,fourier-demo,2.649621935637,2.573850000000,0.934953417736,0.354770498583
2024-01-12T22:00:00Z,fourier-demo,2.465873748551,2.574000000000,0.935496925904,0.353334829340
2024-01-12T22:01:00Z,fourier-demo,2.305237243836,2.574150000000,0.936038229529,0.351898327446
2024-01-12T22:02:00Z,fourier-demo,2.176019755343,2.574300000000,0.936577327337,0.350460996288
2024-01-12T22:03:00Z,fourier-demo,2.085390396928,2.574450000000,0.937114218055,0.349022839251
2024-01-12T22:04:00Z,fourier-demo,2.039106711797,2.574600000000,0.937648900420,0.347583859726
2024-01-12T22:05:00Z,fourier-demo,2.041295815747,2.574750000000,0.938181373170,0.346144061103
2024-01-12T22:06:00Z,fourier-demo,2.094298466239,2.574900000000,0.938711635052,0.344703446775
2024-01-12T22:07:00Z,fourier-demo,2.198581982182,2.575050000000,0.939239684815,0.343262020137
2024-01-12T22:08:00Z,fourier-demo,2.352725199222,2.575200000000,0.939765521216,0.341819784586
2024-01-12T22:09:00Z,fourier-demo,2.553475783005,2.575350000000,0.940289143014,0.340376743520
2024-01-12T22:10:00Z,fourier-demo,2.795877353830,2.575500000000,0.940810548977,0.338932900341
2024-01-12T22:11:00Z,fourier-demo,3.073461116223,2.575650000000,0.941329737875,0.337488258450
2024-01-12T22:12:00Z,fourier-demo,3.378494147352,2.575800000000,0.941846708485,0.336042821252
2024-01-12T22:13:00Z,fourier-demo,3.702274281031,2.575950000000,0.942361459589,0.334596592153
2024-01-12T22:14:00Z,fourier-demo,4.035459718194,2.576100000000,0.942873989974,0.333149574562
2024-01-12T22:15:00Z,fourier-demo,4.368420172254,2.576250000000,0.943384298431,0.331701771888
2024-01-12T22:16:00Z,fourier-demo,4.691595570931,2.576400000000,0.943892383759,0.330253187543
2024-01-12T22:17:00Z,fourier-demo,4.995848115455,2.576550000000,0.944398244759,0.328803824940
2024-01-12T22:18:00Z,fourier-demo,5.272793850870,2.576700000000,0.944901880241,0.327353687496
2024-01-12T22:19:00Z,fourier-demo,5.515100811464,2.576850000000,0.945403289016,0.325902778628
2024-01-12T22:20:00Z,fourier-demo,5.716742234579,2.577000000000,0.945902469904,0.324451101754
2024-01-12T22:21:00Z,fourier-demo,5.873195224445,2.577150000000,0.946399421728,0.322998660296
2024-01-12T22:22:00Z,fourier-demo,5.981577516979,2.577300000000,0.946894143317,0.321545457676
2024-01-12T22:23:00Z,fourier-demo,6.040717553068,2.577450000000,0.947386633505,0.320091497319
2024-01-12T22:24:00Z,fourier-demo,6.051155806473,2.577600000000,0.947876891132,0.318636782651
2024-01-12T22:25:00Z,fourier-demo,6.015078120840,2.577750000000,0.948364915042,0.317181317101
2024-01-12T22:26:00Z,fourier-demo,5.936184573427,2.577900000000,0.948850704085,0.315725104098
2024-01-12T22:27:00Z,fourier-demo,5.819499988046,2.578050000000,0.949334257117,0.314268147073
2024-01-12T22:28:00Z,fourier-demo,5.671134560456,2.578200000000,0.949815572997,0.312810449461
2024-01-12T22:29:00Z,fourier-demo,5.498005040778,2.578350000000,0.950294650592,0.311352014697
2024-01-12T22:30:00Z,fourier-demo,5.307528459358,2.578500000000,0.950771488773,0.309892846216
2024-01-12T22:31:00Z,fourier-demo,5.107301423010,2.578650000000,0.951246086416,0.308432947459
2024-01-12T22:32:00Z,fourier-demo,4.904778506424,2.578800000000,0.951718442403,0.306972321864
2024-01-12T22:33:00Z,fourier-demo,4.706963200004,2.578950000000,0.952188555620,0.305510972875
2024-01-12T22:34:00Z,fourier-demo,4.520124254733,2.579100000000,0.952656424959,0.304048903935
2024-01-12T22:35:00Z,fourier-demo,4.349549114139,2.579250000000,0.953122049319,0.302586118489
2024-01-12T22:36:00Z,fourier-demo,4.199344492000,2.579400000000,0.953585427601,0.301122619985
2024-01-12T22:37:00Z,fourier-demo,4.072292110896,2.579550000000,0.954046558715,0.299658411871
2024-01-12T22:38:00Z,fourier-demo,3.969765246608,2.579700000000,0.954505441572,0.298193497597
2024-01-12T22:39:00Z,fourier-demo,3.891709125752,2.579850000000,0.954962075092,0.296727880617
2024-01-12T22:40:00Z,fourier-demo,3.836685507070,2.580000000000,0.955416458199,0.295261564383
2024-01-12T22:41:00Z,fourier-demo,3.801979053588,2.580150000000,0.955868589822,0.293794552352
2024-01-12T22:42:00Z,fourier-demo,3.783760486433,2.580300000000,0.956318468895,0.292326847980
2024-01-12T22:43:00Z,fourier-demo,3.777299110271,2.580450000000,0.956766094359,0.290858454725
2024-01-12T22:44:00Z,fourier-demo,3.777215214577,2.580600000000,0.957211465158,0.289389376049
2024-01-12T22:45:00Z,fourier-demo,3.777761170924,2.580750000000,0.957654580243,0.287919615414
2024-01-12T22:46:00Z,fourier-demo,3.773118833954,2.580900000000,0.958095438569,0.286449176282
2024-01-12T22:47:00Z,fourier-demo,3.757700163069,2.581050000000,0.958534039099,0.284978062119
2024-01-12T22:48:00Z,fourier-demo,3.726437841820,2.581200000000,0.958970380797,0.283506276391
2024-01-12T22:49:00Z,fourier-demo,3.675053088401,2.581350000000,0.959404462637,0.282033822568
2024-01-12T22:50:00Z,fourier-demo,3.600288806424,2.581500000000,0.959836283594,0.280560704119
2024-01-12T22:51:00Z,fourier-demo,3.500097680789,2.581650000000,0.960265842652,0.279086924515
2024-01-12T22:52:00Z,fourier-demo,3.373776718817,2.581800000000,0.960693138798,0.277612487230
2024-01-12T22:53:00Z,fourier-demo,3.222041993312,2.581950000000,0.961118171026,0.276137395737
2024-01-12T22:54:00Z,fourier-demo,3.047039868606,2.582100000000,0.961540938332,0.274661653514
2024-01-12T22:55:00Z,fourier-demo,2.852293678055,2.582250000000,0.961961439722,0.273185264038
2024-01-12T22:56:00Z,fourier-demo,2.642587560580,2.582400000000,0.962379674205,0.271708230787
2024-01-12T22:57:00Z,fourier-demo,2.423791840797,2.582550000000,0.962795640794,0.270230557244
2024-01-12T22:58:00Z,fourier-demo,2.202636840757,2.582700000000,0.963209338510,0.268752246889
2024-01-12T22:59:00Z,fourier-demo,1.986444236816,2.582850000000,0.963620766377,0.267273303207
2024-01-12T23:00:00Z,fourier-demo,1.782826929878,2.583000000000,0.964029923426,0.265793729682
2024-01-12T23:01:00Z,fourier-demo,1.599369802970,2.583150000000,0.964436808694,0.264313529803
2024-01-12T23:02:00Z,fourier-demo,1.443304637490,2.583300000000,0.964841421220,0.262832707055
2024-01-12T23:03:00Z,fourier-demo,1.321192809816,2.583450000000,0.965243760052,0.261351264931
2024-01-12T23:04:00Z,fourier-demo,1.238629176923,2.583600000000,0.965643824241,0.259869206919
2024-01-12T23:05:00Z,fourier-demo,1.199979790282,2.583750000000,0.966041612845,0.258386536514
2024-01-12T23:06:00Z,fourier-demo,1.208164781420,2.583900000000,0.966437124926,0.256903257208
2024-01-12T23:07:00Z,fourier-demo,1.264495991638,2.584050000000,0.966830359553,0.255419372498
2024-01-12T23:08:00Z,fourier-demo,1.368576743732,2.584200000000,0.967221315798,0.253934885879
2024-01-12T23:09:00Z,fourier-demo,1.518268663074,2.584350000000,0.967609992740,0.252449800852
2024-01-12T23:10:00Z,fourier-demo,1.709727750162,2.584500000000,0.967996389463,0.250964120914
2024-01-12T23:11:00Z,fourier-demo,1.937509096861,2.584650000000,0.968380505057,0.249477849568
2024-01-12T23:12:00Z,fourier-demo,2.194736838736,2.584800000000,0.968762338617,0.247990990315
2024-01-12T23:13:00Z,fourier-demo,2.473333260538,2.584950000000,0.969141889242,0.246503546660
2024-01-12T23:14:00Z,fourier-demo,2.764298530827,2.585100000000,0.969519156039,0.245015522107
2024-01-12T23:15:00Z,fourier-demo,3.058030435215,2.585250000000,0.969894138118,0.243526920164
2024-01-12T23:16:00Z,fourier-demo,3.344671792547,2.585400000000,0.970266834595,0.242037744338
2024-01-12T23:17:00Z,fourier-demo,3.614472044657,2.585550000000,0.970637244593,0.240547998138
2024-01-12T23:18:00Z,fourier-demo,3.858148857847,2.585700000000,0.971005367238,0.239057685076
2024-01-12T23:19:00Z,fourier-demo,4.067235491156,2.585850000000,0.971371201664,0.237566808663
2024-01-12T23:20:00Z,fourier-demo,4.234400177610,2.586000000000,0.971734747007,0.236075372413
2024-01-12T23:21:00Z,fourier-demo,4.353724811581,2.586150000000,0.972096002411,0.234583379840
2024-01-12T23:22:00Z,fourier-demo,4.420931796954,2.586300000000,0.972454967024,0.233090834460
2024-01-12T23:23:00Z,fourier-demo,4.433549925056,2.586450000000,0.972811640002,0.231597739791
2024-01-12T23:24:00Z,fourier-demo,4.391012537525,2.586600000000,0.973166020503,0.230104099350
2024-01-12T23:25:00Z,fourier-demo,4.294683891950,2.586750000000,0.973518107693,0.228609916659
2024-01-12T23:26:00Z,fourier-demo,4.147812479885,2.586900000000,0.973867900740,0.227115195237
2024-01-12T23:27:00Z,fourier-demo,3.955412933889,2.587050000000,0.974215398822,0.225619938608
2024-01-12T23:28:00Z,fourier-demo,3.724080986036,2.587200000000,0.974560601120,0.224124150294
2024-01-12T23:29:00Z,fourier-demo,3.461748590930,2.587350000000,0.974903506819,0.222627833821
2024-01-12T23:30:00Z,fourier-demo,3.177388694749,2.587500000000,0.975244115112,0.221130992716
2024-01-12T23:31:00Z,fourier-demo,2.880681122526,2.587650000000,0.975582425196,0.219633630504
2024-01-12T23:32:00Z,fourier-demo,2.581652588553,2.587800000000,0.975918436274,0.218135750716
2024-01-12T23:33:00Z,fourier-demo,2.290304847695,2.587950000000,0.976252147554,0.216637356880
2024-01-12T23:34:00Z,fourier-demo,2.016245457731,2.588100000000,0.976583558250,0.215138452529
2024-01-12T23:35:00Z,fourier-demo,1.768335496719,2.588250000000,0.976912667580,0.213639041193
2024-01-12T23:36:00Z,fourier-demo,1.554367880074,2.588400000000,0.977239474769,0.212139126407
2024-01-12T23:37:00Z,fourier-demo,1.380788678387,2.588550000000,0.977563979048,0.210638711705
2024-01-12T23:38:00Z,fourier-demo,1.252472099484,2.588700000000,0.977886179650,0.209137800622
2024-01-12T23:39:00Z,fourier-demo,1.172557637552,2.588850000000,0.978206075818,0.207636396697
2024-01-12T23:40:00Z,fourier-demo,1.142355396098,2.589000000000,0.978523666796,0.206134503467
2024-01-12T23:41:00Z,fourier-demo,1.161322861202,2.589150000000,0.978838951838,0.204632124471
2024-01-12T23:42:00Z,fourier-demo,1.227113547620,2.589300000000,0.979151930199,0.203129263249
2024-01-12T23:43:00Z,fourier-demo,1.335695078314,2.589450000000,0.979462601142,0.201625923344
2024-01-12T23:44:00Z,fourier-demo,1.481531503511,2.589600000000,0.979770963935,0.200122108298
2024-01-12T23:45:00Z,fourier-demo,1.657822129571,2.589750000000,0.980077017852,0.198617821655
2024-01-12T23:46:00Z,fourier-demo,1.856786912888,2.589900000000,0.980380762170,0.197113066960
2024-01-12T23:47:00Z,fourier-demo,2.069986668477,2.590050000000,0.980682196175,0.195607847758
2024-01-12T23:48:00Z,fourier-demo,2.288665019056,2.590200000000,0.980981319157,0.194102167597
2024-01-12T23:49:00Z,fourier-demo,2.504098220454,2.590350000000,0.981278130409,0.192596030025
2024-01-12T23:50:00Z,fourier-demo,2.707938773736,2.590500000000,0.981572629233,0.191089438591
2024-01-12T23:51:00Z,fourier-demo,2.892539080810,2.590650000000,0.981864814934,0.189582396846
2024-01-12T23:52:00Z,fourier-demo,3.051242302770,2.590800000000,0.982154686825,0.188074908342
2024-01-12T23:53:00Z,fourier-demo,3.178629000225,2.590950000000,0.982442244222,0.186566976630
2024-01-12T23:54:00Z,fourier-demo,3.270710012811,2.591100000000,0.982727486447,0.185058605263
2024-01-12T23:55:00Z,fourier-demo,3.325058292960,2.591250000000,0.983010412828,0.183549797798
2024-01-12T23:56:00Z,fourier-demo,3.340874953267,2.591400000000,0.983291022699,0.182040557789
2024-01-12T23:57:00Z,fourier-demo,3.318987512461,2.591550000000,0.983569315398,0.180530888792
2024-01-12T23:58:00Z,fourier-demo,3.261781119998,2.591700000000,0.983845290269,0.179020794366
2024-01-12T23:59:00Z,fourier-demo,3.173066288744,2.591850000000,0.984118946662,0.177510278070
2024-01-13T00:00:00Z,fourier-demo,3.057889256566,2.592000000000,0.984390283933,0.175999343461
2024-01-13T00:01:00Z,fourier-demo,2.922293424942,2.592150000000,0.984659301441,0.174487994102
2024-01-13T00:02:00Z,fourier-demo,2.773042291056,2.592300000000,0.984925998553,0.172976233554
2024-01-13T00:03:00Z,fourier-demo,2.617315819347,2.592450000000,0.985190374640,0.171464065379
2024-01-13T00:04:00Z,fourier-demo,2.462393227414,2.592600000000,0.985452429080,0.169951493141
2024-01-13T00:05:00Z,fourier-demo,2.315335648471,2.592750000000,0.985712161254,0.168438520404
2024-01-13T00:06:00Z,fourier-demo,2.182682059578,2.592900000000,0.985969570551,0.166925150734
2024-01-13T00:07:00Z,fourier-demo,2.070171236054,2.593050000000,0.986224656364,0.165411387696
2024-01-13T00:08:00Z,fourier-demo,1.982501335171,2.593200000000,0.986477418092,0.163897234859
2024-01-13T00:09:00Z,fourier-demo,1.923137075523,2.593350000000,0.986727855139,0.162382695791
2024-01-13T00:10:00Z,fourier-demo,1.894172431119,2.593500000000,0.986975966916,0.160867774060
2024-01-13T00:11:00Z,fourier-demo,1.896254387025,2.593650000000,0.987221752836,0.159352473236
2024-01-13T00:12:00Z,fourier-demo,1.928570705111,2.593800000000,0.987465212323,0.157836796891
2024-01-13T00:13:00Z,fourier-demo,1.988901932498,2.593950000000,0.987706344800,0.156320748596
2024-01-13T00:14:00Z,fourier-demo,2.073735164526,2.594100000000,0.987945149701,0.154804331923
2024-01-13T00:15:00Z,fourier-demo,2.178434461648,2.594250000000,0.988181626462,0.153287550447
2024-01-13T00:16:00Z,fourier-demo,2.297460424027,2.594400000000,0.988415774527,0.151770407742
2024-01-13T00:17:00Z,fourier-demo,2.424629348479,2.594550000000,0.988647593343,0.150252907382
2024-01-13T00:18:00Z,fourier-demo,2.553400715935,2.594700000000,0.988877082364,0.148735052944
2024-01-13T00:19:00Z,fourier-demo,2.677180553704,2.594850000000,0.989104241050,0.147216848005
2024-01-13T00:20:00Z,fourier-demo,2.789627535508,2.595000000000,0.989329068865,0.145698296143
2024-01-13T00:21:00Z,fourier-demo,2.884948552208,2.595150000000,0.989551565279,0.144179400936
2024-01-13T00:22:00Z,fourier-demo,2.958170912871,2.595300000000,0.989771729768,0.142660165963
2024-01-13T00:23:00Z,fourier-demo,3.005379302249,2.595450000000,0.989989561813,0.141140594805
2024-01-13T00:24:00Z,fourier-demo,3.023907086961,2.595600000000,0.990205060901,0.139620691042
2024-01-13T00:25:00Z,fourier-demo,3.012473468450,2.595750000000,0.990418226523,0.138100458256
2024-01-13T00:26:00Z,fourier-demo,2.971260247451,2.595900000000,0.990629058179,0.136579900030
2024-01-13T00:27:00Z,fourier-demo,2.901924498568,2.596050000000,0.990837555370,0.135059019948
2024-01-13T00:28:00Z,fourier-demo,2.807546149925,2.596200000000,0.991043717605,0.133537821592
2024-01-13T00:29:00Z,fourier-demo,2.692512209988,2.596350000000,0.991247544399,0.132016308548
2024-01-13T00:30:00Z,fourier-demo,2.562342067667,2.596500000000,0.991449035272,0.130494484401
2024-01-13T00:31:00Z,fourier-demo,2.423460801225,2.596650000000,0.991648189747,0.128972352738
2024-01-13T00:32:00Z,fourier-demo,2.282929661936,2.596800000000,0.991845007357,0.127449917146
2024-01-13T00:33:00Z,fourier-demo,2.148144756576,2.596950000000,0.992039487638,0.125927181211
2024-01-13T00:34:00Z,fourier-demo,2.026516360920,2.597100000000,0.992231630130,0.124404148524
2024-01-13T00:35:00Z,fourier-demo,1.925142194776,2.597250000000,0.992421434381,0.122880822672
2024-01-13T00:36:00Z,fourier-demo,1.850488339092,2.597400000000,0.992608899945,0.121357207246
2024-01-13T00:37:00Z,fourier-demo,1.808091261071,2.597550000000,0.992794026378,0.119833305835
2024-01-13T00:38:00Z,fourier-demo,1.802293641114,2.597700000000,0.992976813246,0.118309122032
2024-01-13T00:39:00Z,fourier-demo,1.836025395594,2.597850000000,0.993157260117,0.116784659428
2024-01-13T00:40:00Z,fourier-demo,1.910639513678,2.598000000000,0.993335366565,0.115259921615
2024-01-13T00:41:00Z,fourier-demo,2.025810145961,2.598150000000,0.993511132172,0.113734912187
2024-01-13T00:42:00Z,fourier-demo,2.179497885581,2.598300000000,0.993684556523,0.112209634737
2024-01-13T00:43:00Z,fourier-demo,2.367984470068,2.598450000000,0.993855639209,0.110684092859
2024-01-13T00:44:00Z,fourier-demo,2.585976314643,2.598600000000,0.994024379828,0.109158290150
2024-01-13T00:45:00Z,fourier-demo,2.826773479888,2.598750000000,0.994190777980,0.107632230203
2024-01-13T00:46:00Z,fourier-demo,3.082497993400,2.598900000000,0.994354833276,0.106105916617
2024-01-13T00:47:00Z,fourier-demo,3.344372995947,2.599050000000,0.994516545327,0.104579352986
2024-01-13T00:48:00Z,fourier-demo,3.603042068378,2.599200000000,0.994675913753,0.103052542910
2024-01-13T00:49:00Z,fourier-demo,3.848916403134,2.599350000000,0.994832938178,0.101525489985
2024-01-13T00:50:00Z,fourier-demo,4.072536283701,2.599500000000,0.994987618232,0.099998197811
2024-01-13T00:51:00Z,fourier-demo,4.264932676827,2.599650000000,0.995139953551,0.098470669986
2024-01-13T00:52:00Z,fourier-demo,4.417974654081,2.599800000000,0.995289943775,0.096942910110
2024-01-13T00:53:00Z,fourier-demo,4.524688846215,2.599950000000,0.995437588551,0.095414921784
2024-01-13T00:54:00Z,fourier-demo,4.579538177554,2.600100000000,0.995582887532,0.093886708608
2024-01-13T00:55:00Z,fourier-demo,4.578648687244,2.600250000000,0.995725840375,0.092358274184
2024-01-13T00:56:00Z,fourier-demo,4.519975257531,2.600400000000,0.995866446742,0.090829622113
2024-01-13T00:57:00Z,fourier-demo,4.403399455990,2.600550000000,0.996004706303,0.089300755997
2024-01-13T00:58:00Z,fourier-demo,4.230755362770,2.600700000000,0.996140618732,0.087771679440
2024-01-13T00:59:00Z,fourier-demo,4.005782088656,2.600850000000,0.996274183709,0.086242396046
2024-01-13T01:00:00Z,fourier-demo,3.734004580709,2.601000000000,0.996405400918,0.084712909416
2024-01-13T01:01:00Z,fourier-demo,3.422547143203,2.601150000000,0.996534270051,0.083183223157
2024-01-13T01:02:00Z,fourier-demo,3.079886758258,2.601300000000,0.996660790803,0.081653340873
2024-01-13T01:03:00Z,fourier-demo,2.715555666063,2.601450000000,0.996784962877,0.080123266168
2024-01-13T01:04:00Z,fourier-demo,2.339804663069,2.601600000000,0.996906785981,0.078593002650
2024-01-13T01:05:00Z,fourier-demo,1.963240117604,2.601750000000,0.997026259826,0.077062553923
2024-01-13T01:06:00Z,fourier-demo,1.596448724135,2.601900000000,0.997143384132,0.075531923595
2024-01-13T01:07:00Z,fourier-demo,1.249624478900,2.602050000000,0.997258158622,0.074001115272
2024-01-13T01:08:00Z,fourier-demo,0.932212242769,2.602200000000,0.997370583026,0.072470132562
2024-01-13T01:09:00Z,fourier-demo,0.652581567137,2.602350000000,0.997480657080,0.070938979073
2024-01-13T01:10:00Z,fourier-demo,0.417743223901,2.602500000000,0.997588380523,0.069407658412
2024-01-13T01:11:00Z,fourier-demo,0.233119151598,2.602650000000,0.997693753101,0.067876174189
2024-01-13T01:12:00Z,fourier-demo,0.102374377005,2.602800000000,0.997796774568,0.066344530013
2024-01-13T01:13:00Z,fourier-demo,0.027316982599,2.602950000000,0.997897444678,0.064812729493
2024-01-13T01:14:00Z,fourier-demo,0.007869466124,2.603100000000,0.997995763197,0.063280776239
2024-01-13T01:15:00Z,fourier-demo,0.042111989813,2.603250000000,0.998091729891,0.061748673860
2024-01-13T01:16:00Z,fourier-demo,0.126395158699,2.603400000000,0.998185344535,0.060216425968
2024-01-13T01:17:00Z,fourier-demo,0.255517215666,2.603550000000,0.998276606907,0.058684036173
2024-01-13T01:18:00Z,fourier-demo,0.422958006326,2.603700000000,0.998365516794,0.057151508086
2024-01-13T01:19:00Z,fourier-demo,0.621159851571,2.603850000000,0.998452073985,0.055618845319
2024-01-13T01:20:00Z,fourier-demo,0.841843658510,2.604000000000,0.998536278277,0.054086051483
2024-01-13T01:21:00Z,fourier-demo,1.076347273513,2.604150000000,0.998618129470,0.052553130191
2024-01-13T01:22:00Z,fourier-demo,1.315972286662,2.604300000000,0.998697627373,0.051020085055
2024-01-13T01:23:00Z,fourier-demo,1.552325265452,2.604450000000,0.998774771798,0.049486919688
2024-01-13T01:24:00Z,fourier-demo,1.777639734850,2.604600000000,0.998849562562,0.047953637703
2024-01-13T01:25:00Z,fourier-demo,1.985066114758,2.604750000000,0.998921999491,0.046420242713
2024-01-13T01:26:00Z,fourier-demo,2.168918236415,2.604900000000,0.998992082412,0.044886738331
2024-01-13T01:27:00Z,fourier-demo,2.324866926716,2.605050000000,0.999059811161,0.043353128171
2024-01-13T01:28:00Z,fourier-demo,2.450073395990,2.605200000000,0.999125185579,0.041819415848
2024-01-13T01:29:00Z,fourier-demo,2.543257697112,2.605350000000,0.999188205511,0.040285604975
2024-01-13T01:30:00Z,fourier-demo,2.604700237177,2.605500000000,0.999248870808,0.038751699168
2024-01-13T01:31:00Z,fourier-demo,2.636177105341,2.605650000000,0.999307181329,0.037217702040
2024-01-13T01:32:00Z,fourier-demo,2.640832717321,2.605800000000,0.999363136934,0.035683617207
2024-01-13T01:33:00Z,fourier-demo,2.622995855946,2.605950000000,0.999416737493,0.034149448284
2024-01-13T01:34:00Z,fourier-demo,2.587947502441,2.606100000000,0.999467982880,0.032615198886
2024-01-13T01:35:00Z,fourier-demo,2.541650809991,2.606250000000,0.999516872972,0.031080872628
2024-01-13T01:36:00Z,fourier-demo,2.490455090057,2.606400000000,0.999563407656,0.029546473128
2024-01-13T01:37:00Z,fourier-demo,2.440786701131,2.606550000000,0.999607586822,0.028012003999
2024-01-13T01:38:00Z,fourier-demo,2.398840208377,2.606700000000,0.999649410365,0.026477468859
2024-01-13T01:39:00Z,fourier-demo,2.370283102436,2.606850000000,0.999688878187,0.024942871323
2024-01-13T01:40:00Z,fourier-demo,2.359986731018,2.607000000000,0.999725990194,0.023408215009
2024-01-13T01:41:00Z,fourier-demo,2.371794935330,2.607150000000,0.999760746300,0.021873503532
2024-01-13T01:42:00Z,fourier-demo,2.408340244035,2.607300000000,0.999793146423,0.020338740509
2024-01-13T01:43:00Z,fourier-demo,2.470915429124,2.607450000000,0.999823190486,0.018803929556
2024-01-13T01:44:00Z,fourier-demo,2.559405856565,2.607600000000,0.999850878418,0.017269074292
2024-01-13T01:45:00Z,fourier-demo,2.672285468795,2.607750000000,0.999876210154,0.015734178332
2024-01-13T01:46:00Z,fourier-demo,2.806676524273,2.607900000000,0.999899185635,0.014199245293
2024-01-13T01:47:00Z,fourier-demo,2.958470504298,2.608050000000,0.999919804806,0.012664278794
2024-01-13T01:48:00Z,fourier-demo,3.122504992166,2.608200000000,0.999938067618,0.011129282450
2024-01-13T01:49:00Z,fourier-demo,3.292788942929,2.608350000000,0.999953974029,0.009594259880
2024-01-13T01:50:00Z,fourier-demo,3.462766692853,2.608500000000,0.999967524002,0.008059214701
2024-01-13T01:51:00Z,fourier-demo,3.625609392535,2.608650000000,0.999978717503,0.006524150529
2024-01-13T01:52:00Z,fourier-demo,3.774521355874,2.608800000000,0.999987554508,0.004989070983
2024-01-13T01:53:00Z,fourier-demo,3.903048148875,2.608950000000,0.999994034994,0.003453979680
2024-01-13T01:54:00Z,fourier-demo,4.005373125777,2.609100000000,0.999998158948,0.001918880238
2024-01-13T01:55:00Z,fourier-demo,4.076589560778,2.609250000000,0.999999926358,0.000383776274
2024-01-13T01:56:00Z,fourier-demo,4.112936504192,2.609400000000,0.999999337221,-0.001151328595
2024-01-13T01:57:00Z,fourier-demo,4.111987972278,2.609550000000,0.999996391538,-0.002686430751
2024-01-13T01:58:00Z,fourier-demo,4.072786999553,2.609700000000,0.999991089317,-0.004221526575
2024-01-13T01:59:00Z,fourier-demo,3.995918362501,2.609850000000,0.999983430569,-0.005756612452
2024-01-13T02:00:00Z,fourier-demo,3.883516330094,2.610000000000,0.999973415313,-0.007291684763
2024-01-13T02:01:00Z,fourier-demo,3.739206504720,2.610150000000,0.999961043573,-0.008826739890
2024-01-13T02:02:00Z,fourier-demo,3.567983574948,2.610300000000,0.999946315377,-0.010361774218
2024-01-13T02:03:00Z,fourier-demo,3.376029495073,2.610450000000,0.999929230760,-0.011896784127
2024-01-13T02:04:00Z,fourier-demo,3.170479123935,2.610600000000,0.999909789762,-0.013431766000
2024-01-13T02:05:00Z,fourier-demo,2.959142592478,2.610750000000,0.999887992430,-0.014966716221
2024-01-13T02:06:00Z,fourier-demo,2.750195532750,2.610900000000,0.999863838814,-0.016501631173
2024-01-13T02:07:00Z,fourier-demo,2.551849712482,2.611050000000,0.999837328972,-0.018036507237
2024-01-13T02:08:00Z,fourier-demo,2.372017519399,2.611200000000,0.999808462966,-0.019571340798
2024-01-13T02:09:00Z,fourier-demo,2.217984089389,2.611350000000,0.999777240865,-0.021106128237
2024-01-13T02:10:00Z,fourier-demo,2.096100656355,2.611500000000,0.999743662740,-0.022640865940
2024-01-13T02:11:00Z,fourier-demo,2.011511926012,2.611650000000,0.999707728673,-0.024175550288
2024-01-13T02:12:00Z,fourier-demo,1.967928971170,2.611800000000,0.999669438747,-0.025710177665
2024-01-13T02:13:00Z,fourier-demo,1.967457363735,2.611950000000,0.999628793053,-0.027244744454
2024-01-13T02:14:00Z,fourier-demo,2.010488070456,2.612100000000,0.999585791686,-0.028779247041
2024-01-13T02:15:00Z,fourier-demo,2.095656133247,2.612250000000,0.999540434748,-0.030313681807
2024-01-13T02:16:00Z,fourier-demo,2.219869432412,2.612400000000,0.999492722345,-0.031848045138
2024-01-13T02:17:00Z,fourier-demo,2.378407002539,2.612550000000,0.999442654591,-0.033382333418
2024-01-13T02:18:00Z,fourier-demo,2.565083551365,2.612700000000,0.999390231603,-0.034916543031
2024-01-13T02:19:00Z,fourier-demo,2.772474136377,2.612850000000,0.999335453504,-0.036450670361
2024-01-13T02:20:00Z,fourier-demo,2.992190492320,2.613000000000,0.999278320424,-0.037984711793
2024-01-13T02:21:00Z,fourier-demo,3.215198375965,2.613150000000,0.999218832498,-0.039518663713
2024-01-13T02:22:00Z,fourier-demo,3.432163589601,2.613300000000,0.999156989865,-0.041052522505
2024-01-13T02:23:00Z,fourier-demo,3.633813132076,2.613450000000,0.999092792671,-0.042586284554
2024-01-13T02:24:00Z,fourier-demo,3.811297256111,2.613600000000,0.999026241068,-0.044119946247
2024-01-13T02:25:00Z,fourier-demo,3.956538111415,2.613750000000,0.998957335213,-0.045653503970
2024-01-13T02:26:00Z,fourier-demo,4.062551130035,2.613900000000,0.998886075267,-0.047186954108
2024-01-13T02:27:00Z,fourier-demo,4.123726345083,2.614050000000,0.998812461399,-0.048720293047
2024-01-13T02:28:00Z,fourier-demo,4.136058385781,2.614200000000,0.998736493782,-0.050253517175
2024-01-13T02:29:00Z,fourier-demo,4.097315898541,2.614350000000,0.998658172595,-0.051786622878
2024-01-13T02:30:00Z,fourier-demo,4.007143525273,2.614500000000,0.998577498023,-0.053319606543
2024-01-13T02:31:00Z,fourier-demo,3.867092230571,2.614650000000,0.998494470256,-0.054852464559
2024-01-13T02:32:00Z,fourier-demo,3.680576601715,2.614800000000,0.998409089489,-0.056385193311
2024-01-13T02:33:00Z,fourier-demo,3.452760635613,2.614950000000,0.998321355925,-0.057917789190
2024-01-13T02:34:00Z,fourier-demo,3.190376358287,2.615100000000,0.998231269768,-0.059450248582
2024-01-13T02:35:00Z,fourier-demo,2.901482281231,2.615250000000,0.998138831233,-0.060982567877
2024-01-13T02:36:00Z,fourier-demo,2.595171077750,2.615400000000,0.998044040536,-0.062514743464
2024-01-13T02:37:00Z,fourier-demo,2.281237865504,2.615550000000,0.997946897901,-0.064046771732
2024-01-13T02:38:00Z,fourier-demo,1.969822028292,2.615700000000,0.997847403557,-0.065578649071
2024-01-13T02:39:00Z,fourier-demo,1.671036538564,2.615850000000,0.997745557739,-0.067110371870
2024-01-13T02:40:00Z,fourier-demo,1.394599211344,2.616000000000,0.997641360686,-0.068641936521
2024-01-13T02:41:00Z,fourier-demo,1.149480211618,2.616150000000,0.997534812643,-0.070173339413
2024-01-13T02:42:00Z,fourier-demo,0.943579456070,2.616300000000,0.997425913863,-0.071704576939
2024-01-13T02:43:00Z,fourier-demo,0.783446324469,2.616450000000,0.997314664602,-0.073235645490
2024-01-13T02:44:00Z,fourier-demo,0.674052376386,2.616600000000,0.997201065121,-0.074766541457
2024-01-13T02:45:00Z,fourier-demo,0.618625625535,2.616750000000,0.997085115689,-0.076297261234
2024-01-13T02:46:00Z,fourier-demo,0.618552444181,2.616900000000,0.996966816578,-0.077827801212
2024-01-13T02:47:00Z,fourier-demo,0.673350454778,2.617050000000,0.996846168069,-0.079358157785
2024-01-13T02:48:00Z,fourier-demo,0.780712925435,2.617200000000,0.996723170443,-0.080888327348
2024-01-13T02:49:00Z,fourier-demo,0.936622335280,2.617350000000,0.996597823993,-0.082418306293
2024-01-13T02:50:00Z,fourier-demo,1.135528030683,2.617500000000,0.996470129013,-0.083948091015
2024-01-13T02:51:00Z,fourier-demo,1.370580364452,2.617650000000,0.996340085804,-0.085477677910
2024-01-13T02:52:00Z,fourier-demo,1.633911499590,2.617800000000,0.996207694672,-0.087007063373
2024-01-13T02:53:00Z,fourier-demo,1.916951255567,2.617950000000,0.996072955929,-0.088536243799
2024-01-13T02:54:00Z,fourier-demo,2.210765050432,2.618100000000,0.995935869894,-0.090065215585
2024-01-13T02:55:00Z,fourier-demo,2.506400198753,2.618250000000,0.995796436889,-0.091593975129
2024-01-13T02:56:00Z,fourier-demo,2.795226593844,2.618400000000,0.995654657242,-0.093122518827
2024-01-13T02:57:00Z,fourier-demo,3.069258140573,2.618550000000,0.995510531288,-0.094650843077
2024-01-13T02:58:00Z,fourier-demo,3.321442196509,2.618700000000,0.995364059366,-0.096178944278
2024-01-13T02:59:00Z,fourier-demo,3.545905685993,2.618850000000,0.995215241822,-0.097706818829
2024-01-13T03:00:00Z,fourier-demo,3.738148414471,2.619000000000,0.995064079006,-0.099234463130
2024-01-13T03:01:00Z,fourier-demo,3.895176351361,2.619150000000,0.994910571274,-0.100761873579
2024-01-13T03:02:00Z,fourier-demo,4.015570175695,2.619300000000,0.994754718989,-0.102289046579
2024-01-13T03:03:00Z,fourier-demo,4.099487085013,2.619450000000,0.994596522517,-0.103815978529
2024-01-13T03:04:00Z,fourier-demo,4.148596642810,2.619600000000,0.994435982231,-0.105342665832
2024-01-13T03:05:00Z,fourier-demo,4.165954168775,2.619750000000,0.994273098510,-0.106869104890
2024-01-13T03:06:00Z,fourier-demo,4.155817746899,2.619900000000,0.994107871737,-0.108395292106
2024-01-13T03:07:00Z,fourier-demo,4.123417233683,2.620050000000,0.993940302302,-0.109921223884
2024-01-13T03:08:00Z,fourier-demo,4.074685597681,2.620200000000,0.993770390600,-0.111446896627
2024-01-13T03:09:00Z,fourier-demo,4.015964432911,2.620350000000,0.993598137030,-0.112972306740
2024-01-13T03:10:00Z,fourier-demo,3.953696500898,2.620500000000,0.993423542000,-0.114497450628
2024-01-13T03:11:00Z,fourier-demo,3.894118628471,2.620650000000,0.993246605920,-0.116022324698
2024-01-13T03:12:00Z,fourier-demo,3.842968202721,2.620800000000,0.993067329208,-0.117546925355
2024-01-13T03:13:00Z,fourier-demo,3.805215865282,2.620950000000,0.992885712285,-0.119071249008
2024-01-13T03:14:00Z,fourier-demo,3.784835842992,2.621100000000,0.992701755580,-0.120595292064
2024-01-13T03:15:00Z,fourier-demo,3.784623710233,2.621250000000,0.992515459527,-0.122119050931
2024-01-13T03:16:00Z,fourier-demo,3.806069328805,2.621400000000,0.992326824564,-0.123642522019
2024-01-13T03:17:00Z,fourier-demo,3.849290339769,2.621550000000,0.992135851136,-0.125165701738
2024-01-13T03:18:00Z,fourier-demo,3.913028987308,2.621700000000,0.991942539692,-0.126688586497
2024-01-13T03:19:00Z,fourier-demo,3.994712345500,2.621850000000,0.991746890690,-0.128211172709
2024-01-13T03:20:00Z,fourier-demo,4.090573307843,2.622000000000,0.991548904588,-0.129733456785
2024-01-13T03:21:00Z,fourier-demo,4.195827099433,2.622150000000,0.991348581855,-0.131255435138
2024-01-13T03:22:00Z,fourier-demo,4.304895691149,2.622300000000,0.991145922962,-0.132777104182
2024-01-13T03:23:00Z,fourier-demo,4.411670433430,2.622450000000,0.990940928387,-0.134298460330
2024-01-13T03:24:00Z,fourier-demo,4.509801570298,2.622600000000,0.990733598613,-0.135819499997
2024-01-13T03:25:00Z,fourier-demo,4.593002111586,2.622750000000,0.990523934128,-0.137340219599
2024-01-13T03:26:00Z,fourier-demo,4.655352882759,2.622900000000,0.990311935427,-0.138860615553
2024-01-13T03:27:00Z,fourier-demo,4.691595465324,2.623050000000,0.990097603008,-0.140380684275
2024-01-13T03:28:00Z,fourier-demo,4.697400192012,2.623200000000,0.989880937378,-0.141900422183
2024-01-13T03:29:00Z,fourier-demo,4.669597351932,2.623350000000,0.989661939046,-0.143419825696
2024-01-13T03:30:00Z,fourier-demo,4.606361251635,2.623500000000,0.989440608530,-0.144938891234
2024-01-13T03:31:00Z,fourier-demo,4.507338707710,2.623650000000,0.989216946350,-0.146457615216
2024-01-13T03:32:00Z,fourier-demo,4.373715836137,2.623800000000,0.988990953033,-0.147975994064
2024-01-13T03:33:00Z,fourier-demo,4.208219559071,2.623950000000,0.988762629112,-0.149494024199
2024-01-13T03:34:00Z,fourier-demo,4.015052965915,2.624100000000,0.988531975125,-0.151011702045
2024-01-13T03:35:00Z,fourier-demo,3.799766430448,2.624250000000,0.988298991616,-0.152529024025
2024-01-13T03:36:00Z,fourier-demo,3.569069085106,2.624400000000,0.988063679134,-0.154045986562
2024-01-13T03:37:00Z,fourier-demo,3.330587775724,2.624550000000,0.987826038233,-0.155562586083
2024-01-13T03:38:00Z,fourier-demo,3.092582860174,2.624700000000,0.987586069473,-0.157078819014
2024-01-13T03:39:00Z,fourier-demo,2.863632079327,2.624850000000,0.987343773420,-0.158594681780
2024-01-13T03:40:00Z,fourier-demo,2.652295140374,2.625000000000,0.987099150644,-0.160110170811
2024-01-13T03:41:00Z,fourier-demo,2.466772551230,2.625150000000,0.986852201723,-0.161625282535
2024-01-13T03:42:00Z,fourier-demo,2.314572591754,2.625300000000,0.986602927238,-0.163140013381
2024-01-13T03:43:00Z,fourier-demo,2.202200086726,2.625450000000,0.986351327776,-0.164654359780
2024-01-13T03:44:00Z,fourier-demo,2.134879864010,2.625600000000,0.986097403931,-0.166168318163
2024-01-13T03:45:00Z,fourier-demo,2.116326469153,2.625750000000,0.985841156300,-0.167681884962
2024-01-13T03:46:00Z,fourier-demo,2.148569916688,2.625900000000,0.985582585488,-0.169195056612
2024-01-13T03:47:00Z,fourier-demo,2.231845060167,2.626050000000,0.985321692105,-0.170707829545
2024-01-13T03:48:00Z,fourier-demo,2.364549645878,2.626200000000,0.985058476764,-0.172220200197
2024-01-13T03:49:00Z,fourier-demo,2.543273380692,2.626350000000,0.984792940086,-0.173732165004
2024-01-13T03:50:00Z,fourier-demo,2.762897503400,2.626500000000,0.984525082697,-0.175243720403
2024-01-13T03:51:00Z,fourier-demo,3.016761516290,2.626650000000,0.984254905228,-0.176754862832
2024-01-13T03:52:00Z,fourier-demo,3.296891024725,2.626800000000,0.983982408316,-0.178265588729
2024-01-13T03:53:00Z,fourier-demo,3.594278157401,2.626950000000,0.983707592603,-0.179775894536
2024-01-13T03:54:00Z,fourier-demo,3.899203899706,2.627100000000,0.983430458736,-0.181285776692
2024-01-13T03:55:00Z,fourier-demo,4.201589954615,2.627250000000,0.983151007369,-0.182795231639
2024-01-13T03:56:00Z,fourier-demo,4.491366520429,2.627400000000,0.982869239160,-0.184304255821
2024-01-13T03:57:00Z,fourier-demo,4.758841692694,2.627550000000,0.982585154773,-0.185812845681
2024-01-13T03:58:00Z,fourier-demo,4.995058087678,2.627700000000,0.982298754878,-0.187320997664
2024-01-13T03:59:00Z,fourier-demo,5.192122751851,2.627850000000,0.982010040149,-0.188828708217
2024-01-13T04:00:00Z,fourier-demo,5.343497448177,2.628000000000,0.981719011267,-0.190335973786
2024-01-13T04:01:00Z,fourier-demo,5.444237954680,2.628150000000,0.981425668918,-0.191842790819
2024-01-13T04:02:00Z,fourier-demo,5.491173012101,2.628300000000,0.981130013793,-0.193349155765
2024-01-13T04:03:00Z,fourier-demo,5.483015935038,2.628450000000,0.980832046588,-0.194855065075
2024-01-13T04:04:00Z,fourier-demo,5.420404559245,2.628600000000,0.980531768007,-0.196360515200
2024-01-13T04:05:00Z,fourier-demo,5.305868029644,2.628750000000,0.980229178756,-0.197865502592
2024-01-13T04:06:00Z,fourier-demo,5.143721825094,2.628900000000,0.979924279548,-0.199370023705
2024-01-13T04:07:00Z,fourier-demo,4.939895250498,2.629050000000,0.979617071103,-0.200874074993
2024-01-13T04:08:00Z,fourier-demo,4.701698290281,2.629200000000,0.979307554143,-0.202377652911
2024-01-13T04:09:00Z,fourier-demo,4.437537102452,2.629350000000,0.978995729399,-0.203880753917
2024-01-13T04:10:00Z,fourier-demo,4.156589443383,2.629500000000,0.978681597606,-0.205383374468
2024-01-13T04:11:00Z,fourier-demo,3.868452869573,2.629650000000,0.978365159503,-0.206885511024
2024-01-13T04:12:00Z,fourier-demo,3.582779601610,2.629800000000,0.978046415836,-0.208387160044
2024-01-13T04:13:00Z,fourier-demo,3.308912416314,2.629950000000,0.977725367356,-0.209888317990
2024-01-13T04:14:00Z,fourier-demo,3.055535836946,2.630100000000,0.977402014820,-0.211388981324
2024-01-13T04:15:00Z,fourier-demo,2.830356223359,2.630250000000,0.977076358991,-0.212889146510
2024-01-13T04:16:00Z,fourier-demo,2.639823152082,2.630400000000,0.976748400634,-0.214388810013
2024-01-13T04:17:00Z,fourier-demo,2.488902770687,2.630550000000,0.976418140524,-0.215887968298
2024-01-13T04:18:00Z,fourier-demo,2.380911681378,2.630700000000,0.976085579438,-0.217386617833
2024-01-13T04:19:00Z,fourier-demo,2.317417442826,2.630850000000,0.975750718160,-0.218884755087
2024-01-13T04:20:00Z,fourier-demo,2.298209077388,2.631000000000,0.975413557480,-0.220382376528
2024-01-13T04:21:00Z,fourier-demo,2.321338143278,2.631150000000,0.975074098192,-0.221879478627
2024-01-13T04:22:00Z,fourier-demo,2.383228092782,2.631300000000,0.974732341095,-0.223376057857
2024-01-13T04:23:00Z,fourier-demo,2.478846903675,2.631450000000,0.974388286995,-0.224872110691
2024-01-13T04:24:00Z,fourier-demo,2.601935452221,2.631600000000,0.974041936703,-0.226367633603
2024-01-13T04:25:00Z,fourier-demo,2.745281894281,2.631750000000,0.973693291036,-0.227862623069
2024-01-13T04:26:00Z,fourier-demo,2.901030524847,2.631900000000,0.973342350814,-0.229357075566
2024-01-13T04:27:00Z,fourier-demo,3.061012267491,2.632050000000,0.972989116865,-0.230850987572
2024-01-13T04:28:00Z,fourier-demo,3.217083156199,2.632200000000,0.972633590021,-0.232344355567
2024-01-13T04:29:00Z,fourier-demo,3.361456943129,2.632350000000,0.972275771119,-0.233837176031
2024-01-13T04:30:00Z,fourier-demo,3.487018304742,2.632500000000,0.971915661004,-0.235329445447
2024-01-13T04:31:00Z,fourier-demo,3.587604009573,2.632650000000,0.971553260524,-0.236821160298
2024-01-13T04:32:00Z,fourier-demo,3.658240815498,2.632800000000,0.971188570533,-0.238312317069
2024-01-13T04:33:00Z,fourier-demo,3.695330723377,2.632950000000,0.970821591889,-0.239802912246
2024-01-13T04:34:00Z,fourier-demo,3.696776449695,2.633100000000,0.970452325459,-0.241292942315
2024-01-13T04:35:00Z,fourier-demo,3.662042500199,2.633250000000,0.970080772112,-0.242782403767
2024-01-13T04:36:00Z,fourier-demo,3.592149925050,2.633400000000,0.969706932724,-0.244271293090
2024-01-13T04:37:00Z,fourier-demo,3.489605602021,2.633550000000,0.969330808175,-0.245759606776
2024-01-13T04:38:00Z,fourier-demo,3.358269613490,2.633700000000,0.968952399352,-0.247247341318
2024-01-13T04:39:00Z,fourier-demo,3.203166843417,2.633850000000,0.968571707148,-0.248734493211
2024-01-13T04:40:00Z,fourier-demo,3.030251216697,2.634000000000,0.968188732458,-0.250221058948
2024-01-13T04:41:00Z,fourier-demo,2.846132941072,2.634150000000,0.967803476186,-0.251707035028
2024-01-13T04:42:00Z,fourier-demo,2.657780611638,2.634300000000,0.967415939239,-0.253192417948
2024-01-13T04:43:00Z,fourier-demo,2.472211038953,2.634450000000,0.967026122531,-0.254677204208
2024-01-13T04:44:00Z,fourier-demo,2.296180123059,2.634600000000,0.966634026979,-0.256161390310
2024-01-13T04:45:00Z,fourier-demo,2.135887999406,2.634750000000,0.966239653509,-0.257644972755
2024-01-13T04:46:00Z,fourier-demo,1.996711033513,2.634900000000,0.965843003050,-0.259127948047
2024-01-13T04:47:00Z,fourier-demo,1.882972066891,2.635050000000,0.965444076536,-0.260610312692
2024-01-13T04:48:00Z,fourier-demo,1.797758666802,2.635200000000,0.965042874907,-0.262092063197
2024-01-13T04:49:00Z,fourier-demo,1.742797075832,2.635350000000,0.964639399109,-0.263573196069
2024-01-13T04:50:00Z,fourier-demo,1.718387179840,2.635500000000,0.964233650093,-0.265053707819
2024-01-13T04:51:00Z,fourier-demo,1.723401213739,2.635650000000,0.963825628814,-0.266533594957
2024-01-13T04:52:00Z,fourier-demo,1.755346212009,2.635800000000,0.963415336235,-0.268012853996
2024-01-13T04:53:00Z,fourier-demo,1.810487497712,2.635950000000,0.963002773322,-0.269491481450
2024-01-13T04:54:00Z,fourier-demo,1.884027903117,2.636100000000,0.962587941047,-0.270969473835
2024-01-13T04:55:00Z,fourier-demo,1.970335035145,2.636250000000,0.962170840389,-0.272446827667
2024-01-13T04:56:00Z,fourier-demo,2.063206838978,2.636400000000,0.961751472329,-0.273923539465
2024-01-13T04:57:00Z,fourier-demo,2.156164059376,2.636550000000,0.961329837856,-0.275399605750
2024-01-13T04:58:00Z,fourier-demo,2.242757020882,2.636700000000,0.960905937965,-0.276875023042
2024-01-13T04:59:00Z,fourier-demo,2.316873494788,2.636850000000,0.960479773652,-0.278349787865
2024-01-13T05:00:00Z,fourier-demo,2.373034320583,2.637000000000,0.960051345924,-0.279823896744
2024-01-13T05:01:00Z,fourier-demo,2.406663907769,2.637150000000,0.959620655790,-0.281297346205
2024-01-13T05:02:00Z,fourier-demo,2.414323742507,2.637300000000,0.959187704264,-0.282770132775
2024-01-13T05:03:00Z,fourier-demo,2.393898522310,2.637450000000,0.958752492366,-0.284242252984
2024-01-13T05:04:00Z,fourier-demo,2.344726479965,2.637600000000,0.958315021124,-0.285713703362
2024-01-13T05:05:00Z,fourier-demo,2.267667755777,2.637750000000,0.957875291566,-0.287184480443
2024-01-13T05:06:00Z,fourier-demo,2.165107240991,2.637900000000,0.957433304730,-0.288654580760
2024-01-13T05:07:00Z,fourier-demo,2.040891039375,2.638050000000,0.956989061657,-0.290124000849
2024-01-13T05:08:00Z,fourier-demo,1.900198466415,2.638200000000,0.956542563394,-0.291592737247
2024-01-13T05:09:00Z,fourier-demo,1.749354211875,2.638350000000,0.956093810994,-0.293060786492
2024-01-13T05:10:00Z,fourier-demo,1.595587819883,2.638500000000,0.955642805513,-0.294528145126
2024-01-13T05:11:00Z,fourier-demo,1.446749886178,2.638650000000,0.955189548014,-0.295994809691
2024-01-13T05:12:00Z,fourier-demo,1.310996241508,2.638800000000,0.954734039567,-0.297460776730
2024-01-13T05:13:00Z,fourier-demo,1.196452805080,2.638950000000,0.954276281243,-0.298926042788
2024-01-13T05:14:00Z,fourier-demo,1.110874692754,2.639100000000,0.953816274122,-0.300390604413
2024-01-13T05:15:00Z,fourier-demo,1.061313512689,2.639250000000,0.953354019288,-0.301854458154
2024-01-13T05:16:00Z,fourier-demo,1.053806560038,2.639400000000,0.952889517830,-0.303317600560
2024-01-13T05:17:00Z,fourier-demo,1.093100839350,2.639550000000,0.952422770843,-0.304780028184
2024-01-13T05:18:00Z,fourier-demo,1.182423528453,2.639700000000,0.951953779427,-0.306241737579
2024-01-13T05:19:00Z,fourier-demo,1.323308702822,2.639850000000,0.951482544686,-0.307702725301
2024-01-13T05:20:00Z,fourier-demo,1.515487936359,2.640000000000,0.951009067732,-0.309162987907
2024-01-13T05:21:00Z,fourier-demo,1.756849871521,2.640150000000,0.950533349680,-0.310622521956
2024-01-13T05:22:00Z,fourier-demo,2.043471110632,2.640300000000,0.950055391651,-0.312081324008
2024-01-13T05:23:00Z,fourier-demo,2.369717931624,2.640450000000,0.949575194772,-0.313539390626
2024-01-13T05:24:00Z,fourier-demo,2.728415490906,2.640600000000,0.949092760174,-0.314996718374
2024-01-13T05:25:00Z,fourier-demo,3.111078458622,2.640750000000,0.948608088993,-0.316453303816
2024-01-13T05:26:00Z,fourier-demo,3.508194547877,2.640900000000,0.948121182373,-0.317909143522
2024-01-13T05:27:00Z,fourier-demo,3.909550250447,2.641050000000,0.947632041461,-0.319364234060
2024-01-13T05:28:00Z,fourier-demo,4.304586364995,2.641200000000,0.947140667409,-0.320818572000
2024-01-13T05:29:00Z,fourier-demo,4.682769670274,2.641350000000,0.946647061375,-0.322272153917
2024-01-13T05:30:00Z,fourier-demo,5.033966406042,2.641500000000,0.946151224522,-0.323724976384
2024-01-13T05:31:00Z,fourier-demo,5.348803107198,2.641650000000,0.945653158020,-0.325177035978
2024-01-13T05:32:00Z,fourier-demo,5.619000797321,2.641800000000,0.945152863041,-0.326628329276
2024-01-13T05:33:00Z,fourier-demo,5.837669568634,2.641950000000,0.944650340764,-0.328078852860
2024-01-13T05:34:00Z,fourier-demo,5.999552115716,2.642100000000,0.944145592375,-0.329528603310
2024-01-13T05:35:00Z,fourier-demo,6.101206788338,2.642250000000,0.943638619061,-0.330977577211
2024-01-13T05:36:00Z,fourier-demo,6.141123104464,2.642400000000,0.943129422019,-0.332425771147
2024-01-13T05:37:00Z,fourier-demo,6.119765322078,2.642550000000,0.942618002447,-0.333873181706
2024-01-13T05:38:00Z,fourier-demo,6.039542501142,2.642700000000,0.942104361552,-0.335319805477
2024-01-13T05:39:00Z,fourier-demo,5.904706380633,2.642850000000,0.941588500543,-0.336765639052
2024-01-13T05:40:00Z,fourier-demo,5.721181233666,2.643000000000,0.941070420636,-0.338210679022
2024-01-13T05:41:00Z,fourier-demo,5.496332532077,2.643150000000,0.940550123052,-0.339654921982
2024-01-13T05:42:00Z,fourier-demo,5.238683643192,2.643300000000,0.940027609017,-0.341098364530
2024-01-13T05:43:00Z,fourier-demo,4.957591799850,2.643450000000,0.939502879763,-0.342541003263
2024-01-13T05:44:00Z,fourier-demo,4.662896149374,2.643600000000,0.938975936526,-0.343982834783
2024-01-13T05:45:00Z,fourier-demo,4.364551735652,2.643750000000,0.938446780548,-0.345423855690
2024-01-13T05:46:00Z,fourier-demo,4.072263759543,2.643900000000,0.937915413075,-0.346864062590
2024-01-13T05:47:00Z,fourier-demo,3.795136377738,2.644050000000,0.937381835360,-0.348303452088
2024-01-13T05:48:00Z,fourier-demo,3.541349643675,2.644200000000,0.936846048661,-0.349742020792
2024-01-13T05:49:00Z,fourier-demo,3.317876993962,2.644350000000,0.936308054240,-0.351179765313
2024-01-13T05:50:00Z,fourier-demo,3.130253990036,2.644500000000,0.935767853364,-0.352616682263
2024-01-13T05:51:00Z,fourier-demo,2.982406907117,2.644650000000,0.935225447308,-0.354052768254
2024-01-13T05:52:00Z,fourier-demo,2.876547308063,2.644800000000,0.934680837348,-0.355488019903
2024-01-13T05:53:00Z,fourier-demo,2.813136048835,2.644950000000,0.934134024769,-0.356922433828
2024-01-13T05:54:00Z,fourier-demo,2.790917344928,2.645100000000,0.933585010858,-0.358356006648
2024-01-13T05:55:00Z,fourier-demo,2.807020699067,2.645250000000,0.933033796911,-0.359788734986
2024-01-13T05:56:00Z,fourier-demo,2.857125764822,2.645400000000,0.932480384225,-0.361220615464
2024-01-13T05:57:00Z,fourier-demo,2.935682709156,2.645550000000,0.931924774105,-0.362651644709
2024-01-13T05:58:00Z,fourier-demo,3.036178440813,2.645700000000,0.931366967860,-0.364081819348
2024-01-13T05:59:00Z,fourier-demo,3.151437279561,2.645850000000,0.930806966805,-0.365511136011
2024-01-13T06:00:00Z,fourier-demo,3.273943325251,2.646000000000,0.930244772259,-0.366939591330
2024-01-13T06:01:00Z,fourier-demo,3.396170997716,2.646150000000,0.929680385547,-0.368367181938
2024-01-13T06:02:00Z,fourier-demo,3.510909989165,2.646300000000,0.929113808000,-0.369793904471
2024-01-13T06:03:00Z,fourier-demo,3.611571207386,2.646450000000,0.928545040952,-0.371219755568
2024-01-13T06:04:00Z,fourier-demo,3.692461175085,2.646600000000,0.927974085743,-0.372644731868
2024-01-13T06:05:00Z,fourier-demo,3.749013749825,2.646750000000,0.927400943720,-0.374068830013
2024-01-13T06:06:00Z,fourier-demo,3.777969881067,2.646900000000,0.926825616233,-0.375492046647
2024-01-13T06:07:00Z,fourier-demo,3.777498348144,2.647050000000,0.926248104637,-0.376914378416
2024-01-13T06:08:00Z,fourier-demo,3.747252932620,2.647200000000,0.925668410294,-0.378335821969
2024-01-13T06:09:00Z,fourier-demo,3.688364166111,2.647350000000,0.925086534569,-0.379756373955
2024-01-13T06:10:00Z,fourier-demo,3.603366548690,2.647500000000,0.924502478834,-0.381176031027
2024-01-13T06:11:00Z,fourier-demo,3.496064839524,2.647650000000,0.923916244465,-0.382594789841
2024-01-13T06:12:00Z,fourier-demo,3.371345568363,2.647800000000,0.923327832844,-0.384012647051
2024-01-13T06:13:00Z,fourier-demo,3.234942198976,2.647950000000,0.922737245357,-0.385429599318
2024-01-13T06:14:00Z,fourier-demo,3.093164299299,2.648100000000,0.922144483397,-0.386845643301
2024-01-13T06:15:00Z,fourier-demo,2.952602559013,2.648250000000,0.921549548359,-0.388260775664
2024-01-13T06:16:00Z,fourier-demo,2.819822482321,2.648400000000,0.920952441646,-0.389674993073
2024-01-13T06:17:00Z,fourier-demo,2.701060031792,2.648550000000,0.920353164665,-0.391088292194
2024-01-13T06:18:00Z,fourier-demo,2.601932390048,2.648700000000,0.919751718828,-0.392500669696
2024-01-13T06:19:00Z,fourier-demo,2.527176345095,2.648850000000,0.919148105553,-0.393912122253
2024-01-13T06:20:00Z,fourier-demo,2.480425620047,2.649000000000,0.918542326262,-0.395322646537
2024-01-13T06:21:00Z,fourier-demo,2.464036808433,2.649150000000,0.917934382383,-0.396732239224
2024-01-13T06:22:00Z,fourier-demo,2.478971511447,2.649300000000,0.917324275347,-0.398140896993
2024-01-13T06:23:00Z,fourier-demo,2.524739889400,2.649450000000,0.916712006594,-0.399548616524
2024-01-13T06:24:00Z,fourier-demo,2.599408235346,2.649600000000,0.916097577565,-0.400955394500
2024-01-13T06:25:00Z,fourier-demo,2.699670462838,2.649750000000,0.915480989709,-0.402361227606
2024-01-13T06:26:00Z,fourier-demo,2.820980684877,2.649900000000,0.914862244479,-0.403766112528
2024-01-13T06:27:00Z,fourier-demo,2.957741460425,2.650050000000,0.914241343333,-0.405170045957
2024-01-13T06:28:00Z,fourier-demo,3.103539906656,2.650200000000,0.913618287734,-0.406573024583
2024-01-13T06:29:00Z,fourier-demo,3.251421818671,2.650350000000,0.912993079150,-0.407975045100
2024-01-13T06:30:00Z,fourier-demo,3.394192289601,2.650500000000,0.912365719054,-0.409376104205
2024-01-13T06:31:00Z,fourier-demo,3.524730152236,2.650650000000,0.911736208926,-0.410776198596
2024-01-13T06:32:00Z,fourier-demo,3.636302918041,2.650800000000,0.911104550248,-0.412175324973
2024-01-13T06:33:00Z,fourier-demo,3.722868798509,2.650950000000,0.910470744509,-0.413573480040
2024-01-13T06:34:00Z,fourier-demo,3.779352862421,2.651100000000,0.909834793203,-0.414970660501
2024-01-13T06:35:00Z,fourier-demo,3.801885392538,2.651250000000,0.909196697828,-0.416366863064
2024-01-13T06:36:00Z,fourier-demo,3.787992016157,2.651400000000,0.908556459888,-0.417762084439
2024-01-13T06:37:00Z,fourier-demo,3.736727134632,2.651550000000,0.907914080892,-0.419156321338
2024-01-13T06:38:00Z,fourier-demo,3.648744488004,2.651700000000,0.907269562353,-0.420549570475
2024-01-13T06:39:00Z,fourier-demo,3.526301267830,2.651850000000,0.906622905791,-0.421941828568
2024-01-13T06:40:00Z,fourier-demo,3.373194928612,2.652000000000,0.905974112729,-0.423333092334
2024-01-13T06:41:00Z,fourier-demo,3.194634633612,2.652150000000,0.905323184696,-0.424723358496
2024-01-13T06:42:00Z,fourier-demo,2.997051989513,2.652300000000,0.904670123226,-0.426112623777
2024-01-13T06:43:00Z,fourier-demo,2.787858264560,2.652450000000,0.904014929858,-0.427500884904
2024-01-13T06:44:00Z,fourier-demo,2.575157541164,2.652600000000,0.903357606136,-0.428888138604
2024-01-13T06:45:00Z,fourier-demo,2.367427133186,2.652750000000,0.902698153610,-0.430274381610
2024-01-13T06:46:00Z,fourier-demo,2.173178021701,2.652900000000,0.902036573832,-0.431659610653
2024-01-13T06:47:00Z,fourier-demo,2.000608971301,2.653050000000,0.901372868363,-0.433043822470
2024-01-13T06:48:00Z,fourier-demo,1.857268342974,2.653200000000,0.900707038765,-0.434427013799
2024-01-13T06:49:00Z,fourier-demo,1.749737403115,2.653350000000,0.900039086609,-0.435809181380
2024-01-13T06:50:00Z,fourier-demo,1.683348148278,2.653500000000,0.899369013469,-0.437190321956
2024-01-13T06:51:00Z,fourier-demo,1.661947351942,2.653650000000,0.898696820922,-0.438570432273
2024-01-13T06:52:00Z,fourier-demo,1.687716744772,2.653800000000,0.898022510555,-0.439949509077
2024-01-13T06:53:00Z,fourier-demo,1.761057035217,2.653950000000,0.897346083954,-0.441327549120
2024-01-13T06:54:00Z,fourier-demo,1.880540951391,2.654100000000,0.896667542715,-0.442704549153
2024-01-13T06:55:00Z,fourier-demo,2.042937739677,2.654250000000,0.895986888437,-0.444080505933
2024-01-13T06:56:00Z,fourier-demo,2.243308701351,2.654400000000,0.895304122723,-0.445455416215
2024-01-13T06:57:00Z,fourier-demo,2.475170501218,2.654550000000,0.894619247183,-0.446829276761
2024-01-13T06:58:00Z,fourier-demo,2.730720257082,2.654700000000,0.893932263430,-0.448202084332
2024-01-13T06:59:00Z,fourier-demo,3.001113926618,2.654850000000,0.893243173083,-0.449573835694
2024-01-13T07:00:00Z,fourier-demo,3.276787349922,2.655000000000,0.892551977766,-0.450944527614
2024-01-13T07:01:00Z,fourier-demo,3.547807569789,2.655150000000,0.891858679109,-0.452314156862
2024-01-13T07:02:00Z,fourier-demo,3.804240808194,2.655300000000,0.891163278745,-0.453682720210
2024-01-13T07:03:00Z,fourier-demo,4.036522777625,2.655450000000,0.890465778312,-0.455050214434
2024-01-13T07:04:00Z,fourier-demo,4.235816878564,2.655600000000,0.889766179454,-0.456416636310
2024-01-13T07:05:00Z,fourier-demo,4.394346285382,2.655750000000,0.889064483820,-0.457781982618
2024-01-13T07:06:00Z,fourier-demo,4.505686934388,2.655900000000,0.888360693064,-0.459146250142
2024-01-13T07:07:00Z,fourier-demo,4.565009959339,2.656050000000,0.887654808843,-0.460509435666
2024-01-13T07:08:00Z,fourier-demo,4.569264109814,2.656200000000,0.886946832823,-0.461871535977
2024-01-13T07:09:00Z,fourier-demo,4.517291056476,2.656350000000,0.886236766670,-0.463232547867
2024-01-13T07:10:00Z,fourier-demo,4.409869138788,2.656500000000,0.885524612058,-0.464592468127
2024-01-13T07:11:00Z,fourier-demo,4.249683938511,2.656650000000,0.884810370665,-0.465951293553
2024-01-13T07:12:00Z,fourier-demo,4.041226952168,2.656800000000,0.884094044175,-0.467309020942
2024-01-13T07:13:00Z,fourier-demo,3.790626471267,2.656950000000,0.883375634276,-0.468665647096
2024-01-13T07:14:00Z,fourier-demo,3.505417446186,2.657100000000,0.882655142660,-0.470021168817
2024-01-13T07:15:00Z,fourier-demo,3.194259501021,2.657250000000,0.881932571025,-0.471375582911
2024-01-13T07:16:00Z,fourier-demo,2.866614286356,2.657400000000,0.881207921075,-0.472728886186
2024-01-13T07:17:00Z,fourier-demo,2.532394923973,2.657550000000,0.880481194516,-0.474081075454
2024-01-13T07:18:00Z,fourier-demo,2.201601349649,2.657700000000,0.879752393062,-0.475432147526
2024-01-13T07:19:00Z,fourier-demo,1.883955855894,2.657850000000,0.879021518430,-0.476782099220
2024-01-13T07:20:00Z,fourier-demo,1.588553056909,2.658000000000,0.878288572342,-0.478130927355
2024-01-13T07:21:00Z,fourier-demo,1.323537847959,2.658150000000,0.877553556525,-0.479478628752
2024-01-13T07:22:00Z,fourier-demo,1.095823738203,2.658300000000,0.876816472712,-0.480825200234
2024-01-13T07:23:00Z,fourier-demo,0.910862249755,2.658450000000,0.876077322640,-0.482170638629
2024-01-13T07:24:00Z,fourier-demo,0.772471966007,2.658600000000,0.875336108050,-0.483514940767
2024-01-13T07:25:00Z,fourier-demo,0.682733365703,2.658750000000,0.874592830688,-0.484858103478
2024-01-13T07:26:00Z,fourier-demo,0.641952896372,2.658900000000,0.873847492308,-0.486200123598
2024-01-13T07:27:00Z,fourier-demo,0.648696931111,2.659050000000,0.873100094664,-0.487540997965
2024-01-13T07:28:00Z,fourier-demo,0.699893431080,2.659200000000,0.872350639519,-0.488880723419
2024-01-13T07:29:00Z,fourier-demo,0.790996417302,2.659350000000,0.871599128639,-0.490219296801
2024-01-13T07:30:00Z,fourier-demo,0.916205849874,2.659500000000,0.870845563793,-0.491556714959
2024-01-13T07:31:00Z,fourier-demo,1.068733322018,2.659650000000,0.870089946759,-0.492892974740
2024-01-13T07:32:00Z,fourier-demo,1.241102188877,2.659800000000,0.869332279317,-0.494228072996
2024-01-13T07:33:00Z,fourier-demo,1.425469438304,2.659950000000,0.868572563252,-0.495562006580
2024-01-13T07:34:00Z,fourier-demo,1.613955825214,2.660100000000,0.867810800355,-0.496894772348
2024-01-13T07:35:00Z,fourier-demo,1.798970562682,2.660250000000,0.867046992421,-0.498226367161
2024-01-13T07:36:00Z,fourier-demo,1.973517199509,2.660400000000,0.866281141249,-0.499556787879
2024-01-13T07:37:00Z,fourier-demo,2.131468199480,2.660550000000,0.865513248645,-0.500886031368
2024-01-13T07:38:00Z,fourier-demo,2.267797134046,2.660700000000,0.864743316418,-0.502214094496
2024-01-13T07:39:00Z,fourier-demo,2.378759248267,2.660850000000,0.863971346383,-0.503540974132
2024-01-13T07:40:00Z,fourier-demo,2.462013382179,2.661000000000,0.863197340358,-0.504866667150
2024-01-13T07:41:00Z,fourier-demo,2.516680733265,2.661150000000,0.862421300168,-0.506191170426
2024-01-13T07:42:00Z,fourier-demo,2.543338626264,2.661300000000,0.861643227641,-0.507514480839
2024-01-13T07:43:00Z,fourier-demo,2.543950202745,2.661450000000,0.860863124611,-0.508836595269
2024-01-13T07:44:00Z,fourier-demo,2.521733640759,2.661600000000,0.860080992916,-0.510157510602
2024-01-13T07:45:00Z,fourier-demo,2.480977052806,2.661750000000,0.859296834400,-0.511477223725
2024-01-13T07:46:00Z,fourier-demo,2.426807483263,2.661900000000,0.858510650911,-0.512795731528
2024-01-13T07:47:00Z,fourier-demo,2.364924340494,2.662050000000,0.857722444300,-0.514113030903
2024-01-13T07:48:00Z,fourier-demo,2.301309075060,2.662200000000,0.856932216426,-0.515429118747
2024-01-13T07:49:00Z,fourier-demo,2.241923893081,2.662350000000,0.856139969150,-0.516743991957
2024-01-13T07:50:00Z,fourier-demo,2.192412732689,2.662500000000,0.855345704340,-0.518057647436
2024-01-13T07:51:00Z,fourier-demo,2.157817613921,2.662650000000,0.854549423868,-0.519370082087
2024-01-13T07:52:00Z,fourier-demo,2.142322803538,2.662800000000,0.853751129609,-0.520681292818
2024-01-13T07:53:00Z,fourier-demo,2.149038044244,2.662950000000,0.852950823446,-0.521991276539
2024-01-13T07:54:00Z,fourier-demo,2.179830432316,2.663100000000,0.852148507263,-0.523300030163
2024-01-13T07:55:00Z,fourier-demo,2.235212458078,2.663250000000,0.851344182953,-0.524607550606
2024-01-13T07:56:00Z,fourier-demo,2.314291336089,2.663400000000,0.850537852409,-0.525913834786
2024-01-13T07:57:00Z,fourier-demo,2.414782145532,2.663550000000,0.849729517533,-0.527218879626
2024-01-13T07:58:00Z,fourier-demo,2.533084584674,2.663700000000,0.848919180229,-0.528522682049
2024-01-13T07:59:00Z,fourier-demo,2.664420429172,2.663850000000,0.848106842406,-0.529825238983
2024-01-13T08:00:00Z,fourier-demo,2.803026185739,2.664000000000,0.847292505980,-0.531126547359
2024-01-13T08:01:00Z,fourier-demo,2.942393058280,2.664150000000,0.846476172869,-0.532426604111
2024-01-13T08:02:00Z,fourier-demo,3.075544292507,2.664300000000,0.845657844997,-0.533725406174
2024-01-13T08:03:00Z,fourier-demo,3.195338322969,2.664450000000,0.844837524292,-0.535022950487
2024-01-13T08:04:00Z,fourier-demo,3.294784982662,2.664600000000,0.844015212688,-0.536319233994
2024-01-13T08:05:00Z,fourier-demo,3.367361399341,2.664750000000,0.843190912121,-0.537614253639
2024-01-13T08:06:00Z,fourier-demo,3.407314122046,2.664900000000,0.842364624536,-0.538908006371
2024-01-13T08:07:00Z,fourier-demo,3.409934501221,2.665050000000,0.841536351878,-0.540200489141
2024-01-13T08:08:00Z,fourier-demo,3.371795367652,2.665200000000,0.840706096100,-0.541491698902
2024-01-13T08:09:00Z,fourier-demo,3.290938578937,2.665350000000,0.839873859159,-0.542781632613
2024-01-13T08:10:00Z,fourier-demo,3.167004965717,2.665500000000,0.839039643015,-0.544070287233
2024-01-13T08:11:00Z,fourier-demo,3.001300533960,2.665650000000,0.838203449634,-0.545357659726
2024-01-13T08:12:00Z,fourier-demo,2.796795369522,2.665800000000,0.837365280987,-0.546643747057
2024-01-13T08:13:00Z,fourier-demo,2.558054441239,2.665950000000,0.836525139050,-0.547928546197
2024-01-13T08:14:00Z,fourier-demo,2.291102296360,2.666100000000,0.835683025801,-0.549212054118
2024-01-13T08:15:00Z,fourier-demo,2.003226372416,2.666250000000,0.834838943226,-0.550494267794
2024-01-13T08:16:00Z,fourier-demo,1.702726200405,2.666400000000,0.833992893313,-0.551775184204
2024-01-13T08:17:00Z,fourier-demo,1.398618040183,2.666550000000,0.833144878057,-0.553054800330
2024-01-13T08:18:00Z,fourier-demo,1.100306376524,2.666700000000,0.832294899455,-0.554333113156
2024-01-13T08:19:00Z,fourier-demo,0.817235134979,2.666850000000,0.831442959511,-0.555610119670
2024-01-13T08:20:00Z,fourier-demo,0.558532390409,2.667000000000,0.830589060232,-0.556885816862
2024-01-13T08:21:00Z,fourier-demo,0.332662699008,2.667150000000,0.829733203631,-0.558160201727
2024-01-13T08:22:00Z,fourier-demo,0.147100970445,2.667300000000,0.828875391724,-0.559433271261
2024-01-13T08:23:00Z,fourier-demo,0.008041017346,2.667450000000,0.828015626534,-0.560705022464
2024-01-13T08:24:00Z,fourier-demo,-0.079849395165,2.667600000000,0.827153910085,-0.561975452338
2024-01-13T08:25:00Z,fourier-demo,-0.113616974804,2.667750000000,0.826290244409,-0.563244557892
2024-01-13T08:26:00Z,fourier-demo,-0.092146986540,2.667900000000,0.825424631541,-0.564512336132
2024-01-13T08:27:00Z,fourier-demo,-0.016217712362,2.668050000000,0.824557073521,-0.565778784073
2024-01-13T08:28:00Z,fourier-demo,0.111517244070,2.668200000000,0.823687572393,-0.567043898729
2024-01-13T08:29:00Z,fourier-demo,0.286618475063,2.668350000000,0.822816130206,-0.568307677120
2024-01-13T08:30:00Z,fourier-demo,0.503018918229,2.668500000000,0.821942749014,-0.569570116266
2024-01-13T08:31:00Z,fourier-demo,0.753244710250,2.668650000000,0.821067430875,-0.570831213194
2024-01-13T08:32:00Z,fourier-demo,1.028690312991,2.668800000000,0.820190177852,-0.572090964930
2024-01-13T08:33:00Z,fourier-demo,1.319937308405,2.668950000000,0.819310992012,-0.573349368508
2024-01-13T08:34:00Z,fourier-demo,1.617104508635,2.669100000000,0.818429875427,-0.574606420960
2024-01-13T08:35:00Z,fourier-demo,1.910215770056,2.669250000000,0.817546830173,-0.575862119326
2024-01-13T08:36:00Z,fourier-demo,2.189571185929,2.669400000000,0.816661858331,-0.577116460645
2024-01-13T08:37:00Z,fourier-demo,2.446107190961,2.669550000000,0.815774961987,-0.578369441961
2024-01-13T08:38:00Z,fourier-demo,2.671731548195,2.669700000000,0.814886143231,-0.579621060323
2024-01-13T08:39:00Z,fourier-demo,2.859620186976,2.669850000000,0.813995404157,-0.580871312780
2024-01-13T08:40:00Z,fourier-demo,3.004464379793,2.670000000000,0.813102746864,-0.582120196387
2024-01-13T08:41:00Z,fourier-demo,3.102658724437,2.670150000000,0.812208173457,-0.583367708200
2024-01-13T08:42:00Z,fourier-demo,3.152422756033,2.670300000000,0.811311686042,-0.584613845279
2024-01-13T08:43:00Z,fourier-demo,3.153851656009,2.670450000000,0.810413286733,-0.585858604688
2024-01-13T08:44:00Z,fourier-demo,3.108894344993,2.670600000000,0.809512977646,-0.587101983493
2024-01-13T08:45:00Z,fourier-demo,3.021260130335,2.670750000000,0.808610760905,-0.588343978765
2024-01-13T08:46:00Z,fourier-demo,2.896257909874,2.670900000000,0.807706638633,-0.589584587577
2024-01-13T08:47:00Z,fourier-demo,2.740574597746,2.671050000000,0.806800612963,-0.590823807004
2024-01-13T08:48:00Z,fourier-demo,2.562001828105,2.671200000000,0.805892686028,-0.592061634128
2024-01-13T08:49:00Z,fourier-demo,2.369122012675,2.671350000000,0.804982859970,-0.593298066030
2024-01-13T08:50:00Z,fourier-demo,2.170966397216,2.671500000000,0.804071136931,-0.594533099797
2024-01-13T08:51:00Z,fourier-demo,1.976658817703,2.671650000000,0.803157519061,-0.595766732518
2024-01-13T08:52:00Z,fourier-demo,1.795059357939,2.671800000000,0.802242008512,-0.596998961288
2024-01-13T08:53:00Z,fourier-demo,1.634422037410,2.671950000000,0.801324607442,-0.598229783201
2024-01-13T08:54:00Z,fourier-demo,1.502080015910,2.672100000000,0.800405318012,-0.599459195357
2024-01-13T08:55:00Z,fourier-demo,1.404170617455,2.672250000000,0.799484142390,-0.600687194859
2024-01-13T08:56:00Z,fourier-demo,1.345410799747,2.672400000000,0.798561082745,-0.601913778813
2024-01-13T08:57:00Z,fourier-demo,1.328931596540,2.672550000000,0.797636141253,-0.603138944329
2024-01-13T08:58:00Z,fourier-demo,1.356177625201,2.672700000000,0.796709320094,-0.604362688520
2024-01-13T08:59:00Z,fourier-demo,1.426875080738,2.672850000000,0.795780621452,-0.605585008501
2024-01-13T09:00:00Z,fourier-demo,1.539068840050,2.673000000000,0.794850047515,-0.606805901393
2024-01-13T09:01:00Z,fourier-demo,1.689226490595,2.673150000000,0.793917600476,-0.608025364318
2024-01-13T09:02:00Z,fourier-demo,1.872404390831,2.673300000000,0.792983282533,-0.609243394402
2024-01-13T09:03:00Z,fourier-demo,2.082468375765,2.673450000000,0.792047095888,-0.610459988776
2024-01-13T09:04:00Z,fourier-demo,2.312359541198,2.673600000000,0.791109042746,-0.611675144571
2024-01-13T09:05:00Z,fourier-demo,2.554393762934,2.673750000000,0.790169125318,-0.612888858925
2024-01-13T09:06:00Z,fourier-demo,2.800582303738,2.673900000000,0.789227345819,-0.614101128978
2024-01-13T09:07:00Z,fourier-demo,3.042960083414,2.674050000000,0.788283706468,-0.615311951872
2024-01-13T09:08:00Z,fourier-demo,3.273907965992,2.674200000000,0.787338209490,-0.616521324755
2024-01-13T09:09:00Z,fourier-demo,3.486455760265,2.674350000000,0.786390857112,-0.617729244775
2024-01-13T09:10:00Z,fourier-demo,3.674553519861,2.674500000000,0.785441651567,-0.618935709088
2024-01-13T09:11:00Z,fourier-demo,3.833300128533,2.674650000000,0.784490595091,-0.620140714849
2024-01-13T09:12:00Z,fourier-demo,3.959120006039,2.674800000000,0.783537689926,-0.621344259220
2024-01-13T09:13:00Z,fourier-demo,4.049880992495,2.674950000000,0.782582938317,-0.622546339363
2024-01-13T09:14:00Z,fourier-demo,4.104948971362,2.675100000000,0.781626342515,-0.623746952447
2024-01-13T09:15:00Z,fourier-demo,4.125177469285,2.675250000000,0.780667904773,-0.624946095641
2024-01-13T09:16:00Z,fourier-demo,4.112833213350,2.675400000000,0.779707627351,-0.626143766120
2024-01-13T09:17:00Z,fourier-demo,4.071461319287,2.675550000000,0.778745512510,-0.627339961062
2024-01-13T09:18:00Z,fourier-demo,4.005696316073,2.675700000000,0.777781562519,-0.628534677647
2024-01-13T09:19:00Z,fourier-demo,3.921027478425,2.675850000000,0.776815779649,-0.629727913061
2024-01-13T09:20:00Z,fourier-demo,3.823528845107,2.676000000000,0.775848166176,-0.630919664491
2024-01-13T09:21:00Z,fourier-demo,3.719565768968,2.676150000000,0.774878724380,-0.632109929129
2024-01-13T09:22:00Z,fourier-demo,3.615490813663,2.676300000000,0.773907456545,-0.633298704170
2024-01-13T09:23:00Z,fourier-demo,3.517342242034,2.676450000000,0.772934364961,-0.634485986813
2024-01-13T09:24:00Z,fourier-demo,3.430558214661,2.676600000000,0.771959451921,-0.635671774260
2024-01-13T09:25:00Z,fourier-demo,3.359719139479,2.676750000000,0.770982719721,-0.636856063716
2024-01-13T09:26:00Z,fourier-demo,3.308329412910,2.676900000000,0.770004170664,-0.638038852390
2024-01-13T09:27:00Z,fourier-demo,3.278648119522,2.677050000000,0.769023807056,-0.639220137496
2024-01-13T09:28:00Z,fourier-demo,3.271576180325,2.677200000000,0.768041631208,-0.640399916249
2024-01-13T09:29:00Z,fourier-demo,3.286605045716,2.677350000000,0.767057645432,-0.641578185870
2024-01-13T09:30:00Z,fourier-demo,3.321829417039,2.677500000000,0.766071852049,-0.642754943581
2024-01-13T09:31:00Z,fourier-demo,3.374023759508,2.677650000000,0.765084253382,-0.643930186610
2024-01-13T09:32:00Z,fourier-demo,3.438779651586,2.677800000000,0.764094851757,-0.645103912187
2024-01-13T09:33:00Z,fourier-demo,3.510698415315,2.677950000000,0.763103649506,-0.646276117546
2024-01-13T09:34:00Z,fourier-demo,3.583631096528,2.678100000000,0.762110648966,-0.647446799925
2024-01-13T09:35:00Z,fourier-demo,3.650955812819,2.678250000000,0.761115852476,-0.648615956564
2024-01-13T09:36:00Z,fourier-demo,3.705880846391,2.678400000000,0.760119262380,-0.649783584710
2024-01-13T09:37:00Z,fourier-demo,3.741760697578,2.678550000000,0.759120881028,-0.650949681610
2024-01-13T09:38:00Z,fourier-demo,3.752411682367,2.678700000000,0.758120710771,-0.652114244516
2024-01-13T09:39:00Z,fourier-demo,3.732413581354,2.678850000000,0.757118753967,-0.653277270684
2024-01-13T09:40:00Z,fourier-demo,3.677384332913,2.679000000000,0.756115012976,-0.654438757373
2024-01-13T09:41:00Z,fourier-demo,3.584215791765,2.679150000000,0.755109490165,-0.655598701846
2024-01-13T09:42:00Z,fourier-demo,3.451260104622,2.679300000000,0.754102187903,-0.656757101370
2024-01-13T09:43:00Z,fourier-demo,3.278458225835,2.679450000000,0.753093108563,-0.657913953215
2024-01-13T09:44:00Z,fourier-demo,3.067404428082,2.679600000000,0.752082254524,-0.659069254654
2024-01-13T09:45:00Z,fourier-demo,2.821343261293,2.679750000000,0.751069628167,-0.660223002966
2024-01-13T09:46:00Z,fourier-demo,2.545098171389,2.679900000000,0.750055231879,-0.661375195431
2024-01-13T09:47:00Z,fourier-demo,2.244933796088,2.680050000000,0.749039068050,-0.662525829334
2024-01-13T09:48:00Z,fourier-demo,1.928356693231,2.680200000000,0.748021139076,-0.663674901963
2024-01-13T09:49:00Z,fourier-demo,1.603861815146,2.680350000000,0.747001447354,-0.664822410611
2024-01-13T09:50:00Z,fourier-demo,1.280634315377,2.680500000000,0.745979995288,-0.665968352574
2024-01-13T09:51:00Z,fourier-demo,0.968218167566,2.680650000000,0.744956785285,-0.667112725151
2024-01-13T09:52:00Z,fourier-demo,0.676164511915,2.680800000000,0.743931819756,-0.668255525645
2024-01-13T09:53:00Z,fourier-demo,0.413673562337,2.680950000000,0.742905101116,-0.669396751363
2024-01-13T09:54:00Z,fourier-demo,0.189244268155,2.681100000000,0.741876631786,-0.670536399616
2024-01-13T09:55:00Z,fourier-demo,0.010345711477,2.681250000000,0.740846414188,-0.671674467719
2024-01-13T09:56:00Z,fourier-demo,-0.116876557727,2.681400000000,0.739814450750,-0.672810952989
2024-01-13T09:57:00Z,fourier-demo,-0.187847362429,2.681550000000,0.738780743905,-0.673945852747
2024-01-13T09:58:00Z,fourier-demo,-0.199751828909,2.681700000000,0.737745296088,-0.675079164321
2024-01-13T09:59:00Z,fourier-demo,-0.151660533329,2.681850000000,0.736708109739,-0.676210885039
2024-01-13T10:00:00Z,fourier-demo,-0.044584528281,2.682000000000,0.735669187303,-0.677341012234
2024-01-13T10:01:00Z,fourier-demo,0.118542327474,2.682150000000,0.734628531227,-0.678469543242
2024-01-13T10:02:00Z,fourier-demo,0.332953442216,2.682300000000,0.733586143965,-0.679596475405
2024-01-13T10:03:00Z,fourier-demo,0.592208807494,2.682450000000,0.732542027972,-0.680721806067
2024-01-13T10:04:00Z,fourier-demo,0.888417651502,2.682600000000,0.731496185709,-0.681845532576
2024-01-13T10:05:00Z,fourier-demo,1.212516009073,2.682750000000,0.730448619641,-0.682967652283
2024-01-13T10:06:00Z,fourier-demo,1.554588605781,2.682900000000,0.729399332236,-0.684088162545
2024-01-13T10:07:00Z,fourier-demo,1.904222692733,2.683050000000,0.728348325967,-0.685207060721
2024-01-13T10:08:00Z,fourier-demo,2.250880200010,2.683200000000,0.727295603311,-0.686324344173
2024-01-13T10:09:00Z,fourier-demo,2.584273851591,2.683350000000,0.726241166748,-0.687440010270
2024-01-13T10:10:00Z,fourier-demo,2.894732732402,2.683500000000,0.725185018764,-0.688554056383
2024-01-13T10:11:00Z,fourier-demo,3.173543224911,2.683650000000,0.724127161846,-0.689666479885
2024-01-13T10:12:00Z,fourier-demo,3.413252221142,2.683800000000,0.723067598489,-0.690777278155
2024-01-13T10:13:00Z,fourier-demo,3.607921026094,2.683950000000,0.722006331189,-0.691886448576
2024-01-13T10:14:00Z,fourier-demo,3.753320339014,2.684100000000,0.720943362447,-0.692993988534
2024-01-13T10:15:00Z,fourier-demo,3.847059050235,2.684250000000,0.719878694768,-0.694099895418
2024-01-13T10:16:00Z,fourier-demo,3.888642227989,2.684400000000,0.718812330660,-0.695204166624
2024-01-13T10:17:00Z,fourier-demo,3.879456485253,2.684550000000,0.717744272637,-0.696306799548
2024-01-13T10:18:00Z,fourier-demo,3.822683797476,2.684700000000,0.716674523216,-0.697407791592
2024-01-13T10:19:00Z,fourier-demo,3.723147671640,2.684850000000,0.715603084918,-0.698507140161
2024-01-13T10:20:00Z,fourier-demo,3.587098231517,2.685000000000,0.714529960267,-0.699604842666
2024-01-13T10:21:00Z,fourier-demo,3.421945175963,2.685150000000,0.713455151792,-0.700700896518
2024-01-13T10:22:00Z,fourier-demo,3.235949590570,2.685300000000,0.712378662026,-0.701795299136
2024-01-13T10:23:00Z,fourier-demo,3.037887167202,2.685450000000,0.711300493507,-0.702888047940
2024-01-13T10:24:00Z,fourier-demo,2.836696448254,2.685600000000,0.710220648774,-0.703979140355
2024-01-13T10:25:00Z,fourier-demo,2.641126221312,2.685750000000,0.709139130373,-0.705068573810
2024-01-13T10:26:00Z,fourier-demo,2.459396126327,2.685900000000,0.708055940852,-0.706156345737
2024-01-13T10:27:00Z,fourier-demo,2.298883905575,2.686050000000,0.706971082763,-0.707242453574
2024-01-13T10:28:00Z,fourier-demo,2.165851554171,2.686200000000,0.705884558664,-0.708326894760
2024-01-13T10:29:00Z,fourier-demo,2.065220965009,2.686350000000,0.704796371114,-0.709409666740
2024-01-13T10:30:00Z,fourier-demo,2.000407576065,2.686500000000,0.703706522678,-0.710490766963
2024-01-13T10:31:00Z,fourier-demo,1.973218106464,2.686650000000,0.702615015925,-0.711570192881
2024-01-13T10:32:00Z,fourier-demo,1.983815810350,2.686800000000,0.701521853426,-0.712647941950
2024-01-13T10:33:00Z,fourier-demo,2.030753893881,2.686950000000,0.700427037758,-0.713724011631
2024-01-13T10:34:00Z,fourier-demo,2.111074944659,2.687100000000,0.699330571500,-0.714798399387
2024-01-13T10:35:00Z,fourier-demo,2.220471529206,2.687250000000,0.698232457236,-0.715871102687
2024-01-13T10:36:00Z,fourier-demo,2.353500632694,2.687400000000,0.697132697555,-0.716942119002
2024-01-13T10:37:00Z,fourier-demo,2.503842447078,2.687550000000,0.696031295048,-0.718011445810
2024-01-13T10:38:00Z,fourier-demo,2.664592247181,2.687700000000,0.694928252310,-0.719079080590
2024-01-13T10:39:00Z,fourier-demo,2.828572800467,2.687850000000,0.693823571940,-0.720145020826
2024-01-13T10:40:00Z,fourier-demo,2.988653986915,2.688000000000,0.692717256543,-0.721209264006
2024-01-13T10:41:00Z,fourier-demo,3.138066090909,2.688150000000,0.691609308724,-0.722271807622
2024-01-13T10:42:00Z,fourier-demo,3.270693574431,2.688300000000,0.690499731096,-0.723332649171
2024-01-13T10:43:00Z,fourier-demo,3.381337034397,2.688450000000,0.689388526272,-0.724391786152
2024-01-13T10:44:00Z,fourier-demo,3.465932448207,2.688600000000,0.688275696872,-0.725449216069
2024-01-13T10:45:00Z,fourier-demo,3.521718661446,2.688750000000,0.687161245517,-0.726504936431
2024-01-13T10:46:00Z,fourier-demo,3.547346292425,2.688900000000,0.686045174835,-0.727558944750
2024-01-13T10:47:00Z,fourier-demo,3.542923727218,2.689050000000,0.684927487454,-0.728611238542
2024-01-13T10:48:00Z,fourier-demo,3.509998551797,2.689200000000,0.683808186009,-0.729661815327
2024-01-13T10:49:00Z,fourier-demo,3.451475503625,2.689350000000,0.682687273138,-0.730710672630
2024-01-13T10:50:00Z,fourier-demo,3.371474709902,2.689500000000,0.681564751483,-0.731757807978
2024-01-13T10:51:00Z,fourier-demo,3.275136502128,2.689650000000,0.680440623687,-0.732803218904
2024-01-13T10:52:00Z,fourier-demo,3.168381352084,2.689800000000,0.679314892402,-0.733846902945
2024-01-13T10:53:00Z,fourier-demo,3.057635369052,2.689950000000,0.678187560278,-0.734888857641
2024-01-13T10:54:00Z,fourier-demo,2.949533253651,2.690100000000,0.677058629973,-0.735929080536
2024-01-13T10:55:00Z,fourier-demo,2.850611559561,2.690250000000,0.675928104148,-0.736967569180
2024-01-13T10:56:00Z,fourier-demo,2.767005530896,2.690400000000,0.674795985466,-0.738004321125
2024-01-13T10:57:00Z,fourier-demo,2.704162642777,2.690550000000,0.673662276596,-0.739039333927
2024-01-13T10:58:00Z,fourier-demo,2.666585281333,2.690700000000,0.672526980208,-0.740072605149
2024-01-13T10:59:00Z,fourier-demo,2.657613785380,2.690850000000,0.671390098979,-0.741104132355
2024-01-13T11:00:00Z,fourier-demo,2.679259385545,2.691000000000,0.670251635587,-0.742133913113
2024-01-13T11:01:00Z,fourier-demo,2.732094487309,2.691150000000,0.669111592716,-0.743161944998
2024-01-13T11:02:00Z,fourier-demo,2.815205338675,2.691300000000,0.667969973051,-0.744188225587
2024-01-13T11:03:00Z,fourier-demo,2.926209500665,2.691450000000,0.666826779284,-0.745212752460
2024-01-13T11:04:00Z,fourier-demo,3.061337808067,2.691600000000,0.665682014108,-0.746235523205
2024-01-13T11:05:00Z,fourier-demo,3.215577782212,2.691750000000,0.664535680221,-0.747256535411
2024-01-13T11:06:00Z,fourier-demo,3.382872850147,2.691900000000,0.663387780323,-0.748275786671
2024-01-13T11:07:00Z,fourier-demo,3.556369343851,2.692050000000,0.662238317122,-0.749293274583
2024-01-13T11:08:00Z,fourier-demo,3.728701198427,2.692200000000,0.661087293324,-0.750308996751
2024-01-13T11:09:00Z,fourier-demo,3.892300625361,2.692350000000,0.659934711643,-0.751322950780
2024-01-13T11:10:00Z,fourier-demo,4.039721875197,2.692500000000,0.658780574794,-0.752335134281
2024-01-13T11:11:00Z,fourier-demo,4.163964572636,2.692650000000,0.657624885498,-0.753345544869
2024-01-13T11:12:00Z,fourier-demo,4.258783033800,2.692800000000,0.656467646478,-0.754354180162
2024-01-13T11:13:00Z,fourier-demo,4.318968464977,2.692950000000,0.655308860460,-0.755361037784
2024-01-13T11:14:00Z,fourier-demo,4.340591975954,2.693100000000,0.654148530177,-0.756366115362
2024-01-13T11:15:00Z,fourier-demo,4.321197878428,2.693250000000,0.652986658361,-0.757369410527
2024-01-13T11:16:00Z,fourier-demo,4.259938719007,2.693400000000,0.651823247751,-0.758370920916
2024-01-13T11:17:00Z,fourier-demo,4.157645837312,2.693550000000,0.650658301089,-0.759370644168
2024-01-13T11:18:00Z,fourier-demo,4.016831847466,2.693700000000,0.649491821120,-0.760368577926
2024-01-13T11:19:00Z,fourier-demo,3.841624209848,2.693850000000,0.648323810593,-0.761364719841
2024-01-13T11:20:00Z,fourier-demo,3.637631876338,2.694000000000,0.647154272260,-0.762359067563
2024-01-13T11:21:00Z,fourier-demo,3.411749741320,2.694150000000,0.645983208878,-0.763351618750
2024-01-13T11:22:00Z,fourier-demo,3.171908199708,2.694300000000,0.644810623205,-0.764342371063
2024-01-13T11:23:00Z,fourier-demo,2.926777396744,2.694450000000,0.643636518006,-0.765331322167
2024-01-13T11:24:00Z,fourier-demo,2.685437658224,2.694600000000,0.642460896047,-0.766318469731
2024-01-13T11:25:00Z,fourier-demo,2.457029035204,2.694750000000,0.641283760098,-0.767303811430
2024-01-13T11:26:00Z,fourier-demo,2.250393824157,2.694900000000,0.640105112934,-0.768287344941
2024-01-13T11:27:00Z,fourier-demo,2.073726292497,2.695050000000,0.638924957331,-0.769269067946
2024-01-13T11:28:00Z,fourier-demo,1.934243634057,2.695200000000,0.637743296072,-0.770248978133
2024-01-13T11:29:00Z,fourier-demo,1.837891406139,2.695350000000,0.636560131941,-0.771227073191
2024-01-13T11:30:00Z,fourier-demo,1.789095389240,2.695500000000,0.635375467726,-0.772203350817
2024-01-13T11:31:00Z,fourier-demo,1.790570014155,2.695650000000,0.634189306218,-0.773177808708
2024-01-13T11:32:00Z,fourier-demo,1.843191290748,2.695800000000,0.633001650213,-0.774150444570
2024-01-13T11:33:00Z,fourier-demo,1.945939636630,2.695950000000,0.631812502510,-0.775121256109
2024-01-13T11:34:00Z,fourier-demo,2.095915244423,2.696100000000,0.630621865911,-0.776090241039
2024-01-13T11:35:00Z,fourier-demo,2.288425754216,2.696250000000,0.629429743221,-0.777057397075
2024-01-13T11:36:00Z,fourier-demo,2.517143129023,2.696400000000,0.628236137251,-0.778022721938
2024-01-13T11:37:00Z,fourier-demo,2.774323881394,2.696550000000,0.627041050812,-0.778986213355
2024-01-13T11:38:00Z,fourier-demo,3.051084279749,2.696700000000,0.625844486722,-0.779947869053
2024-01-13T11:39:00Z,fourier-demo,3.337719975276,2.696850000000,0.624646447799,-0.780907686767
2024-01-13T11:40:00Z,fourier-demo,3.624057722782,2.697000000000,0.623446936867,-0.781865664236
2024-01-13T11:41:00Z,fourier-demo,3.899825593011,2.697150000000,0.622245956754,-0.782821799201
2024-01-13T11:42:00Z,fourier-demo,4.155027341180,2.697300000000,0.621043510288,-0.783776089409
2024-01-13T11:43:00Z,fourier-demo,4.380306436282,2.697450000000,0.619839600304,-0.784728532612
2024-01-13T11:44:00Z,fourier-demo,4.567285674374,2.697600000000,0.618634229638,-0.785679126565
2024-01-13T11:45:00Z,fourier-demo,4.708869279445,2.697750000000,0.617427401132,-0.786627869028
2024-01-13T11:46:00Z,fourier-demo,4.799495897684,2.697900000000,0.616219117628,-0.787574757765
2024-01-13T11:47:00Z,fourier-demo,4.835332854025,2.698050000000,0.615009381976,-0.788519790545
2024-01-13T11:48:00Z,fourier-demo,4.814404384113,2.698200000000,0.613798197024,-0.789462965141
2024-01-13T11:49:00Z,fourier-demo,4.736649185368,2.698350000000,0.612585565628,-0.790404279330
2024-01-13T11:50:00Z,fourier-demo,4.603905441040,2.698500000000,0.611371490646,-0.791343730894
2024-01-13T11:51:00Z,fourier-demo,4.419824347529,2.698650000000,0.610155974937,-0.792281317619
2024-01-13T11:52:00Z,fourier-demo,4.189716001439,2.698800000000,0.608939021367,-0.793217037296
2024-01-13T11:53:00Z,fourier-demo,3.920334164999,2.698950000000,0.607720632803,-0.794150887719
2024-01-13T11:54:00Z,fourier-demo,3.619608819363,2.699100000000,0.606500812117,-0.795082866688
2024-01-13T11:55:00Z,fourier-demo,3.296337438941,2.699250000000,0.605279562183,-0.796012972007
2024-01-13T11:56:00Z,fourier-demo,2.959847495463,2.699400000000,0.604056885879,-0.796941201483
2024-01-13T11:57:00Z,fourier-demo,2.619643765351,2.699550000000,0.602832786087,-0.797867552930
2024-01-13T11:58:00Z,fourier-demo,2.285054526559,2.699700000000,0.601607265690,-0.798792024164
2024-01-13T11:59:00Z,fourier-demo,1.964890672270,2.699850000000,0.600380327578,-0.799714613007
2024-01-13T12:00:00Z,fourier-demo,1.667131142864,2.700000000000,0.599151974641,-0.800635317285
2024-01-13T12:01:00Z,fourier-demo,1.398646911771,2.700150000000,0.597922209774,-0.801554134828
2024-01-13T12:02:00Z,fourier-demo,1.164974104470,2.700300000000,0.596691035875,-0.802471063470
2024-01-13T12:03:00Z,fourier-demo,0.970144752085,2.700450000000,0.595458455845,-0.803386101051
2024-01-13T12:04:00Z,fourier-demo,0.816581268070,2.700600000000,0.594224472589,-0.804299245416
2024-01-13T12:05:00Z,fourier-demo,0.705058088129,2.700750000000,0.592989089016,-0.805210494410
2024-01-13T12:06:00Z,fourier-demo,0.634731138710,2.700900000000,0.591752308035,-0.806119845889
2024-01-13T12:07:00Z,fourier-demo,0.603233012513,2.701050000000,0.590514132562,-0.807027297707
2024-01-13T12:08:00Z,fourier-demo,0.606829044422,2.701200000000,0.589274565515,-0.807932847728
2024-01-13T12:09:00Z,fourier-demo,0.640627008237,2.701350000000,0.588033609814,-0.808836493817
2024-01-13T12:10:00Z,fourier-demo,0.698830994262,2.701500000000,0.586791268384,-0.809738233844
2024-01-13T12:11:00Z,fourier-demo,0.775028268206,2.701650000000,0.585547544153,-0.810638065685
2024-01-13T12:12:00Z,fourier-demo,0.862496624063,2.701800000000,0.584302440051,-0.811535987218
2024-01-13T12:13:00Z,fourier-demo,0.954518979402,2.701950000000,0.583055959013,-0.812431996329
2024-01-13T12:14:00Z,fourier-demo,1.044691750818,2.702100000000,0.581808103976,-0.813326090906
2024-01-13T12:15:00Z,fourier-demo,1.127213897243,2.702250000000,0.580558877881,-0.814218268841
2024-01-13T12:16:00Z,fourier-demo,1.197144413616,2.702400000000,0.579308283671,-0.815108528032
2024-01-13T12:17:00Z,fourier-demo,1.250617458461,2.702550000000,0.578056324294,-0.815996866381
2024-01-13T12:18:00Z,fourier-demo,1.285006147163,2.702700000000,0.576803002700,-0.816883281795
2024-01-13T12:19:00Z,fourier-demo,1.299028260457,2.702850000000,0.575548321842,-0.817767772185
2024-01-13T12:20:00Z,fourier-demo,1.292789612128,2.703000000000,0.574292284677,-0.818650335467
2024-01-13T12:21:00Z,fourier-demo,1.267763487023,2.703150000000,0.573034894166,-0.819530969560
2024-01-13T12:22:00Z,fourier-demo,1.226707289114,2.703300000000,0.571776153270,-0.820409672390
2024-01-13T12:23:00Z,fourier-demo,1.173520215839,2.703450000000,0.570516064957,-0.821286441886
2024-01-13T12:24:00Z,fourier-demo,1.113048288030,2.703600000000,0.569254632196,-0.822161275981
2024-01-13T12:25:00Z,fourier-demo,1.050845309780,2.703750000000,0.567991857960,-0.823034172615
2024-01-13T12:26:00Z,fourier-demo,0.992900216236,2.703900000000,0.566727745224,-0.823905129729
2024-01-13T12:27:00Z,fourier-demo,0.945342711116,2.704050000000,0.565462296967,-0.824774145272
2024-01-13T12:28:00Z,fourier-demo,0.914140039489,2.704200000000,0.564195516171,-0.825641217196
2024-01-13T12:29:00Z,fourier-demo,0.904798145497,2.704350000000,0.562927405822,-0.826506343457
2024-01-13T12:30:00Z,fourier-demo,0.922080312105,2.704500000000,0.561657968908,-0.827369522017
2024-01-13T12:31:00Z,fourier-demo,0.969755676476,2.704650000000,0.560387208420,-0.828230750841
2024-01-13T12:32:00Z,fourier-demo,1.050388788776,2.704800000000,0.559115127354,-0.829090027901
2024-01-13T12:33:00Z,fourier-demo,1.165179684610,2.704950000000,0.557841728706,-0.829947351170
2024-01-13T12:34:00Z,fourier-demo,1.313861841520,2.705100000000,0.556567015478,-0.830802718630
2024-01-13T12:35:00Z,fourier-demo,1.494662974926,2.705250000000,0.555290990673,-0.831656128263
2024-01-13T12:36:00Z,fourier-demo,1.704330997983,2.705400000000,0.554013657299,-0.832507578060
2024-01-13T12:37:00Z,fourier-demo,1.938224732194,2.705550000000,0.552735018365,-0.833357066013
2024-01-13T12:38:00Z,fourier-demo,2.190466224346,2.705700000000,0.551455076885,-0.834204590120
2024-01-13T12:39:00Z,fourier-demo,2.454148913968,2.705850000000,0.550173835875,-0.835050148385
2024-01-13T12:40:00Z,fourier-demo,2.721593512317,2.706000000000,0.548891298355,-0.835893738815
2024-01-13T12:41:00Z,fourier-demo,2.984641398514,2.706150000000,0.547607467346,-0.836735359422
2024-01-13T12:42:00Z,fourier-demo,3.234973696527,2.706300000000,0.546322345874,-0.837575008222
2024-01-13T12:43:00Z,fourier-demo,3.464443037627,2.706450000000,0.545035936968,-0.838412683237
2024-01-13T12:44:00Z,fourier-demo,3.665404385909,2.706600000000,0.543748243659,-0.839248382493
2024-01-13T12:45:00Z,fourier-demo,3.831031237196,2.706750000000,0.542459268981,-0.840082104021
2024-01-13T12:46:00Z,fourier-demo,3.955603998622,2.706900000000,0.541169015973,-0.840913845855
2024-01-13T12:47:00Z,fourier-demo,4.034758398964,2.707050000000,0.539877487674,-0.841743606036
2024-01-13T12:48:00Z,fourier-demo,4.065683327286,2.707200000000,0.538584687128,-0.842571382609
2024-01-13T12:49:00Z,fourier-demo,4.047259487907,2.707350000000,0.537290617382,-0.843397173622
2024-01-13T12:50:00Z,fourier-demo,3.980132612934,2.707500000000,0.535995281485,-0.844220977130
2024-01-13T12:51:00Z,fourier-demo,3.866717594524,2.707650000000,0.534698682490,-0.845042791191
2024-01-13T12:52:00Z,fourier-demo,3.711132681248,2.707800000000,0.533400823452,-0.845862613868
2024-01-13T12:53:00Z,fourier-demo,3.519065713357,2.707950000000,0.532101707430,-0.846680443231
2024-01-13T12:54:00Z,fourier-demo,3.297577134928,2.708100000000,0.530801337485,-0.847496277351
2024-01-13T12:55:00Z,fourier-demo,3.054847104011,2.708250000000,0.529499716682,-0.848310114306
2024-01-13T12:56:00Z,fourier-demo,2.799876319172,2.708400000000,0.528196848088,-0.849121952178
2024-01-13T12:57:00Z,fourier-demo,2.542152098047,2.708550000000,0.526892734772,-0.849931789054
2024-01-13T12:58:00Z,fourier-demo,2.291292701534,2.708700000000,0.525587379809,-0.850739623025
2024-01-13T12:59:00Z,fourier-demo,2.056683835798,2.708850000000,0.524280786275,-0.851545452189
2024-01-13T13:00:00Z,fourier-demo,1.847121643869,2.709000000000,0.522972957248,-0.852349274645
2024-01-13T13:01:00Z,fourier-demo,1.670476302569,2.709150000000,0.521663895810,-0.853151088500
2024-01-13T13:02:00Z,fourier-demo,1.533389575510,2.709300000000,0.520353605047,-0.853950891864
2024-01-13T13:03:00Z,fourier-demo,1.441018368818,2.709450000000,0.519042088046,-0.854748682852
2024-01-13T13:04:00Z,fourier-demo,1.396834544677,2.709600000000,0.517729347898,-0.855544459584
2024-01-13T13:05:00Z,fourier-demo,1.402489040513,2.709750000000,0.516415387696,-0.856338220186
2024-01-13T13:06:00Z,fourier-demo,1.457745807060,2.709900000000,0.515100210536,-0.857129962786
2024-01-13T13:07:00Z,fourier-demo,1.560488318717,2.710050000000,0.513783819519,-0.857919685519
2024-01-13T13:08:00Z,fourier-demo,1.706798535512,2.710200000000,0.512466217746,-0.858707386523
2024-01-13T13:09:00Z,fourier-demo,1.891105323629,2.710350000000,0.511147408322,-0.859493063943
2024-01-13T13:10:00Z,fourier-demo,2.106396586521,2.710500000000,0.509827394355,-0.860276715927
2024-01-13T13:11:00Z,fourier-demo,2.344486832335,2.710650000000,0.508506178955,-0.861058340628
2024-01-13T13:12:00Z,fourier-demo,2.596329707607,2.710800000000,0.507183765237,-0.861837936204
2024-01-13T13:13:00Z,fourier-demo,2.852363250387,2.710950000000,0.505860156316,-0.862615500818
2024-01-13T13:14:00Z,fourier-demo,3.102874329725,2.711100000000,0.504535355312,-0.863391032638
2024-01-13T13:15:00Z,fourier-demo,3.338367994438,2.711250000000,0.503209365346,-0.864164529837
2024-01-13T13:16:00Z,fourier-demo,3.549927281938,2.711400000000,0.501882189544,-0.864935990590
2024-01-13T13:17:00Z,fourier-demo,3.729549444087,2.711550000000,0.500553831032,-0.865705413082
2024-01-13T13:18:00Z,fourier-demo,3.870445514778,2.711700000000,0.499224292942,-0.866472795497
2024-01-13T13:19:00Z,fourier-demo,3.967291633297,2.711850000000,0.497893578406,-0.867238136028
2024-01-13T13:20:00Z,fourier-demo,4.016422487975,2.712000000000,0.496561690561,-0.868001432872
2024-01-13T13:21:00Z,fourier-demo,4.015959576554,2.712150000000,0.495228632544,-0.868762684229
2024-01-13T13:22:00Z,fourier-demo,3.965869598467,2.712300000000,0.493894407497,-0.869521888306
2024-01-13T13:23:00Z,fourier-demo,3.867951093379,2.712450000000,0.492559018565,-0.870279043313
2024-01-13T13:24:00Z,fourier-demo,3.725750306558,2.712600000000,0.491222468895,-0.871034147467
2024-01-13T13:25:00Z,fourier-demo,3.544410078732,2.712750000000,0.489884761635,-0.871787198987
2024-01-13T13:26:00Z,fourier-demo,3.330458212311,2.712900000000,0.488545899939,-0.872538196100
2024-01-13T13:27:00Z,fourier-demo,3.091544150077,2.713050000000,0.487205886961,-0.873287137035
2024-01-13T13:28:00Z,fourier-demo,2.836134820868,2.713200000000,0.485864725859,-0.874034020028
2024-01-13T13:29:00Z,fourier-demo,2.573182078462,2.713350000000,0.484522419795,-0.874778843318
2024-01-13T13:30:00Z,fourier-demo,2.311775222437,2.713500000000,0.483178971930,-0.875521605150
2024-01-13T13:31:00Z,fourier-demo,2.060792601510,2.713650000000,0.481834385431,-0.876262303775
2024-01-13T13:32:00Z,fourier-demo,1.828566241704,2.713800000000,0.480488663467,-0.877000937445
2024-01-13T13:33:00Z,fourier-demo,1.622572817795,2.713950000000,0.479141809208,-0.877737504422
2024-01-13T13:34:00Z,fourier-demo,1.449163124092,2.714100000000,0.477793825829,-0.878472002969
2024-01-13T13:35:00Z,fourier-demo,1.313340548946,2.714250000000,0.476444716506,-0.879204431354
2024-01-13T13:36:00Z,fourier-demo,1.218596985453,2.714400000000,0.475094484419,-0.879934787853
2024-01-13T13:37:00Z,fourier-demo,1.166812204728,2.714550000000,0.473743132749,-0.880663070744
2024-01-13T13:38:00Z,fourier-demo,1.158220077529,2.714700000000,0.472390664681,-0.881389278311
2024-01-13T13:39:00Z,fourier-demo,1.191442263761,2.714850000000,0.471037083402,-0.882113408842
2024-01-13T13:40:00Z,fourier-demo,1.263587211426,2.715000000000,0.469682392102,-0.882835460632
2024-01-13T13:41:00Z,fourier-demo,1.370409631059,2.715150000000,0.468326593974,-0.883555431978
2024-01-13T13:42:00Z,fourier-demo,1.506523148145,2.715300000000,0.466969692211,-0.884273321183
2024-01-13T13:43:00Z,fourier-demo,1.665656685347,2.715450000000,0.465611690012,-0.884989126557
2024-01-13T13:44:00Z,fourier-demo,1.840943376076,2.715600000000,0.464252590577,-0.885702846412
2024-01-13T13:45:00Z,fourier-demo,2.025229532234,2.715750000000,0.462892397109,-0.886414479066
2024-01-13T13:46:00Z,fourier-demo,2.211390433158,2.715900000000,0.461531112814,-0.887124022843
2024-01-13T13:47:00Z,fourier-demo,2.392639499904,2.716050000000,0.460168740898,-0.887831476070
2024-01-13T13:48:00Z,fourier-demo,2.562817775933,2.716200000000,0.458805284573,-0.888536837080
2024-01-13T13:49:00Z,fourier-demo,2.716651536017,2.716350000000,0.457440747051,-0.889240104211
2024-01-13T13:50:00Z,fourier-demo,2.849967251211,2.716500000000,0.456075131549,-0.889941275805
2024-01-13T13:51:00Z,fourier-demo,2.959854989716,2.716650000000,0.454708441284,-0.890640350211
2024-01-13T13:52:00Z,fourier-demo,3.044773553819,2.716800000000,0.453340679478,-0.891337325781
2024-01-13T13:53:00Z,fourier-demo,3.104593148879,2.716950000000,0.451971849352,-0.892032200872
2024-01-13T13:54:00Z,fourier-demo,3.140574047583,2.717100000000,0.450601954134,-0.892724973847
2024-01-13T13:55:00Z,fourier-demo,3.155282440144,2.717250000000,0.449230997050,-0.893415643074
2024-01-13T13:56:00Z,fourier-demo,3.152447335326,2.717400000000,0.447858981333,-0.894104206924
2024-01-13T13:57:00Z,fourier-demo,3.136764886761,2.717550000000,0.446485910214,-0.894790663776
2024-01-13T13:58:00Z,fourier-demo,3.113658759586,2.717700000000,0.445111786931,-0.895475012011
2024-01-13T13:59:00Z,fourier-demo,3.089007030581,2.717850000000,0.443736614720,-0.896157250016
2024-01-13T14:00:00Z,fourier-demo,3.068847552560,2.718000000000,0.442360396823,-0.896837376185
2024-01-13T14:01:00Z,fourier-demo,3.059074650512,2.718150000000,0.440983136483,-0.897515388914
2024-01-13T14:02:00Z,fourier-demo,3.065140413690,2.718300000000,0.439604836946,-0.898191286605
2024-01-13T14:03:00Z,fourier-demo,3.091773687373,2.718450000000,0.438225501458,-0.898865067667
2024-01-13T14:04:00Z,fourier-demo,3.142729156509,2.718600000000,0.436845133272,-0.899536730510
2024-01-13T14:05:00Z,fourier-demo,3.220577679596,2.718750000000,0.435463735639,-0.900206273552
2024-01-13T14:06:00Z,fourier-demo,3.326547325645,2.718900000000,0.434081311816,-0.900873695216
2024-01-13T14:07:00Z,fourier-demo,3.460422459736,2.719050000000,0.432697865059,-0.901538993928
2024-01-13T14:08:00Z,fourier-demo,3.620505800526,2.719200000000,0.431313398630,-0.902202168121
2024-01-13T14:09:00Z,fourier-demo,3.803645735763,2.719350000000,0.429927915790,-0.902863216232
2024-01-13T14:10:00Z,fourier-demo,4.005328438582,2.719500000000,0.428541419804,-0.903522136703
2024-01-13T14:11:00Z,fourier-demo,4.219831591397,2.719650000000,0.427153913940,-0.904178927981
2024-01-13T14:12:00Z,fourier-demo,4.440433909163,2.719800000000,0.425765401468,-0.904833588519
2024-01-13T14:13:00Z,fourier-demo,4.659672268114,2.719950000000,0.424375885660,-0.905486116774
2024-01-13T14:14:00Z,fourier-demo,4.869636189316,2.720100000000,0.422985369790,-0.906136511208
2024-01-13T14:15:00Z,fourier-demo,5.062287784441,2.720250000000,0.421593857135,-0.906784770288
2024-01-13T14:16:00Z,fourier-demo,5.229794113300,2.720400000000,0.420201350973,-0.907430892487
2024-01-13T14:17:00Z,fourier-demo,5.364858278121,2.720550000000,0.418807854588,-0.908074876282
2024-01-13T14:18:00Z,fourier-demo,5.461035516020,2.720700000000,0.417413371262,-0.908716720156
2024-01-13T14:19:00Z,fourier-demo,5.513021053068,2.720850000000,0.416017904282,-0.909356422596
2024-01-13T14:20:00Z,fourier-demo,5.516897532152,2.721000000000,0.414621456935,-0.909993982095
2024-01-13T14:21:00Z,fourier-demo,5.470331381451,2.721150000000,0.413224032514,-0.910629397149
2024-01-13T14:22:00Z,fourier-demo,5.372709488783,2.721300000000,0.411825634311,-0.911262666263
2024-01-13T14:23:00Z,fourier-demo,5.225209909090,2.721450000000,0.410426265621,-0.911893787943
2024-01-13T14:24:00Z,fourier-demo,5.030802962647,2.721600000000,0.409025929742,-0.912522760702
2024-01-13T14:25:00Z,fourier-demo,4.794181873649,2.721750000000,0.407624629974,-0.913149583058
2024-01-13T14:26:00Z,fourier-demo,4.521624939355,2.721900000000,0.406222369620,-0.913774253533
2024-01-13T14:27:00Z,fourier-demo,4.220793993381,2.722050000000,0.404819151983,-0.914396770657
2024-01-13T14:28:00Z,fourier-demo,3.900476519979,2.722200000000,0.403414980371,-0.915017132961
2024-01-13T14:29:00Z,fourier-demo,3.570281083216,2.722350000000,0.402009858092,-0.915635338984
2024-01-13T14:30:00Z,fourier-demo,3.240297661544,2.722500000000,0.400603788458,-0.916251387269
2024-01-13T14:31:00Z,fourier-demo,2.920735944900,2.722650000000,0.399196774783,-0.916865276365
2024-01-13T14:32:00Z,fourier-demo,2.621555597917,2.722800000000,0.397788820381,-0.917477004823
2024-01-13T14:33:00Z,fourier-demo,2.352102879199,2.722950000000,0.396379928571,-0.918086571204
2024-01-13T14:34:00Z,fourier-demo,2.120767816310,2.723100000000,0.394970102673,-0.918693974071
2024-01-13T14:35:00Z,fourier-demo,1.934675375585,2.723250000000,0.393559346009,-0.919299211992
2024-01-13T14:36:00Z,fourier-demo,1.799422764775,2.723400000000,0.392147661904,-0.919902283540
2024-01-13T14:37:00Z,fourier-demo,1.718873216664,2.723550000000,0.390735053685,-0.920503187296
2024-01-13T14:38:00Z,fourier-demo,1.695014394548,2.723700000000,0.389321524680,-0.921101921842
2024-01-13T14:39:00Z,fourier-demo,1.727887024506,2.723850000000,0.387907078220,-0.921698485768
2024-01-13T14:40:00Z,fourier-demo,1.815586596503,2.724000000000,0.386491717639,-0.922292877668
2024-01-13T14:41:00Z,fourier-demo,1.954338097796,2.724150000000,0.385075446272,-0.922885096141
2024-01-13T14:42:00Z,fourier-demo,2.138640863731,2.724300000000,0.383658267456,-0.923475139791
2024-01-13T14:43:00Z,fourier-demo,2.361477868691,2.724450000000,0.382240184532,-0.924063007229
2024-01-13T14:44:00Z,fourier-demo,2.614581244957,2.724600000000,0.380821200841,-0.924648697068
2024-01-13T14:45:00Z,fourier-demo,2.888743611574,2.724750000000,0.379401319726,-0.925232207930
2024-01-13T14:46:00Z,fourier-demo,3.174163007603,2.724900000000,0.377980544534,-0.925813538437
2024-01-13T14:47:00Z,fourier-demo,3.460807926144,2.725050000000,0.376558878613,-0.926392687222
2024-01-13T14:48:00Z,fourier-demo,3.738788188970,2.725200000000,0.375136325313,-0.926969652918
2024-01-13T14:49:00Z,fourier-demo,3.998717216509,2.725350000000,0.373712887987,-0.927544434166
2024-01-13T14:50:00Z,fourier-demo,4.232051640888,2.725500000000,0.372288569989,-0.928117029612
2024-01-13T14:51:00Z,fourier-demo,4.431395164009,2.725650000000,0.370863374675,-0.928687437906
2024-01-13T14:52:00Z,fourier-demo,4.590755038881,2.725800000000,0.369437305404,-0.929255657705
2024-01-13T14:53:00Z,fourier-demo,4.705741489926,2.725950000000,0.368010365537,-0.929821687668
2024-01-13T14:54:00Z,fourier-demo,4.773702707651,2.726100000000,0.366582558435,-0.930385526463
2024-01-13T14:55:00Z,fourier-demo,4.793790660199,2.726250000000,0.365153887465,-0.930947172760
2024-01-13T14:56:00Z,fourier-demo,4.766955752938,2.726400000000,0.363724355992,-0.931506625236
2024-01-13T14:57:00Z,fourier-demo,4.695871223903,2.726550000000,0.362293967385,-0.932063882573
2024-01-13T14:58:00Z,fourier-demo,4.584790971837,2.726700000000,0.360862725016,-0.932618943457
2024-01-13T14:59:00Z,fourier-demo,4.439347161024,2.726850000000,0.359430632256,-0.933171806580
2024-01-13T15:00:00Z,fourier-demo,4.266296326100,2.727000000000,0.357997692482,-0.933722470640
2024-01-13T15:01:00Z,fourier-demo,4.073224714833,2.727150000000,0.356563909068,-0.934270934339
2024-01-13T15:02:00Z,fourier-demo,3.868225176691,2.727300000000,0.355129285395,-0.934817196384
2024-01-13T15:03:00Z,fourier-demo,3.659558967363,2.727450000000,0.353693824844,-0.935361255488
2024-01-13T15:04:00Z,fourier-demo,3.455316352758,2.727600000000,0.352257530795,-0.935903110369
2024-01-13T15:05:00Z,fourier-demo,3.263089841131,2.727750000000,0.350820406636,-0.936442759750
2024-01-13T15:06:00Z,fourier-demo,3.089673253073,2.727900000000,0.349382455751,-0.936980202359
2024-01-13T15:07:00Z,fourier-demo,2.940798683319,2.728050000000,0.347943681530,-0.937515436931
2024-01-13T15:08:00Z,fourier-demo,2.820921764744,2.728200000000,0.346504087364,-0.938048462202
2024-01-13T15:09:00Z,fourier-demo,2.733063582453,2.728350000000,0.345063676644,-0.938579276919
2024-01-13T15:10:00Z,fourier-demo,2.678715190527,2.728500000000,0.343622452765,-0.939107879828
2024-01-13T15:11:00Z,fourier-demo,2.657808055125,2.728650000000,0.342180419124,-0.939634269686
2024-01-13T15:12:00Z,fourier-demo,2.668750994037,2.728800000000,0.340737579118,-0.940158445251
2024-01-13T15:13:00Z,fourier-demo,2.708531418209,2.728950000000,0.339293936148,-0.940680405288
2024-01-13T15:14:00Z,fourier-demo,2.772876018954,2.729100000000,0.337849493616,-0.941200148568
2024-01-13T15:15:00Z,fourier-demo,2.856463595160,2.729250000000,0.336404254925,-0.941717673864
2024-01-13T15:16:00Z,fourier-demo,2.953180578167,2.729400000000,0.334958223482,-0.942232979958
2024-01-13T15:17:00Z,fourier-demo,3.056408075669,2.729550000000,0.333511402695,-0.942746065636
2024-01-13T15:18:00Z,fourier-demo,3.159327990742,2.729700000000,0.332063795971,-0.943256929688
2024-01-13T15:19:00Z,fourier-demo,3.255235029247,2.729850000000,0.330615406724,-0.943765570911
2024-01-13T15:20:00Z,fourier-demo,3.337841218066,2.730000000000,0.329166238366,-0.944271988105
2024-01-13T15:21:00Z,fourier-demo,3.401559924646,2.730150000000,0.327716294312,-0.944776180078
2024-01-13T15:22:00Z,fourier-demo,3.441757279061,2.730300000000,0.326265577979,-0.945278145641
2024-01-13T15:23:00Z,fourier-demo,3.454960314481,2.730450000000,0.324814092786,-0.945777883611
2024-01-13T15:24:00Z,fourier-demo,3.439013001177,2.730600000000,0.323361842153,-0.946275392811
2024-01-13T15:25:00Z,fourier-demo,3.393173575224,2.730750000000,0.321908829502,-0.946770672068
2024-01-13T15:26:00Z,fourier-demo,3.318149063040,2.730900000000,0.320455058259,-0.947263720215
2024-01-13T15:27:00Z,fourier-demo,3.216065572553,2.731050000000,0.319000531847,-0.947754536091
2024-01-13T15:28:00Z,fourier-demo,3.090375650143,2.731200000000,0.317545253696,-0.948243118538
2024-01-13T15:29:00Z,fourier-demo,2.945706675827,2.731350000000,0.316089227235,-0.948729466406
2024-01-13T15:30:00Z,fourier-demo,2.787656776327,2.731500000000,0.314632455894,-0.949213578547
2024-01-13T15:31:00Z,fourier-demo,2.622546972215,2.731650000000,0.313174943107,-0.949695453822
2024-01-13T15:32:00Z,fourier-demo,2.457140148049,2.731800000000,0.311716692308,-0.950175091095
2024-01-13T15:33:00Z,fourier-demo,2.298338865161,2.731950000000,0.310257706934,-0.950652489235
2024-01-13T15:34:00Z,fourier-demo,2.152874965478,2.732100000000,0.308797990424,-0.951127647117
2024-01-13T15:35:00Z,fourier-demo,2.027004302388,2.732250000000,0.307337546216,-0.951600563622
2024-01-13T15:36:00Z,fourier-demo,1.926219764221,2.732400000000,0.305876377753,-0.952071237636
2024-01-13T15:37:00Z,fourier-demo,1.854995033639,2.732550000000,0.304414488477,-0.952539668048
2024-01-13T15:38:00Z,fourier-demo,1.816570281258,2.732700000000,0.302951881835,-0.953005853756
2024-01-13T15:39:00Z,fourier-demo,1.812789274686,2.732850000000,0.301488561272,-0.953469793660
2024-01-13T15:40:00Z,fourier-demo,1.843995265227,2.733000000000,0.300024530236,-0.953931486668
2024-01-13T15:41:00Z,fourier-demo,1.908990580721,2.733150000000,0.298559792179,-0.954390931691
2024-01-13T15:42:00Z,fourier-demo,2.005062204428,2.733300000000,0.297094350552,-0.954848127647
2024-01-13T15:43:00Z,fourier-demo,2.128072865686,2.733450000000,0.295628208808,-0.955303073457
2024-01-13T15:44:00Z,fourier-demo,2.272614421978,2.733600000000,0.294161370402,-0.955755768051
2024-01-13T15:45:00Z,fourier-demo,2.432217687544,2.733750000000,0.292693838791,-0.956206210362
2024-01-13T15:46:00Z,fourier-demo,2.599610469618,2.733900000000,0.291225617432,-0.956654399327
2024-01-13T15:47:00Z,fourier-demo,2.767013509225,2.734050000000,0.289756709787,-0.957100333890
2024-01-13T15:48:00Z,fourier-demo,2.926462375382,2.734200000000,0.288287119317,-0.957544013002
2024-01-13T15:49:00Z,fourier-demo,3.070142198772,2.734350000000,0.286816849484,-0.957985435616
2024-01-13T15:50:00Z,fourier-demo,3.190721502873,2.734500000000,0.285345903754,-0.958424600692
2024-01-13T15:51:00Z,fourier-demo,3.281671324783,2.734650000000,0.283874285593,-0.958861507194
2024-01-13T15:52:00Z,fourier-demo,3.337556319108,2.734800000000,0.282401998468,-0.959296154095
2024-01-13T15:53:00Z,fourier-demo,3.354285587629,2.734950000000,0.280929045850,-0.959728540368
2024-01-13T15:54:00Z,fourier-demo,3.329312533975,2.735100000000,0.279455431209,-0.960158664996
2024-01-13T15:55:00Z,fourier-demo,3.261775044007,2.735250000000,0.277981158019,-0.960586526965
2024-01-13T15:56:00Z,fourier-demo,3.152569658986,2.735400000000,0.276506229752,-0.961012125266
2024-01-13T15:57:00Z,fourier-demo,3.004356044170,2.735550000000,0.275030649886,-0.961435458896
2024-01-13T15:58:00Z,fourier-demo,2.821490853863,2.735700000000,0.273554421897,-0.961856526859
2024-01-13T15:59:00Z,fourier-demo,2.609892941453,2.735850000000,0.272077549263,-0.962275328161
2024-01-13T16:00:00Z,fourier-demo,2.376844644095,2.736000000000,0.270600035467,-0.962691861815
2024-01-13T16:01:00Z,fourier-demo,2.130736472980,2.736150000000,0.269121883988,-0.963106126841
2024-01-13T16:02:00Z,fourier-demo,1.880764855705,2.736300000000,0.267643098311,-0.963518122262
2024-01-13T16:03:00Z,fourier-demo,1.636594512223,2.736450000000,0.266163681921,-0.963927847106
2024-01-13T16:04:00Z,fourier-demo,1.407998521018,2.736600000000,0.264683638303,-0.964335300409
2024-01-13T16:05:00Z,fourier-demo,1.204490086687,2.736750000000,0.263202970945,-0.964740481210
2024-01-13T16:06:00Z,fourier-demo,1.034960414307,2.736900000000,0.261721683338,-0.965143388555
2024-01-13T16:07:00Z,fourier-demo,0.907336912761,2.737050000000,0.260239778970,-0.965544021493
2024-01-13T16:08:00Z,fourier-demo,0.828275195159,2.737200000000,0.258757261336,-0.965942379082
2024-01-13T16:09:00Z,fourier-demo,0.802897048955,2.737350000000,0.257274133928,-0.966338460381
2024-01-13T16:10:00Z,fourier-demo,0.834584763093,2.737500000000,0.255790400241,-0.966732264458
2024-01-13T16:11:00Z,fourier-demo,0.924839995846,2.737650000000,0.254306063772,-0.967123790385
2024-01-13T16:12:00Z,fourier-demo,1.073212833432,2.737800000000,0.252821128018,-0.967513037239
2024-01-13T16:13:00Z,fourier-demo,1.277303927847,2.737950000000,0.251335596480,-0.967900004103
2024-01-13T16:14:00Z,fourier-demo,1.532839723794,2.738100000000,0.249849472657,-0.968284690064
2024-01-13T16:15:00Z,fourier-demo,1.833817904991,2.738250000000,0.248362760053,-0.968667094217
2024-01-13T16:16:00Z,fourier-demo,2.172717425446,2.738400000000,0.246875462169,-0.969047215660
2024-01-13T16:17:00Z,fourier-demo,2.540764952729,2.738550000000,0.245387582512,-0.969425053498
2024-01-13T16:18:00Z,fourier-demo,2.928247340038,2.738700000000,0.243899124588,-0.969800606839
2024-01-13T16:19:00Z,fourier-demo,3.324857950526,2.738850000000,0.242410091904,-0.970173874799
2024-01-13T16:20:00Z,fourier-demo,3.720063352937,2.739000000000,0.240920487969,-0.970544856499
2024-01-13T16:21:00Z,fourier-demo,4.103476143888,2.739150000000,0.239430316293,-0.970913551064
2024-01-13T16:22:00Z,fourier-demo,4.465219459237,2.739300000000,0.237939580389,-0.971279957625
2024-01-13T16:23:00Z,fourier-demo,4.796269121774,2.739450000000,0.236448283768,-0.971644075319
2024-01-13T16:24:00Z,fourier-demo,5.088760318269,2.739600000000,0.234956429946,-0.972005903288
2024-01-13T16:25:00Z,fourier-demo,5.336247166624,2.739750000000,0.233464022439,-0.972365440679
2024-01-13T16:26:00Z,fourier-demo,5.533905462941,2.739900000000,0.231971064762,-0.972722686645
2024-01-13T16:27:00Z,fourier-demo,5.678671209742,2.740050000000,0.230477560434,-0.973077640343
2024-01-13T16:28:00Z,fourier-demo,5.769310126088,2.740200000000,0.228983512975,-0.973430300939
2024-01-13T16:29:00Z,fourier-demo,5.806416121758,2.740350000000,0.227488925906,-0.973780667599
2024-01-13T16:30:00Z,fourier-demo,5.792339568023,2.740500000000,0.225993802748,-0.974128739500
2024-01-13T16:31:00Z,fourier-demo,5.731049001056,2.740650000000,0.224498147025,-0.974474515820
2024-01-13T16:32:00Z,fourier-demo,5.627932537038,2.740800000000,0.223001962262,-0.974817995745
2024-01-13T16:33:00Z,fourier-demo,5.489547653860,2.740950000000,0.221505251984,-0.975159178465
2024-01-13T16:34:00Z,fourier-demo,5.323330007089,2.741100000000,0.220008019718,-0.975498063176
2024-01-13T16:35:00Z,fourier-demo,5.137273517049,2.741250000000,0.218510268993,-0.975834649080
2024-01-13T16:36:00Z,fourier-demo,4.939595026938,2.741400000000,0.217012003338,-0.976168935383
2024-01-13T16:37:00Z,fourier-demo,4.738397347286,2.741550000000,0.215513226284,-0.976500921298
2024-01-13T16:38:00Z,fourier-demo,4.541344450656,2.741700000000,0.214013941363,-0.976830606043
2024-01-13T16:39:00Z,fourier-demo,4.355361966326,2.741850000000,0.212514152108,-0.977157988840
2024-01-13T16:40:00Z,fourier-demo,4.186374974993,2.742000000000,0.211013862054,-0.977483068918
2024-01-13T16:41:00Z,fourier-demo,4.039093467169,2.742150000000,0.209513074735,-0.977805845511
2024-01-13T16:42:00Z,fourier-demo,3.916853774828,2.742300000000,0.208011793689,-0.978126317858
2024-01-13T16:43:00Z,fourier-demo,3.821521899835,2.742450000000,0.206510022453,-0.978444485204
2024-01-13T16:44:00Z,fourier-demo,3.753462043902,2.742600000000,0.205007764567,-0.978760346800
2024-01-13T16:45:00Z,fourier-demo,3.711570902025,2.742750000000,0.203505023570,-0.979073901900
2024-01-13T16:46:00Z,fourier-demo,3.693375528015,2.742900000000,0.202001803004,-0.979385149767
2024-01-13T16:47:00Z,fourier-demo,3.695189930438,2.743050000000,0.200498106411,-0.979694089666
2024-01-13T16:48:00Z,fourier-demo,3.712323119557,2.743200000000,0.198993937334,-0.980000720869
2024-01-13T16:49:00Z,fourier-demo,3.739329200701,2.743350000000,0.197489299319,-0.980305042655
2024-01-13T16:50:00Z,fourier-demo,3.770288384406,2.743500000000,0.195984195912,-0.980607054305
2024-01-13T16:51:00Z,fourier-demo,3.799106529122,2.743650000000,0.194478630658,-0.980906755108
2024-01-13T16:52:00Z,fourier-demo,3.819820099445,2.743800000000,0.192972607106,-0.981204144359
2024-01-13T16:53:00Z,fourier-demo,3.826893241120,2.743950000000,0.191466128805,-0.981499221355
2024-01-13T16:54:00Z,fourier-demo,3.815494050219,2.744100000000,0.189959199305,-0.981791985402
2024-01-13T16:55:00Z,fourier-demo,3.781738031464,2.744250000000,0.188451822157,-0.982082435810
2024-01-13T16:56:00Z,fourier-demo,3.722888160885,2.744400000000,0.186944000914,-0.982370571893
2024-01-13T16:57:00Z,fourier-demo,3.637502831318,2.744550000000,0.185435739128,-0.982656392975
2024-01-13T16:58:00Z,fourier-demo,3.525525187869,2.744700000000,0.183927040354,-0.982939898380
2024-01-13T16:59:00Z,fourier-demo,3.388309861310,2.744850000000,0.182417908148,-0.983221087440
2024-01-13T17:00:00Z,fourier-demo,3.228585776411,2.745000000000,0.180908346065,-0.983499959494
2024-01-13T17:01:00Z,fourier-demo,3.050356438135,2.745150000000,0.179398357662,-0.983776513883
2024-01-13T17:02:00Z,fourier-demo,2.858741768018,2.745300000000,0.177887946500,-0.984050749957
2024-01-13T17:03:00Z,fourier-demo,2.659768064605,2.745450000000,0.176377116135,-0.984322667068
2024-01-13T17:04:00Z,fourier-demo,2.460114891305,2.745600000000,0.174865870130,-0.984592264576
2024-01-13T17:05:00Z,fourier-demo,2.266829559206,2.745750000000,0.173354212045,-0.984859541847
2024-01-13T17:06:00Z,fourier-demo,2.087021293323,2.745900000000,0.171842145443,-0.985124498249
2024-01-13T17:07:00Z,fourier-demo,1.927548088546,2.746050000000,0.170329673886,-0.985387133158
2024-01-13T17:08:00Z,fourier-demo,1.794709637164,2.746200000000,0.168816800940,-0.985647445956
2024-01-13T17:09:00Z,fourier-demo,1.693959526682,2.746350000000,0.167303530169,-0.985905436030
2024-01-13T17:10:00Z,fourier-demo,1.629649170988,2.746500000000,0.165789865139,-0.986161102770
2024-01-13T17:11:00Z,fourier-demo,1.604814679169,2.746650000000,0.164275809417,-0.986414445576
2024-01-13T17:12:00Z,fourier-demo,1.621016135158,2.746800000000,0.162761366572,-0.986665463849
2024-01-13T17:13:00Z,fourier-demo,1.678236628566,2.746950000000,0.161246540172,-0.986914156998
2024-01-13T17:14:00Z,fourier-demo,1.774845929540,2.747100000000,0.159731333787,-0.987160524437
2024-01-13T17:15:00Z,fourier-demo,1.907631038722,2.747250000000,0.158215750987,-0.987404565586
2024-01-13T17:16:00Z,fourier-demo,2.071893076684,2.747400000000,0.156699795344,-0.987646279869
2024-01-13T17:17:00Z,fourier-demo,2.261607219395,2.747550000000,0.155183470431,-0.987885666717
2024-01-13T17:18:00Z,fourier-demo,2.469639751212,2.747700000000,0.153666779821,-0.988122725566
2024-01-13T17:19:00Z,fourier-demo,2.688013903424,2.747850000000,0.152149727088,-0.988357455856
2024-01-13T17:20:00Z,fourier-demo,2.908214074186,2.748000000000,0.150632315806,-0.988589857036
2024-01-13T17:21:00Z,fourier-demo,3.121516371137,2.748150000000,0.149114549553,-0.988819928557
2024-01-13T17:22:00Z,fourier-demo,3.319332250223,2.748300000000,0.147596431904,-0.989047669877
2024-01-13T17:23:00Z,fourier-demo,3.493551392984,2.748450000000,0.146077966437,-0.989273080459
2024-01-13T17:24:00Z,fourier-demo,3.636869897251,2.748600000000,0.144559156730,-0.989496159773
2024-01-13T17:25:00Z,fourier-demo,3.743090357577,2.748750000000,0.143040006363,-0.989716907292
2024-01-13T17:26:00Z,fourier-demo,3.807381462999,2.748900000000,0.141520518916,-0.989935322496
2024-01-13T17:27:00Z,fourier-demo,3.826486299900,2.749050000000,0.140000697968,-0.990151404871
2024-01-13T17:28:00Z,fourier-demo,3.798870554511,2.749200000000,0.138480547103,-0.990365153907
2024-01-13T17:29:00Z,fourier-demo,3.724804182719,2.749350000000,0.136960069901,-0.990576569101
2024-01-13T17:30:00Z,fourier-demo,3.606372758748,2.749500000000,0.135439269947,-0.990785649955
2024-01-13T17:31:00Z,fourier-demo,3.447417522087,2.749650000000,0.133918150823,-0.990992395975
2024-01-13T17:32:00Z,fourier-demo,3.253406000294,2.749800000000,0.132396716115,-0.991196806675
2024-01-13T17:33:00Z,fourier-demo,3.031237877938,2.749950000000,0.130874969408,-0.991398881572
2024-01-13T17:34:00Z,fourier-demo,2.788993395670,2.750100000000,0.129352914288,-0.991598620191
2024-01-13T17:35:00Z,fourier-demo,2.535633891848,2.750250000000,0.127830554341,-0.991796022061
2024-01-13T17:36:00Z,fourier-demo,2.280666047367,2.750400000000,0.126307893156,-0.991991086717
2024-01-13T17:37:00Z,fourier-demo,2.033782882959,2.750550000000,0.124784934320,-0.992183813699
2024-01-13T17:38:00Z,fourier-demo,1.804495526023,2.750700000000,0.123261681423,-0.992374202553
2024-01-13T17:39:00Z,fourier-demo,1.601770171261,2.750850000000,0.121738138053,-0.992562252830
2024-01-13T17:40:00Z,fourier-demo,1.433684488773,2.751000000000,0.120214307802,-0.992747964087
2024-01-13T17:41:00Z,fourier-demo,1.307116990965,2.751150000000,0.118690194261,-0.992931335887
2024-01-13T17:42:00Z,fourier-demo,1.227481585112,2.751300000000,0.117165801020,-0.993112367797
2024-01-13T17:43:00Z,fourier-demo,1.198517763010,2.751450000000,0.115641131672,-0.993291059391
2024-01-13T17:44:00Z,fourier-demo,1.222144684256,2.751600000000,0.114116189811,-0.993467410247
2024-01-13T17:45:00Z,fourier-demo,1.298384883472,2.751750000000,0.112590979030,-0.993641419950
2024-01-13T17:46:00Z,fourier-demo,1.425360576204,2.751900000000,0.111065502922,-0.993813088091
2024-01-13T17:47:00Z,fourier-demo,1.599362664150,2.752050000000,0.109539765083,-0.993982414264
2024-01-13T17:48:00Z,fourier-demo,1.814989663779,2.752200000000,0.108013769109,-0.994149398070
2024-01-13T17:49:00Z,fourier-demo,2.065351019098,2.752350000000,0.106487518595,-0.994314039116
2024-01-13T17:50:00Z,fourier-demo,2.342326720693,2.752500000000,0.104961017139,-0.994476337014
2024-01-13T17:51:00Z,fourier-demo,2.636872941221,2.752650000000,0.103434268336,-0.994636291382
2024-01-13T17:52:00Z,fourier-demo,2.939361601121,2.752800000000,0.101907275786,-0.994793901842
2024-01-13T17:53:00Z,fourier-demo,3.239940469383,2.752950000000,0.100380043087,-0.994949168023
2024-01-13T17:54:00Z,fourier-demo,3.528899634691,2.753100000000,0.098852573837,-0.995102089560
2024-01-13T17:55:00Z,fourier-demo,3.797029982466,2.753250000000,0.097324871637,-0.995252666091
2024-01-13T17:56:00Z,fourier-demo,4.035959690142,2.753400000000,0.095796940086,-0.995400897262
2024-01-13T17:57:00Z,fourier-demo,4.238455690028,2.753550000000,0.094268782785,-0.995546782724
2024-01-13T17:58:00Z,fourier-demo,4.398678507353,2.753700000000,0.092740403335,-0.995690322133
2024-01-13T17:59:00Z,fourier-demo,4.512380800142,2.753850000000,0.091211805338,-0.995831515151
2024-01-13T18:00:00Z,fourier-demo,4.577042228795,2.754000000000,0.089682992396,-0.995970361444
2024-01-13T18:01:00Z,fourier-demo,4.591935872298,2.754150000000,0.088153968112,-0.996106860686
2024-01-13T18:02:00Z,fourier-demo,4.558124179107,2.754300000000,0.086624736088,-0.996241012556
2024-01-13T18:03:00Z,fourier-demo,4.478385281122,2.754450000000,0.085095299930,-0.996372816736
2024-01-13T18:04:00Z,fourier-demo,4.357073293001,2.754600000000,0.083565663240,-0.996502272916
2024-01-13T18:05:00Z,fourier-demo,4.199918853150,2.754750000000,0.082035829624,-0.996629380792
2024-01-13T18:06:00Z,fourier-demo,4.013778530305,2.754900000000,0.080505802687,-0.996754140064
2024-01-13T18:07:00Z,fourier-demo,3.806343725094,2.755050000000,0.078975586034,-0.996876550437
2024-01-13T18:08:00Z,fourier-demo,3.585821258869,2.755200000000,0.077445183271,-0.996996611623
2024-01-13T18:09:00Z,fourier-demo,3.360598899959,2.755350000000,0.075914598005,-0.997114323340
2024-01-13T18:10:00Z,fourier-demo,3.138909588978,2.755500000000,0.074383833842,-0.997229685310
2024-01-13T18:11:00Z,fourier-demo,2.928508070670,2.755650000000,0.072852894391,-0.997342697261
2024-01-13T18:12:00Z,fourier-demo,2.736373024198,2.755800000000,0.071321783258,-0.997453358926
2024-01-13T18:13:00Z,fourier-demo,2.568446633943,2.755950000000,0.069790504052,-0.997561670046
2024-01-13T18:14:00Z,fourier-demo,2.429421907641,2.756100000000,0.068259060382,-0.997667630364
2024-01-13T18:15:00Z,fourier-demo,2.322585996904,2.756250000000,0.066727455856,-0.997771239631
2024-01-13T18:16:00Z,fourier-demo,2.249725392645,2.756400000000,0.065195694083,-0.997872497603
2024-01-13T18:17:00Z,fourier-demo,2.211096253677,2.756550000000,0.063663778674,-0.997971404042
2024-01-13T18:18:00Z,fourier-demo,2.205460389475,2.756700000000,0.062131713238,-0.998067958713
2024-01-13T18:19:00Z,fourier-demo,2.230184671009,2.756850000000,0.060599501385,-0.998162161391
2024-01-13T18:20:00Z,fourier-demo,2.281399000326,2.757000000000,0.059067146727,-0.998254011851
2024-01-13T18:21:00Z,fourier-demo,2.354205539235,2.757150000000,0.057534652875,-0.998343509880
2024-01-13T18:22:00Z,fourier-demo,2.442929780186,2.757300000000,0.056002023439,-0.998430655264
2024-01-13T18:23:00Z,fourier-demo,2.541402325360,2.757450000000,0.054469262032,-0.998515447799
2024-01-13T18:24:00Z,fourier-demo,2.643258993469,2.757600000000,0.052936372266,-0.998597887286
2024-01-13T18:25:00Z,fourier-demo,2.742246148732,2.757750000000,0.051403357752,-0.998677973529
2024-01-13T18:26:00Z,fourier-demo,2.832517972362,2.757900000000,0.049870222104,-0.998755706340
2024-01-13T18:27:00Z,fourier-demo,2.908912779980,2.758050000000,0.048336968935,-0.998831085537
2024-01-13T18:28:00Z,fourier-demo,2.967196412317,2.758200000000,0.046803601857,-0.998904110940
2024-01-13T18:29:00Z,fourier-demo,3.004262152289,2.758350000000,0.045270124484,-0.998974782379
2024-01-13T18:30:00Z,fourier-demo,3.018278489479,2.758500000000,0.043736540430,-0.999043099686
2024-01-13T18:31:00Z,fourier-demo,3.008778285210,2.758650000000,0.042202853309,-0.999109062702
2024-01-13T18:32:00Z,fourier-demo,2.976685394734,2.758800000000,0.040669066735,-0.999172671269
2024-01-13T18:33:00Z,fourier-demo,2.924277473319,2.758950000000,0.039135184322,-0.999233925239
2024-01-13T18:34:00Z,fourier-demo,2.855086419032,2.759100000000,0.037601209686,-0.999292824466
2024-01-13T18:35:00Z,fourier-demo,2.773740573180,2.759250000000,0.036067146440,-0.999349368813
2024-01-13T18:36:00Z,fourier-demo,2.685755298528,2.759400000000,0.034532998200,-0.999403558146
2024-01-13T18:37:00Z,fourier-demo,2.597280781251,2.759550000000,0.032998768582,-0.999455392337
2024-01-13T18:38:00Z,fourier-demo,2.514817762036,2.759700000000,0.031464461201,-0.999504871264
2024-01-13T18:39:00Z,fourier-demo,2.444913316826,2.759850000000,0.029930079672,-0.999551994811
2024-01-13T18:40:00Z,fourier-demo,2.393849718733,2.760000000000,0.028395627611,-0.999596762866
2024-01-13T18:41:00Z,fourier-demo,2.367339780639,2.760150000000,0.026861108635,-0.999639175324
2024-01-13T18:42:00Z,fourier-demo,2.370241886539,2.760300000000,0.025326526359,-0.999679232085
2024-01-13T18:43:00Z,fourier-demo,2.406307175177,2.760450000000,0.023791884400,-0.999716933055
2024-01-13T18:44:00Z,fourier-demo,2.477970071505,2.760600000000,0.022257186375,-0.999752278144
2024-01-13T18:45:00Z,fourier-demo,2.586191621040,2.760750000000,0.020722435899,-0.999785267270
2024-01-13T18:46:00Z,fourier-demo,2.730362939831,2.760900000000,0.019187636590,-0.999815900355
2024-01-13T18:47:00Z,fourier-demo,2.908273636050,2.761050000000,0.017652792064,-0.999844177326
2024-01-13T18:48:00Z,fourier-demo,3.116147388518,2.761200000000,0.016117905939,-0.999870098117
2024-01-13T18:49:00Z,fourier-demo,3.348744092384,2.761350000000,0.014582981831,-0.999893662667
2024-01-13T18:50:00Z,fourier-demo,3.599525216743,2.761500000000,0.013048023358,-0.999914870920
2024-01-13T18:51:00Z,fourier-demo,3.860876377088,2.761650000000,0.011513034136,-0.999933722826
2024-01-13T18:52:00Z,fourier-demo,4.124378716247,2.761800000000,0.009978017784,-0.999950218341
2024-01-13T18:53:00Z,fourier-demo,4.381118610723,2.761950000000,0.008442977917,-0.999964357427
2024-01-13T18:54:00Z,fourier-demo,4.622023561331,2.762100000000,0.006907918155,-0.999976140049
2024-01-13T18:55:00Z,fourier-demo,4.838210957396,2.762250000000,0.005372842113,-0.999985566180
2024-01-13T18:56:00Z,fourier-demo,5.021335771828,2.762400000000,0.003837753410,-0.999992635797
2024-01-13T18:57:00Z,fourier-demo,5.163923178043,2.762550000000,0.002302655664,-0.999997348885
2024-01-13T18:58:00Z,fourier-demo,5.259672583389,2.762700000000,0.000767552491,-0.999999705432
2024-01-13T18:59:00Z,fourier-demo,5.303720628940,2.762850000000,-0.000767552491,-0.999999705432
2024-01-13T19:00:00Z,fourier-demo,5.292852270886,2.763000000000,-0.002302655664,-0.999997348885
2024-01-13T19:01:00Z,fourier-demo,5.225651072252,2.763150000000,-0.003837753410,-0.999992635797
2024-01-13T19:02:00Z,fourier-demo,5.102582214745,2.763300000000,-0.005372842113,-0.999985566180
2024-01-13T19:03:00Z,fourier-demo,4.926004393531,2.763450000000,-0.006907918155,-0.999976140049
2024-01-13T19:04:00Z,fourier-demo,4.700109575761,2.763600000000,-0.008442977917,-0.999964357427
2024-01-13T19:05:00Z,fourier-demo,4.430792472989,2.763750000000,-0.009978017784,-0.999950218341
2024-01-13T19:06:00Z,fourier-demo,4.125454382056,2.763900000000,-0.011513034136,-0.999933722826
2024-01-13T19:07:00Z,fourier-demo,3.792748675049,2.764050000000,-0.013048023358,-0.999914870920
2024-01-13T19:08:00Z,fourier-demo,3.442277560090,2.764200000000,-0.014582981831,-0.999893662667
2024-01-13T19:09:00Z,fourier-demo,3.084251695769,2.764350000000,-0.016117905939,-0.999870098117
2024-01-13T19:10:00Z,fourier-demo,2.729125743309,2.764500000000,-0.017652792064,-0.999844177326
2024-01-13T19:11:00Z,fourier-demo,2.387223920917,2.764650000000,-0.019187636590,-0.999815900355
2024-01-13T19:12:00Z,fourier-demo,2.068370043885,2.764800000000,-0.020722435899,-0.999785267270
2024-01-13T19:13:00Z,fourier-demo,1.781536374718,2.764950000000,-0.022257186375,-0.999752278144
2024-01-13T19:14:00Z,fourier-demo,1.534524875628,2.765100000000,-0.023791884400,-0.999716933055
2024-01-13T19:15:00Z,fourier-demo,1.333693180598,2.765250000000,-0.025326526359,-0.999679232085
2024-01-13T19:16:00Z,fourier-demo,1.183735836926,2.765400000000,-0.026861108635,-0.999639175324
2024-01-13T19:17:00Z,fourier-demo,1.087529177965,2.765550000000,-0.028395627611,-0.999596762866
2024-01-13T19:18:00Z,fourier-demo,1.046045667904,2.765700000000,-0.029930079672,-0.999551994811
2024-01-13T19:19:00Z,fourier-demo,1.058340807442,2.765850000000,-0.031464461201,-0.999504871264
2024-01-13T19:20:00Z,fourier-demo,1.121612817189,2.766000000000,-0.032998768582,-0.999455392337
2024-01-13T19:21:00Z,fourier-demo,1.231332439304,2.766150000000,-0.034532998200,-0.999403558146
2024-01-13T19:22:00Z,fourier-demo,1.381437433234,2.766300000000,-0.036067146440,-0.999349368813
2024-01-13T19:23:00Z,fourier-demo,1.564583799537,2.766450000000,-0.037601209686,-0.999292824466
2024-01-13T19:24:00Z,fourier-demo,1.772443549124,2.766600000000,-0.039135184322,-0.999233925239
2024-01-13T19:25:00Z,fourier-demo,1.996037032379,2.766750000000,-0.040669066735,-0.999172671269
2024-01-13T19:26:00Z,fourier-demo,2.226086525722,2.766900000000,-0.042202853309,-0.999109062702
2024-01-13T19:27:00Z,fourier-demo,2.453376994386,2.767050000000,-0.043736540430,-0.999043099686
2024-01-13T19:28:00Z,fourier-demo,2.669109739736,2.767200000000,-0.045270124484,-0.998974782379
2024-01-13T19:29:00Z,fourier-demo,2.865235004578,2.767350000000,-0.046803601857,-0.998904110940
2024-01-13T19:30:00Z,fourier-demo,3.034750534343,2.767500000000,-0.048336968935,-0.998831085537
2024-01-13T19:31:00Z,fourier-demo,3.171954536892,2.767650000000,-0.049870222104,-0.998755706340
2024-01-13T19:32:00Z,fourier-demo,3.272643388904,2.767800000000,-0.051403357752,-0.998677973529
2024-01-13T19:33:00Z,fourier-demo,3.334246723882,2.767950000000,-0.052936372266,-0.998597887286
2024-01-13T19:34:00Z,fourier-demo,3.355895111589,2.768100000000,-0.054469262032,-0.998515447799
2024-01-13T19:35:00Z,fourier-demo,3.338418295808,2.768250000000,-0.056002023439,-0.998430655264
2024-01-13T19:36:00Z,fourier-demo,3.284274783849,2.768400000000,-0.057534652875,-0.998343509880
2024-01-13T19:37:00Z,fourier-demo,3.197416361983,2.768550000000,-0.059067146727,-0.998254011851
2024-01-13T19:38:00Z,fourier-demo,3.083093732611,2.768700000000,-0.060599501385,-0.998162161391
2024-01-13T19:39:00Z,fourier-demo,2.947611825120,2.768850000000,-0.062131713238,-0.998067958713
2024-01-13T19:40:00Z,fourier-demo,2.798045327574,2.769000000000,-0.063663778674,-0.997971404042
2024-01-13T19:41:00Z,fourier-demo,2.641926540231,2.769150000000,-0.065195694083,-0.997872497603
2024-01-13T19:42:00Z,fourier-demo,2.486918702204,2.769300000000,-0.066727455856,-0.997771239631
2024-01-13T19:43:00Z,fourier-demo,2.340488447956,2.769450000000,-0.068259060382,-0.997667630364
2024-01-13T19:44:00Z,fourier-demo,2.209590991728,2.769600000000,-0.069790504052,-0.997561670046
2024-01-13T19:45:00Z,fourier-demo,2.100381019695,2.769750000000,-0.071321783258,-0.997453358926
2024-01-13T19:46:00Z,fourier-demo,2.017961118646,2.769900000000,-0.072852894391,-0.997342697261
2024-01-13T19:47:00Z,fourier-demo,1.966177935437,2.770050000000,-0.074383833842,-0.997229685310
2024-01-13T19:48:00Z,fourier-demo,1.947474211951,2.770200000000,-0.075914598005,-0.997114323340
2024-01-13T19:49:00Z,fourier-demo,1.962802461651,2.770350000000,-0.077445183271,-0.996996611623
2024-01-13T19:50:00Z,fourier-demo,2.011603445081,2.770500000000,-0.078975586034,-0.996876550437
2024-01-13T19:51:00Z,fourier-demo,2.091849871171,2.770650000000,-0.080505802687,-0.996754140064
2024-01-13T19:52:00Z,fourier-demo,2.200153012381,2.770800000000,-0.082035829624,-0.996629380792
2024-01-13T19:53:00Z,fourier-demo,2.331927287754,2.770950000000,-0.083565663240,-0.996502272916
2024-01-13T19:54:00Z,fourier-demo,2.481605447959,2.771100000000,-0.085095299930,-0.996372816736
2024-01-13T19:55:00Z,fourier-demo,2.642894890286,2.771250000000,-0.086624736088,-0.996241012556
2024-01-13T19:56:00Z,fourier-demo,2.809063926137,2.771400000000,-0.088153968112,-0.996106860686
2024-01-13T19:57:00Z,fourier-demo,2.973245589247,2.771550000000,-0.089682992396,-0.995970361444
2024-01-13T19:58:00Z,fourier-demo,3.128745860131,2.771700000000,-0.091211805338,-0.995831515151
2024-01-13T19:59:00Z,fourier-demo,3.269343020468,2.771850000000,-0.092740403335,-0.995690322133
2024-01-13T20:00:00Z,fourier-demo,3.389565246342,2.772000000000,-0.094268782785,-0.995546782724
2024-01-13T20:01:00Z,fourier-demo,3.484934484922,2.772150000000,-0.095796940086,-0.995400897262
2024-01-13T20:02:00Z,fourier-demo,3.552166096008,2.772300000000,-0.097324871637,-0.995252666091
2024-01-13T20:03:00Z,fourier-demo,3.589315618193,2.772450000000,-0.098852573837,-0.995102089560
2024-01-13T20:04:00Z,fourier-demo,3.595866260915,2.772600000000,-0.100380043087,-0.994949168023
2024-01-13T20:05:00Z,fourier-demo,3.572753235428,2.772750000000,-0.101907275786,-0.994793901842
2024-01-13T20:06:00Z,fourier-demo,3.522323715072,2.772900000000,-0.103434268336,-0.994636291382
2024-01-13T20:07:00Z,fourier-demo,3.448233947130,2.773050000000,-0.104961017139,-0.994476337014
2024-01-13T20:08:00Z,fourier-demo,3.355287711208,2.773200000000,-0.106487518595,-0.994314039116
2024-01-13T20:09:00Z,fourier-demo,3.249222821297,2.773350000000,-0.108013769109,-0.994149398070
2024-01-13T20:10:00Z,fourier-demo,3.136454596161,2.773500000000,-0.109539765083,-0.993982414264
2024-01-13T20:11:00Z,fourier-demo,3.023787082336,2.773650000000,-0.111065502922,-0.993813088091
2024-01-13T20:12:00Z,fourier-demo,2.918104227917,2.773800000000,-0.112590979030,-0.993641419950
2024-01-13T20:13:00Z,fourier-demo,2.826054113715,2.773950000000,-0.114116189811,-0.993467410247
2024-01-13T20:14:00Z,fourier-demo,2.753739712618,2.774100000000,-0.115641131672,-0.993291059391
2024-01-13T20:15:00Z,fourier-demo,2.706429451388,2.774250000000,-0.117165801020,-0.993112367797
2024-01-13T20:16:00Z,fourier-demo,2.688300098628,2.774400000000,-0.118690194261,-0.992931335887
2024-01-13T20:17:00Z,fourier-demo,2.702223227629,2.774550000000,-0.120214307802,-0.992747964087
2024-01-13T20:18:00Z,fourier-demo,2.749604754531,2.774700000000,-0.121738138053,-0.992562252830
2024-01-13T20:19:00Z,fourier-demo,2.830284901602,2.774850000000,-0.123261681423,-0.992374202553
2024-01-13T20:20:00Z,fourier-demo,2.942503469878,2.775000000000,-0.124784934320,-0.992183813699
2024-01-13T20:21:00Z,fourier-demo,3.082932625724,2.775150000000,-0.126307893156,-0.991991086717
2024-01-13T20:22:00Z,fourier-demo,3.246776621685,2.775300000000,-0.127830554341,-0.991796022061
2024-01-13T20:23:00Z,fourier-demo,3.427935097580,2.775450000000,-0.129352914288,-0.991598620191
2024-01-13T20:24:00Z,fourier-demo,3.619223957249,2.775600000000,-0.130874969408,-0.991398881572
2024-01-13T20:25:00Z,fourier-demo,3.812645398928,2.775750000000,-0.132396716115,-0.991196806675
2024-01-13T20:26:00Z,fourier-demo,3.999696592878,2.775900000000,-0.133918150823,-0.990992395975
2024-01-13T20:27:00Z,fourier-demo,4.171704835126,2.776050000000,-0.135439269947,-0.990785649955
2024-01-13T20:28:00Z,fourier-demo,4.320175830574,2.776200000000,-0.136960069901,-0.990576569101
2024-01-13T20:29:00Z,fourier-demo,4.437141121983,2.776350000000,-0.138480547103,-0.990365153907
2024-01-13T20:30:00Z,fourier-demo,4.515490611086,2.776500000000,-0.140000697968,-0.990151404871
2024-01-13T20:31:00Z,fourier-demo,4.549276619255,2.776650000000,-0.141520518916,-0.989935322496
2024-01-13T20:32:00Z,fourier-demo,4.533976988867,2.776800000000,-0.143040006363,-0.989716907292
2024-01-13T20:33:00Z,fourier-demo,4.466706291705,2.776950000000,-0.144559156730,-0.989496159773
2024-01-13T20:34:00Z,fourier-demo,4.346366225276,2.777100000000,-0.146077966437,-0.989273080459
2024-01-13T20:35:00Z,fourier-demo,4.173728661214,2.777250000000,-0.147596431904,-0.989047669877
2024-01-13T20:36:00Z,fourier-demo,3.951447466284,2.777400000000,-0.149114549553,-0.988819928557
2024-01-13T20:37:00Z,fourier-demo,3.683998038984,2.777550000000,-0.150632315806,-0.988589857036
2024-01-13T20:38:00Z,fourier-demo,3.377546379402,2.777700000000,-0.152149727088,-0.988357455856
2024-01-13T20:39:00Z,fourier-demo,3.039752320675,2.777850000000,-0.153666779821,-0.988122725566
2024-01-13T20:40:00Z,fourier-demo,2.679514183397,2.778000000000,-0.155183470431,-0.987885666717
2024-01-13T20:41:00Z,fourier-demo,2.306664462934,2.778150000000,-0.156699795344,-0.987646279869
2024-01-13T20:42:00Z,fourier-demo,1.931628128591,2.778300000000,-0.158215750987,-0.987404565586
2024-01-13T20:43:00Z,fourier-demo,1.565056623020,2.778450000000,-0.159731333787,-0.987160524437
2024-01-13T20:44:00Z,fourier-demo,1.217451638780,2.778600000000,-0.161246540172,-0.986914156998
2024-01-13T20:45:00Z,fourier-demo,0.898793176208,2.778750000000,-0.162761366572,-0.986665463849
2024-01-13T20:46:00Z,fourier-demo,0.618186235212,2.778900000000,-0.164275809417,-0.986414445576
2024-01-13T20:47:00Z,fourier-demo,0.383539769046,2.779050000000,-0.165789865139,-0.986161102770
2024-01-13T20:48:00Z,fourier-demo,0.201290259655,2.779200000000,-0.167303530169,-0.985905436030
2024-01-13T20:49:00Z,fourier-demo,0.076180512846,2.779350000000,-0.168816800940,-0.985647445956
2024-01-13T20:50:00Z,fourier-demo,0.011102088335,2.779500000000,-0.170329673886,-0.985387133158
2024-01-13T20:51:00Z,fourier-demo,0.007007262854,2.779650000000,-0.171842145443,-0.985124498249
2024-01-13T20:52:00Z,fourier-demo,0.062893675343,2.779800000000,-0.173354212045,-0.984859541847
2024-01-13T20:53:00Z,fourier-demo,0.175861932863,2.779950000000,-0.174865870130,-0.984592264576
2024-01-13T20:54:00Z,fourier-demo,0.341243579916,2.780100000000,-0.176377116135,-0.984322667068
2024-01-13T20:55:00Z,fourier-demo,0.552794068210,2.780250000000,-0.177887946500,-0.984050749957
2024-01-13T20:56:00Z,fourier-demo,0.802942819850,2.780400000000,-0.179398357662,-0.983776513883
2024-01-13T20:57:00Z,fourier-demo,1.083090256609,2.780550000000,-0.180908346065,-0.983499959494
2024-01-13T20:58:00Z,fourier-demo,1.383939860326,2.780700000000,-0.182417908148,-0.983221087440
2024-01-13T20:59:00Z,fourier-demo,1.695852006511,2.780850000000,-0.183927040354,-0.982939898380
2024-01-13T21:00:00Z,fourier-demo,2.009205527354,2.781000000000,-0.185435739128,-0.982656392975
2024-01-13T21:01:00Z,fourier-demo,2.314752741764,2.781150000000,-0.186944000914,-0.982370571893
2024-01-13T21:02:00Z,fourier-demo,2.603954046227,2.781300000000,-0.188451822157,-0.982082435810
2024-01-13T21:03:00Z,fourier-demo,2.869279075024,2.781450000000,-0.189959199305,-0.981791985402
2024-01-13T21:04:00Z,fourier-demo,3.104462872993,2.781600000000,-0.191466128805,-0.981499221355
2024-01-13T21:05:00Z,fourier-demo,3.304707418646,2.781750000000,-0.192972607106,-0.981204144359
2024-01-13T21:06:00Z,fourier-demo,3.466821111738,2.781900000000,-0.194478630658,-0.980906755108
2024-01-13T21:07:00Z,fourier-demo,3.589291403434,2.782050000000,-0.195984195912,-0.980607054305
2024-01-13T21:08:00Z,fourier-demo,3.672288493713,2.782200000000,-0.197489299319,-0.980305042655
2024-01-13T21:09:00Z,fourier-demo,3.717600837053,2.782350000000,-0.198993937334,-0.980000720869
2024-01-13T21:10:00Z,fourier-demo,3.728505968616,2.782500000000,-0.200498106411,-0.979694089666
2024-01-13T21:11:00Z,fourier-demo,3.709582775996,2.782650000000,-0.202001803004,-0.979385149767
2024-01-13T21:12:00Z,fourier-demo,3.666473689906,2.782800000000,-0.203505023570,-0.979073901900
2024-01-13T21:13:00Z,fourier-demo,3.605607255571,2.782950000000,-0.205007764567,-0.978760346800
2024-01-13T21:14:00Z,fourier-demo,3.533893095002,2.783100000000,-0.206510022453,-0.978444485204
2024-01-13T21:15:00Z,fourier-demo,3.458402316423,2.783250000000,-0.208011793689,-0.978126317858
2024-01-13T21:16:00Z,fourier-demo,3.386046929818,2.783400000000,-0.209513074735,-0.977805845511
2024-01-13T21:17:00Z,fourier-demo,3.323271767805,2.783550000000,-0.211013862054,-0.977483068918
2024-01-13T21:18:00Z,fourier-demo,3.275771793090,2.783700000000,-0.212514152108,-0.977157988840
2024-01-13T21:19:00Z,fourier-demo,3.248246524793,2.783850000000,-0.214013941363,-0.976830606043
2024-01-13T21:20:00Z,fourier-demo,3.244201684872,2.784000000000,-0.215513226284,-0.976500921298
2024-01-13T21:21:00Z,fourier-demo,3.265806121584,2.784150000000,-0.217012003338,-0.976168935383
2024-01-13T21:22:00Z,fourier-demo,3.313809694777,2.784300000000,-0.218510268993,-0.975834649080
2024-01-13T21:23:00Z,fourier-demo,3.387525207145,2.784450000000,-0.220008019718,-0.975498063176
2024-01-13T21:24:00Z,fourier-demo,3.484874744384,2.784600000000,-0.221505251984,-0.975159178465
2024-01-13T21:25:00Z,fourier-demo,3.602498058791,2.784750000000,-0.223001962262,-0.974817995745
2024-01-13T21:26:00Z,fourier-demo,3.735918008373,2.784900000000,-0.224498147025,-0.974474515820
2024-01-13T21:27:00Z,fourier-demo,3.879755655852,2.785050000000,-0.225993802748,-0.974128739500
2024-01-13T21:28:00Z,fourier-demo,4.027985538702,2.785200000000,-0.227488925906,-0.973780667599
2024-01-13T21:29:00Z,fourier-demo,4.174219929392,2.785350000000,-0.228983512975,-0.973430300939
2024-01-13T21:30:00Z,fourier-demo,4.312009684233,2.785500000000,-0.230477560434,-0.973077640343
2024-01-13T21:31:00Z,fourier-demo,4.435148580136,2.785650000000,-0.231971064762,-0.972722686645
2024-01-13T21:32:00Z,fourier-demo,4.537967890201,2.785800000000,-0.233464022439,-0.972365440679
2024-01-13T21:33:00Z,fourier-demo,4.615608357280,2.785950000000,-0.234956429946,-0.972005903288
2024-01-13T21:34:00Z,fourier-demo,4.664257672658,2.786100000000,-0.236448283768,-0.971644075319
2024-01-13T21:35:00Z,fourier-demo,4.681343015400,2.786250000000,-0.237939580389,-0.971279957625
2024-01-13T21:36:00Z,fourier-demo,4.665670096745,2.786400000000,-0.239430316293,-0.970913551064
2024-01-13T21:37:00Z,fourier-demo,4.617502404830,2.786550000000,-0.240920487969,-0.970544856499
2024-01-13T21:38:00Z,fourier-demo,4.538576864696,2.786700000000,-0.242410091904,-0.970173874799
2024-01-13T21:39:00Z,fourier-demo,4.432054812498,2.786850000000,-0.243899124588,-0.969800606839
2024-01-13T21:40:00Z,fourier-demo,4.302409919653,2.787000000000,-0.245387582512,-0.969425053498
2024-01-13T21:41:00Z,fourier-demo,4.155257378567,2.787150000000,-0.246875462169,-0.969047215660
2024-01-13T21:42:00Z,fourier-demo,3.997131165440,2.787300000000,-0.248362760053,-0.968667094217
2024-01-13T21:43:00Z,fourier-demo,3.835218422895,2.787450000000,-0.249849472657,-0.968284690064
2024-01-13T21:44:00Z,fourier-demo,3.677061862928,2.787600000000,-0.251335596480,-0.967900004103
2024-01-13T21:45:00Z,fourier-demo,3.530242500930,2.787750000000,-0.252821128018,-0.967513037239
2024-01-13T21:46:00Z,fourier-demo,3.402055934636,2.787900000000,-0.254306063772,-0.967123790385
2024-01-13T21:47:00Z,fourier-demo,3.299195739239,2.788050000000,-0.255790400241,-0.966732264458
2024-01-13T21:48:00Z,fourier-demo,3.227457344988,2.788200000000,-0.257274133928,-0.966338460381
2024-01-13T21:49:00Z,fourier-demo,3.191475003409,2.788350000000,-0.258757261336,-0.965942379082
2024-01-13T21:50:00Z,fourier-demo,3.194503162433,2.788500000000,-0.260239778970,-0.965544021493
2024-01-13T21:51:00Z,fourier-demo,3.238251810599,2.788650000000,-0.261721683338,-0.965143388555
2024-01-13T21:52:00Z,fourier-demo,3.322783187197,2.788800000000,-0.263202970945,-0.964740481210
2024-01-13T21:53:00Z,fourier-demo,3.446474776412,2.788950000000,-0.264683638303,-0.964335300409
2024-01-13T21:54:00Z,fourier-demo,3.606050810134,2.789100000000,-0.266163681921,-0.963927847106
2024-01-13T21:55:00Z,fourier-demo,3.796681706084,2.789250000000,-0.267643098311,-0.963518122262
2024-01-13T21:56:00Z,fourier-demo,4.012148079668,2.789400000000,-0.269121883988,-0.963106126841
2024-01-13T21:57:00Z,fourier-demo,4.245063303813,2.789550000000,-0.270600035467,-0.962691861815
2024-01-13T21:58:00Z,fourier-demo,4.487146160541,2.789700000000,-0.272077549263,-0.962275328161
2024-01-13T21:59:00Z,fourier-demo,4.729533031194,2.789850000000,-0.273554421897,-0.961856526859
2024-01-13T22:00:00Z,fourier-demo,4.963117395913,2.790000000000,-0.275030649886,-0.961435458896
2024-01-13T22:01:00Z,fourier-demo,5.178903226745,2.790150000000,-0.276506229752,-0.961012125266
2024-01-13T22:02:00Z,fourier-demo,5.368358212655,2.790300000000,-0.277981158019,-0.960586526965
2024-01-13T22:03:00Z,fourier-demo,5.523752676423,2.790450000000,-0.279455431209,-0.960158664996
2024-01-13T22:04:00Z,fourier-demo,5.638470537905,2.790600000000,-0.280929045850,-0.959728540368
2024-01-13T22:05:00Z,fourier-demo,5.707279726773,2.790750000000,-0.282401998468,-0.959296154095
2024-01-13T22:06:00Z,fourier-demo,5.726551009532,2.790900000000,-0.283874285593,-0.958861507194
2024-01-13T22:07:00Z,fourier-demo,5.694416208204,2.791050000000,-0.285345903754,-0.958424600692
2024-01-13T22:08:00Z,fourier-demo,5.610859171107,2.791200000000,-0.286816849484,-0.957985435616
2024-01-13T22:09:00Z,fourier-demo,5.477735513812,2.791350000000,-0.288287119317,-0.957544013002
2024-01-13T22:10:00Z,fourier-demo,5.298719973685,2.791500000000,-0.289756709787,-0.957100333890
2024-01-13T22:11:00Z,fourier-demo,5.079183100475,2.791650000000,-0.291225617432,-0.956654399327
2024-01-13T22:12:00Z,fourier-demo,4.826001821820,2.791800000000,-0.292693838791,-0.956206210362
2024-01-13T22:13:00Z,fourier-demo,4.547311062526,2.791950000000,-0.294161370402,-0.955755768051
2024-01-13T22:14:00Z,fourier-demo,4.252205953246,2.792100000000,-0.295628208808,-0.955303073457
2024-01-13T22:15:00Z,fourier-demo,3.950406142233,2.792250000000,-0.297094350552,-0.954848127647
2024-01-13T22:16:00Z,fourier-demo,3.651895243233,2.792400000000,-0.298559792179,-0.954390931691
2024-01-13T22:17:00Z,fourier-demo,3.366549451513,2.792550000000,-0.300024530236,-0.953931486668
2024-01-13T22:18:00Z,fourier-demo,3.103769798293,2.792700000000,-0.301488561272,-0.953469793660
2024-01-13T22:19:00Z,fourier-demo,2.872132373375,2.792850000000,-0.302951881835,-0.953005853756
2024-01-13T22:20:00Z,fourier-demo,2.679070132411,2.793000000000,-0.304414488477,-0.952539668048
2024-01-13T22:21:00Z,fourier-demo,2.530598647772,2.793150000000,-0.305876377753,-0.952071237636
2024-01-13T22:22:00Z,fourier-demo,2.431096411292,2.793300000000,-0.307337546216,-0.951600563622
2024-01-13T22:23:00Z,fourier-demo,2.383148124071,2.793450000000,-0.308797990424,-0.951127647117
2024-01-13T22:24:00Z,fourier-demo,2.387456901003,2.793600000000,-0.310257706934,-0.950652489235
2024-01-13T22:25:00Z,fourier-demo,2.442828577122,2.793750000000,-0.311716692308,-0.950175091095
2024-01-13T22:26:00Z,fourier-demo,2.546228439981,2.793900000000,-0.313174943107,-0.949695453822
2024-01-13T22:27:00Z,fourier-demo,2.692907842741,2.794050000000,-0.314632455894,-0.949213578547
2024-01-13T22:28:00Z,fourier-demo,2.876595392264,2.794200000000,-0.316089227235,-0.948729466406
2024-01-13T22:29:00Z,fourier-demo,3.089744866327,2.794350000000,-0.317545253696,-0.948243118538
2024-01-13T22:30:00Z,fourier-demo,3.323829796464,2.794500000000,-0.319000531847,-0.947754536091
2024-01-13T22:31:00Z,fourier-demo,3.569672846549,2.794650000000,-0.320455058259,-0.947263720215
2024-01-13T22:32:00Z,fourier-demo,3.817796794287,2.794800000000,-0.321908829502,-0.946770672068
2024-01-13T22:33:00Z,fourier-demo,4.058783135506,2.794950000000,-0.323361842153,-0.946275392811
2024-01-13T22:34:00Z,fourier-demo,4.283624110041,2.795100000000,-0.324814092786,-0.945777883611
2024-01-13T22:35:00Z,fourier-demo,4.484054300365,2.795250000000,-0.326265577979,-0.945278145641
2024-01-13T22:36:00Z,fourier-demo,4.652848864076,2.795400000000,-0.327716294312,-0.944776180078
2024-01-13T22:37:00Z,fourier-demo,4.784076890213,2.795550000000,-0.329166238366,-0.944271988105
2024-01-13T22:38:00Z,fourier-demo,4.873300257441,2.795700000000,-0.330615406724,-0.943765570911
2024-01-13T22:39:00Z,fourier-demo,4.917710641132,2.795850000000,-0.332063795971,-0.943256929688
2024-01-13T22:40:00Z,fourier-demo,4.916199872743,2.796000000000,-0.333511402695,-0.942746065636
2024-01-13T22:41:00Z,fourier-demo,4.869361593239,2.796150000000,-0.334958223482,-0.942232979958
2024-01-13T22:42:00Z,fourier-demo,4.779424950556,2.796300000000,-0.336404254925,-0.941717673864
2024-01-13T22:43:00Z,fourier-demo,4.650123853986,2.796450000000,-0.337849493616,-0.941200148568
2024-01-13T22:44:00Z,fourier-demo,4.486507903264,2.796600000000,-0.339293936148,-0.940680405288
2024-01-13T22:45:00Z,fourier-demo,4.294703450776,2.796750000000,-0.340737579118,-0.940158445251
2024-01-13T22:46:00Z,fourier-demo,4.081635236592,2.796900000000,-0.342180419124,-0.939634269686
2024-01-13T22:47:00Z,fourier-demo,3.854720577998,2.797050000000,-0.343622452765,-0.939107879828
2024-01-13T22:48:00Z,fourier-demo,3.621549135688,2.797200000000,-0.345063676644,-0.938579276919
2024-01-13T22:49:00Z,fourier-demo,3.389561776803,2.797350000000,-0.346504087364,-0.938048462202
2024-01-13T22:50:00Z,fourier-demo,3.165741991580,2.797500000000,-0.347943681530,-0.937515436931
2024-01-13T22:51:00Z,fourier-demo,2.956332699918,2.797650000000,-0.349382455751,-0.936980202359
2024-01-13T22:52:00Z,fourier-demo,2.766590133843,2.797800000000,-0.350820406636,-0.936442759750
2024-01-13T22:53:00Z,fourier-demo,2.600584850683,2.797950000000,-0.352257530795,-0.935903110369
2024-01-13T22:54:00Z,fourier-demo,2.461057888474,2.798100000000,-0.353693824844,-0.935361255488
2024-01-13T22:55:00Z,fourier-demo,2.349337705357,2.798250000000,-0.355129285395,-0.934817196384
2024-01-13T22:56:00Z,fourier-demo,2.265320947413,2.798400000000,-0.356563909068,-0.934270934339
2024-01-13T22:57:00Z,fourier-demo,2.207517372781,2.798550000000,-0.357997692482,-0.933722470640
2024-01-13T22:58:00Z,fourier-demo,2.173156537045,2.798700000000,-0.359430632256,-0.933171806580
2024-01-13T22:59:00Z,fourier-demo,2.158351228855,2.798850000000,-0.360862725016,-0.932618943457
2024-01-13T23:00:00Z,fourier-demo,2.158310244300,2.799000000000,-0.362293967385,-0.932063882573
2024-01-13T23:01:00Z,fourier-demo,2.167591003231,2.799150000000,-0.363724355992,-0.931506625236
2024-01-13T23:02:00Z,fourier-demo,2.180380827052,2.799300000000,-0.365153887465,-0.930947172760
2024-01-13T23:03:00Z,fourier-demo,2.190794485461,2.799450000000,-0.366582558435,-0.930385526463
2024-01-13T23:04:00Z,fourier-demo,2.193174929352,2.799600000000,-0.368010365537,-0.929821687668
2024-01-13T23:05:00Z,fourier-demo,2.182383987437,2.799750000000,-0.369437305404,-0.929255657705
2024-01-13T23:06:00Z,fourier-demo,2.154070220991,2.799900000000,-0.370863374675,-0.928687437906
2024-01-13T23:07:00Z,fourier-demo,2.104902087246,2.800050000000,-0.372288569989,-0.928117029612
2024-01-13T23:08:00Z,fourier-demo,2.032756017978,2.800200000000,-0.373712887987,-0.927544434166
2024-01-13T23:09:00Z,fourier-demo,1.936850915510,2.800350000000,-0.375136325313,-0.926969652918
2024-01-13T23:10:00Z,fourier-demo,1.817822825214,2.800500000000,-0.376558878613,-0.926392687222
2024-01-13T23:11:00Z,fourier-demo,1.677736068239,2.800650000000,-0.377980544534,-0.925813538437
2024-01-13T23:12:00Z,fourier-demo,1.520029805889,2.800800000000,-0.379401319726,-0.925232207930
2024-01-13T23:13:00Z,fourier-demo,1.349401746480,2.800950000000,-0.380821200841,-0.924648697068
2024-01-13T23:14:00Z,fourier-demo,1.171633382615,2.801100000000,-0.382240184532,-0.924063007229
2024-01-13T23:15:00Z,fourier-demo,0.993363650478,2.801250000000,-0.383658267456,-0.923475139791
2024-01-13T23:16:00Z,fourier-demo,0.821820128455,2.801400000000,-0.385075446272,-0.922885096141
2024-01-13T23:17:00Z,fourier-demo,0.664518747120,2.801550000000,-0.386491717639,-0.922292877668
2024-01-13T23:18:00Z,fourier-demo,0.528944388474,2.801700000000,-0.387907078220,-0.921698485768
2024-01-13T23:19:00Z,fourier-demo,0.422225649745,2.801850000000,-0.389321524680,-0.921101921842
2024-01-13T23:20:00Z,fourier-demo,0.350817397361,2.802000000000,-0.390735053685,-0.920503187296
2024-01-13T23:21:00Z,fourier-demo,0.320204523630,2.802150000000,-0.392147661904,-0.919902283540
2024-01-13T23:22:00Z,fourier-demo,0.334639549243,2.802300000000,-0.393559346009,-0.919299211992
2024-01-13T23:23:00Z,fourier-demo,0.396925418652,2.802450000000,-0.394970102673,-0.918693974071
2024-01-13T23:24:00Z,fourier-demo,0.508253064377,2.802600000000,-0.396379928571,-0.918086571204
2024-01-13T23:25:00Z,fourier-demo,0.668101141418,2.802750000000,-0.397788820381,-0.917477004823
2024-01-13T23:26:00Z,fourier-demo,0.874202842272,2.802900000000,-0.399196774783,-0.916865276365
2024-01-13T23:27:00Z,fourier-demo,1.122581997522,2.803050000000,-0.400603788458,-0.916251387269
2024-01-13T23:28:00Z,fourier-demo,1.407657856798,2.803200000000,-0.402009858092,-0.915635338984
2024-01-13T23:29:00Z,fourier-demo,1.722415144782,2.803350000000,-0.403414980371,-0.915017132961
2024-01-13T23:30:00Z,fourier-demo,2.058633311228,2.803500000000,-0.404819151983,-0.914396770657
2024-01-13T23:31:00Z,fourier-demo,2.407166452587,2.803650000000,-0.406222369620,-0.913774253533
2024-01-13T23:32:00Z,fourier-demo,2.758263275829,2.803800000000,-0.407624629974,-0.913149583058
2024-01-13T23:33:00Z,fourier-demo,3.101914789623,2.803950000000,-0.409025929742,-0.912522760702
2024-01-13T23:34:00Z,fourier-demo,3.428216213849,2.804100000000,-0.410426265621,-0.911893787943
2024-01-13T23:35:00Z,fourier-demo,3.727728945538,2.804250000000,-0.411825634311,-0.911262666263
2024-01-13T23:36:00Z,fourier-demo,3.991828335834,2.804400000000,-0.413224032514,-0.910629397149
2024-01-13T23:37:00Z,fourier-demo,4.213023523226,2.804550000000,-0.414621456935,-0.909993982095
2024-01-13T23:38:00Z,fourier-demo,4.385236614859,2.804700000000,-0.416017904282,-0.909356422596
2024-01-13T23:39:00Z,fourier-demo,4.504030068831,2.804850000000,-0.417413371262,-0.908716720156
2024-01-13T23:40:00Z,fourier-demo,4.566773144216,2.805000000000,-0.418807854588,-0.908074876282
2024-01-13T23:41:00Z,fourier-demo,4.572740671418,2.805150000000,-0.420201350973,-0.907430892487
2024-01-13T23:42:00Z,fourier-demo,4.523140057651,2.805300000000,-0.421593857135,-0.906784770288
2024-01-13T23:43:00Z,fourier-demo,4.421065273792,2.805450000000,-0.422985369790,-0.906136511208
2024-01-13T23:44:00Z,fourier-demo,4.271379455505,2.805600000000,-0.424375885660,-0.905486116774
2024-01-13T23:45:00Z,fourier-demo,4.080530577027,2.805750000000,-0.425765401468,-0.904833588519
2024-01-13T23:46:00Z,fourier-demo,3.856307306279,2.805900000000,-0.427153913940,-0.904178927981
2024-01-13T23:47:00Z,fourier-demo,3.607544518170,2.806050000000,-0.428541419804,-0.903522136703
2024-01-13T23:48:00Z,fourier-demo,3.343789933422,2.806200000000,-0.429927915790,-0.902863216232
2024-01-13T23:49:00Z,fourier-demo,3.074944882712,2.806350000000,-0.431313398630,-0.902202168121
2024-01-13T23:50:00Z,fourier-demo,2.810893208650,2.806500000000,-0.432697865059,-0.901538993928
2024-01-13T23:51:00Z,fourier-demo,2.561132770310,2.806650000000,-0.434081311816,-0.900873695216
2024-01-13T23:52:00Z,fourier-demo,2.334423888830,2.806800000000,-0.435463735639,-0.900206273552
2024-01-13T23:53:00Z,fourier-demo,2.138468373226,2.806950000000,-0.436845133272,-0.899536730510
2024-01-13T23:54:00Z,fourier-demo,1.979631521921,2.807100000000,-0.438225501458,-0.898865067667
2024-01-13T23:55:00Z,fourier-demo,1.862717757942,2.807250000000,-0.439604836946,-0.898191286605
2024-01-13T23:56:00Z,fourier-demo,1.790808395219,2.807400000000,-0.440983136483,-0.897515388914
2024-01-13T23:57:00Z,fourier-demo,1.765167537410,2.807550000000,-0.442360396823,-0.896837376185
2024-01-13T23:58:00Z,fourier-demo,1.785219380570,2.807700000000,-0.443736614720,-0.896157250016
2024-01-13T23:59:00Z,fourier-demo,1.848597337284,2.807850000000,-0.445111786931,-0.895475012011
2024-01-14T00:00:00Z,fourier-demo,1.951262538133,2.808000000000,-0.446485910214,-0.894790663776
2024-01-14T00:01:00Z,fourier-demo,2.087686512165,2.808150000000,-0.447858981333,-0.894104206924
2024-01-14T00:02:00Z,fourier-demo,2.251090312591,2.808300000000,-0.449230997050,-0.893415643074
2024-01-14T00:03:00Z,fourier-demo,2.433730139151,2.808450000000,-0.450601954134,-0.892724973847
2024-01-14T00:04:00Z,fourier-demo,2.627217703485,2.808600000000,-0.451971849352,-0.892032200872
2024-01-14T00:05:00Z,fourier-demo,2.822862260386,2.808750000000,-0.453340679478,-0.891337325781
2024-01-14T00:06:00Z,fourier-demo,3.012020438289,2.808900000000,-0.454708441284,-0.890640350211
2024-01-14T00:07:00Z,fourier-demo,3.186439777372,2.809050000000,-0.456075131549,-0.889941275805
2024-01-14T00:08:00Z,fourier-demo,3.338582230557,2.809200000000,-0.457440747051,-0.889240104211
2024-01-14T00:09:00Z,fourier-demo,3.461914785651,2.809350000000,-0.458805284573,-0.888536837080
2024-01-14T00:10:00Z,fourier-demo,3.551155787427,2.809500000000,-0.460168740898,-0.887831476070
2024-01-14T00:11:00Z,fourier-demo,3.602467416910,2.809650000000,-0.461531112814,-0.887124022843
2024-01-14T00:12:00Z,fourier-demo,3.613587043591,2.809800000000,-0.462892397109,-0.886414479066
2024-01-14T00:13:00Z,fourier-demo,3.583892711059,2.809950000000,-0.464252590577,-0.885702846412
2024-01-14T00:14:00Z,fourier-demo,3.514400742813,2.810100000000,-0.465611690012,-0.884989126557
2024-01-14T00:15:00Z,fourier-demo,3.407696250535,2.810250000000,-0.466969692211,-0.884273321183
2024-01-14T00:16:00Z,fourier-demo,3.267800077102,2.810400000000,-0.468326593974,-0.883555431978
2024-01-14T00:17:00Z,fourier-demo,3.099978298505,2.810550000000,-0.469682392102,-0.882835460632
2024-01-14T00:18:00Z,fourier-demo,2.910502736633,2.810700000000,-0.471037083402,-0.882113408842
2024-01-14T00:19:00Z,fourier-demo,2.706372903716,2.810850000000,-0.472390664681,-0.881389278311
2024-01-14T00:20:00Z,fourier-demo,2.495011329210,2.811000000000,-0.473743132749,-0.880663070744
2024-01-14T00:21:00Z,fourier-demo,2.283945249269,2.811150000000,-0.475094484419,-0.879934787853
2024-01-14T00:22:00Z,fourier-demo,2.080488126652,2.811300000000,-0.476444716506,-0.879204431354
2024-01-14T00:23:00Z,fourier-demo,1.891434396299,2.811450000000,-0.477793825829,-0.878472002969
2024-01-14T00:24:00Z,fourier-demo,1.722780203377,2.811600000000,-0.479141809208,-0.877737504422
2024-01-14T00:25:00Z,fourier-demo,1.579481743535,2.811750000000,-0.480488663467,-0.877000937445
2024-01-14T00:26:00Z,fourier-demo,1.465261178689,2.811900000000,-0.481834385431,-0.876262303775
2024-01-14T00:27:00Z,fourier-demo,1.382468054532,2.812050000000,-0.483178971930,-0.875521605150
2024-01-14T00:28:00Z,fourier-demo,1.332001773884,2.812200000000,-0.484522419795,-0.874778843318
2024-01-14T00:29:00Z,fourier-demo,1.313298081873,2.812350000000,-0.485864725859,-0.874034020028
2024-01-14T00:30:00Z,fourier-demo,1.324379803036,2.812500000000,-0.487205886961,-0.873287137035
2024-01-14T00:31:00Z,fourier-demo,1.361969349692,2.812650000000,-0.488545899939,-0.872538196100
2024-01-14T00:32:00Z,fourier-demo,1.421657908475,2.812800000000,-0.489884761635,-0.871787198987
2024-01-14T00:33:00Z,fourier-demo,1.498123816246,2.812950000000,-0.491222468895,-0.871034147467
2024-01-14T00:34:00Z,fourier-demo,1.585390557303,2.813100000000,-0.492559018565,-0.870279043313
2024-01-14T00:35:00Z,fourier-demo,1.677113137214,2.813250000000,-0.493894407497,-0.869521888306
2024-01-14T00:36:00Z,fourier-demo,1.766880384425,2.813400000000,-0.495228632544,-0.868762684229
2024-01-14T00:37:00Z,fourier-demo,1.848520049285,2.813550000000,-0.496561690561,-0.868001432872
2024-01-14T00:38:00Z,fourier-demo,1.916393439690,2.813700000000,-0.497893578406,-0.867238136028
2024-01-14T00:39:00Z,fourier-demo,1.965666758990,2.813850000000,-0.499224292942,-0.866472795497
2024-01-14T00:40:00Z,fourier-demo,1.992547277778,2.814000000000,-0.500553831032,-0.865705413082
2024-01-14T00:41:00Z,fourier-demo,1.994473936973,2.814150000000,-0.501882189544,-0.864935990590
2024-01-14T00:42:00Z,fourier-demo,1.970253884950,2.814300000000,-0.503209365346,-0.864164529837
2024-01-14T00:43:00Z,fourier-demo,1.920138717560,2.814450000000,-0.504535355312,-0.863391032638
2024-01-14T00:44:00Z,fourier-demo,1.845836723280,2.814600000000,-0.505860156316,-0.862615500818
2024-01-14T00:45:00Z,fourier-demo,1.750460131498,2.814750000000,-0.507183765237,-0.861837936204
2024-01-14T00:46:00Z,fourier-demo,1.638409108484,2.814900000000,-0.508506178955,-0.861058340628
2024-01-14T00:47:00Z,fourier-demo,1.515196929015,2.815050000000,-0.509827394355,-0.860276715927
2024-01-14T00:48:00Z,fourier-demo,1.387223260448,2.815200000000,-0.511147408322,-0.859493063943
2024-01-14T00:49:00Z,fourier-demo,1.261504725754,2.815350000000,-0.512466217746,-0.858707386523
2024-01-14T00:50:00Z,fourier-demo,1.145373769602,2.815500000000,-0.513783819519,-0.857919685519
2024-01-14T00:51:00Z,fourier-demo,1.046158259001,2.815650000000,-0.515100210536,-0.857129962786
2024-01-14T00:52:00Z,fourier-demo,0.970855147723,2.815800000000,-0.516415387696,-0.856338220186
2024-01-14T00:53:00Z,fourier-demo,0.925811883123,2.815950000000,-0.517729347898,-0.855544459584
2024-01-14T00:54:00Z,fourier-demo,0.916429018747,2.816100000000,-0.519042088046,-0.854748682852
2024-01-14T00:55:00Z,fourier-demo,0.946896723403,2.816250000000,-0.520353605047,-0.853950891864
2024-01-14T00:56:00Z,fourier-demo,1.019976576946,2.816400000000,-0.521663895810,-0.853151088500
2024-01-14T00:57:00Z,fourier-demo,1.136838266726,2.816550000000,-0.522972957248,-0.852349274645
2024-01-14T00:58:00Z,fourier-demo,1.296958617597,2.816700000000,-0.524280786275,-0.851545452189
2024-01-14T00:59:00Z,fourier-demo,1.498087890845,2.816850000000,-0.525587379809,-0.850739623025
2024-01-14T01:00:00Z,fourier-demo,1.736285574470,2.817000000000,-0.526892734772,-0.849931789054
2024-01-14T01:01:00Z,fourier-demo,2.006025069268,2.817150000000,-0.528196848088,-0.849121952178
2024-01-14T01:02:00Z,fourier-demo,2.300363867040,2.817300000000,-0.529499716682,-0.848310114306
2024-01-14T01:03:00Z,fourier-demo,2.611173133489,2.817450000000,-0.530801337485,-0.847496277351
2024-01-14T01:04:00Z,fourier-demo,2.929418159070,2.817600000000,-0.532101707430,-0.846680443231
2024-01-14T01:05:00Z,fourier-demo,3.245479026432,2.817750000000,-0.533400823452,-0.845862613868
2024-01-14T01:06:00Z,fourier-demo,3.549499150563,2.817900000000,-0.534698682490,-0.845042791191
2024-01-14T01:07:00Z,fourier-demo,3.831748146993,2.818050000000,-0.535995281485,-0.844220977130
2024-01-14T01:08:00Z,fourier-demo,4.082984824854,2.818200000000,-0.537290617382,-0.843397173622
2024-01-14T01:09:00Z,fourier-demo,4.294806013229,2.818350000000,-0.538584687128,-0.842571382609
2024-01-14T01:10:00Z,fourier-demo,4.459967416157,2.818500000000,-0.539877487674,-0.841743606036
2024-01-14T01:11:00Z,fourier-demo,4.572663735402,2.818650000000,-0.541169015973,-0.840913845855
2024-01-14T01:12:00Z,fourier-demo,4.628756859842,2.818800000000,-0.542459268981,-0.840082104021
2024-01-14T01:13:00Z,fourier-demo,4.625942933826,2.818950000000,-0.543748243659,-0.839248382493
2024-01-14T01:14:00Z,fourier-demo,4.563851503734,2.819100000000,-0.545035936968,-0.838412683237
2024-01-14T01:15:00Z,fourier-demo,4.444072606433,2.819250000000,-0.546322345874,-0.837575008222
2024-01-14T01:16:00Z,fourier-demo,4.270110498317,2.819400000000,-0.547607467346,-0.836735359422
2024-01-14T01:17:00Z,fourier-demo,4.047265614896,2.819550000000,-0.548891298355,-0.835893738815
2024-01-14T01:18:00Z,fourier-demo,3.782449182284,2.819700000000,-0.550173835875,-0.835050148385
2024-01-14T01:19:00Z,fourier-demo,3.483937558989,2.819850000000,-0.551455076885,-0.834204590120
2024-01-14T01:20:00Z,fourier-demo,3.161075762382,2.820000000000,-0.552735018365,-0.833357066013
2024-01-14T01:21:00Z,fourier-demo,2.823941633185,2.820150000000,-0.554013657299,-0.832507578060
2024-01-14T01:22:00Z,fourier-demo,2.482983632938,2.820300000000,-0.555290990673,-0.831656128263
2024-01-14T01:23:00Z,fourier-demo,2.148646291666,2.820450000000,-0.556567015478,-0.830802718630
2024-01-14T01:24:00Z,fourier-demo,1.830997785090,2.820600000000,-0.557841728706,-0.829947351170
2024-01-14T01:25:00Z,fourier-demo,1.539374004442,2.820750000000,-0.559115127354,-0.829090027901
2024-01-14T01:26:00Z,fourier-demo,1.282052792444,2.820900000000,-0.560387208420,-0.828230750841
2024-01-14T01:27:00Z,fourier-demo,1.065970784940,2.821050000000,-0.561657968908,-0.827369522017
2024-01-14T01:28:00Z,fourier-demo,0.896493569258,2.821200000000,-0.562927405822,-0.826506343457
2024-01-14T01:29:00Z,fourier-demo,0.777247718286,2.821350000000,-0.564195516171,-0.825641217196
2024-01-14T01:30:00Z,fourier-demo,0.710020770886,2.821500000000,-0.565462296967,-0.824774145272
2024-01-14T01:31:00Z,fourier-demo,0.694732505823,2.821650000000,-0.566727745224,-0.823905129729
2024-01-14T01:32:00Z,fourier-demo,0.729478008218,2.821800000000,-0.567991857960,-0.823034172615
2024-01-14T01:33:00Z,fourier-demo,0.810640170062,2.821950000000,-0.569254632196,-0.822161275981
2024-01-14T01:34:00Z,fourier-demo,0.933066515082,2.822100000000,-0.570516064957,-0.821286441886
2024-01-14T01:35:00Z,fourier-demo,1.090302704276,2.822250000000,-0.571776153270,-0.820409672390
2024-01-14T01:36:00Z,fourier-demo,1.274872863677,2.822400000000,-0.573034894166,-0.819530969560
2024-01-14T01:37:00Z,fourier-demo,1.478595069312,2.822550000000,-0.574292284677,-0.818650335467
2024-01-14T01:38:00Z,fourier-demo,1.692918997760,2.822700000000,-0.575548321842,-0.817767772185
2024-01-14T01:39:00Z,fourier-demo,1.909271956737,2.822850000000,-0.576803002700,-0.816883281795
2024-01-14T01:40:00Z,fourier-demo,2.119399279097,2.823000000000,-0.578056324294,-0.815996866381
2024-01-14T01:41:00Z,fourier-demo,2.315685403195,2.823150000000,-0.579308283671,-0.815108528032
2024-01-14T01:42:00Z,fourier-demo,2.491442856876,2.823300000000,-0.580558877881,-0.814218268841
2024-01-14T01:43:00Z,fourier-demo,2.641157773045,2.823450000000,-0.581808103976,-0.813326090906
2024-01-14T01:44:00Z,fourier-demo,2.760682432498,2.823600000000,-0.583055959013,-0.812431996329
2024-01-14T01:45:00Z,fourier-demo,2.847367576374,2.823750000000,-0.584302440051,-0.811535987218
2024-01-14T01:46:00Z,fourier-demo,2.900129763093,2.823900000000,-0.585547544153,-0.810638065685
2024-01-14T01:47:00Z,fourier-demo,2.919451758040,2.824050000000,-0.586791268384,-0.809738233844
2024-01-14T01:48:00Z,fourier-demo,2.907316726693,2.824200000000,-0.588033609814,-0.808836493817
2024-01-14T01:49:00Z,fourier-demo,2.867079738735,2.824350000000,-0.589274565515,-0.807932847728
2024-01-14T01:50:00Z,fourier-demo,2.803282669548,2.824500000000,-0.590514132562,-0.807027297707
2024-01-14T01:51:00Z,fourier-demo,2.721420900625,2.824650000000,-0.591752308035,-0.806119845889
2024-01-14T01:52:00Z,fourier-demo,2.627672177211,2.824800000000,-0.592989089016,-0.805210494410
2024-01-14T01:53:00Z,fourier-demo,2.528599500121,2.824950000000,-0.594224472589,-0.804299245416
2024-01-14T01:54:00Z,fourier-demo,2.430840947725,2.825100000000,-0.595458455845,-0.803386101051
2024-01-14T01:55:00Z,fourier-demo,2.340799802521,2.825250000000,-0.596691035875,-0.802471063470
2024-01-14T01:56:00Z,fourier-demo,2.264348276267,2.825400000000,-0.597922209774,-0.801554134828
2024-01-14T01:57:00Z,fourier-demo,2.206557492562,2.825550000000,-0.599151974641,-0.800635317285
2024-01-14T01:58:00Z,fourier-demo,2.171465223897,2.825700000000,-0.600380327578,-0.799714613007
2024-01-14T01:59:00Z,fourier-demo,2.161891240332,2.825850000000,-0.601607265690,-0.798792024164
2024-01-14T02:00:00Z,fourier-demo,2.179308078264,2.826000000000,-0.602832786087,-0.797867552930
2024-01-14T02:01:00Z,fourier-demo,2.223772665735,2.826150000000,-0.604056885879,-0.796941201483
2024-01-14T02:02:00Z,fourier-demo,2.293921644454,2.826300000000,-0.605279562183,-0.796012972007
2024-01-14T02:03:00Z,fourier-demo,2.387030516348,2.826450000000,-0.606500812117,-0.795082866688
2024-01-14T02:04:00Z,fourier-demo,2.499134026957,2.826600000000,-0.607720632803,-0.794150887719
2024-01-14T02:05:00Z,fourier-demo,2.625202592315,2.826750000000,-0.608939021367,-0.793217037296
2024-01-14T02:06:00Z,fourier-demo,2.759367188628,2.826900000000,-0.610155974937,-0.792281317619
2024-01-14T02:07:00Z,fourier-demo,2.895183054392,2.827050000000,-0.611371490646,-0.791343730894
2024-01-14T02:08:00Z,fourier-demo,3.025920888910,2.827200000000,-0.612585565628,-0.790404279330
2024-01-14T02:09:00Z,fourier-demo,3.144873038918,2.827350000000,-0.613798197024,-0.789462965141
2024-01-14T02:10:00Z,fourier-demo,3.245661496295,2.827500000000,-0.615009381976,-0.788519790545
2024-01-14T02:11:00Z,fourier-demo,3.322534412883,2.827650000000,-0.616219117628,-0.787574757765
2024-01-14T02:12:00Z,fourier-demo,3.370638278731,2.827800000000,-0.617427401132,-0.786627869028
2024-01-14T02:13:00Z,fourier-demo,3.386253890233,2.827950000000,-0.618634229638,-0.785679126565
2024-01-14T02:14:00Z,fourier-demo,3.366985714578,2.828100000000,-0.619839600304,-0.784728532612
2024-01-14T02:15:00Z,fourier-demo,3.311896176153,2.828250000000,-0.621043510288,-0.783776089409
2024-01-14T02:16:00Z,fourier-demo,3.221578670238,2.828400000000,-0.622245956754,-0.782821799201
2024-01-14T02:17:00Z,fourier-demo,3.098165655548,2.828550000000,-0.623446936867,-0.781865664236
2024-01-14T02:18:00Z,fourier-demo,2.945270885050,2.828700000000,-0.624646447799,-0.780907686767
2024-01-14T02:19:00Z,fourier-demo,2.767867592042,2.828850000000,-0.625844486722,-0.779947869053
2024-01-14T02:20:00Z,fourier-demo,2.572107141828,2.829000000000,-0.627041050812,-0.778986213355
2024-01-14T02:21:00Z,fourier-demo,2.365085176638,2.829150000000,-0.628236137251,-0.778022721938
2024-01-14T02:22:00Z,fourier-demo,2.154564518332,2.829300000000,-0.629429743221,-0.777057397075
2024-01-14T02:23:00Z,fourier-demo,1.948665956539,2.829450000000,-0.630621865911,-0.776090241039
2024-01-14T02:24:00Z,fourier-demo,1.755539461250,2.829600000000,-0.631812502510,-0.775121256109
2024-01-14T02:25:00Z,fourier-demo,1.583029258942,2.829750000000,-0.633001650213,-0.774150444570
2024-01-14T02:26:00Z,fourier-demo,1.438346561261,2.829900000000,-0.634189306218,-0.773177808708
2024-01-14T02:27:00Z,fourier-demo,1.327763519071,2.830050000000,-0.635375467726,-0.772203350817
2024-01-14T02:28:00Z,fourier-demo,1.256341199254,2.830200000000,-0.636560131941,-0.771227073191
2024-01-14T02:29:00Z,fourier-demo,1.227703077026,2.830350000000,-0.637743296072,-0.770248978133
2024-01-14T02:30:00Z,fourier-demo,1.243863754459,2.830500000000,-0.638924957331,-0.769269067946
2024-01-14T02:31:00Z,fourier-demo,1.305120427862,2.830650000000,-0.640105112934,-0.768287344941
2024-01-14T02:32:00Z,fourier-demo,1.410012120770,2.830800000000,-0.641283760098,-0.767303811430
2024-01-14T02:33:00Z,fourier-demo,1.555348977054,2.830950000000,-0.642460896047,-0.766318469731
2024-01-14T02:34:00Z,fourier-demo,1.736311080408,2.831100000000,-0.643636518006,-0.765331322167
2024-01-14T02:35:00Z,fourier-demo,1.946613447354,2.831250000000,-0.644810623205,-0.764342371063
2024-01-14T02:36:00Z,fourier-demo,2.178731145710,2.831400000000,-0.645983208878,-0.763351618750
2024-01-14T02:37:00Z,fourier-demo,2.424176029256,2.831550000000,-0.647154272260,-0.762359067563
2024-01-14T02:38:00Z,fourier-demo,2.673814452924,2.831700000000,-0.648323810593,-0.761364719841
2024-01-14T02:39:00Z,fourier-demo,2.918213628309,2.831850000000,-0.649491821120,-0.760368577926
2024-01-14T02:40:00Z,fourier-demo,3.148003067120,2.832000000000,-0.650658301089,-0.759370644168
2024-01-14T02:41:00Z,fourier-demo,3.354236890474,2.832150000000,-0.651823247751,-0.758370920916
2024-01-14T02:42:00Z,fourier-demo,3.528742683185,2.832300000000,-0.652986658361,-0.757369410527
2024-01-14T02:43:00Z,fourier-demo,3.664443049478,2.832450000000,-0.654148530177,-0.756366115362
2024-01-14T02:44:00Z,fourier-demo,3.755637061767,2.832600000000,-0.655308860460,-0.755361037784
2024-01-14T02:45:00Z,fourier-demo,3.798230346223,2.832750000000,-0.656467646478,-0.754354180162
2024-01-14T02:46:00Z,fourier-demo,3.789904556125,2.832900000000,-0.657624885498,-0.753345544869
2024-01-14T02:47:00Z,fourier-demo,3.730219365805,2.833050000000,-0.658780574794,-0.752335134281
2024-01-14T02:48:00Z,fourier-demo,3.620642778770,2.833200000000,-0.659934711643,-0.751322950780
2024-01-14T02:49:00Z,fourier-demo,3.464508376297,2.833350000000,-0.661087293324,-0.750308996751
2024-01-14T02:50:00Z,fourier-demo,3.266901023224,2.833500000000,-0.662238317122,-0.749293274583
2024-01-14T02:51:00Z,fourier-demo,3.034475379446,2.833650000000,-0.663387780323,-0.748275786671
2024-01-14T02:52:00Z,fourier-demo,2.775214224614,2.833800000000,-0.664535680221,-0.747256535411
2024-01-14T02:53:00Z,fourier-demo,2.498135982559,2.833950000000,-0.665682014108,-0.746235523205
2024-01-14T02:54:00Z,fourier-demo,2.212962835212,2.834100000000,-0.666826779284,-0.745212752460
2024-01-14T02:55:00Z,fourier-demo,1.929762362821,2.834250000000,-0.667969973051,-0.744188225587
2024-01-14T02:56:00Z,fourier-demo,1.658576675811,2.834400000000,-0.669111592716,-0.743161944998
2024-01-14T02:57:00Z,fourier-demo,1.409053472929,2.834550000000,-0.670251635587,-0.742133913113
2024-01-14T02:58:00Z,fourier-demo,1.190093351697,2.834700000000,-0.671390098979,-0.741104132355
2024-01-14T02:59:00Z,fourier-demo,1.009527016087,2.834850000000,-0.672526980208,-0.740072605149
2024-01-14T03:00:00Z,fourier-demo,0.873834800687,2.835000000000,-0.673662276596,-0.739039333927
2024-01-14T03:01:00Z,fourier-demo,0.787919210944,2.835150000000,-0.674795985466,-0.738004321125
2024-01-14T03:02:00Z,fourier-demo,0.754939035574,2.835300000000,-0.675928104148,-0.736967569180
2024-01-14T03:03:00Z,fourier-demo,0.776211107263,2.835450000000,-0.677058629973,-0.735929080536
2024-01-14T03:04:00Z,fourier-demo,0.851183072286,2.835600000000,-0.678187560278,-0.734888857641
2024-01-14T03:05:00Z,fourier-demo,0.977477688927,2.835750000000,-0.679314892402,-0.733846902945
2024-01-14T03:06:00Z,fourier-demo,1.151006323799,2.835900000000,-0.680440623687,-0.732803218904
2024-01-14T03:07:00Z,fourier-demo,1.366146569769,2.836050000000,-0.681564751483,-0.731757807978
2024-01-14T03:08:00Z,fourier-demo,1.615976380081,2.836200000000,-0.682687273138,-0.730710672630
2024-01-14T03:09:00Z,fourier-demo,1.892554902368,2.836350000000,-0.683808186009,-0.729661815327
2024-01-14T03:10:00Z,fourier-demo,2.187238392280,2.836500000000,-0.684927487454,-0.728611238542
2024-01-14T03:11:00Z,fourier-demo,2.491018261485,2.836650000000,-0.686045174835,-0.727558944750
2024-01-14T03:12:00Z,fourier-demo,2.794867521022,2.836800000000,-0.687161245517,-0.726504936431
2024-01-14T03:13:00Z,fourier-demo,3.090081649081,2.836950000000,-0.688275696872,-0.725449216069
2024-01-14T03:14:00Z,fourier-demo,3.368600249702,2.837100000000,-0.689388526272,-0.724391786152
2024-01-14T03:15:00Z,fourier-demo,3.623296759970,2.837250000000,-0.690499731096,-0.723332649171
2024-01-14T03:16:00Z,fourier-demo,3.848224869589,2.837400000000,-0.691609308724,-0.722271807622
2024-01-14T03:17:00Z,fourier-demo,4.038812179132,2.837550000000,-0.692717256543,-0.721209264006
2024-01-14T03:18:00Z,fourier-demo,4.191993863786,2.837700000000,-0.693823571940,-0.720145020826
2024-01-14T03:19:00Z,fourier-demo,4.306281634877,2.837850000000,-0.694928252310,-0.719079080590
2024-01-14T03:20:00Z,fourier-demo,4.381765997378,2.838000000000,-0.696031295048,-0.718011445810
2024-01-14T03:21:00Z,fourier-demo,4.420052576007,2.838150000000,-0.697132697555,-0.716942119002
2024-01-14T03:22:00Z,fourier-demo,4.424136011090,2.838300000000,-0.698232457236,-0.715871102687
2024-01-14T03:23:00Z,fourier-demo,4.398217495841,2.838450000000,-0.699330571500,-0.714798399387
2024-01-14T03:24:00Z,fourier-demo,4.347474333556,2.838600000000,-0.700427037758,-0.713724011631
2024-01-14T03:25:00Z,fourier-demo,4.277791841901,2.838750000000,-0.701521853426,-0.712647941950
2024-01-14T03:26:00Z,fourier-demo,4.195469442530,2.838900000000,-0.702615015925,-0.711570192881
2024-01-14T03:27:00Z,fourier-demo,4.106913786210,2.839050000000,-0.703706522678,-0.710490766963
2024-01-14T03:28:00Z,fourier-demo,4.018332235838,2.839200000000,-0.704796371114,-0.709409666740
2024-01-14T03:29:00Z,fourier-demo,3.935439943811,2.839350000000,-0.705884558664,-0.708326894760
2024-01-14T03:30:00Z,fourier-demo,3.863193120846,2.839500000000,-0.706971082763,-0.707242453574
2024-01-14T03:31:00Z,fourier-demo,3.805559928142,2.839650000000,-0.708055940852,-0.706156345737
2024-01-14T03:32:00Z,fourier-demo,3.765338782995,2.839800000000,-0.709139130373,-0.705068573810
2024-01-14T03:33:00Z,fourier-demo,3.744031818467,2.839950000000,-0.710220648774,-0.703979140355
2024-01-14T03:34:00Z,fourier-demo,3.741778866375,2.840100000000,-0.711300493507,-0.702888047940
2024-01-14T03:35:00Z,fourier-demo,3.757354738520,2.840250000000,-0.712378662026,-0.701795299136
2024-01-14T03:36:00Z,fourier-demo,3.788229872053,2.840400000000,-0.713455151792,-0.700700896518
2024-01-14T03:37:00Z,fourier-demo,3.830691693969,2.840550000000,-0.714529960267,-0.699604842666
2024-01-14T03:38:00Z,fourier-demo,3.880021459976,2.840700000000,-0.715603084918,-0.698507140161
2024-01-14T03:39:00Z,fourier-demo,3.930718942700,2.840850000000,-0.716674523216,-0.697407791592
2024-01-14T03:40:00Z,fourier-demo,3.976765282658,2.841000000000,-0.717744272637,-0.696306799548
2024-01-14T03:41:00Z,fourier-demo,4.011912658842,2.841150000000,-0.718812330660,-0.695204166624
2024-01-14T03:42:00Z,fourier-demo,4.029988253403,2.841300000000,-0.719878694768,-0.694099895418
2024-01-14T03:43:00Z,fourier-demo,4.025199326732,2.841450000000,-0.720943362447,-0.692993988534
2024-01-14T03:44:00Z,fourier-demo,3.992426113245,2.841600000000,-0.722006331189,-0.691886448576
2024-01-14T03:45:00Z,fourier-demo,3.927489699834,2.841750000000,-0.723067598489,-0.690777278155
2024-01-14T03:46:00Z,fourier-demo,3.827383040388,2.841900000000,-0.724127161846,-0.689666479885
2024-01-14T03:47:00Z,fourier-demo,3.690454751037,2.842050000000,-0.725185018763,-0.688554056383
2024-01-14T03:48:00Z,fourier-demo,3.516537260964,2.842200000000,-0.726241166748,-0.687440010270
2024-01-14T03:49:00Z,fourier-demo,3.307013183711,2.842350000000,-0.727295603311,-0.686324344173
2024-01-14T03:50:00Z,fourier-demo,3.064816329933,2.842500000000,-0.728348325967,-0.685207060721
2024-01-14T03:51:00Z,fourier-demo,2.794366499242,2.842650000000,-0.729399332236,-0.684088162545
2024-01-14T03:52:00Z,fourier-demo,2.501439954217,2.842800000000,-0.730448619641,-0.682967652283
2024-01-14T03:53:00Z,fourier-demo,2.192980179578,2.842950000000,-0.731496185709,-0.681845532576
2024-01-14T03:54:00Z,fourier-demo,1.876856052195,2.843100000000,-0.732542027972,-0.680721806067
2024-01-14T03:55:00Z,fourier-demo,1.561576788315,2.843250000000,-0.733586143965,-0.679596475405
2024-01-14T03:56:00Z,fourier-demo,1.255974899847,2.843400000000,-0.734628531227,-0.678469543242
2024-01-14T03:57:00Z,fourier-demo,0.968869803689,2.843550000000,-0.735669187303,-0.677341012234
2024-01-14T03:58:00Z,fourier-demo,0.708725627210,2.843700000000,-0.736708109739,-0.676210885039
2024-01-14T03:59:00Z,fourier-demo,0.483317100470,2.843850000000,-0.737745296088,-0.675079164321
2024-01-14T04:00:00Z,fourier-demo,0.299417205420,2.844000000000,-0.738780743905,-0.673945852747
2024-01-14T04:01:00Z,fourier-demo,0.162519471162,2.844150000000,-0.739814450750,-0.672810952989
2024-01-14T04:02:00Z,fourier-demo,0.076606492561,2.844300000000,-0.740846414188,-0.671674467719
2024-01-14T04:03:00Z,fourier-demo,0.043974458822,2.844450000000,-0.741876631786,-0.670536399616
2024-01-14T04:04:00Z,fourier-demo,0.065121280735,2.844600000000,-0.742905101116,-0.669396751363
2024-01-14T04:05:00Z,fourier-demo,0.138703388368,2.844750000000,-0.743931819756,-0.668255525645
2024-01-14T04:06:00Z,fourier-demo,0.261563536794,2.844900000000,-0.744956785285,-0.667112725151
2024-01-14T04:07:00Z,fourier-demo,0.428829116423,2.845050000000,-0.745979995288,-0.665968352574
2024-01-14T04:08:00Z,fourier-demo,0.634077632041,2.845200000000,-0.747001447354,-0.664822410611
2024-01-14T04:09:00Z,fourier-demo,0.869563305716,2.845350000000,-0.748021139076,-0.663674901963
2024-01-14T04:10:00Z,fourier-demo,1.126496283697,2.845500000000,-0.749039068050,-0.662525829334
2024-01-14T04:11:00Z,fourier-demo,1.395363787061,2.845650000000,-0.750055231879,-0.661375195431
2024-01-14T04:12:00Z,fourier-demo,1.666280827885,2.845800000000,-0.751069628167,-0.660223002966
2024-01-14T04:13:00Z,fourier-demo,1.929356887362,2.845950000000,-0.752082254524,-0.659069254654
2024-01-14T04:14:00Z,fourier-demo,2.175064270200,2.846100000000,-0.753093108563,-0.657913953215
2024-01-14T04:15:00Z,fourier-demo,2.394593739407,2.846250000000,-0.754102187903,-0.656757101370
2024-01-14T04:16:00Z,fourier-demo,2.580183502361,2.846400000000,-0.755109490165,-0.655598701846
2024-01-14T04:17:00Z,fourier-demo,2.725408645117,2.846550000000,-0.756115012976,-0.654438757373
2024-01-14T04:18:00Z,fourier-demo,2.825419656174,2.846700000000,-0.757118753967,-0.653277270684
2024-01-14T04:19:00Z,fourier-demo,2.877120681879,2.846850000000,-0.758120710771,-0.652114244516
2024-01-14T04:20:00Z,fourier-demo,2.879280532781,2.847000000000,-0.759120881028,-0.650949681610
2024-01-14T04:21:00Z,fourier-demo,2.832572118018,2.847150000000,-0.760119262380,-0.649783584710
2024-01-14T04:22:00Z,fourier-demo,2.739538816244,2.847300000000,-0.761115852476,-0.648615956564
2024-01-14T04:23:00Z,fourier-demo,2.604489182481,2.847450000000,-0.762110648966,-0.647446799925
2024-01-14T04:24:00Z,fourier-demo,2.433324224296,2.847600000000,-0.763103649506,-0.646276117546
2024-01-14T04:25:00Z,fourier-demo,2.233304143555,2.847750000000,-0.764094851757,-0.645103912187
2024-01-14T04:26:00Z,fourier-demo,2.012763824560,2.847900000000,-0.765084253382,-0.643930186610
2024-01-14T04:27:00Z,fourier-demo,1.780788359692,2.848050000000,-0.766071852049,-0.642754943581
2024-01-14T04:28:00Z,fourier-demo,1.546861459171,2.848200000000,-0.767057645432,-0.641578185870
2024-01-14T04:29:00Z,fourier-demo,1.320500629867,2.848350000000,-0.768041631208,-0.640399916249
2024-01-14T04:30:00Z,fourier-demo,1.110893488199,2.848500000000,-0.769023807056,-0.639220137496
2024-01-14T04:31:00Z,fourier-demo,0.926549475455,2.848650000000,-0.770004170664,-0.638038852390
2024-01-14T04:32:00Z,fourier-demo,0.774980575191,2.848800000000,-0.770982719721,-0.636856063716
2024-01-14T04:33:00Z,fourier-demo,0.662423419906,2.848950000000,-0.771959451921,-0.635671774260
2024-01-14T04:34:00Z,fourier-demo,0.593613467898,2.849100000000,-0.772934364961,-0.634485986813
2024-01-14T04:35:00Z,fourier-demo,0.571619801243,2.849250000000,-0.773907456545,-0.633298704170
2024-01-14T04:36:00Z,fourier-demo,0.597746629352,2.849400000000,-0.774878724380,-0.632109929129
2024-01-14T04:37:00Z,fourier-demo,0.671504880138,2.849550000000,-0.775848166176,-0.630919664491
2024-01-14T04:38:00Z,fourier-demo,0.790654432749,2.849700000000,-0.776815779649,-0.629727913061
2024-01-14T04:39:00Z,fourier-demo,0.951314706896,2.849850000000,-0.777781562519,-0.628534677647
2024-01-14T04:40:00Z,fourier-demo,1.148138589410,2.850000000000,-0.778745512510,-0.627339961062
2024-01-14T04:41:00Z,fourier-demo,1.374542159513,2.850150000000,-0.779707627351,-0.626143766120
2024-01-14T04:42:00Z,fourier-demo,1.622980472079,2.850300000000,-0.780667904773,-0.624946095641
2024-01-14T04:43:00Z,fourier-demo,1.885257861645,2.850450000000,-0.781626342515,-0.623746952447
2024-01-14T04:44:00Z,fourier-demo,2.152859910858,2.850600000000,-0.782582938317,-0.622546339363
2024-01-14T04:45:00Z,fourier-demo,2.417293437785,2.850750000000,-0.783537689926,-0.621344259220
2024-01-14T04:46:00Z,fourier-demo,2.670420627480,2.850900000000,-0.784490595091,-0.620140714849
2024-01-14T04:47:00Z,fourier-demo,2.904773771955,2.851050000000,-0.785441651567,-0.618935709088
2024-01-14T04:48:00Z,fourier-demo,3.113837973474,2.851200000000,-0.786390857112,-0.617729244775
2024-01-14T04:49:00Z,fourier-demo,3.292290570719,2.851350000000,-0.787338209490,-0.616521324755
2024-01-14T04:50:00Z,fourier-demo,3.436187906386,2.851500000000,-0.788283706468,-0.615311951872
2024-01-14T04:51:00Z,fourier-demo,3.543092290677,2.851650000000,-0.789227345819,-0.614101128978
2024-01-14T04:52:00Z,fourier-demo,3.612134534624,2.851800000000,-0.790169125318,-0.612888858925
2024-01-14T04:53:00Z,fourier-demo,3.644010125979,2.851950000000,-0.791109042746,-0.611675144571
2024-01-14T04:54:00Z,fourier-demo,3.640909886581,2.852100000000,-0.792047095888,-0.610459988776
2024-01-14T04:55:00Z,fourier-demo,3.606388669712,2.852250000000,-0.792983282533,-0.609243394402
2024-01-14T04:56:00Z,fourier-demo,3.545178216688,2.852400000000,-0.793917600476,-0.608025364318
2024-01-14T04:57:00Z,fourier-demo,3.462952588547,2.852550000000,-0.794850047515,-0.606805901393
2024-01-14T04:58:00Z,fourier-demo,3.366056526881,2.852700000000,-0.795780621452,-0.605585008501
2024-01-14T04:59:00Z,fourier-demo,3.261208598249,2.852850000000,-0.796709320094,-0.604362688520
2024-01-14T05:00:00Z,fourier-demo,3.155191977966,2.853000000000,-0.797636141253,-0.603138944329
2024-01-14T05:01:00Z,fourier-demo,3.054546191020,2.853150000000,-0.798561082745,-0.601913778813
2024-01-14T05:02:00Z,fourier-demo,2.965273032008,2.853300000000,-0.799484142390,-0.600687194859
2024-01-14T05:03:00Z,fourier-demo,2.892569237452,2.853450000000,-0.800405318012,-0.599459195357
2024-01-14T05:04:00Z,fourier-demo,2.840597310128,2.853600000000,-0.801324607442,-0.598229783201
2024-01-14T05:05:00Z,fourier-demo,2.812304245721,2.853750000000,-0.802242008512,-0.596998961288
2024-01-14T05:06:00Z,fourier-demo,2.809295856117,2.853900000000,-0.803157519061,-0.595766732518
2024-01-14T05:07:00Z,fourier-demo,2.831772006890,2.854050000000,-0.804071136931,-0.594533099797
2024-01-14T05:08:00Z,fourier-demo,2.878525488044,2.854200000000,-0.804982859970,-0.593298066030
2024-01-14T05:09:00Z,fourier-demo,2.947004525154,2.854350000000,-0.805892686028,-0.592061634128
2024-01-14T05:10:00Z,fourier-demo,3.033436225555,2.854500000000,-0.806800612963,-0.590823807004
2024-01-14T05:11:00Z,fourier-demo,3.133005654163,2.854650000000,-0.807706638633,-0.589584587577
2024-01-14T05:12:00Z,fourier-demo,3.240082854216,2.854800000000,-0.808610760905,-0.588343978765
2024-01-14T05:13:00Z,fourier-demo,3.348488068968,2.854950000000,-0.809512977646,-0.587101983493
2024-01-14T05:14:00Z,fourier-demo,3.451783767086,2.855100000000,-0.810413286733,-0.585858604688
2024-01-14T05:15:00Z,fourier-demo,3.543580896702,2.855250000000,-0.811311686042,-0.584613845279
2024-01-14T05:16:00Z,fourier-demo,3.617846140257,2.855400000000,-0.812208173457,-0.583367708200
2024-01-14T05:17:00Z,fourier-demo,3.669196842604,2.855550000000,-0.813102746864,-0.582120196387
2024-01-14T05:18:00Z,fourier-demo,3.693170743431,2.855700000000,-0.813995404157,-0.580871312780
2024-01-14T05:19:00Z,fourier-demo,3.686458644044,2.855850000000,-0.814886143231,-0.579621060323
2024-01-14T05:20:00Z,fourier-demo,3.647089637674,2.856000000000,-0.815774961987,-0.578369441961
2024-01-14T05:21:00Z,fourier-demo,3.574560470723,2.856150000000,-0.816661858331,-0.577116460645
2024-01-14T05:22:00Z,fourier-demo,3.469902900604,2.856300000000,-0.817546830173,-0.575862119326
2024-01-14T05:23:00Z,fourier-demo,3.335685479749,2.856450000000,-0.818429875427,-0.574606420960
2024-01-14T05:24:00Z,fourier-demo,3.175948919732,2.856600000000,-0.819310992012,-0.573349368508
2024-01-14T05:25:00Z,fourier-demo,2.996076961994,2.856750000000,-0.820190177852,-0.572090964930
2024-01-14T05:26:00Z,fourier-demo,2.802607388100,2.856900000000,-0.821067430875,-0.570831213194
2024-01-14T05:27:00Z,fourier-demo,2.602990330844,2.857050000000,-0.821942749014,-0.569570116266
2024-01-14T05:28:00Z,fourier-demo,2.405303293013,2.857200000000,-0.822816130206,-0.568307677120
2024-01-14T05:29:00Z,fourier-demo,2.217934149920,2.857350000000,-0.823687572393,-0.567043898729
2024-01-14T05:30:00Z,fourier-demo,2.049244826574,2.857500000000,-0.824557073521,-0.565778784073
2024-01-14T05:31:00Z,fourier-demo,1.907229241045,2.857650000000,-0.825424631541,-0.564512336132
2024-01-14T05:32:00Z,fourier-demo,1.799179453348,2.857800000000,-0.826290244409,-0.563244557892
2024-01-14T05:33:00Z,fourier-demo,1.731373737875,2.857950000000,-0.827153910085,-0.561975452338
2024-01-14T05:34:00Z,fourier-demo,1.708799514112,2.858100000000,-0.828015626534,-0.560705022464
2024-01-14T05:35:00Z,fourier-demo,1.734922755234,2.858250000000,-0.828875391724,-0.559433271261
2024-01-14T05:36:00Z,fourier-demo,1.811513699020,2.858400000000,-0.829733203631,-0.558160201727
2024-01-14T05:37:00Z,fourier-demo,1.938536482056,2.858550000000,-0.830589060232,-0.556885816862
2024-01-14T05:38:00Z,fourier-demo,2.114107794814,2.858700000000,-0.831442959511,-0.555610119670
2024-01-14T05:39:00Z,fourier-demo,2.334526913613,2.858850000000,-0.832294899455,-0.554333113156
2024-01-14T05:40:00Z,fourier-demo,2.594376616451,2.859000000000,-0.833144878057,-0.553054800330
2024-01-14T05:41:00Z,fourier-demo,2.886691648633,2.859150000000,-0.833992893313,-0.551775184204
2024-01-14T05:42:00Z,fourier-demo,3.203188686208,2.859300000000,-0.834838943226,-0.550494267794
2024-01-14T05:43:00Z,fourier-demo,3.534549261005,2.859450000000,-0.835683025801,-0.549212054118
2024-01-14T05:44:00Z,fourier-demo,3.870744961507,2.859600000000,-0.836525139050,-0.547928546197
2024-01-14T05:45:00Z,fourier-demo,4.201392496776,2.859750000000,-0.837365280987,-0.546643747057
2024-01-14T05:46:00Z,fourier-demo,4.516124976535,2.859900000000,-0.838203449634,-0.545357659726
2024-01-14T05:47:00Z,fourier-demo,4.804965070327,2.860050000000,-0.839039643015,-0.544070287233
2024-01-14T05:48:00Z,fourier-demo,5.058685590852,2.860200000000,-0.839873859159,-0.542781632613
2024-01-14T05:49:00Z,fourier-demo,5.269143506808,2.860350000000,-0.840706096100,-0.541491698902
2024-01-14T05:50:00Z,fourier-demo,5.429574410911,2.860500000000,-0.841536351878,-0.540200489141
2024-01-14T05:51:00Z,fourier-demo,5.534836008597,2.860650000000,-0.842364624536,-0.538908006371
2024-01-14T05:52:00Z,fourier-demo,5.581591190501,2.860800000000,-0.843190912121,-0.537614253639
2024-01-14T05:53:00Z,fourier-demo,5.568423627098,2.860950000000,-0.844015212688,-0.536319233994
2024-01-14T05:54:00Z,fourier-demo,5.495881481068,2.861100000000,-0.844837524292,-0.535022950487
2024-01-14T05:55:00Z,fourier-demo,5.366447665267,2.861250000000,-0.845657844997,-0.533725406174
2024-01-14T05:56:00Z,fourier-demo,5.184437967489,2.861400000000,-0.846476172869,-0.532426604111
2024-01-14T05:57:00Z,fourier-demo,4.955831200952,2.861550000000,-0.847292505980,-0.531126547359
2024-01-14T05:58:00Z,fourier-demo,4.688038207588,2.861700000000,-0.848106842406,-0.529825238983
2024-01-14T05:59:00Z,fourier-demo,4.389618932306,2.861850000000,-0.848919180229,-0.528522682049
2024-01-14T06:00:00Z,fourier-demo,4.069958804619,2.862000000000,-0.849729517533,-0.527218879626
2024-01-14T06:01:00Z,fourier-demo,3.738917228430,2.862150000000,-0.850537852409,-0.525913834786
2024-01-14T06:02:00Z,fourier-demo,3.406462029238,2.862300000000,-0.851344182953,-0.524607550606
2024-01-14T06:03:00Z,fourier-demo,3.082304198958,2.862450000000,-0.852148507263,-0.523300030163
2024-01-14T06:04:00Z,fourier-demo,2.775547193463,2.862600000000,-0.852950823446,-0.521991276539
2024-01-14T06:05:00Z,fourier-demo,2.494364381462,2.862750000000,-0.853751129609,-0.520681292818
2024-01-14T06:06:00Z,fourier-demo,2.245717043267,2.862900000000,-0.854549423868,-0.519370082087
2024-01-14T06:07:00Z,fourier-demo,2.035123624335,2.863050000000,-0.855345704340,-0.518057647436
2024-01-14T06:08:00Z,fourier-demo,1.866488830992,2.863200000000,-0.856139969150,-0.516743991957
2024-01-14T06:09:00Z,fourier-demo,1.741998701457,2.863350000000,-0.856932216426,-0.515429118747
2024-01-14T06:10:00Z,fourier-demo,1.662085094621,2.863500000000,-0.857722444300,-0.514113030903
2024-01-14T06:11:00Z,fourier-demo,1.625460221890,2.863650000000,-0.858510650911,-0.512795731528
2024-01-14T06:12:00Z,fourier-demo,1.629219018684,2.863800000000,-0.859296834400,-0.511477223725
2024-01-14T06:13:00Z,fourier-demo,1.669004426801,2.863950000000,-0.860080992916,-0.510157510602
2024-01-14T06:14:00Z,fourier-demo,1.739228147572,2.864100000000,-0.860863124611,-0.508836595269
2024-01-14T06:15:00Z,fourier-demo,1.833337229968,2.864250000000,-0.861643227641,-0.507514480839
2024-01-14T06:16:00Z,fourier-demo,1.944115066322,2.864400000000,-0.862421300168,-0.506191170426
2024-01-14T06:17:00Z,fourier-demo,2.064004052634,2.864550000000,-0.863197340358,-0.504866667150
2024-01-14T06:18:00Z,fourier-demo,2.185436382928,2.864700000000,-0.863971346383,-0.503540974132
2024-01-14T06:19:00Z,fourier-demo,2.301159218152,2.864850000000,-0.864743316418,-0.502214094496
2024-01-14T06:20:00Z,fourier-demo,2.404540807178,2.865000000000,-0.865513248645,-0.500886031368
2024-01-14T06:21:00Z,fourier-demo,2.489845024927,2.865150000000,-0.866281141249,-0.499556787879
2024-01-14T06:22:00Z,fourier-demo,2.552463192158,2.865300000000,-0.867046992421,-0.498226367161
2024-01-14T06:23:00Z,fourier-demo,2.589093893937,2.865450000000,-0.867810800355,-0.496894772348
2024-01-14T06:24:00Z,fourier-demo,2.597863741522,2.865600000000,-0.868572563252,-0.495562006580
2024-01-14T06:25:00Z,fourier-demo,2.578384532418,2.865750000000,-0.869332279317,-0.494228072996
2024-01-14T06:26:00Z,fourier-demo,2.531744951348,2.865900000000,-0.870089946759,-0.492892974740
2024-01-14T06:27:00Z,fourier-demo,2.460437709307,2.866050000000,-0.870845563793,-0.491556714959
2024-01-14T06:28:00Z,fourier-demo,2.368225724706,2.866200000000,-0.871599128639,-0.490219296801
2024-01-14T06:29:00Z,fourier-demo,2.259953497921,2.866350000000,-0.872350639519,-0.488880723419
2024-01-14T06:30:00Z,fourier-demo,2.141312113289,2.866500000000,-0.873100094664,-0.487540997965
2024-01-14T06:31:00Z,fourier-demo,2.018568226568,2.866650000000,-0.873847492308,-0.486200123598
2024-01-14T06:32:00Z,fourier-demo,1.898268881998,2.866800000000,-0.874592830688,-0.484858103478
2024-01-14T06:33:00Z,fourier-demo,1.786934990406,2.866950000000,-0.875336108050,-0.483514940767
2024-01-14T06:34:00Z,fourier-demo,1.690756747992,2.867100000000,-0.876077322640,-0.482170638629
2024-01-14T06:35:00Z,fourier-demo,1.615304166503,2.867250000000,-0.876816472712,-0.480825200234
2024-01-14T06:36:00Z,fourier-demo,1.565265224608,2.867400000000,-0.877553556525,-0.479478628752
2024-01-14T06:37:00Z,fourier-demo,1.544222965270,2.867550000000,-0.878288572342,-0.478130927355
2024-01-14T06:38:00Z,fourier-demo,1.554481204341,2.867700000000,-0.879021518430,-0.476782099220
2024-01-14T06:39:00Z,fourier-demo,1.596946450808,2.867850000000,-0.879752393062,-0.475432147526
2024-01-14T06:40:00Z,fourier-demo,1.671071254873,2.868000000000,-0.880481194516,-0.474081075454
2024-01-14T06:41:00Z,fourier-demo,1.774861595714,2.868150000000,-0.881207921075,-0.472728886186
2024-01-14T06:42:00Z,fourier-demo,1.904948204589,2.868300000000,-0.881932571025,-0.471375582911
2024-01-14T06:43:00Z,fourier-demo,2.056719003871,2.868450000000,-0.882655142660,-0.470021168817
2024-01-14T06:44:00Z,fourier-demo,2.224507241716,2.868600000000,-0.883375634276,-0.468665647096
2024-01-14T06:45:00Z,fourier-demo,2.401827523617,2.868750000000,-0.884094044175,-0.467309020942
2024-01-14T06:46:00Z,fourier-demo,2.581649885351,2.868900000000,-0.884810370665,-0.465951293553
2024-01-14T06:47:00Z,fourier-demo,2.756700402753,2.869050000000,-0.885524612058,-0.464592468127
2024-01-14T06:48:00Z,fourier-demo,2.919775661632,2.869200000000,-0.886236766670,-0.463232547867
2024-01-14T06:49:00Z,fourier-demo,3.064057765471,2.869350000000,-0.886946832823,-0.461871535977
2024-01-14T06:50:00Z,fourier-demo,3.183416467330,2.869500000000,-0.887654808843,-0.460509435666
2024-01-14T06:51:00Z,fourier-demo,3.272685480558,2.869650000000,-0.888360693064,-0.459146250142
2024-01-14T06:52:00Z,fourier-demo,3.327901032491,2.869800000000,-0.889064483820,-0.457781982618
2024-01-14T06:53:00Z,fourier-demo,3.346492235781,2.869950000000,-0.889766179454,-0.456416636310
2024-01-14T06:54:00Z,fourier-demo,3.327414802280,2.870100000000,-0.890465778312,-0.455050214434
2024-01-14T06:55:00Z,fourier-demo,3.271221934991,2.870250000000,-0.891163278745,-0.453682720210
2024-01-14T06:56:00Z,fourier-demo,3.180068810127,2.870400000000,-0.891858679109,-0.452314156862
2024-01-14T06:57:00Z,fourier-demo,3.057649798219,2.870550000000,-0.892551977766,-0.450944527614
2024-01-14T06:58:00Z,fourier-demo,2.909070358142,2.870700000000,-0.893243173083,-0.449573835694
2024-01-14T06:59:00Z,fourier-demo,2.740658256256,2.870850000000,-0.893932263430,-0.448202084332
2024-01-14T07:00:00Z,fourier-demo,2.559721302569,2.871000000000,-0.894619247183,-0.446829276761
2024-01-14T07:01:00Z,fourier-demo,2.374261051869,2.871150000000,-0.895304122723,-0.445455416215
2024-01-14T07:02:00Z,fourier-demo,2.192653796600,2.871300000000,-0.895986888437,-0.444080505933
2024-01-14T07:03:00Z,fourier-demo,2.023311601523,2.871450000000,-0.896667542715,-0.442704549153
2024-01-14T07:04:00Z,fourier-demo,1.874337038183,2.871600000000,-0.897346083954,-0.441327549120
2024-01-14T07:05:00Z,fourier-demo,1.753185630842,2.871750000000,-0.898022510555,-0.439949509077
2024-01-14T07:06:00Z,fourier-demo,1.666349808880,2.871900000000,-0.898696820922,-0.438570432273
2024-01-14T07:07:00Z,fourier-demo,1.619077380467,2.872050000000,-0.899369013469,-0.437190321956
2024-01-14T07:08:00Z,fourier-demo,1.615136228788,2.872200000000,-0.900039086609,-0.435809181380
2024-01-14T07:09:00Z,fourier-demo,1.656635137216,2.872350000000,-0.900707038765,-0.434427013799
2024-01-14T07:10:00Z,fourier-demo,1.743908445050,2.872500000000,-0.901372868363,-0.433043822470
2024-01-14T07:11:00Z,fourier-demo,1.875469709497,2.872650000000,-0.902036573832,-0.431659610653
2024-01-14T07:12:00Z,fourier-demo,2.048036804049,2.872800000000,-0.902698153610,-0.430274381610
2024-01-14T07:13:00Z,fourier-demo,2.256628029298,2.872950000000,-0.903357606136,-0.428888138604
2024-01-14T07:14:00Z,fourier-demo,2.494725964978,2.873100000000,-0.904014929858,-0.427500884904
2024-01-14T07:15:00Z,fourier-demo,2.754503066974,2.873250000000,-0.904670123226,-0.426112623777
2024-01-14T07:16:00Z,fourier-demo,3.027100520925,2.873400000000,-0.905323184696,-0.424723358496
2024-01-14T07:17:00Z,fourier-demo,3.302949705955,2.873550000000,-0.905974112729,-0.423333092334
2024-01-14T07:18:00Z,fourier-demo,3.572123886071,2.873700000000,-0.906622905791,-0.421941828568
2024-01-14T07:19:00Z,fourier-demo,3.824706503466,2.873850000000,-0.907269562353,-0.420549570475
2024-01-14T07:20:00Z,fourier-demo,4.051161748412,2.874000000000,-0.907914080892,-0.419156321338
2024-01-14T07:21:00Z,fourier-demo,4.242692953478,2.874150000000,-0.908556459888,-0.417762084439
2024-01-14T07:22:00Z,fourier-demo,4.391574811105,2.874300000000,-0.909196697828,-0.416366863064
2024-01-14T07:23:00Z,fourier-demo,4.491446425459,2.874450000000,-0.909834793203,-0.414970660501
2024-01-14T07:24:00Z,fourier-demo,4.537553741487,2.874600000000,-0.910470744509,-0.413573480040
2024-01-14T07:25:00Z,fourier-demo,4.526931884667,2.874750000000,-0.911104550248,-0.412175324973
2024-01-14T07:26:00Z,fourier-demo,4.458520314013,2.874900000000,-0.911736208926,-0.410776198596
2024-01-14T07:27:00Z,fourier-demo,4.333206342967,2.875050000000,-0.912365719054,-0.409376104205
2024-01-14T07:28:00Z,fourier-demo,4.153795411050,2.875200000000,-0.912993079150,-0.407975045100
2024-01-14T07:29:00Z,fourier-demo,3.924909379558,2.875350000000,-0.913618287734,-0.406573024583
2024-01-14T07:30:00Z,fourier-demo,3.652816960697,2.875500000000,-0.914241343333,-0.405170045957
2024-01-14T07:31:00Z,fourier-demo,3.345203057215,2.875650000000,-0.914862244479,-0.403766112528
2024-01-14T07:32:00Z,fourier-demo,3.010886181512,2.875800000000,-0.915480989709,-0.402361227606
2024-01-14T07:33:00Z,fourier-demo,2.659495143370,2.875950000000,-0.916097577565,-0.400955394500
2024-01-14T07:34:00Z,fourier-demo,2.301117763098,2.876100000000,-0.916712006594,-0.399548616524
2024-01-14T07:35:00Z,fourier-demo,1.945935419420,2.876250000000,-0.917324275347,-0.398140896993
2024-01-14T07:36:00Z,fourier-demo,1.603857737716,2.876400000000,-0.917934382383,-0.396732239224
2024-01-14T07:37:00Z,fourier-demo,1.284171645088,2.876550000000,-0.918542326262,-0.395322646537
2024-01-14T07:38:00Z,fourier-demo,0.995218369095,2.876700000000,-0.919148105553,-0.393912122253
2024-01-14T07:39:00Z,fourier-demo,0.744110764244,2.876850000000,-0.919751718828,-0.392500669696
2024-01-14T07:40:00Z,fourier-demo,0.536501664517,2.877000000000,-0.920353164665,-0.391088292194
2024-01-14T07:41:00Z,fourier-demo,0.376411850734,2.877150000000,-0.920952441646,-0.389674993073
2024-01-14T07:42:00Z,fourier-demo,0.266123775415,2.877300000000,-0.921549548359,-0.388260775664
2024-01-14T07:43:00Z,fourier-demo,0.206144505161,2.877450000000,-0.922144483397,-0.386845643301
2024-01-14T07:44:00Z,fourier-demo,0.195238531221,2.877600000000,-0.922737245357,-0.385429599318
2024-01-14T07:45:00Z,fourier-demo,0.230528277471,2.877750000000,-0.923327832844,-0.384012647051
2024-01-14T07:46:00Z,fourier-demo,0.307657416414,2.877900000000,-0.923916244465,-0.382594789841
2024-01-14T07:47:00Z,fourier-demo,0.421009598463,2.878050000000,-0.924502478834,-0.381176031027
2024-01-14T07:48:00Z,fourier-demo,0.563973009108,2.878200000000,-0.925086534569,-0.379756373955
2024-01-14T07:49:00Z,fourier-demo,0.729239381091,2.878350000000,-0.925668410294,-0.378335821969
2024-01-14T07:50:00Z,fourier-demo,0.909124776014,2.878500000000,-0.926248104637,-0.376914378416
2024-01-14T07:51:00Z,fourier-demo,1.095898664015,2.878650000000,-0.926825616233,-0.375492046647
2024-01-14T07:52:00Z,fourier-demo,1.282107601693,2.878800000000,-0.927400943720,-0.374068830013
2024-01-14T07:53:00Z,fourier-demo,1.460880144730,2.878950000000,-0.927974085743,-0.372644731868
2024-01-14T07:54:00Z,fourier-demo,1.626200517021,2.879100000000,-0.928545040952,-0.371219755568
2024-01-14T07:55:00Z,fourier-demo,1.773139954283,2.879250000000,-0.929113808000,-0.369793904471
2024-01-14T07:56:00Z,fourier-demo,1.898036487970,2.879400000000,-0.929680385547,-0.368367181938
2024-01-14T07:57:00Z,fourier-demo,1.998616157212,2.879550000000,-0.930244772259,-0.366939591330
2024-01-14T07:58:00Z,fourier-demo,2.074051139672,2.879700000000,-0.930806966805,-0.365511136011
2024-01-14T07:59:00Z,fourier-demo,2.124952972312,2.879850000000,-0.931366967860,-0.364081819348
2024-01-14T08:00:00Z,fourier-demo,2.153301778751,2.880000000000,-0.931924774105,-0.362651644709
2024-01-14T08:01:00Z,fourier-demo,2.162315117324,2.880150000000,-0.932480384225,-0.361220615464
2024-01-14T08:02:00Z,fourier-demo,2.156262601298,2.880300000000,-0.933033796911,-0.359788734986
2024-01-14T08:03:00Z,fourier-demo,2.140234715092,2.880450000000,-0.933585010858,-0.358356006648
2024-01-14T08:04:00Z,fourier-demo,2.119876163789,2.880600000000,-0.934134024769,-0.356922433828
2024-01-14T08:05:00Z,fourier-demo,2.101095568874,2.880750000000,-0.934680837348,-0.355488019903
2024-01-14T08:06:00Z,fourier-demo,2.089764300145,2.880900000000,-0.935225447308,-0.354052768254
2024-01-14T08:07:00Z,fourier-demo,2.091417671966,2.881050000000,-0.935767853364,-0.352616682263
2024-01-14T08:08:00Z,fourier-demo,2.110971613872,2.881200000000,-0.936308054240,-0.351179765313
2024-01-14T08:09:00Z,fourier-demo,2.152467256012,2.881350000000,-0.936846048661,-0.349742020792
2024-01-14T08:10:00Z,fourier-demo,2.218854677267,2.881500000000,-0.937381835360,-0.348303452088
2024-01-14T08:11:00Z,fourier-demo,2.311825397838,2.881650000000,-0.937915413075,-0.346864062590
2024-01-14T08:12:00Z,fourier-demo,2.431701127870,2.881800000000,-0.938446780548,-0.345423855690
2024-01-14T08:13:00Z,fourier-demo,2.577383895540,2.881950000000,-0.938975936526,-0.343982834783
2024-01-14T08:14:00Z,fourier-demo,2.746370071108,2.882100000000,-0.939502879763,-0.342541003263
2024-01-14T08:15:00Z,fourier-demo,2.934828086203,2.882250000000,-0.940027609017,-0.341098364530
2024-01-14T08:16:00Z,fourier-demo,3.137736933070,2.882400000000,-0.940550123052,-0.339654921982
2024-01-14T08:17:00Z,fourier-demo,3.349079929692,2.882550000000,-0.941070420636,-0.338210679022
2024-01-14T08:18:00Z,fourier-demo,3.562085861881,2.882700000000,-0.941588500543,-0.336765639052
2024-01-14T08:19:00Z,fourier-demo,3.769507561885,2.882850000000,-0.942104361552,-0.335319805477
2024-01-14T08:20:00Z,fourier-demo,3.963926340625,2.883000000000,-0.942618002447,-0.333873181706
2024-01-14T08:21:00Z,fourier-demo,4.138069526568,2.883150000000,-0.943129422019,-0.332425771147
2024-01-14T08:22:00Z,fourier-demo,4.285127727866,2.883300000000,-0.943638619061,-0.330977577211
2024-01-14T08:23:00Z,fourier-demo,4.399058353625,2.883450000000,-0.944145592375,-0.329528603310
2024-01-14T08:24:00Z,fourier-demo,4.474862409727,2.883600000000,-0.944650340764,-0.328078852860
2024-01-14T08:25:00Z,fourier-demo,4.508822606441,2.883750000000,-0.945152863041,-0.326628329276
2024-01-14T08:26:00Z,fourier-demo,4.498692338361,2.883900000000,-0.945653158020,-0.325177035978
2024-01-14T08:27:00Z,fourier-demo,4.443827060740,2.884050000000,-0.946151224522,-0.323724976384
2024-01-14T08:28:00Z,fourier-demo,4.345251910348,2.884200000000,-0.946647061375,-0.322272153917
2024-01-14T08:29:00Z,fourier-demo,4.205662008958,2.884350000000,-0.947140667409,-0.320818572000
2024-01-14T08:30:00Z,fourier-demo,4.029354637732,2.884500000000,-0.947632041461,-0.319364234060
2024-01-14T08:31:00Z,fourier-demo,3.822095268483,2.884650000000,-0.948121182373,-0.317909143522
2024-01-14T08:32:00Z,fourier-demo,3.590922168318,2.884800000000,-0.948608088993,-0.316453303816
2024-01-14T08:33:00Z,fourier-demo,3.343896845164,2.884950000000,-0.949092760174,-0.314996718374
2024-01-14T08:34:00Z,fourier-demo,3.089809868042,2.885100000000,-0.949575194772,-0.313539390626
2024-01-14T08:35:00Z,fourier-demo,2.837853483887,2.885250000000,-0.950055391651,-0.312081324008
2024-01-14T08:36:00Z,fourier-demo,2.597273883725,2.885400000000,-0.950533349680,-0.310622521956
2024-01-14T08:37:00Z,fourier-demo,2.377016885248,2.885550000000,-0.951009067732,-0.309162987907
2024-01-14T08:38:00Z,fourier-demo,2.185381157237,2.885700000000,-0.951482544686,-0.307702725301
2024-01-14T08:39:00Z,fourier-demo,2.029692897566,2.885850000000,-0.951953779427,-0.306241737579
2024-01-14T08:40:00Z,fourier-demo,1.916015097684,2.886000000000,-0.952422770843,-0.304780028184
2024-01-14T08:41:00Z,fourier-demo,1.848903212527,2.886150000000,-0.952889517830,-0.303317600560
2024-01-14T08:42:00Z,fourier-demo,1.831217257711,2.886300000000,-0.953354019288,-0.301854458154
2024-01-14T08:43:00Z,fourier-demo,1.863998147244,2.886450000000,-0.953816274122,-0.300390604413
2024-01-14T08:44:00Z,fourier-demo,1.946413553498,2.886600000000,-0.954276281243,-0.298926042788
2024-01-14T08:45:00Z,fourier-demo,2.075775818559,2.886750000000,-0.954734039567,-0.297460776730
2024-01-14T08:46:00Z,fourier-demo,2.247631583437,2.886900000000,-0.955189548014,-0.295994809691
2024-01-14T08:47:00Z,fourier-demo,2.455919944456,2.887050000000,-0.955642805513,-0.294528145126
2024-01-14T08:48:00Z,fourier-demo,2.693193210120,2.887200000000,-0.956093810994,-0.293060786492
2024-01-14T08:49:00Z,fourier-demo,2.950891827541,2.887350000000,-0.956542563394,-0.291592737247
2024-01-14T08:50:00Z,fourier-demo,3.219662876699,2.887500000000,-0.956989061657,-0.290124000849
2024-01-14T08:51:00Z,fourier-demo,3.489709781313,2.887650000000,-0.957433304730,-0.288654580760
2024-01-14T08:52:00Z,fourier-demo,3.751159628051,2.887800000000,-0.957875291566,-0.287184480443
2024-01-14T08:53:00Z,fourier-demo,3.994433772298,2.887950000000,-0.958315021124,-0.285713703362
2024-01-14T08:54:00Z,fourier-demo,4.210607267831,2.888100000000,-0.958752492366,-0.284242252984
2024-01-14T08:55:00Z,fourier-demo,4.391743095412,2.888250000000,-0.959187704264,-0.282770132775
2024-01-14T08:56:00Z,fourier-demo,4.531188164060,2.888400000000,-0.959620655790,-0.281297346205
2024-01-14T08:57:00Z,fourier-demo,4.623819578313,2.888550000000,-0.960051345924,-0.279823896744
2024-01-14T08:58:00Z,fourier-demo,4.666231643753,2.888700000000,-0.960479773652,-0.278349787865
2024-01-14T08:59:00Z,fourier-demo,4.656856441588,2.888850000000,-0.960905937965,-0.276875023042
2024-01-14T09:00:00Z,fourier-demo,4.596013445892,2.889000000000,-0.961329837856,-0.275399605750
2024-01-14T09:01:00Z,fourier-demo,4.485886477270,2.889150000000,-0.961751472329,-0.273923539465
2024-01-14T09:02:00Z,fourier-demo,4.330429170685,2.889300000000,-0.962170840389,-0.272446827667
2024-01-14T09:03:00Z,fourier-demo,4.135202966226,2.889450000000,-0.962587941047,-0.270969473835
2024-01-14T09:04:00Z,fourier-demo,3.907154295940,2.889600000000,-0.963002773322,-0.269491481450
2024-01-14T09:05:00Z,fourier-demo,3.654340029963,2.889750000000,-0.963415336235,-0.268012853996
2024-01-14T09:06:00Z,fourier-demo,3.385612265289,2.889900000000,-0.963825628814,-0.266533594957
2024-01-14T09:07:00Z,fourier-demo,3.110275109619,2.890050000000,-0.964233650093,-0.265053707819
2024-01-14T09:08:00Z,fourier-demo,2.837727168405,2.890200000000,-0.964639399109,-0.263573196069
2024-01-14T09:09:00Z,fourier-demo,2.577103943992,2.890350000000,-0.965042874907,-0.262092063197
2024-01-14T09:10:00Z,fourier-demo,2.336934282673,2.890500000000,-0.965444076536,-0.260610312692
2024-01-14T09:11:00Z,fourier-demo,2.124824362993,2.890650000000,-0.965843003050,-0.259127948047
2024-01-14T09:12:00Z,fourier-demo,1.947181534377,2.890800000000,-0.966239653509,-0.257644972755
2024-01-14T09:13:00Z,fourier-demo,1.808988638575,2.890950000000,-0.966634026979,-0.256161390310
2024-01-14T09:14:00Z,fourier-demo,1.713637347208,2.891100000000,-0.967026122531,-0.254677204208
2024-01-14T09:15:00Z,fourier-demo,1.662826613252,2.891250000000,-0.967415939239,-0.253192417948
2024-01-14T09:16:00Z,fourier-demo,1.656529662874,2.891400000000,-0.967803476186,-0.251707035028
2024-01-14T09:17:00Z,fourier-demo,1.693030156091,2.891550000000,-0.968188732458,-0.250221058948
2024-01-14T09:18:00Z,fourier-demo,1.769025334697,2.891700000000,-0.968571707148,-0.248734493211
2024-01-14T09:19:00Z,fourier-demo,1.879791268591,2.891850000000,-0.968952399352,-0.247247341318
2024-01-14T09:20:00Z,fourier-demo,2.019402817107,2.892000000000,-0.969330808175,-0.245759606776
2024-01-14T09:21:00Z,fourier-demo,2.180998741710,2.892150000000,-0.969706932724,-0.244271293090
2024-01-14T09:22:00Z,fourier-demo,2.357080628518,2.892300000000,-0.970080772112,-0.242782403767
2024-01-14T09:23:00Z,fourier-demo,2.539832975175,2.892450000000,-0.970452325459,-0.241292942315
2024-01-14T09:24:00Z,fourier-demo,2.721451018569,2.892600000000,-0.970821591889,-0.239802912246
2024-01-14T09:25:00Z,fourier-demo,2.894462658024,2.892750000000,-0.971188570533,-0.238312317069
2024-01-14T09:26:00Z,fourier-demo,3.052031170268,2.892900000000,-0.971553260524,-0.236821160298
2024-01-14T09:27:00Z,fourier-demo,3.188226301956,2.893050000000,-0.971915661004,-0.235329445447
2024-01-14T09:28:00Z,fourier-demo,3.298252724430,2.893200000000,-0.972275771119,-0.233837176031
2024-01-14T09:29:00Z,fourier-demo,3.378626684672,2.893350000000,-0.972633590021,-0.232344355567
2024-01-14T09:30:00Z,fourier-demo,3.427293908367,2.893500000000,-0.972989116865,-0.230850987572
2024-01-14T09:31:00Z,fourier-demo,3.443684312866,2.893650000000,-0.973342350814,-0.229357075566
2024-01-14T09:32:00Z,fourier-demo,3.428701765421,2.893800000000,-0.973693291036,-0.227862623069
2024-01-14T09:33:00Z,fourier-demo,3.384649864028,2.893950000000,-0.974041936703,-0.226367633603
2024-01-14T09:34:00Z,fourier-demo,3.315097410804,2.894100000000,-0.974388286995,-0.224872110691
2024-01-14T09:35:00Z,fourier-demo,3.224689779405,2.894250000000,-0.974732341095,-0.223376057857
2024-01-14T09:36:00Z,fourier-demo,3.118914643707,2.894400000000,-0.975074098192,-0.221879478627
2024-01-14T09:37:00Z,fourier-demo,3.003832441164,2.894550000000,-0.975413557480,-0.220382376528
2024-01-14T09:38:00Z,fourier-demo,2.885783412000,2.894700000000,-0.975750718160,-0.218884755087
2024-01-14T09:39:00Z,fourier-demo,2.771084024252,2.894850000000,-0.976085579438,-0.217386617833
2024-01-14T09:40:00Z,fourier-demo,2.665726024544,2.895000000000,-0.976418140524,-0.215887968298
2024-01-14T09:41:00Z,fourier-demo,2.575091227904,2.895150000000,-0.976748400634,-0.214388810013
2024-01-14T09:42:00Z,fourier-demo,2.503694482270,2.895300000000,-0.977076358991,-0.212889146510
2024-01-14T09:43:00Z,fourier-demo,2.454966042848,2.895450000000,-0.977402014820,-0.211388981324
2024-01-14T09:44:00Z,fourier-demo,2.431082918047,2.895600000000,-0.977725367356,-0.209888317990
2024-01-14T09:45:00Z,fourier-demo,2.432856671946,2.895750000000,-0.978046415836,-0.208387160044
2024-01-14T09:46:00Z,fourier-demo,2.459682774149,2.895900000000,-0.978365159503,-0.206885511024
2024-01-14T09:47:00Z,fourier-demo,2.509553976084,2.896050000000,-0.978681597606,-0.205383374468
2024-01-14T09:48:00Z,fourier-demo,2.579137471654,2.896200000000,-0.978995729399,-0.203880753917
2024-01-14T09:49:00Z,fourier-demo,2.663912882827,2.896350000000,-0.979307554143,-0.202377652911
2024-01-14T09:50:00Z,fourier-demo,2.758365510266,2.896500000000,-0.979617071103,-0.200874074993
2024-01-14T09:51:00Z,fourier-demo,2.856226913935,2.896650000000,-0.979924279548,-0.199370023705
2024-01-14T09:52:00Z,fourier-demo,2.950752837791,2.896800000000,-0.980229178756,-0.197865502592
2024-01-14T09:53:00Z,fourier-demo,3.035026852275,2.896950000000,-0.980531768007,-0.196360515200
2024-01-14T09:54:00Z,fourier-demo,3.102276927340,2.897100000000,-0.980832046588,-0.194855065075
2024-01-14T09:55:00Z,fourier-demo,3.146191516674,2.897250000000,-0.981130013793,-0.193349155765
2024-01-14T09:56:00Z,fourier-demo,3.161221658242,2.897400000000,-0.981425668918,-0.191842790819
2024-01-14T09:57:00Z,fourier-demo,3.142856082061,2.897550000000,-0.981719011267,-0.190335973786
2024-01-14T09:58:00Z,fourier-demo,3.087857344897,2.897700000000,-0.982010040149,-0.188828708217
2024-01-14T09:59:00Z,fourier-demo,2.994448542528,2.897850000000,-0.982298754878,-0.187320997664
2024-01-14T10:00:00Z,fourier-demo,2.862442121868,2.898000000000,-0.982585154773,-0.185812845681
2024-01-14T10:01:00Z,fourier-demo,2.693304647750,2.898150000000,-0.982869239160,-0.184304255821
2024-01-14T10:02:00Z,fourier-demo,2.490153977815,2.898300000000,-0.983151007369,-0.182795231639
2024-01-14T10:03:00Z,fourier-demo,2.257688057661,2.898450000000,-0.983430458736,-0.181285776692
2024-01-14T10:04:00Z,fourier-demo,2.002047354545,2.898600000000,-0.983707592603,-0.179775894536
2024-01-14T10:05:00Z,fourier-demo,1.730615686449,2.898750000000,-0.983982408316,-0.178265588729
2024-01-14T10:06:00Z,fourier-demo,1.451766761848,2.898900000000,-0.984254905228,-0.176754862832
2024-01-14T10:07:00Z,fourier-demo,1.174566018536,2.899050000000,-0.984525082697,-0.175243720403
2024-01-14T10:08:00Z,fourier-demo,0.908439243783,2.899200000000,-0.984792940086,-0.173732165004
2024-01-14T10:09:00Z,fourier-demo,0.662820893926,2.899350000000,-0.985058476764,-0.172220200197
2024-01-14T10:10:00Z,fourier-demo,0.446795949528,2.899500000000,-0.985321692105,-0.170707829545
2024-01-14T10:11:00Z,fourier-demo,0.268749503128,2.899650000000,-0.985582585488,-0.169195056612
2024-01-14T10:12:00Z,fourier-demo,0.136038064180,2.899800000000,-0.985841156300,-0.167681884962
2024-01-14T10:13:00Z,fourier-demo,0.054695786766,2.899950000000,-0.986097403931,-0.166168318163
2024-01-14T10:14:00Z,fourier-demo,0.029187510228,2.900100000000,-0.986351327776,-0.164654359780
2024-01-14T10:15:00Z,fourier-demo,0.062218702856,2.900250000000,-0.986602927238,-0.163140013381
2024-01-14T10:16:00Z,fourier-demo,0.154610185847,2.900400000000,-0.986852201723,-0.161625282535
2024-01-14T10:17:00Z,fourier-demo,0.305242977673,2.900550000000,-0.987099150644,-0.160110170811
2024-01-14T10:18:00Z,fourier-demo,0.511075839518,2.900700000000,-0.987343773420,-0.158594681780
2024-01-14T10:19:00Z,fourier-demo,0.767235231729,2.900850000000,-0.987586069473,-0.157078819014
2024-01-14T10:20:00Z,fourier-demo,1.067174525074,2.901000000000,-0.987826038233,-0.155562586083
2024-01-14T10:21:00Z,fourier-demo,1.402896564562,2.901150000000,-0.988063679134,-0.154045986562
2024-01-14T10:22:00Z,fourier-demo,1.765231168683,2.901300000000,-0.988298991616,-0.152529024025
2024-01-14T10:23:00Z,fourier-demo,2.144156964809,2.901450000000,-0.988531975125,-0.151011702045
2024-01-14T10:24:00Z,fourier-demo,2.529155200346,2.901600000000,-0.988762629112,-0.149494024199
2024-01-14T10:25:00Z,fourier-demo,2.909581900306,2.901750000000,-0.988990953033,-0.147975994064
2024-01-14T10:26:00Z,fourier-demo,3.275044016597,2.901900000000,-0.989216946350,-0.146457615216
2024-01-14T10:27:00Z,fourier-demo,3.615765061788,2.902050000000,-0.989440608530,-0.144938891234
2024-01-14T10:28:00Z,fourier-demo,3.922926146565,2.902200000000,-0.989661939046,-0.143419825696
2024-01-14T10:29:00Z,fourier-demo,4.188969328185,2.902350000000,-0.989880937378,-0.141900422183
2024-01-14T10:30:00Z,fourier-demo,4.407851686927,2.902500000000,-0.990097603008,-0.140380684275
2024-01-14T10:31:00Z,fourier-demo,4.575240517698,2.902650000000,-0.990311935427,-0.138860615553
2024-01-14T10:32:00Z,fourier-demo,4.688642374718,2.902800000000,-0.990523934128,-0.137340219600
2024-01-14T10:33:00Z,fourier-demo,4.747461343552,2.902950000000,-0.990733598613,-0.135819499997
2024-01-14T10:34:00Z,fourier-demo,4.752984729969,2.903100000000,-0.990940928387,-0.134298460330
2024-01-14T10:35:00Z,fourier-demo,4.708297235490,2.903250000000,-0.991145922962,-0.132777104182
2024-01-14T10:36:00Z,fourier-demo,4.618127518686,2.903400000000,-0.991348581855,-0.131255435138
2024-01-14T10:37:00Z,fourier-demo,4.488633705259,2.903550000000,-0.991548904588,-0.129733456785
2024-01-14T10:38:00Z,fourier-demo,4.327136801570,2.903700000000,-0.991746890690,-0.128211172709
2024-01-14T10:39:00Z,fourier-demo,4.141812989321,2.903850000000,-0.991942539692,-0.126688586497
2024-01-14T10:40:00Z,fourier-demo,3.941357352991,2.904000000000,-0.992135851136,-0.125165701738
2024-01-14T10:41:00Z,fourier-demo,3.734632653541,2.904150000000,-0.992326824564,-0.123642522019
2024-01-14T10:42:00Z,fourier-demo,3.530317270471,2.904300000000,-0.992515459527,-0.122119050931
2024-01-14T10:43:00Z,fourier-demo,3.336566370388,2.904450000000,-0.992701755580,-0.120595292064
2024-01-14T10:44:00Z,fourier-demo,3.160699728200,2.904600000000,-0.992885712285,-0.119071249008
2024-01-14T10:45:00Z,fourier-demo,3.008928454261,2.904750000000,-0.993067329208,-0.117546925355
2024-01-14T10:46:00Z,fourier-demo,2.886131216701,2.904900000000,-0.993246605920,-0.116022324698
2024-01-14T10:47:00Z,fourier-demo,2.795688462108,2.905050000000,-0.993423542000,-0.114497450628
2024-01-14T10:48:00Z,fourier-demo,2.739380715988,2.905200000000,-0.993598137030,-0.112972306740
2024-01-14T10:49:00Z,fourier-demo,2.717354387064,2.905350000000,-0.993770390600,-0.111446896627
2024-01-14T10:50:00Z,fourier-demo,2.728155715615,2.905500000000,-0.993940302302,-0.109921223884
2024-01-14T10:51:00Z,fourier-demo,2.768830710113,2.905650000000,-0.994107871737,-0.108395292106
2024-01-14T10:52:00Z,fourier-demo,2.835086222686,2.905800000000,-0.994273098510,-0.106869104890
2024-01-14T10:53:00Z,fourier-demo,2.921504832628,2.905950000000,-0.994435982231,-0.105342665832
2024-01-14T10:54:00Z,fourier-demo,3.021804039232,2.906100000000,-0.994596522517,-0.103815978529
2024-01-14T10:55:00Z,fourier-demo,3.129128498786,2.906250000000,-0.994754718989,-0.102289046579
2024-01-14T10:56:00Z,fourier-demo,3.236362746896,2.906400000000,-0.994910571274,-0.100761873579
2024-01-14T10:57:00Z,fourier-demo,3.336451078298,2.906550000000,-0.995064079006,-0.099234463130
2024-01-14T10:58:00Z,fourier-demo,3.422711042027,2.906700000000,-0.995215241822,-0.097706818829
2024-01-14T10:59:00Z,fourier-demo,3.489127357519,2.906850000000,-0.995364059366,-0.096178944278
2024-01-14T11:00:00Z,fourier-demo,3.530613951097,2.907000000000,-0.995510531288,-0.094650843077
2024-01-14T11:01:00Z,fourier-demo,3.543233213940,2.907150000000,-0.995654657242,-0.093122518827
2024-01-14T11:02:00Z,fourier-demo,3.524363432855,2.907300000000,-0.995796436889,-0.091593975129
2024-01-14T11:03:00Z,fourier-demo,3.472807566377,2.907450000000,-0.995935869894,-0.090065215585
2024-01-14T11:04:00Z,fourier-demo,3.388839038167,2.907600000000,-0.996072955929,-0.088536243799
2024-01-14T11:05:00Z,fourier-demo,3.274182893056,2.907750000000,-0.996207694672,-0.087007063373
2024-01-14T11:06:00Z,fourier-demo,3.131933397371,2.907900000000,-0.996340085804,-0.085477677910
2024-01-14T11:07:00Z,fourier-demo,2.966411850503,2.908050000000,-0.996470129013,-0.083948091015
2024-01-14T11:08:00Z,fourier-demo,2.782970897698,2.908200000000,-0.996597823993,-0.082418306293
2024-01-14T11:09:00Z,fourier-demo,2.587753889947,2.908350000000,-0.996723170443,-0.080888327348
2024-01-14T11:10:00Z,fourier-demo,2.387419732185,2.908500000000,-0.996846168069,-0.079358157785
2024-01-14T11:11:00Z,fourier-demo,2.188845117041,2.908650000000,-0.996966816578,-0.077827801212
2024-01-14T11:12:00Z,fourier-demo,1.998816997788,2.908800000000,-0.997085115689,-0.076297261234
2024-01-14T11:13:00Z,fourier-demo,1.823728571206,2.908950000000,-0.997201065121,-0.074766541457
2024-01-14T11:14:00Z,fourier-demo,1.669291901301,2.909100000000,-0.997314664602,-0.073235645490
2024-01-14T11:15:00Z,fourier-demo,1.540279624026,2.909250000000,-0.997425913863,-0.071704576939
2024-01-14T11:16:00Z,fourier-demo,1.440306959612,2.909400000000,-0.997534812643,-0.070173339413
2024-01-14T11:17:00Z,fourier-demo,1.371663573106,2.909550000000,-0.997641360686,-0.068641936521
2024-01-14T11:18:00Z,fourier-demo,1.335202734801,2.909700000000,-0.997745557739,-0.067110371870
2024-01-14T11:19:00Z,fourier-demo,1.330292826906,2.909850000000,-0.997847403557,-0.065578649071
2024-01-14T11:20:00Z,fourier-demo,1.354833620592,2.910000000000,-0.997946897901,-0.064046771732
2024-01-14T11:21:00Z,fourier-demo,1.405337017155,2.910150000000,-0.998044040536,-0.062514743464
2024-01-14T11:22:00Z,fourier-demo,1.477069221621,2.910300000000,-0.998138831233,-0.060982567877
2024-01-14T11:23:00Z,fourier-demo,1.564248709950,2.910450000000,-0.998231269768,-0.059450248582
2024-01-14T11:24:00Z,fourier-demo,1.660291970505,2.910600000000,-0.998321355925,-0.057917789190
2024-01-14T11:25:00Z,fourier-demo,1.758096945827,2.910750000000,-0.998409089489,-0.056385193311
2024-01-14T11:26:00Z,fourier-demo,1.850352458082,2.910900000000,-0.998494470256,-0.054852464559
2024-01-14T11:27:00Z,fourier-demo,1.929860739809,2.911050000000,-0.998577498023,-0.053319606543
2024-01-14T11:28:00Z,fourier-demo,1.989859560276,2.911200000000,-0.998658172595,-0.051786622878
2024-01-14T11:29:00Z,fourier-demo,2.024330364485,2.911350000000,-0.998736493782,-0.050253517175
2024-01-14T11:30:00Z,fourier-demo,2.028279331256,2.911500000000,-0.998812461399,-0.048720293047
2024-01-14T11:31:00Z,fourier-demo,1.997979290591,2.911650000000,-0.998886075267,-0.047186954108
2024-01-14T11:32:00Z,fourier-demo,1.931161977603,2.911800000000,-0.998957335213,-0.045653503970
2024-01-14T11:33:00Z,fourier-demo,1.827152079173,2.911950000000,-0.999026241068,-0.044119946247
2024-01-14T11:34:00Z,fourier-demo,1.686936870146,2.912100000000,-0.999092792671,-0.042586284554
2024-01-14T11:35:00Z,fourier-demo,1.513167843373,2.912250000000,-0.999156989865,-0.041052522505
2024-01-14T11:36:00Z,fourier-demo,1.310093506115,2.912400000000,-0.999218832498,-0.039518663713
2024-01-14T11:37:00Z,fourier-demo,1.083425331262,2.912550000000,-0.999278320424,-0.037984711793
2024-01-14T11:38:00Z,fourier-demo,0.840141600427,2.912700000000,-0.999335453504,-0.036450670361
2024-01-14T11:39:00Z,fourier-demo,0.588236444472,2.912850000000,-0.999390231603,-0.034916543031
2024-01-14T11:40:00Z,fourier-demo,0.336423670040,2.913000000000,-0.999442654591,-0.033382333418
2024-01-14T11:41:00Z,fourier-demo,0.093806863968,2.913150000000,-0.999492722345,-0.031848045138
2024-01-14T11:42:00Z,fourier-demo,-0.130471287645,2.913300000000,-0.999540434748,-0.030313681807
2024-01-14T11:43:00Z,fourier-demo,-0.327586602661,2.913450000000,-0.999585791686,-0.028779247041
2024-01-14T11:44:00Z,fourier-demo,-0.489383696986,2.913600000000,-0.999628793053,-0.027244744454
2024-01-14T11:45:00Z,fourier-demo,-0.608704944054,2.913750000000,-0.999669438747,-0.025710177665
2024-01-14T11:46:00Z,fourier-demo,-0.679684847826,2.913900000000,-0.999707728673,-0.024175550288
2024-01-14T11:47:00Z,fourier-demo,-0.697997888599,2.914050000000,-0.999743662740,-0.022640865940
2024-01-14T11:48:00Z,fourier-demo,-0.661049697888,2.914200000000,-0.999777240865,-0.021106128237
2024-01-14T11:49:00Z,fourier-demo,-0.568103629796,2.914350000000,-0.999808462966,-0.019571340798
2024-01-14T11:50:00Z,fourier-demo,-0.420337332823,2.914500000000,-0.999837328972,-0.018036507237
2024-01-14T11:51:00Z,fourier-demo,-0.220826686363,2.914650000000,-0.999863838814,-0.016501631173
2024-01-14T11:52:00Z,fourier-demo,0.025542661284,2.914800000000,-0.999887992430,-0.014966716221
2024-01-14T11:53:00Z,fourier-demo,0.312233047122,2.914950000000,-0.999909789762,-0.013431766000
2024-01-14T11:54:00Z,fourier-demo,0.631275983484,2.915100000000,-0.999929230760,-0.011896784127
2024-01-14T11:55:00Z,fourier-demo,0.973548407284,2.915250000000,-0.999946315377,-0.010361774218
2024-01-14T11:56:00Z,fourier-demo,1.329093423749,2.915400000000,-0.999961043573,-0.008826739890
2024-01-14T11:57:00Z,fourier-demo,1.687473211951,2.915550000000,-0.999973415313,-0.007291684763
2024-01-14T11:58:00Z,fourier-demo,2.038140483125,2.915700000000,-0.999983430569,-0.005756612452
2024-01-14T11:59:00Z,fourier-demo,2.370814149704,2.915850000000,-0.999991089317,-0.004221526575
2024-01-14T12:00:00Z,fourier-demo,2.675844702357,2.916000000000,-0.999996391538,-0.002686430751
2024-01-14T12:01:00Z,fourier-demo,2.944555210777,2.916150000000,-0.999999337221,-0.001151328595
2024-01-14T12:02:00Z,fourier-demo,3.169544844041,2.916300000000,-0.999999926358,0.000383776274
2024-01-14T12:03:00Z,fourier-demo,3.344943308430,2.916450000000,-0.999998158948,0.001918880238
2024-01-14T12:04:00Z,fourier-demo,3.466606563482,2.916600000000,-0.999994034994,0.003453979680
2024-01-14T12:05:00Z,fourier-demo,3.532246521237,2.916750000000,-0.999987554508,0.004989070983
2024-01-14T12:06:00Z,fourier-demo,3.541490064122,2.916900000000,-0.999978717503,0.006524150529
2024-01-14T12:07:00Z,fourier-demo,3.495865527140,2.917050000000,-0.999967524002,0.008059214701
2024-01-14T12:08:00Z,fourier-demo,3.398717666480,2.917200000000,-0.999953974029,0.009594259880
2024-01-14T12:09:00Z,fourier-demo,3.255054962973,2.917350000000,-0.999938067618,0.011129282450
2024-01-14T12:10:00Z,fourier-demo,3.071335771139,2.917500000000,-0.999919804806,0.012664278794
2024-01-14T12:11:00Z,fourier-demo,2.855202215665,2.917650000000,-0.999899185635,0.014199245293
2024-01-14T12:12:00Z,fourier-demo,2.615172761068,2.917800000000,-0.999876210154,0.015734178332
2024-01-14T12:13:00Z,fourier-demo,2.360305956147,2.917950000000,-0.999850878418,0.017269074292
2024-01-14T12:14:00Z,fourier-demo,2.099848920050,2.918100000000,-0.999823190486,0.018803929556
2024-01-14T12:15:00Z,fourier-demo,1.842884649776,2.918250000000,-0.999793146423,0.020338740509
2024-01-14T12:16:00Z,fourier-demo,1.597992170587,2.918400000000,-0.999760746300,0.021873503532
2024-01-14T12:17:00Z,fourier-demo,1.372932925301,2.918550000000,-0.999725990194,0.023408215009
2024-01-14T12:18:00Z,fourier-demo,1.174375633161,2.918700000000,-0.999688878187,0.024942871323
2024-01-14T12:19:00Z,fourier-demo,1.007670193120,2.918850000000,-0.999649410365,0.026477468859
2024-01-14T12:20:00Z,fourier-demo,0.876679129167,2.919000000000,-0.999607586822,0.028012003999
2024-01-14T12:21:00Z,fourier-demo,0.783672662941,2.919150000000,-0.999563407656,0.029546473128
2024-01-14T12:22:00Z,fourier-demo,0.729290851100,2.919300000000,-0.999516872972,0.031080872628
2024-01-14T12:23:00Z,fourier-demo,0.712573450780,2.919450000000,-0.999467982880,0.032615198886
2024-01-14T12:24:00Z,fourier-demo,0.731055390136,2.919600000000,-0.999416737493,0.034149448284
2024-01-14T12:25:00Z,fourier-demo,0.780923036640,2.919750000000,-0.999363136934,0.035683617207
2024-01-14T12:26:00Z,fourier-demo,0.857223983324,2.919900000000,-0.999307181329,0.037217702040
2024-01-14T12:27:00Z,fourier-demo,0.954120913544,2.920050000000,-0.999248870808,0.038751699168
2024-01-14T12:28:00Z,fourier-demo,1.065178345819,2.920200000000,-0.999188205511,0.040285604975
2024-01-14T12:29:00Z,fourier-demo,1.183669773126,2.920350000000,-0.999125185579,0.041819415848
2024-01-14T12:30:00Z,fourier-demo,1.302891947433,2.920500000000,-0.999059811161,0.043353128171
2024-01-14T12:31:00Z,fourier-demo,1.416472850091,2.920650000000,-0.998992082412,0.044886738331
2024-01-14T12:32:00Z,fourier-demo,1.518660239271,2.920800000000,-0.998921999491,0.046420242713
2024-01-14T12:33:00Z,fourier-demo,1.604578560906,2.920950000000,-0.998849562562,0.047953637703
2024-01-14T12:34:00Z,fourier-demo,1.670443411208,2.921100000000,-0.998774771798,0.049486919688
2024-01-14T12:35:00Z,fourier-demo,1.713724587477,2.921250000000,-0.998697627373,0.051020085055
2024-01-14T12:36:00Z,fourier-demo,1.733250982126,2.921400000000,-0.998618129470,0.052553130191
2024-01-14T12:37:00Z,fourier-demo,1.729253069686,2.921550000000,-0.998536278277,0.054086051483
2024-01-14T12:38:00Z,fourier-demo,1.703341404031,2.921700000000,-0.998452073985,0.055618845319
2024-01-14T12:39:00Z,fourier-demo,1.658422271994,2.921850000000,-0.998365516794,0.057151508086
2024-01-14T12:40:00Z,fourier-demo,1.598554326318,2.922000000000,-0.998276606907,0.058684036173
2024-01-14T12:41:00Z,fourier-demo,1.528752534138,2.922150000000,-0.998185344535,0.060216425968
2024-01-14T12:42:00Z,fourier-demo,1.454748022467,2.922300000000,-0.998091729891,0.061748673860
2024-01-14T12:43:00Z,fourier-demo,1.382714285848,2.922450000000,-0.997995763197,0.063280776239
2024-01-14T12:44:00Z,fourier-demo,1.318971665270,2.922600000000,-0.997897444678,0.064812729493
2024-01-14T12:45:00Z,fourier-demo,1.269682951159,2.922750000000,-0.997796774568,0.066344530013
2024-01-14T12:46:00Z,fourier-demo,1.240553367412,2.922900000000,-0.997693753101,0.067876174189
2024-01-14T12:47:00Z,fourier-demo,1.236548040748,2.923050000000,-0.997588380523,0.069407658412
2024-01-14T12:48:00Z,fourier-demo,1.261639356029,2.923200000000,-0.997480657080,0.070938979073
2024-01-14T12:49:00Z,fourier-demo,1.318595372273,2.923350000000,-0.997370583026,0.072470132562
2024-01-14T12:50:00Z,fourier-demo,1.408818776232,2.923500000000,-0.997258158622,0.074001115272
2024-01-14T12:51:00Z,fourier-demo,1.532243750406,2.923650000000,-0.997143384132,0.075531923595
2024-01-14T12:52:00Z,fourier-demo,1.687295716980,2.923800000000,-0.997026259826,0.077062553923
2024-01-14T12:53:00Z,fourier-demo,1.870916287980,2.923950000000,-0.996906785981,0.078593002650
2024-01-14T12:54:00Z,fourier-demo,2.078653013881,2.924100000000,-0.996784962877,0.080123266168
2024-01-14T12:55:00Z,fourier-demo,2.304810791276,2.924250000000,-0.996660790803,0.081653340873
2024-01-14T12:56:00Z,fourier-demo,2.542659178353,2.924400000000,-0.996534270051,0.083183223157
2024-01-14T12:57:00Z,fourier-demo,2.784687483357,2.924550000000,-0.996405400918,0.084712909416
2024-01-14T12:58:00Z,fourier-demo,3.022897435256,2.924700000000,-0.996274183709,0.086242396046
2024-01-14T12:59:00Z,fourier-demo,3.249121603468,2.924850000000,-0.996140618732,0.087771679440
2024-01-14T13:00:00Z,fourier-demo,3.455354573889,2.925000000000,-0.996004706303,0.089300755997
2024-01-14T13:01:00Z,fourier-demo,3.634083260926,2.925150000000,-0.995866446742,0.090829622113
2024-01-14T13:02:00Z,fourier-demo,3.778602667390,2.925300000000,-0.995725840375,0.092358274184
2024-01-14T13:03:00Z,fourier-demo,3.883303900577,2.925450000000,-0.995582887532,0.093886708608
2024-01-14T13:04:00Z,fourier-demo,3.943922295092,2.925600000000,-0.995437588551,0.095414921784
2024-01-14T13:05:00Z,fourier-demo,3.957735039919,2.925750000000,-0.995289943775,0.096942910110
2024-01-14T13:06:00Z,fourier-demo,3.923699697185,2.925900000000,-0.995139953551,0.098470669986
2024-01-14T13:07:00Z,fourier-demo,3.842527352756,2.926050000000,-0.994987618232,0.099998197811
2024-01-14T13:08:00Z,fourier-demo,3.716686759238,2.926200000000,-0.994832938178,0.101525489985
2024-01-14T13:09:00Z,fourier-demo,3.550338613711,2.926350000000,-0.994675913753,0.103052542910
2024-01-14T13:10:00Z,fourier-demo,3.349201942436,2.926500000000,-0.994516545327,0.104579352986
2024-01-14T13:11:00Z,fourier-demo,3.120357327589,2.926650000000,-0.994354833276,0.106105916617
2024-01-14T13:12:00Z,fourier-demo,2.871994293754,2.926800000000,-0.994190777980,0.107632230203
2024-01-14T13:13:00Z,fourier-demo,2.613112468878,2.926950000000,-0.994024379828,0.109158290150
2024-01-14T13:14:00Z,fourier-demo,2.353188051191,2.927100000000,-0.993855639209,0.110684092859
2024-01-14T13:15:00Z,fourier-demo,2.101818571368,2.927250000000,-0.993684556523,0.112209634737
2024-01-14T13:16:00Z,fourier-demo,1.868359877488,2.927400000000,-0.993511132172,0.113734912187
2024-01-14T13:17:00Z,fourier-demo,1.661569649680,2.927550000000,-0.993335366565,0.115259921615
2024-01-14T13:18:00Z,fourier-demo,1.489271555142,2.927700000000,-0.993157260117,0.116784659428
2024-01-14T13:19:00Z,fourier-demo,1.358053389136,2.927850000000,-0.992976813246,0.118309122032
2024-01-14T13:20:00Z,fourier-demo,1.273011243256,2.928000000000,-0.992794026378,0.119833305835
2024-01-14T13:21:00Z,fourier-demo,1.237549950760,2.928150000000,-0.992608899945,0.121357207246
2024-01-14T13:22:00Z,fourier-demo,1.253247851400,2.928300000000,-0.992421434381,0.122880822672
2024-01-14T13:23:00Z,fourier-demo,1.319791383653,2.928450000000,-0.992231630130,0.124404148524
2024-01-14T13:24:00Z,fourier-demo,1.434982252491,2.928600000000,-0.992039487638,0.125927181211
2024-01-14T13:25:00Z,fourier-demo,1.594817046851,2.928750000000,-0.991845007357,0.127449917146
2024-01-14T13:26:00Z,fourier-demo,1.793636308710,2.928900000000,-0.991648189747,0.128972352738
2024-01-14T13:27:00Z,fourier-demo,2.024337300989,2.929050000000,-0.991449035272,0.130494484401
2024-01-14T13:28:00Z,fourier-demo,2.278642195383,2.929200000000,-0.991247544399,0.132016308548
2024-01-14T13:29:00Z,fourier-demo,2.547411205715,2.929350000000,-0.991043717605,0.133537821592
2024-01-14T13:30:00Z,fourier-demo,2.820988415889,2.929500000000,-0.990837555370,0.135059019948
2024-01-14T13:31:00Z,fourier-demo,3.089566765645,2.929650000000,-0.990629058179,0.136579900030
2024-01-14T13:32:00Z,fourier-demo,3.343557913593,2.929800000000,-0.990418226523,0.138100458256
2024-01-14T13:33:00Z,fourier-demo,3.573952525235,2.929950000000,-0.990205060901,0.139620691042
2024-01-14T13:34:00Z,fourier-demo,3.772656940318,2.930100000000,-0.989989561813,0.141140594805
2024-01-14T13:35:00Z,fourier-demo,3.932793141895,2.930250000000,-0.989771729768,0.142660165963
2024-01-14T13:36:00Z,fourier-demo,4.048950439318,2.930400000000,-0.989551565279,0.144179400936
2024-01-14T13:37:00Z,fourier-demo,4.117379228227,2.930550000000,-0.989329068865,0.145698296143
2024-01-14T13:38:00Z,fourier-demo,4.136119522959,2.930700000000,-0.989104241050,0.147216848005
2024-01-14T13:39:00Z,fourier-demo,4.105059575984,2.930850000000,-0.988877082364,0.148735052944
2024-01-14T13:40:00Z,fourier-demo,4.025922698599,2.931000000000,-0.988647593343,0.150252907382
2024-01-14T13:41:00Z,fourier-demo,3.902183263706,2.931150000000,-0.988415774527,0.151770407742
2024-01-14T13:42:00Z,fourier-demo,3.738915689044,2.931300000000,-0.988181626462,0.153287550447
2024-01-14T13:43:00Z,fourier-demo,3.542582853861,2.931450000000,-0.987945149701,0.154804331923
2024-01-14T13:44:00Z,fourier-demo,3.320772786625,2.931600000000,-0.987706344800,0.156320748596
2024-01-14T13:45:00Z,fourier-demo,3.081894480181,2.931750000000,-0.987465212323,0.157836796891
2024-01-14T13:46:00Z,fourier-demo,2.834845262782,2.931900000000,-0.987221752836,0.159352473236
2024-01-14T13:47:00Z,fourier-demo,2.588663216336,2.932050000000,-0.986975966916,0.160867774060
2024-01-14T13:48:00Z,fourier-demo,2.352178645229,2.932200000000,-0.986727855139,0.162382695791
2024-01-14T13:49:00Z,fourier-demo,2.133678541220,2.932350000000,-0.986477418092,0.163897234859
2024-01-14T13:50:00Z,fourier-demo,1.940597366214,2.932500000000,-0.986224656364,0.165411387696
2024-01-14T13:51:00Z,fourier-demo,1.779246312607,2.932650000000,-0.985969570551,0.166925150734
2024-01-14T13:52:00Z,fourier-demo,1.654591549312,2.932800000000,-0.985712161254,0.168438520404
2024-01-14T13:53:00Z,fourier-demo,1.570089889884,2.932950000000,-0.985452429080,0.169951493141
2024-01-14T13:54:00Z,fourier-demo,1.527587913111,2.933100000000,-0.985190374640,0.171464065379
2024-01-14T13:55:00Z,fourier-demo,1.527287925937,2.933250000000,-0.984925998553,0.172976233554
2024-01-14T13:56:00Z,fourier-demo,1.567781392343,2.933400000000,-0.984659301441,0.174487994102
2024-01-14T13:57:00Z,fourier-demo,1.646147673863,2.933550000000,-0.984390283933,0.175999343461
2024-01-14T13:58:00Z,fourier-demo,1.758113251810,2.933700000000,-0.984118946662,0.177510278070
2024-01-14T13:59:00Z,fourier-demo,1.898264137669,2.933850000000,-0.983845290269,0.179020794366
2024-01-14T14:00:00Z,fourier-demo,2.060302027313,2.934000000000,-0.983569315398,0.180530888792
2024-01-14T14:01:00Z,fourier-demo,2.237333004273,2.934150000000,-0.983291022699,0.182040557789
2024-01-14T14:02:00Z,fourier-demo,2.422176318340,2.934300000000,-0.983010412828,0.183549797798
2024-01-14T14:03:00Z,fourier-demo,2.607680009810,2.934450000000,-0.982727486447,0.185058605263
2024-01-14T14:04:00Z,fourier-demo,2.787029946481,2.934600000000,-0.982442244222,0.186566976630
2024-01-14T14:05:00Z,fourier-demo,2.954039197190,2.934750000000,-0.982154686825,0.188074908342
2024-01-14T14:06:00Z,fourier-demo,3.103405566100,2.934900000000,-0.981864814934,0.189582396846
2024-01-14T14:07:00Z,fourier-demo,3.230926517613,2.935050000000,-0.981572629233,0.191089438591
2024-01-14T14:08:00Z,fourier-demo,3.333662573476,2.935200000000,-0.981278130409,0.192596030025
2024-01-14T14:09:00Z,fourier-demo,3.410042483542,2.935350000000,-0.980981319157,0.194102167597
2024-01-14T14:10:00Z,fourier-demo,3.459905967114,2.935500000000,-0.980682196175,0.195607847758
2024-01-14T14:11:00Z,fourier-demo,3.484482488608,2.935650000000,-0.980380762170,0.197113066960
2024-01-14T14:12:00Z,fourier-demo,3.486307258327,2.935800000000,-0.980077017852,0.198617821655
2024-01-14T14:13:00Z,fourier-demo,3.469078322924,2.935950000000,-0.979770963935,0.200122108298
2024-01-14T14:14:00Z,fourier-demo,3.437461119317,2.936100000000,-0.979462601142,0.201625923344
2024-01-14T14:15:00Z,fourier-demo,3.396849105914,2.936250000000,-0.979151930199,0.203129263249
2024-01-14T14:16:00Z,fourier-demo,3.353090962836,2.936400000000,-0.978838951838,0.204632124471
2024-01-14T14:17:00Z,fourier-demo,3.312196289905,2.936550000000,-0.978523666796,0.206134503467
2024-01-14T14:18:00Z,fourier-demo,3.280032667587,2.936700000000,-0.978206075818,0.207636396697
2024-01-14T14:19:00Z,fourier-demo,3.262027342379,2.936850000000,-0.977886179650,0.209137800622
2024-01-14T14:20:00Z,fourier-demo,3.262886637313,2.937000000000,-0.977563979048,0.210638711705
2024-01-14T14:21:00Z,fourier-demo,3.286345476411,2.937150000000,-0.977239474769,0.212139126407
2024-01-14T14:22:00Z,fourier-demo,3.334958177752,2.937300000000,-0.976912667580,0.213639041193
2024-01-14T14:23:00Z,fourier-demo,3.409939964027,2.937450000000,-0.976583558250,0.215138452529
2024-01-14T14:24:00Z,fourier-demo,3.511066531918,2.937600000000,-0.976252147554,0.216637356880
2024-01-14T14:25:00Z,fourier-demo,3.636636599193,2.937750000000,-0.975918436274,0.218135750716
2024-01-14T14:26:00Z,fourier-demo,3.783499711015,2.937900000000,-0.975582425196,0.219633630504
2024-01-14T14:27:00Z,fourier-demo,3.947148843472,2.938050000000,-0.975244115112,0.221130992716
2024-01-14T14:28:00Z,fourier-demo,4.121874606325,2.938200000000,-0.974903506819,0.222627833821
2024-01-14T14:29:00Z,fourier-demo,4.300975231825,2.938350000000,-0.974560601120,0.224124150294
2024-01-14T14:30:00Z,fourier-demo,4.477014150784,2.938500000000,-0.974215398822,0.225619938608
2024-01-14T14:31:00Z,fourier-demo,4.642114900326,2.938650000000,-0.973867900740,0.227115195237
2024-01-14T14:32:00Z,fourier-demo,4.788281465887,2.938800000000,-0.973518107693,0.228609916659
2024-01-14T14:33:00Z,fourier-demo,4.907731002227,2.938950000000,-0.973166020503,0.230104099350
2024-01-14T14:34:00Z,fourier-demo,4.993225253847,2.939100000000,-0.972811640002,0.231597739791
2024-01-14T14:35:00Z,fourier-demo,5.038386931835,2.939250000000,-0.972454967024,0.233090834460
2024-01-14T14:36:00Z,fourier-demo,5.037987806315,2.939400000000,-0.972096002411,0.234583379840
2024-01-14T14:37:00Z,fourier-demo,4.988196322766,2.939550000000,-0.971734747007,0.236075372413
2024-01-14T14:38:00Z,fourier-demo,4.886774105369,2.939700000000,-0.971371201664,0.237566808663
2024-01-14T14:39:00Z,fourier-demo,4.733212709313,2.939850000000,-0.971005367238,0.239057685076
2024-01-14T14:40:00Z,fourier-demo,4.528804346350,2.940000000000,-0.970637244593,0.240547998138
2024-01-14T14:41:00Z,fourier-demo,4.276642938628,2.940150000000,-0.970266834595,0.242037744338
2024-01-14T14:42:00Z,fourier-demo,3.981554648278,2.940300000000,-0.969894138118,0.243526920164
2024-01-14T14:43:00Z,fourier-demo,3.649959871225,2.940450000000,-0.969519156039,0.245015522107
2024-01-14T14:44:00Z,fourier-demo,3.289671457571,2.940600000000,-0.969141889242,0.246503546660
2024-01-14T14:45:00Z,fourier-demo,2.909636514576,2.940750000000,-0.968762338617,0.247990990315
2024-01-14T14:46:00Z,fourier-demo,2.519631455923,2.940900000000,-0.968380505057,0.249477849568
2024-01-14T14:47:00Z,fourier-demo,2.129921887939,2.941050000000,-0.967996389463,0.250964120914
2024-01-14T14:48:00Z,fourier-demo,1.750900390660,2.941200000000,-0.967609992740,0.252449800852
2024-01-14T14:49:00Z,fourier-demo,1.392716198585,2.941350000000,-0.967221315798,0.253934885879
2024-01-14T14:50:00Z,fourier-demo,1.064911172816,2.941500000000,-0.966830359553,0.255419372498
2024-01-14T14:51:00Z,fourier-demo,0.776076266532,2.941650000000,-0.966437124926,0.256903257208
2024-01-14T14:52:00Z,fourier-demo,0.533541925653,2.941800000000,-0.966041612845,0.258386536514
2024-01-14T14:53:00Z,fourier-demo,0.343114566008,2.941950000000,-0.965643824241,0.259869206919
2024-01-14T14:54:00Z,fourier-demo,0.208869478847,2.942100000000,-0.965243760052,0.261351264931
2024-01-14T14:55:00Z,fourier-demo,0.133008309813,2.942250000000,-0.964841421220,0.262832707055
2024-01-14T14:56:00Z,fourier-demo,0.115786720895,2.942400000000,-0.964436808694,0.264313529803
2024-01-14T14:57:00Z,fourier-demo,0.155515082453,2.942550000000,-0.964029923426,0.265793729682
2024-01-14T14:58:00Z,fourier-demo,0.248632164181,2.942700000000,-0.963620766377,0.267273303207
2024-01-14T14:59:00Z,fourier-demo,0.389848915835,2.942850000000,-0.963209338510,0.268752246889
2024-01-14T15:00:00Z,fourier-demo,0.572356666532,2.943000000000,-0.962795640794,0.270230557244
2024-01-14T15:01:00Z,fourier-demo,0.788091536698,2.943150000000,-0.962379674205,0.271708230787
2024-01-14T15:02:00Z,fourier-demo,1.028044651314,2.943300000000,-0.961961439722,0.273185264038
2024-01-14T15:03:00Z,fourier-demo,1.282605955545,2.943450000000,-0.961540938332,0.274661653514
2024-01-14T15:04:00Z,fourier-demo,1.541928136020,2.943600000000,-0.961118171026,0.276137395737
2024-01-14T15:05:00Z,fourier-demo,1.796296394547,2.943750000000,-0.960693138798,0.277612487230
2024-01-14T15:06:00Z,fourier-demo,2.036489636049,2.943900000000,-0.960265842652,0.279086924515
2024-01-14T15:07:00Z,fourier-demo,2.254119025380,2.944050000000,-0.959836283594,0.280560704119
2024-01-14T15:08:00Z,fourier-demo,2.441930822010,2.944200000000,-0.959404462637,0.282033822568
2024-01-14T15:09:00Z,fourier-demo,2.594061877633,2.944350000000,-0.958970380797,0.283506276391
2024-01-14T15:10:00Z,fourier-demo,2.706238119165,2.944500000000,-0.958534039099,0.284978062119
2024-01-14T15:11:00Z,fourier-demo,2.775908658998,2.944650000000,-0.958095438569,0.286449176282
2024-01-14T15:12:00Z,fourier-demo,2.802310781390,2.944800000000,-0.957654580243,0.287919615414
2024-01-14T15:13:00Z,fourier-demo,2.786463842093,2.944950000000,-0.957211465158,0.289389376049
2024-01-14T15:14:00Z,fourier-demo,2.731092974745,2.945100000000,-0.956766094359,0.290858454725
2024-01-14T15:15:00Z,fourier-demo,2.640486306084,2.945250000000,-0.956318468895,0.292326847980
2024-01-14T15:16:00Z,fourier-demo,2.520292029070,2.945400000000,-0.955868589822,0.293794552352
2024-01-14T15:17:00Z,fourier-demo,2.377264061571,2.945550000000,-0.955416458199,0.295261564383
2024-01-14T15:18:00Z,fourier-demo,2.218967032586,2.945700000000,-0.954962075092,0.296727880617
2024-01-14T15:19:00Z,fourier-demo,2.053452907294,2.945850000000,-0.954505441572,0.298193497597
2024-01-14T15:20:00Z,fourier-demo,1.888922624021,2.946000000000,-0.954046558715,0.299658411871
2024-01-14T15:21:00Z,fourier-demo,1.733386629043,2.946150000000,-0.953585427601,0.301122619985
2024-01-14T15:22:00Z,fourier-demo,1.594338139647,2.946300000000,-0.953122049319,0.302586118489
2024-01-14T15:23:00Z,fourier-demo,1.478452346379,2.946450000000,-0.952656424959,0.304048903935
2024-01-14T15:24:00Z,fourier-demo,1.391323609026,2.946600000000,-0.952188555620,0.305510972875
2024-01-14T15:25:00Z,fourier-demo,1.337251056643,2.946750000000,-0.951718442403,0.306972321864
2024-01-14T15:26:00Z,fourier-demo,1.319080938884,2.946900000000,-0.951246086416,0.308432947459
2024-01-14T15:27:00Z,fourier-demo,1.338111679884,2.947050000000,-0.950771488773,0.309892846216
2024-01-14T15:28:00Z,fourier-demo,1.394064956492,2.947200000000,-0.950294650592,0.311352014697
2024-01-14T15:29:00Z,fourier-demo,1.485123368423,2.947350000000,-0.949815572997,0.312810449461
2024-01-14T15:30:00Z,fourier-demo,1.608032502704,2.947500000000,-0.949334257117,0.314268147073
2024-01-14T15:31:00Z,fourier-demo,1.758262532426,2.947650000000,-0.948850704085,0.315725104098
2024-01-14T15:32:00Z,fourier-demo,1.930222039830,2.947800000000,-0.948364915042,0.317181317101
2024-01-14T15:33:00Z,fourier-demo,2.117514616573,2.947950000000,-0.947876891132,0.318636782651
2024-01-14T15:34:00Z,fourier-demo,2.313227057191,2.948100000000,-0.947386633505,0.320091497319
2024-01-14T15:35:00Z,fourier-demo,2.510236696047,2.948250000000,-0.946894143317,0.321545457676
2024-01-14T15:36:00Z,fourier-demo,2.701524694764,2.948400000000,-0.946399421728,0.322998660296
2024-01-14T15:37:00Z,fourier-demo,2.880481895896,2.948550000000,-0.945902469904,0.324451101754
2024-01-14T15:38:00Z,fourier-demo,3.041194226298,2.948700000000,-0.945403289016,0.325902778628
2024-01-14T15:39:00Z,fourier-demo,3.178695544033,2.948850000000,-0.944901880241,0.327353687496
2024-01-14T15:40:00Z,fourier-demo,3.289177237048,2.949000000000,-0.944398244759,0.328803824940
2024-01-14T15:41:00Z,fourier-demo,3.370145740892,2.949150000000,-0.943892383759,0.330253187543
2024-01-14T15:42:00Z,fourier-demo,3.420521368557,2.949300000000,-0.943384298431,0.331701771888
2024-01-14T15:43:00Z,fourier-demo,3.440674345402,2.949450000000,-0.942873989974,0.333149574562
2024-01-14T15:44:00Z,fourier-demo,3.432396611680,2.949600000000,-0.942361459589,0.334596592153
2024-01-14T15:45:00Z,fourier-demo,3.398810683505,2.949750000000,-0.941846708485,0.336042821252
2024-01-14T15:46:00Z,fourier-demo,3.344219536461,2.949900000000,-0.941329737875,0.337488258450
2024-01-14T15:47:00Z,fourier-demo,3.273903983285,2.950050000000,-0.940810548977,0.338932900341
2024-01-14T15:48:00Z,fourier-demo,3.193876253761,2.950200000000,-0.940289143014,0.340376743520
2024-01-14T15:49:00Z,fourier-demo,3.110600357817,2.950350000000,-0.939765521216,0.341819784586
2024-01-14T15:50:00Z,fourier-demo,3.030691243857,2.950500000000,-0.939239684815,0.343262020137
2024-01-14T15:51:00Z,fourier-demo,2.960605693299,2.950650000000,-0.938711635052,0.344703446775
2024-01-14T15:52:00Z,fourier-demo,2.906338280276,2.950800000000,-0.938181373170,0.346144061103
2024-01-14T15:53:00Z,fourier-demo,2.873135555374,2.950950000000,-0.937648900420,0.347583859726
2024-01-14T15:54:00Z,fourier-demo,2.865240890427,2.951100000000,-0.937114218055,0.349022839251
2024-01-14T15:55:00Z,fourier-demo,2.885681176843,2.951250000000,-0.936577327337,0.350460996288
2024-01-14T15:56:00Z,fourier-demo,2.936104853296,2.951400000000,-0.936038229529,0.351898327446
2024-01-14T15:57:00Z,fourier-demo,3.016678620227,2.951550000000,-0.935496925904,0.353334829340
2024-01-14T15:58:00Z,fourier-demo,3.126047765311,2.951700000000,-0.934953417736,0.354770498583
2024-01-14T15:59:00Z,fourier-demo,3.261362376110,2.951850000000,-0.934407706305,0.356205331793
2024-01-14T16:00:00Z,fourier-demo,3.418368962525,2.952000000000,-0.933859792899,0.357639325588
2024-01-14T16:01:00Z,fourier-demo,3.591564266175,2.952150000000,-0.933309678808,0.359072476589
2024-01-14T16:02:00Z,fourier-demo,3.774405409983,2.952300000000,-0.932757365328,0.360504781418
2024-01-14T16:03:00Z,fourier-demo,3.959568147800,2.952450000000,-0.932202853762,0.361936236702
2024-01-14T16:04:00Z,fourier-demo,4.139242910424,2.952600000000,-0.931646145416,0.363366839065
2024-01-14T16:05:00Z,fourier-demo,4.305456696905,2.952750000000,-0.931087241601,0.364796585137
2024-01-14T16:06:00Z,fourier-demo,4.450407697892,2.952900000000,-0.930526143635,0.366225471549
2024-01-14T16:07:00Z,fourier-demo,4.566798910354,2.953050000000,-0.929962852841,0.367653494933
2024-01-14T16:08:00Z,fourier-demo,4.648156937839,2.953200000000,-0.929397370545,0.369080651924
2024-01-14T16:09:00Z,fourier-demo,4.689122672208,2.953350000000,-0.928829698080,0.370506939159
2024-01-14T16:10:00Z,fourier-demo,4.685701602710,2.953500000000,-0.928259836784,0.371932353278
2024-01-14T16:11:00Z,fourier-demo,4.635463055309,2.953650000000,-0.927687787999,0.373356890920
2024-01-14T16:12:00Z,fourier-demo,4.537679667235,2.953800000000,-0.927113553075,0.374780548728
2024-01-14T16:13:00Z,fourier-demo,4.393400768566,2.953950000000,-0.926537133363,0.376203323349
2024-01-14T16:14:00Z,fourier-demo,4.205455978709,2.954100000000,-0.925958530223,0.377625211429
2024-01-14T16:15:00Z,fourier-demo,3.978388124462,2.954250000000,-0.925377745018,0.379046209617
2024-01-14T16:16:00Z,fourier-demo,3.718317434249,2.954400000000,-0.924794779117,0.380466314565
2024-01-14T16:17:00Z,fourier-demo,3.432741744578,2.954550000000,-0.924209633893,0.381885522925
2024-01-14T16:18:00Z,fourier-demo,3.130280056392,2.954700000000,-0.923622310725,0.383303831355
2024-01-14T16:19:00Z,fourier-demo,2.820369094810,2.954850000000,-0.923032810997,0.384721236511
2024-01-14T16:20:00Z,fourier-demo,2.512924460915,2.955000000000,-0.922441136099,0.386137735053
2024-01-14T16:21:00Z,fourier-demo,2.217979439633,2.955150000000,-0.921847287425,0.387553323644
2024-01-14T16:22:00Z,fourier-demo,1.945315482343,2.955300000000,-0.921251266374,0.388967998946
2024-01-14T16:23:00Z,fourier-demo,1.704098777163,2.955450000000,-0.920653074351,0.390381757627
2024-01-14T16:24:00Z,fourier-demo,1.502537136665,2.955600000000,-0.920052712765,0.391794596355
2024-01-14T16:25:00Z,fourier-demo,1.347570678694,2.955750000000,-0.919450183032,0.393206511801
2024-01-14T16:26:00Z,fourier-demo,1.244608480367,2.955900000000,-0.918845486571,0.394617500637
2024-01-14T16:27:00Z,fourier-demo,1.197321599912,2.956050000000,-0.918238624807,0.396027559538
2024-01-14T16:28:00Z,fourier-demo,1.207500657206,2.956200000000,-0.917629599170,0.397436685181
2024-01-14T16:29:00Z,fourier-demo,1.274983630000,2.956350000000,-0.917018411095,0.398844874246
2024-01-14T16:30:00Z,fourier-demo,1.397656761010,2.956500000000,-0.916405062024,0.400252123414
2024-01-14T16:31:00Z,fourier-demo,1.571528592089,2.956650000000,-0.915789553400,0.401658429369
2024-01-14T16:32:00Z,fourier-demo,1.790874261834,2.956800000000,-0.915171886675,0.403063788797
2024-01-14T16:33:00Z,fourier-demo,2.048444437864,2.956950000000,-0.914552063304,0.404468198386
2024-01-14T16:34:00Z,fourier-demo,2.335730716061,2.957100000000,-0.913930084748,0.405871654827
2024-01-14T16:35:00Z,fourier-demo,2.643277108366,2.957250000000,-0.913305952473,0.407274154812
2024-01-14T16:36:00Z,fourier-demo,2.961025446961,2.957400000000,-0.912679667949,0.408675695036
2024-01-14T16:37:00Z,fourier-demo,3.278681227726,2.957550000000,-0.912051232652,0.410076272196
2024-01-14T16:38:00Z,fourier-demo,3.586085651649,2.957700000000,-0.911420648063,0.411475882993
2024-01-14T16:39:00Z,fourier-demo,3.873579429456,2.957850000000,-0.910787915668,0.412874524127
2024-01-14T16:40:00Z,fourier-demo,4.132344298972,2.958000000000,-0.910153036959,0.414272192302
2024-01-14T16:41:00Z,fourier-demo,4.354709149994,2.958150000000,-0.909516013430,0.415668884226
2024-01-14T16:42:00Z,fourier-demo,4.534409118608,2.958300000000,-0.908876846585,0.417064596606
2024-01-14T16:43:00Z,fourier-demo,4.666787941390,2.958450000000,-0.908235537928,0.418459326154
2024-01-14T16:44:00Z,fourier-demo,4.748936170852,2.958600000000,-0.907592088971,0.419853069582
2024-01-14T16:45:00Z,fourier-demo,4.779760452419,2.958750000000,-0.906946501230,0.421245823607
2024-01-14T16:46:00Z,fourier-demo,4.759981844144,2.958900000000,-0.906298776227,0.422637584947
2024-01-14T16:47:00Z,fourier-demo,4.692064010229,2.959050000000,-0.905648915488,0.424028350320
2024-01-14T16:48:00Z,fourier-demo,4.580074922425,2.959200000000,-0.904996920545,0.425418116451
2024-01-14T16:49:00Z,fourier-demo,4.429488345954,2.959350000000,-0.904342792933,0.426806880064
2024-01-14T16:50:00Z,fourier-demo,4.246933761973,2.959500000000,-0.903686534195,0.428194637887
2024-01-14T16:51:00Z,fourier-demo,4.039905390974,2.959650000000,-0.903028145877,0.429581386648
2024-01-14T16:52:00Z,fourier-demo,3.816442550301,2.959800000000,-0.902367629530,0.430967123081
2024-01-14T16:53:00Z,fourier-demo,3.584794641697,2.959950000000,-0.901704986711,0.432351843919
2024-01-14T16:54:00Z,fourier-demo,3.353084579861,2.960100000000,-0.901040218982,0.433735545899
2024-01-14T16:55:00Z,fourier-demo,3.128984421303,2.960250000000,-0.900373327909,0.435118225762
2024-01-14T16:56:00Z,fourier-demo,2.919416338424,2.960400000000,-0.899704315064,0.436499880247
2024-01-14T16:57:00Z,fourier-demo,2.730290933807,2.960550000000,-0.899033182022,0.437880506100
2024-01-14T16:58:00Z,fourier-demo,2.566293253211,2.960700000000,-0.898359930367,0.439260100067
2024-01-14T16:59:00Z,fourier-demo,2.430724801549,2.960850000000,-0.897684561684,0.440638658897
2024-01-14T17:00:00Z,fourier-demo,2.325407479987,2.961000000000,-0.897007077565,0.442016179341
2024-01-14T17:01:00Z,fourier-demo,2.250652743540,2.961150000000,-0.896327479606,0.443392658152
2024-01-14T17:02:00Z,fourier-demo,2.205296535757,2.961300000000,-0.895645769409,0.444768092088
2024-01-14T17:03:00Z,fourier-demo,2.186797803749,2.961450000000,-0.894961948580,0.446142477907
2024-01-14T17:04:00Z,fourier-demo,2.191395746716,2.961600000000,-0.894276018732,0.447515812371
2024-01-14T17:05:00Z,fourier-demo,2.214318513455,2.961750000000,-0.893587981479,0.448888092241
2024-01-14T17:06:00Z,fourier-demo,2.250033939374,2.961900000000,-0.892897838444,0.450259314286
2024-01-14T17:07:00Z,fourier-demo,2.292531188692,2.962050000000,-0.892205591253,0.451629475274
2024-01-14T17:08:00Z,fourier-demo,2.335620913160,2.962200000000,-0.891511241538,0.452998571975
2024-01-14T17:09:00Z,fourier-demo,2.373240806106,2.962350000000,-0.890814790934,0.454366601164
2024-01-14T17:10:00Z,fourier-demo,2.399753249203,2.962500000000,-0.890116241083,0.455733559616
2024-01-14T17:11:00Z,fourier-demo,2.410222125838,2.962650000000,-0.889415593631,0.457099444111
2024-01-14T17:12:00Z,fourier-demo,2.400656792898,2.962800000000,-0.888712850229,0.458464251429
2024-01-14T17:13:00Z,fourier-demo,2.368212623364,2.962950000000,-0.888008012533,0.459827978355
2024-01-14T17:14:00Z,fourier-demo,2.311339395856,2.963100000000,-0.887301082204,0.461190621674
2024-01-14T17:15:00Z,fourier-demo,2.229871036248,2.963250000000,-0.886592060908,0.462552178175
2024-01-14T17:16:00Z,fourier-demo,2.125052717776,2.963400000000,-0.885880950316,0.463912644651
2024-01-14T17:17:00Z,fourier-demo,1.999503995499,2.963550000000,-0.885167752104,0.465272017894
2024-01-14T17:18:00Z,fourier-demo,1.857119377333,2.963700000000,-0.884452467952,0.466630294702
2024-01-14T17:19:00Z,fourier-demo,1.702910403701,2.963850000000,-0.883735099546,0.467987471874
2024-01-14T17:20:00Z,fourier-demo,1.542795809816,2.964000000000,-0.883015648576,0.469343546211
2024-01-14T17:21:00Z,fourier-demo,1.383348574508,2.964150000000,-0.882294116738,0.470698514517
2024-01-14T17:22:00Z,fourier-demo,1.231510524114,2.964300000000,-0.881570505733,0.472052373601
2024-01-14T17:23:00Z,fourier-demo,1.094286581258,2.964450000000,-0.880844817265,0.473405120270
2024-01-14T17:24:00Z,fourier-demo,0.978431666499,2.964600000000,-0.880117053044,0.474756751338
2024-01-14T17:25:00Z,fourier-demo,0.890143636827,2.964750000000,-0.879387214786,0.476107263620
2024-01-14T17:26:00Z,fourier-demo,0.834775462119,2.964900000000,-0.878655304210,0.477456653932
2024-01-14T17:27:00Z,fourier-demo,0.816579105325,2.965050000000,-0.877921323042,0.478804919094
2024-01-14T17:28:00Z,fourier-demo,0.838492313679,2.965200000000,-0.877185273010,0.480152055931
2024-01-14T17:29:00Z,fourier-demo,0.901977797344,2.965350000000,-0.876447155850,0.481498061266
2024-01-14T17:30:00Z,fourier-demo,1.006922139285,2.965500000000,-0.875706973300,0.482842931928
2024-01-14T17:31:00Z,fourier-demo,1.151599332834,2.965650000000,-0.874964727106,0.484186664749
2024-01-14T17:32:00Z,fourier-demo,1.332701181787,2.965800000000,-0.874220419016,0.485529256560
2024-01-14T17:33:00Z,fourier-demo,1.545434031269,2.965950000000,-0.873474050784,0.486870704199
2024-01-14T17:34:00Z,fourier-demo,1.783678539855,2.966100000000,-0.872725624169,0.488211004504
2024-01-14T17:35:00Z,fourier-demo,2.040206568414,2.966250000000,-0.871975140935,0.489550154316
2024-01-14T17:36:00Z,fourier-demo,2.306946857638,2.966400000000,-0.871222602851,0.490888150480
2024-01-14T17:37:00Z,fourier-demo,2.575289094017,2.966550000000,-0.870468011689,0.492224989844
2024-01-14T17:38:00Z,fourier-demo,2.836414309370,2.966700000000,-0.869711369228,0.493560669256
2024-01-14T17:39:00Z,fourier-demo,3.081638391147,2.966850000000,-0.868952677251,0.494895185568
2024-01-14T17:40:00Z,fourier-demo,3.302754849312,2.967000000000,-0.868191937546,0.496228535637
2024-01-14T17:41:00Z,fourier-demo,3.492362918100,2.967150000000,-0.867429151905,0.497560716320
2024-01-14T17:42:00Z,fourier-demo,3.644167572093,2.967300000000,-0.866664322127,0.498891724478
2024-01-14T17:43:00Z,fourier-demo,3.753239087088,2.967450000000,-0.865897450013,0.500221556973
2024-01-14T17:44:00Z,fourier-demo,3.816221336120,2.967600000000,-0.865128537371,0.501550210673
2024-01-14T17:45:00Z,fourier-demo,3.831480017419,2.967750000000,-0.864357586013,0.502877682446
2024-01-14T17:46:00Z,fourier-demo,3.799184383969,2.967900000000,-0.863584597755,0.504203969164
2024-01-14T17:47:00Z,fourier-demo,3.721318687750,2.968050000000,-0.862809574419,0.505529067701
2024-01-14T17:48:00Z,fourier-demo,3.601622359304,2.968200000000,-0.862032517832,0.506852974935
2024-01-14T17:49:00Z,fourier-demo,3.445460801046,2.968350000000,-0.861253429824,0.508175687747
2024-01-14T17:50:00Z,fourier-demo,3.259631465014,2.968500000000,-0.860472312232,0.509497203018
2024-01-14T17:51:00Z,fourier-demo,3.052112499073,2.968650000000,-0.859689166896,0.510817517635
2024-01-14T17:52:00Z,fourier-demo,2.831763573566,2.968800000000,-0.858903995661,0.512136628486
2024-01-14T17:53:00Z,fourier-demo,2.607990448302,2.968950000000,-0.858116800379,0.513454532463
2024-01-14T17:54:00Z,fourier-demo,2.390386327872,2.969100000000,-0.857327582904,0.514771226460
2024-01-14T17:55:00Z,fourier-demo,2.188364020751,2.969250000000,-0.856536345096,0.516086707375
2024-01-14T17:56:00Z,fourier-demo,2.010793324425,2.969400000000,-0.855743088820,0.517400972106
2024-01-14T17:57:00Z,fourier-demo,1.865657887785,2.969550000000,-0.854947815945,0.518714017558
2024-01-14T17:58:00Z,fourier-demo,1.759745059359,2.969700000000,-0.854150528344,0.520025840636
2024-01-14T17:59:00Z,fourier-demo,1.698380945094,2.969850000000,-0.853351227898,0.521336438248
2024-01-14T18:00:00Z,fourier-demo,1.685221123677,2.970000000000,-0.852549916489,0.522645807306
2024-01-14T18:01:00Z,fourier-demo,1.722105272156,2.970150000000,-0.851746596006,0.523953944725
2024-01-14T18:02:00Z,fourier-demo,1.808981428157,2.970300000000,-0.850941268341,0.525260847421
2024-01-14T18:03:00Z,fourier-demo,1.943902859159,2.970450000000,-0.850133935393,0.526566512316
2024-01-14T18:04:00Z,fourier-demo,2.123097634983,2.970600000000,-0.849324599065,0.527870936331
2024-01-14T18:05:00Z,fourier-demo,2.341108122893,2.970750000000,-0.848513261263,0.529174116394
2024-01-14T18:06:00Z,fourier-demo,2.590994861296,2.970900000000,-0.847699923899,0.530476049433
2024-01-14T18:07:00Z,fourier-demo,2.864596729221,2.971050000000,-0.846884588890,0.531776732380
2024-01-14T18:08:00Z,fourier-demo,3.152837116825,2.971200000000,-0.846067258158,0.533076162170
2024-01-14T18:09:00Z,fourier-demo,3.446064005704,2.971350000000,-0.845247933628,0.534374335740
2024-01-14T18:10:00Z,fourier-demo,3.734410558872,2.971500000000,-0.844426617231,0.535671250033
2024-01-14T18:11:00Z,fourier-demo,4.008162050824,2.971650000000,-0.843603310903,0.536966901990
2024-01-14T18:12:00Z,fourier-demo,4.258114768431,2.971800000000,-0.842778016584,0.538261288560
2024-01-14T18:13:00Z,fourier-demo,4.475912890287,2.971950000000,-0.841950736219,0.539554406692
2024-01-14T18:14:00Z,fourier-demo,4.654350289445,2.972100000000,-0.841121471757,0.540846253338
2024-01-14T18:15:00Z,fourier-demo,4.787625662838,2.972250000000,-0.840290225152,0.542136825454
2024-01-14T18:16:00Z,fourier-demo,4.871541310056,2.972400000000,-0.839456998364,0.543426119999
2024-01-14T18:17:00Z,fourier-demo,4.903638185649,2.972550000000,-0.838621793356,0.544714133935
2024-01-14T18:18:00Z,fourier-demo,4.883262438496,2.972700000000,-0.837784612096,0.546000864226
2024-01-14T18:19:00Z,fourier-demo,4.811561423309,2.972850000000,-0.836945456556,0.547286307841
2024-01-14T18:20:00Z,fourier-demo,4.691410010021,2.973000000000,-0.836104328715,0.548570461749
2024-01-14T18:21:00Z,fourier-demo,4.527270811141,2.973150000000,-0.835261230555,0.549853322925
2024-01-14T18:22:00Z,fourier-demo,4.324994581655,2.973300000000,-0.834416164062,0.551134888346
2024-01-14T18:23:00Z,fourier-demo,4.091569414063,2.973450000000,-0.833569131228,0.552415154991
2024-01-14T18:24:00Z,fourier-demo,3.834829357176,2.973600000000,-0.832720134049,0.553694119844
2024-01-14T18:25:00Z,fourier-demo,3.563134650581,2.973750000000,-0.831869174525,0.554971779890
2024-01-14T18:26:00Z,fourier-demo,3.285036825176,2.973900000000,-0.831016254663,0.556248132119
2024-01-14T18:27:00Z,fourier-demo,3.008942432075,2.974050000000,-0.830161376471,0.557523173523
2024-01-14T18:28:00Z,fourier-demo,2.742789108572,2.974200000000,-0.829304541965,0.558796901098
2024-01-14T18:29:00Z,fourier-demo,2.493747074842,2.974350000000,-0.828445753163,0.560069311841
2024-01-14T18:30:00Z,fourier-demo,2.267958005646,2.974500000000,-0.827585012090,0.561340402754
2024-01-14T18:31:00Z,fourier-demo,2.070321586637,2.974650000000,-0.826722320773,0.562610170842
2024-01-14T18:32:00Z,fourier-demo,1.904338013555,2.974800000000,-0.825857681247,0.563878613113
2024-01-14T18:33:00Z,fourier-demo,1.772012310518,2.974950000000,-0.824991095547,0.565145726577
2024-01-14T18:34:00Z,fourier-demo,1.673823729863,2.975100000000,-0.824122565717,0.566411508248
2024-01-14T18:35:00Z,fourier-demo,1.608760759126,2.975250000000,-0.823252093803,0.567675955144
2024-01-14T18:36:00Z,fourier-demo,1.574419514066,2.975400000000,-0.822379681857,0.568939064284
2024-01-14T18:37:00Z,fourier-demo,1.567160653787,2.975550000000,-0.821505331934,0.570200832693
2024-01-14T18:38:00Z,fourier-demo,1.582317524054,2.975700000000,-0.820629046095,0.571461257396
2024-01-14T18:39:00Z,fourier-demo,1.614446117903,2.975850000000,-0.819750826405,0.572720335424
2024-01-14T18:40:00Z,fourier-demo,1.657605725890,2.976000000000,-0.818870674933,0.573978063810
2024-01-14T18:41:00Z,fourier-demo,1.705657901978,2.976150000000,-0.817988593754,0.575234439589
2024-01-14T18:42:00Z,fourier-demo,1.752570646279,2.976300000000,-0.817104584945,0.576489459801
2024-01-14T18:43:00Z,fourier-demo,1.792714531824,2.976450000000,-0.816218650592,0.577743121488
2024-01-14T18:44:00Z,fourier-demo,1.821137885751,2.976600000000,-0.815330792780,0.578995421696
2024-01-14T18:45:00Z,fourier-demo,1.833809059274,2.976750000000,-0.814441013603,0.580246357474
2024-01-14T18:46:00Z,fourier-demo,1.827815246529,2.976900000000,-0.813549315157,0.581495925874
2024-01-14T18:47:00Z,fourier-demo,1.801509180319,2.977050000000,-0.812655699543,0.582744123951
2024-01-14T18:48:00Z,fourier-demo,1.754597264790,2.977200000000,-0.811760168868,0.583990948765
2024-01-14T18:49:00Z,fourier-demo,1.688165208329,2.977350000000,-0.810862725242,0.585236397376
2024-01-14T18:50:00Z,fourier-demo,1.604639889986,2.977500000000,-0.809963370779,0.586480466849
2024-01-14T18:51:00Z,fourier-demo,1.507688918571,2.977650000000,-0.809062107600,0.587723154254
2024-01-14T18:52:00Z,fourier-demo,1.402062011379,2.977800000000,-0.808158937827,0.588964456661
2024-01-14T18:53:00Z,fourier-demo,1.293380818426,2.977950000000,-0.807253863589,0.590204371146
2024-01-14T18:54:00Z,fourier-demo,1.187886043461,2.978100000000,-0.806346887020,0.591442894786
2024-01-14T18:55:00Z,fourier-demo,1.092152572157,2.978250000000,-0.805438010256,0.592680024663
2024-01-14T18:56:00Z,fourier-demo,1.012784732460,2.978400000000,-0.804527235439,0.593915757862
2024-01-14T18:57:00Z,fourier-demo,0.956104722659,2.978550000000,-0.803614564716,0.595150091470
2024-01-14T18:58:00Z,fourier-demo,0.927847610257,2.978700000000,-0.802700000237,0.596383022579
2024-01-14T18:59:00Z,fourier-demo,0.932876112661,2.978850000000,-0.801783544157,0.597614548282
2024-01-14T19:00:00Z,fourier-demo,0.974927625701,2.979000000000,-0.800865198637,0.598844665679
2024-01-14T19:01:00Z,fourier-demo,1.056404697401,2.979150000000,-0.799944965840,0.600073371870
2024-01-14T19:02:00Z,fourier-demo,1.178218403301,2.979300000000,-0.799022847934,0.601300663960
2024-01-14T19:03:00Z,fourier-demo,1.339691936758,2.979450000000,-0.798098847094,0.602526539057
2024-01-14T19:04:00Z,fourier-demo,1.538529270269,2.979600000000,-0.797172965496,0.603750994271
2024-01-14T19:05:00Z,fourier-demo,1.770851072567,2.979750000000,-0.796245205322,0.604974026717
2024-01-14T19:06:00Z,fourier-demo,2.031297290514,2.979900000000,-0.795315568758,0.606195633513
2024-01-14T19:07:00Z,fourier-demo,2.313193038798,2.980050000000,-0.794384057996,0.607415811781
2024-01-14T19:08:00Z,fourier-demo,2.608771797883,2.980200000000,-0.793450675230,0.608634558644
2024-01-14T19:09:00Z,fourier-demo,2.909447510901,2.980350000000,-0.792515422661,0.609851871232
2024-01-14T19:10:00Z,fourier-demo,3.206125092773,2.980500000000,-0.791578302491,0.611067746675
2024-01-14T19:11:00Z,fourier-demo,3.489537206341,2.980650000000,-0.790639316929,0.612282182107
2024-01-14T19:12:00Z,fourier-demo,3.750593990083,2.980800000000,-0.789698468188,0.613495174668
2024-01-14T19:13:00Z,fourier-demo,3.980731789539,2.980950000000,-0.788755758486,0.614706721498
2024-01-14T19:14:00Z,fourier-demo,4.172246877749,2.981100000000,-0.787811190043,0.615916819743
2024-01-14T19:15:00Z,fourier-demo,4.318600653266,2.981250000000,-0.786864765086,0.617125466551
2024-01-14T19:16:00Z,fourier-demo,4.414683859089,2.981400000000,-0.785916485845,0.618332659073
2024-01-14T19:17:00Z,fourier-demo,4.457028930879,2.981550000000,-0.784966354555,0.619538394465
2024-01-14T19:18:00Z,fourier-demo,4.443961595987,2.981700000000,-0.784014373454,0.620742669886
2024-01-14T19:19:00Z,fourier-demo,4.375685225638,2.981850000000,-0.783060544787,0.621945482497
2024-01-14T19:20:00Z,fourier-demo,4.254294095362,2.982000000000,-0.782104870800,0.623146829464
2024-01-14T19:21:00Z,fourier-demo,4.083714526638,2.982150000000,-0.781147353746,0.624346707957
2024-01-14T19:22:00Z,fourier-demo,3.869575751876,2.982300000000,-0.780187995881,0.625545115146
2024-01-14T19:23:00Z,fourier-demo,3.619015149224,2.982450000000,-0.779226799466,0.626742048209
2024-01-14T19:24:00Z,fourier-demo,3.340425119728,2.982600000000,-0.778263766767,0.627937504325
2024-01-14T19:25:00Z,fourier-demo,3.043151220519,2.982750000000,-0.777298900052,0.629131480676
2024-01-14T19:26:00Z,fourier-demo,2.737153128796,2.982900000000,-0.776332201595,0.630323974450
2024-01-14T19:27:00Z,fourier-demo,2.432641512899,2.983050000000,-0.775363673675,0.631514982835
2024-01-14T19:28:00Z,fourier-demo,2.139704867177,2.983200000000,-0.774393318574,0.632704503025
2024-01-14T19:29:00Z,fourier-demo,1.867940786779,2.983350000000,-0.773421138579,0.633892532217
2024-01-14T19:30:00Z,fourier-demo,1.626105999467,2.983500000000,-0.772447135979,0.635079067611
2024-01-14T19:31:00Z,fourier-demo,1.421798739930,2.983650000000,-0.771471313072,0.636264106411
2024-01-14T19:32:00Z,fourier-demo,1.261185777307,2.983800000000,-0.770493672156,0.637447645825
2024-01-14T19:33:00Z,fourier-demo,1.148784639770,2.983950000000,-0.769514215535,0.638629683063
2024-01-14T19:34:00Z,fourier-demo,1.087309392234,2.984100000000,-0.768532945518,0.639810215341
2024-01-14T19:35:00Z,fourier-demo,1.077585802907,2.984250000000,-0.767549864416,0.640989239875
2024-01-14T19:36:00Z,fourier-demo,1.118538982895,2.984400000000,-0.766564974547,0.642166753888
2024-01-14T19:37:00Z,fourier-demo,1.207253711605,2.984550000000,-0.765578278231,0.643342754604
2024-01-14T19:38:00Z,fourier-demo,1.339104784986,2.984700000000,-0.764589777793,0.644517239253
2024-01-14T19:39:00Z,fourier-demo,1.507951959473,2.984850000000,-0.763599475564,0.645690205066
2024-01-14T19:40:00Z,fourier-demo,1.706391523398,2.985000000000,-0.762607373876,0.646861649280
2024-01-14T19:41:00Z,fourier-demo,1.926054311449,2.985150000000,-0.761613475068,0.648031569134
2024-01-14T19:42:00Z,fourier-demo,2.157938175612,2.985300000000,-0.760617781482,0.649199961871
2024-01-14T19:43:00Z,fourier-demo,2.392761609736,2.985450000000,-0.759620295464,0.650366824737
2024-01-14T19:44:00Z,fourier-demo,2.621324446725,2.985600000000,-0.758621019365,0.651532154983
2024-01-14T19:45:00Z,fourier-demo,2.834861337520,2.985750000000,-0.757619955540,0.652695949863
2024-01-14T19:46:00Z,fourier-demo,3.025374086824,2.985900000000,-0.756617106347,0.653858206634
2024-01-14T19:47:00Z,fourier-demo,3.185929845545,2.986050000000,-0.755612474150,0.655018922558
2024-01-14T19:48:00Z,fourier-demo,3.310913605393,2.986200000000,-0.754606061317,0.656178094898
2024-01-14T19:49:00Z,fourier-demo,3.396225346877,2.986350000000,-0.753597870219,0.657335720923
2024-01-14T19:50:00Z,fourier-demo,3.439414479571,2.986500000000,-0.752587903232,0.658491797906
2024-01-14T19:51:00Z,fourier-demo,3.439746788807,2.986650000000,-0.751576162736,0.659646323121
2024-01-14T19:52:00Z,fourier-demo,3.398201860546,2.986800000000,-0.750562651115,0.660799293849
2024-01-14T19:53:00Z,fourier-demo,3.317401783192,2.986950000000,-0.749547370758,0.661950707372
2024-01-14T19:54:00Z,fourier-demo,3.201474706225,2.987100000000,-0.748530324056,0.663100560977
2024-01-14T19:55:00Z,fourier-demo,3.055859457633,2.987250000000,-0.747511513408,0.664248851954
2024-01-14T19:56:00Z,fourier-demo,2.887059778543,2.987400000000,-0.746490941214,0.665395577597
2024-01-14T19:57:00Z,fourier-demo,2.702358728978,2.987550000000,-0.745468609878,0.666540735204
2024-01-14T19:58:00Z,fourier-demo,2.509505372751,2.987700000000,-0.744444521810,0.667684322077
2024-01-14T19:59:00Z,fourier-demo,2.316386900048,2.987850000000,-0.743418679424,0.668826335519
2024-01-14T20:00:00Z,fourier-demo,2.130699851777,2.988000000000,-0.742391085136,0.669966772841
2024-01-14T20:01:00Z,fourier-demo,1.959634051269,2.988150000000,-0.741361741368,0.671105631354
2024-01-14T20:02:00Z,fourier-demo,1.809582230684,2.988300000000,-0.740330650547,0.672242908375
2024-01-14T20:03:00Z,fourier-demo,1.685887188483,2.988450000000,-0.739297815101,0.673378601224
2024-01-14T20:04:00Z,fourier-demo,1.592636679715,2.988600000000,-0.738263237465,0.674512707224
2024-01-14T20:05:00Z,fourier-demo,1.532514191293,2.988750000000,-0.737226920077,0.675645223704
2024-01-14T20:06:00Z,fourier-demo,1.506711375644,2.988900000000,-0.736188865379,0.676776147993
2024-01-14T20:07:00Z,fourier-demo,1.514905307141,2.989050000000,-0.735149075817,0.677905477427
2024-01-14T20:08:00Z,fourier-demo,1.555300995112,2.989200000000,-0.734107553841,0.679033209345
2024-01-14T20:09:00Z,fourier-demo,1.624736847994,2.989350000000,-0.733064301906,0.680159341090
2024-01-14T20:10:00Z,fourier-demo,1.718848149012,2.989500000000,-0.732019322470,0.681283870006
2024-01-14T20:11:00Z,fourier-demo,1.832281183390,2.989650000000,-0.730972617996,0.682406793445
2024-01-14T20:12:00Z,fourier-demo,1.958948550571,2.989800000000,-0.729924190951,0.683528108760
2024-01-14T20:13:00Z,fourier-demo,2.092314489122,2.989950000000,-0.728874043805,0.684647813308
2024-01-14T20:14:00Z,fourier-demo,2.225697807201,2.990100000000,-0.727822179032,0.685765904452
2024-01-14T20:15:00Z,fourier-demo,2.352579298272,2.990250000000,-0.726768599112,0.686882379556
2024-01-14T20:16:00Z,fourier-demo,2.466900359448,2.990400000000,-0.725713306528,0.687997235989
2024-01-14T20:17:00Z,fourier-demo,2.563339924545,2.990550000000,-0.724656303766,0.689110471124
2024-01-14T20:18:00Z,fourier-demo,2.637557759049,2.990700000000,-0.723597593317,0.690222082337
2024-01-14T20:19:00Z,fourier-demo,2.686393600484,2.990850000000,-0.722537177676,0.691332067010
2024-01-14T20:20:00Z,fourier-demo,2.708013505474,2.991000000000,-0.721475059342,0.692440422526
2024-01-14T20:21:00Z,fourier-demo,2.701997005716,2.991150000000,-0.720411240818,0.693547146273
2024-01-14T20:22:00Z,fourier-demo,2.669361186293,2.991300000000,-0.719345724610,0.694652235644
2024-01-14T20:23:00Z,fourier-demo,2.612520476579,2.991450000000,-0.718278513231,0.695755688033
2024-01-14T20:24:00Z,fourier-demo,2.535183675310,2.991600000000,-0.717209609194,0.696857500842
2024-01-14T20:25:00Z,fourier-demo,2.442192403539,2.991750000000,-0.716139015019,0.697957671473
2024-01-14T20:26:00Z,fourier-demo,2.339307680902,2.991900000000,-0.715066733228,0.699056197333
2024-01-14T20:27:00Z,fourier-demo,2.232953547585,2.992050000000,-0.713992766349,0.700153075835
2024-01-14T20:28:00Z,fourier-demo,2.129928513580,2.992200000000,-0.712917116912,0.701248304393
2024-01-14T20:29:00Z,fourier-demo,2.037097030238,2.992350000000,-0.711839787452,0.702341880426
2024-01-14T20:30:00Z,fourier-demo,1.961074087141,2.992500000000,-0.710760780508,0.703433801357
2024-01-14T20:31:00Z,fourier-demo,1.907916401135,2.992650000000,-0.709680098623,0.704524064613
2024-01-14T20:32:00Z,fourier-demo,1.882833467471,2.992800000000,-0.708597744343,0.705612667625
2024-01-14T20:33:00Z,fourier-demo,1.889930992136,2.992950000000,-0.707513720219,0.706699607827
2024-01-14T20:34:00Z,fourier-demo,1.931997949183,2.993100000000,-0.706428028805,0.707784882658
2024-01-14T20:35:00Z,fourier-demo,2.010346758348,2.993250000000,-0.705340672660,0.708868489560
2024-01-14T20:36:00Z,fourier-demo,2.124713927401,2.993400000000,-0.704251654346,0.709950425981
2024-01-14T20:37:00Z,fourier-demo,2.273226038006,2.993550000000,-0.703160976431,0.711030689369
2024-01-14T20:38:00Z,fourier-demo,2.452433274013,2.993700000000,-0.702068641483,0.712109277181
2024-01-14T20:39:00Z,fourier-demo,2.657409906887,2.993850000000,-0.700974652077,0.713186186873
2024-01-14T20:40:00Z,fourier-demo,2.881918378538,2.994000000000,-0.699879010791,0.714261415908
2024-01-14T20:41:00Z,fourier-demo,3.118630971261,2.994150000000,-0.698781720207,0.715334961752
2024-01-14T20:42:00Z,fourier-demo,3.359400637171,2.994300000000,-0.697682782911,0.716406821875
2024-01-14T20:43:00Z,fourier-demo,3.595570475201,2.994450000000,-0.696582201493,0.717476993752
2024-01-14T20:44:00Z,fourier-demo,3.818309679192,2.994600000000,-0.695479978545,0.718545474861
2024-01-14T20:45:00Z,fourier-demo,4.018962605126,2.994750000000,-0.694376116666,0.719612262683
2024-01-14T20:46:00Z,fourier-demo,4.189396969006,2.994900000000,-0.693270618457,0.720677354705
2024-01-14T20:47:00Z,fourier-demo,4.322337116967,2.995050000000,-0.692163486523,0.721740748416
2024-01-14T20:48:00Z,fourier-demo,4.411668810581,2.995200000000,-0.691054723473,0.722802441311
2024-01-14T20:49:00Z,fourier-demo,4.452703024382,2.995350000000,-0.689944331920,0.723862430888
2024-01-14T20:50:00Z,fourier-demo,4.442387818183,2.995500000000,-0.688832314480,0.724920714649
2024-01-14T20:51:00Z,fourier-demo,4.379459361658,2.995650000000,-0.687718673775,0.725977290100
2024-01-14T20:52:00Z,fourier-demo,4.264525572326,2.995800000000,-0.686603412428,0.727032154752
2024-01-14T20:53:00Z,fourier-demo,4.100078484838,2.995950000000,-0.685486533067,0.728085306117
2024-01-14T20:54:00Z,fourier-demo,3.890434292387,2.996100000000,-0.684368038325,0.729136741715
2024-01-14T20:55:00Z,fourier-demo,3.641602876095,2.996250000000,-0.683247930837,0.730186459068
2024-01-14T20:56:00Z,fourier-demo,3.361091449427,2.996400000000,-0.682126213243,0.731234455702
2024-01-14T20:57:00Z,fourier-demo,3.057649578070,2.996550000000,-0.681002888187,0.732280729148
2024-01-14T20:58:00Z,fourier-demo,2.740965184786,2.996700000000,-0.679877958315,0.733325276939
2024-01-14T20:59:00Z,fourier-demo,2.421323118173,2.996850000000,-0.678751426279,0.734368096614
2024-01-14T21:00:00Z,fourier-demo,2.109239374146,2.997000000000,-0.677623294732,0.735409185717
2024-01-14T21:01:00Z,fourier-demo,1.815085047874,2.997150000000,-0.676493566334,0.736448541792
2024-01-14T21:02:00Z,fourier-demo,1.548714521559,2.997300000000,-0.675362243748,0.737486162392
2024-01-14T21:03:00Z,fourier-demo,1.319112242327,2.997450000000,-0.674229329638,0.738522045071
2024-01-14T21:04:00Z,fourier-demo,1.134071720257,2.997600000000,-0.673094826674,0.739556187388
2024-01-14T21:05:00Z,fourier-demo,0.999919108480,2.997750000000,-0.671958737531,0.740588586906
2024-01-14T21:06:00Z,fourier-demo,0.921291966258,2.997900000000,-0.670821064886,0.741619241191
2024-01-14T21:07:00Z,fourier-demo,0.900981623049,2.998050000000,-0.669681811419,0.742648147816
2024-01-14T21:08:00Z,fourier-demo,0.939845044935,2.998200000000,-0.668540979815,0.743675304356
2024-01-14T21:09:00Z,fourier-demo,1.036789355865,2.998350000000,-0.667398572762,0.744700708389
2024-01-14T21:10:00Z,fourier-demo,1.188829295986,2.998500000000,-0.666254592954,0.745724357500
2024-01-14T21:11:00Z,fourier-demo,1.391215023520,2.998650000000,-0.665109043084,0.746746249276
2024-01-14T21:12:00Z,fourier-demo,1.637624901129,2.998800000000,-0.663961925854,0.747766381309
2024-01-14T21:13:00Z,fourier-demo,1.920415363719,2.998950000000,-0.662813243966,0.748784751195
2024-01-14T21:14:00Z,fourier-demo,2.230917744387,2.999100000000,-0.661663000128,0.749801356535
2024-01-14T21:15:00Z,fourier-demo,2.559770127559,2.999250000000,-0.660511197049,0.750816194932
2024-01-14T21:16:00Z,fourier-demo,2.897270975438,2.999400000000,-0.659357837444,0.751829263996
2024-01-14T21:17:00Z,fourier-demo,3.233740487849,2.999550000000,-0.658202924032,0.752840561338
2024-01-14T21:18:00Z,fourier-demo,3.559875436959,2.999700000000,-0.657046459533,0.753850084576
2024-01-14T21:19:00Z,fourier-demo,3.867083574325,2.999850000000,-0.655888446673,0.754857831330
